10100	Common	Common	Archer	Arrow I	False		icon_skills.arrowshot_tex
10200	Common	Common	Archer	Arrow II	False		icon_skills.arrowshot_tex
10300	Common	Common	Archer	Arrow III	False		icon_skills.arrowshot_tex
10400	Common	Common	Archer	Arrow IV	False		icon_skills.arrowshot_tex
10500	Common	Common	Archer	Arrow V	False		icon_skills.arrowshot_tex
10600	Common	Common	Archer	Arrow VI	False		icon_skills.arrowshot_tex
10700	Common	Common	Archer	Arrow VII	False		icon_skills.arrowshot_tex
10800	Common	Common	Archer	Arrow VIII	False		icon_skills.arrowshot_tex
10900	Common	Common	Archer	Arrow IX	False		icon_skills.arrowshot_tex
11000	Common	Common	Archer	Arrow X	False		icon_skills.arrowshot_tex
11100	Common	Common	Archer	Arrow XI	False		icon_skills.arrowshot_tex
11200	Common	Common	Archer	Arrow XII	False		icon_skills.arrowshot_tex
11300	Common	Common	Archer	Arrow XIII	False		icon_skills.arrowshot_tex
11400	Common	Common	Archer	Arrow XIV	False		icon_skills.arrowshot_tex
11500	Common	Common	Archer	Arrow XV	False		icon_skills.arrowshot_tex
20100	Common	Common	Archer	Arrow Volley I	False		icon_skills.arrowshower_tex
20110	Common	Common	Archer	Arrow Volley I	False		icon_skills.arrowshower_tex
20200	Common	Common	Archer	Arrow Volley II	False		icon_skills.arrowshower_tex
20210	Common	Common	Archer	Arrow Volley II	False		icon_skills.arrowshower_tex
20300	Common	Common	Archer	Arrow Volley III	False		icon_skills.arrowshower_tex
20310	Common	Common	Archer	Arrow Volley III	False		icon_skills.arrowshower_tex
20400	Common	Common	Archer	Arrow Volley IV	False		icon_skills.arrowshower_tex
20410	Common	Common	Archer	Arrow Volley IV	False		icon_skills.arrowshower_tex
20500	Common	Common	Archer	Arrow Volley V	False		icon_skills.arrowshower_tex
20510	Common	Common	Archer	Arrow Volley V	False		icon_skills.arrowshower_tex
20600	Common	Common	Archer	Arrow Volley VI	False		icon_skills.arrowshower_tex
20610	Common	Common	Archer	Arrow Volley VI	False		icon_skills.arrowshower_tex
20700	Common	Common	Archer	Arrow Volley VII	False		icon_skills.arrowshower_tex
20710	Common	Common	Archer	Arrow Volley VII	False		icon_skills.arrowshower_tex
20800	Common	Common	Archer	Arrow Volley VIII	False		icon_skills.arrowshower_tex
20810	Common	Common	Archer	Arrow Volley VIII	False		icon_skills.arrowshower_tex
20900	Common	Common	Archer	Arrow Volley IX	False		icon_skills.arrowshower_tex
20910	Common	Common	Archer	Arrow Volley IX	False		icon_skills.arrowshower_tex
21000	Common	Common	Archer	Arrow Volley X	False		icon_skills.arrowshower_tex
21010	Common	Common	Archer	Arrow Volley X	False		icon_skills.arrowshower_tex
21100	Common	Common	Archer	Arrow Volley XI	False		icon_skills.arrowshower_tex
21110	Common	Common	Archer	Arrow Volley XI	False		icon_skills.arrowshower_tex
21200	Common	Common	Archer	Arrow Volley XII	False		icon_skills.arrowshower_tex
21210	Common	Common	Archer	Arrow Volley XII	False		icon_skills.arrowshower_tex
21300	Common	Common	Archer	Arrow Volley XIII	False		icon_skills.arrowshower_tex
21310	Common	Common	Archer	Arrow Volley XIII	False		icon_skills.arrowshower_tex
21400	Common	Common	Archer	Arrow Volley XIV	False		icon_skills.arrowshower_tex
21410	Common	Common	Archer	Arrow Volley XIV	False		icon_skills.arrowshower_tex
21500	Common	Common	Archer	Arrow Volley XV	False		icon_skills.arrowshower_tex
21510	Common	Common	Archer	Arrow Volley XV	False		icon_skills.arrowshower_tex
30100	Common	Common	Archer	Radiant Arrow I	False		icon_skills.chargearrow_tex
30110	Common	Common	Archer	Radiant Arrow I	False	hit 1	icon_skills.chargearrow_tex
30111	Common	Common	Archer	Radiant Arrow I	False	hit 2	icon_skills.chargearrow_tex
30112	Common	Common	Archer	Radiant Arrow I	False	hit 3	icon_skills.chargearrow_tex
30113	Common	Common	Archer	Radiant Arrow I	False	hit 4	icon_skills.chargearrow_tex
30200	Common	Common	Archer	Radiant Arrow II	False		icon_skills.chargearrow_tex
30210	Common	Common	Archer	Radiant Arrow II	False	hit 1	icon_skills.chargearrow_tex
30211	Common	Common	Archer	Radiant Arrow II	False	hit 2	icon_skills.chargearrow_tex
30212	Common	Common	Archer	Radiant Arrow II	False	hit 3	icon_skills.chargearrow_tex
30213	Common	Common	Archer	Radiant Arrow II	False	hit 4	icon_skills.chargearrow_tex
30300	Common	Common	Archer	Radiant Arrow III	False		icon_skills.chargearrow_tex
30310	Common	Common	Archer	Radiant Arrow III	False	hit 1	icon_skills.chargearrow_tex
30311	Common	Common	Archer	Radiant Arrow III	False	hit 2	icon_skills.chargearrow_tex
30312	Common	Common	Archer	Radiant Arrow III	False	hit 3	icon_skills.chargearrow_tex
30313	Common	Common	Archer	Radiant Arrow III	False	hit 4	icon_skills.chargearrow_tex
30400	Common	Common	Archer	Radiant Arrow IV	False		icon_skills.chargearrow_tex
30410	Common	Common	Archer	Radiant Arrow IV	False	hit 1	icon_skills.chargearrow_tex
30411	Common	Common	Archer	Radiant Arrow IV	False	hit 2	icon_skills.chargearrow_tex
30412	Common	Common	Archer	Radiant Arrow IV	False	hit 3	icon_skills.chargearrow_tex
30413	Common	Common	Archer	Radiant Arrow IV	False	hit 4	icon_skills.chargearrow_tex
30500	Common	Common	Archer	Radiant Arrow V	False		icon_skills.chargearrow_tex
30510	Common	Common	Archer	Radiant Arrow V	False	hit 1	icon_skills.chargearrow_tex
30511	Common	Common	Archer	Radiant Arrow V	False	hit 2	icon_skills.chargearrow_tex
30512	Common	Common	Archer	Radiant Arrow V	False	hit 3	icon_skills.chargearrow_tex
30513	Common	Common	Archer	Radiant Arrow V	False	hit 4	icon_skills.chargearrow_tex
30600	Common	Common	Archer	Radiant Arrow VI	False		icon_skills.chargearrow_tex
30610	Common	Common	Archer	Radiant Arrow VI	False	hit 1	icon_skills.chargearrow_tex
30611	Common	Common	Archer	Radiant Arrow VI	False	hit 2	icon_skills.chargearrow_tex
30612	Common	Common	Archer	Radiant Arrow VI	False	hit 3	icon_skills.chargearrow_tex
30613	Common	Common	Archer	Radiant Arrow VI	False	hit 4	icon_skills.chargearrow_tex
30700	Common	Common	Archer	Radiant Arrow VII	False		icon_skills.chargearrow_tex
30710	Common	Common	Archer	Radiant Arrow VII	False	hit 1	icon_skills.chargearrow_tex
30711	Common	Common	Archer	Radiant Arrow VII	False	hit 2	icon_skills.chargearrow_tex
30712	Common	Common	Archer	Radiant Arrow VII	False	hit 3	icon_skills.chargearrow_tex
30713	Common	Common	Archer	Radiant Arrow VII	False	hit 4	icon_skills.chargearrow_tex
30800	Common	Common	Archer	Radiant Arrow VIII	False		icon_skills.chargearrow_tex
30810	Common	Common	Archer	Radiant Arrow VIII	False	hit 1	icon_skills.chargearrow_tex
30811	Common	Common	Archer	Radiant Arrow VIII	False	hit 2	icon_skills.chargearrow_tex
30812	Common	Common	Archer	Radiant Arrow VIII	False	hit 3	icon_skills.chargearrow_tex
30813	Common	Common	Archer	Radiant Arrow VIII	False	hit 4	icon_skills.chargearrow_tex
30900	Common	Common	Archer	Radiant Arrow IX	False		icon_skills.chargearrow_tex
30910	Common	Common	Archer	Radiant Arrow IX	False	hit 1	icon_skills.chargearrow_tex
30911	Common	Common	Archer	Radiant Arrow IX	False	hit 2	icon_skills.chargearrow_tex
30912	Common	Common	Archer	Radiant Arrow IX	False	hit 3	icon_skills.chargearrow_tex
30913	Common	Common	Archer	Radiant Arrow IX	False	hit 4	icon_skills.chargearrow_tex
31000	Common	Common	Archer	Radiant Arrow X	False		icon_skills.chargearrow_tex
31010	Common	Common	Archer	Radiant Arrow X	False	hit 1	icon_skills.chargearrow_tex
31011	Common	Common	Archer	Radiant Arrow X	False	hit 2	icon_skills.chargearrow_tex
31012	Common	Common	Archer	Radiant Arrow X	False	hit 3	icon_skills.chargearrow_tex
31013	Common	Common	Archer	Radiant Arrow X	False	hit 4	icon_skills.chargearrow_tex
31100	Common	Common	Archer	Radiant Arrow XI	False		icon_skills.chargearrow_tex
31110	Common	Common	Archer	Radiant Arrow XI	False	hit 1	icon_skills.chargearrow_tex
31111	Common	Common	Archer	Radiant Arrow XI	False	hit 2	icon_skills.chargearrow_tex
31112	Common	Common	Archer	Radiant Arrow XI	False	hit 3	icon_skills.chargearrow_tex
31113	Common	Common	Archer	Radiant Arrow XI	False	hit 4	icon_skills.chargearrow_tex
31200	Common	Common	Archer	Radiant Arrow XII	False		icon_skills.chargearrow_tex
31210	Common	Common	Archer	Radiant Arrow XII	False	hit 1	icon_skills.chargearrow_tex
31211	Common	Common	Archer	Radiant Arrow XII	False	hit 2	icon_skills.chargearrow_tex
31212	Common	Common	Archer	Radiant Arrow XII	False	hit 3	icon_skills.chargearrow_tex
31213	Common	Common	Archer	Radiant Arrow XII	False	hit 4	icon_skills.chargearrow_tex
31300	Common	Common	Archer	Radiant Arrow XIII	False		icon_skills.chargearrow_tex
31310	Common	Common	Archer	Radiant Arrow XIII	False	hit 1	icon_skills.chargearrow_tex
31311	Common	Common	Archer	Radiant Arrow XIII	False	hit 2	icon_skills.chargearrow_tex
31312	Common	Common	Archer	Radiant Arrow XIII	False	hit 3	icon_skills.chargearrow_tex
31313	Common	Common	Archer	Radiant Arrow XIII	False	hit 4	icon_skills.chargearrow_tex
31400	Common	Common	Archer	Radiant Arrow XIV	False		icon_skills.chargearrow_tex
31410	Common	Common	Archer	Radiant Arrow XIV	False	hit 1	icon_skills.chargearrow_tex
31411	Common	Common	Archer	Radiant Arrow XIV	False	hit 2	icon_skills.chargearrow_tex
31412	Common	Common	Archer	Radiant Arrow XIV	False	hit 3	icon_skills.chargearrow_tex
31413	Common	Common	Archer	Radiant Arrow XIV	False	hit 4	icon_skills.chargearrow_tex
40100	Common	Common	Archer	Penetrating Arrow I	False		icon_skills.througharrow_tex
40110	Common	Common	Archer	Penetrating Arrow I	False	hit 1	icon_skills.througharrow_tex
40111	Common	Common	Archer	Penetrating Arrow I	False	hit 2	icon_skills.througharrow_tex
40112	Common	Common	Archer	Penetrating Arrow I	False	hit 3	icon_skills.througharrow_tex
40113	Common	Common	Archer	Penetrating Arrow I	False	hit 4	icon_skills.througharrow_tex
40200	Common	Common	Archer	Penetrating Arrow II	False		icon_skills.througharrow_tex
40210	Common	Common	Archer	Penetrating Arrow II	False	hit 1	icon_skills.througharrow_tex
40211	Common	Common	Archer	Penetrating Arrow II	False	hit 2	icon_skills.througharrow_tex
40212	Common	Common	Archer	Penetrating Arrow II	False	hit 3	icon_skills.througharrow_tex
40213	Common	Common	Archer	Penetrating Arrow II	False	hit 4	icon_skills.througharrow_tex
40300	Common	Common	Archer	Penetrating Arrow III	False		icon_skills.througharrow_tex
40310	Common	Common	Archer	Penetrating Arrow III	False	hit 1	icon_skills.througharrow_tex
40311	Common	Common	Archer	Penetrating Arrow III	False	hit 2	icon_skills.througharrow_tex
40312	Common	Common	Archer	Penetrating Arrow III	False	hit 3	icon_skills.througharrow_tex
40313	Common	Common	Archer	Penetrating Arrow III	False	hit 4	icon_skills.througharrow_tex
40400	Common	Common	Archer	Penetrating Arrow IV	False		icon_skills.througharrow_tex
40410	Common	Common	Archer	Penetrating Arrow IV	False	hit 1	icon_skills.througharrow_tex
40411	Common	Common	Archer	Penetrating Arrow IV	False	hit 2	icon_skills.througharrow_tex
40412	Common	Common	Archer	Penetrating Arrow IV	False	hit 3	icon_skills.througharrow_tex
40413	Common	Common	Archer	Penetrating Arrow IV	False	hit 4	icon_skills.througharrow_tex
40500	Common	Common	Archer	Penetrating Arrow V	False		icon_skills.througharrow_tex
40510	Common	Common	Archer	Penetrating Arrow V	False	hit 1	icon_skills.througharrow_tex
40511	Common	Common	Archer	Penetrating Arrow V	False	hit 2	icon_skills.througharrow_tex
40512	Common	Common	Archer	Penetrating Arrow V	False	hit 3	icon_skills.througharrow_tex
40513	Common	Common	Archer	Penetrating Arrow V	False	hit 4	icon_skills.througharrow_tex
40600	Common	Common	Archer	Penetrating Arrow VI	False		icon_skills.througharrow_tex
40610	Common	Common	Archer	Penetrating Arrow VI	False	hit 1	icon_skills.througharrow_tex
40611	Common	Common	Archer	Penetrating Arrow VI	False	hit 2	icon_skills.througharrow_tex
40612	Common	Common	Archer	Penetrating Arrow VI	False	hit 3	icon_skills.througharrow_tex
40613	Common	Common	Archer	Penetrating Arrow VI	False	hit 4	icon_skills.througharrow_tex
40700	Common	Common	Archer	Penetrating Arrow VII	False		icon_skills.througharrow_tex
40710	Common	Common	Archer	Penetrating Arrow VII	False	hit 1	icon_skills.througharrow_tex
40711	Common	Common	Archer	Penetrating Arrow VII	False	hit 2	icon_skills.througharrow_tex
40712	Common	Common	Archer	Penetrating Arrow VII	False	hit 3	icon_skills.througharrow_tex
40713	Common	Common	Archer	Penetrating Arrow VII	False	hit 4	icon_skills.througharrow_tex
40800	Common	Common	Archer	Penetrating Arrow VIII	False		icon_skills.througharrow_tex
40810	Common	Common	Archer	Penetrating Arrow VIII	False	hit 1	icon_skills.througharrow_tex
40811	Common	Common	Archer	Penetrating Arrow VIII	False	hit 2	icon_skills.througharrow_tex
40812	Common	Common	Archer	Penetrating Arrow VIII	False	hit 3	icon_skills.througharrow_tex
40813	Common	Common	Archer	Penetrating Arrow VIII	False	hit 4	icon_skills.througharrow_tex
40900	Common	Common	Archer	Penetrating Arrow IX	False		icon_skills.througharrow_tex
40910	Common	Common	Archer	Penetrating Arrow IX	False	hit 1	icon_skills.througharrow_tex
40911	Common	Common	Archer	Penetrating Arrow IX	False	hit 2	icon_skills.througharrow_tex
40912	Common	Common	Archer	Penetrating Arrow IX	False	hit 3	icon_skills.througharrow_tex
40913	Common	Common	Archer	Penetrating Arrow IX	False	hit 4	icon_skills.througharrow_tex
41000	Common	Common	Archer	Penetrating Arrow X	False		icon_skills.througharrow_tex
41010	Common	Common	Archer	Penetrating Arrow X	False	hit 1	icon_skills.througharrow_tex
41011	Common	Common	Archer	Penetrating Arrow X	False	hit 2	icon_skills.througharrow_tex
41012	Common	Common	Archer	Penetrating Arrow X	False	hit 3	icon_skills.througharrow_tex
41013	Common	Common	Archer	Penetrating Arrow X	False	hit 4	icon_skills.througharrow_tex
41100	Common	Common	Archer	Penetrating Arrow XI	False		icon_skills.througharrow_tex
41110	Common	Common	Archer	Penetrating Arrow XI	False	hit 1	icon_skills.througharrow_tex
41111	Common	Common	Archer	Penetrating Arrow XI	False	hit 2	icon_skills.througharrow_tex
41112	Common	Common	Archer	Penetrating Arrow XI	False	hit 3	icon_skills.througharrow_tex
41113	Common	Common	Archer	Penetrating Arrow XI	False	hit 4	icon_skills.througharrow_tex
41200	Common	Common	Archer	Penetrating Arrow XII	False		icon_skills.througharrow_tex
41210	Common	Common	Archer	Penetrating Arrow XII	False	hit 1	icon_skills.througharrow_tex
41211	Common	Common	Archer	Penetrating Arrow XII	False	hit 2	icon_skills.througharrow_tex
41212	Common	Common	Archer	Penetrating Arrow XII	False	hit 3	icon_skills.througharrow_tex
41213	Common	Common	Archer	Penetrating Arrow XII	False	hit 4	icon_skills.througharrow_tex
41300	Common	Common	Archer	Penetrating Arrow XIII	False		icon_skills.througharrow_tex
41310	Common	Common	Archer	Penetrating Arrow XIII	False	hit 1	icon_skills.througharrow_tex
41311	Common	Common	Archer	Penetrating Arrow XIII	False	hit 2	icon_skills.througharrow_tex
41312	Common	Common	Archer	Penetrating Arrow XIII	False	hit 3	icon_skills.througharrow_tex
41313	Common	Common	Archer	Penetrating Arrow XIII	False	hit 4	icon_skills.througharrow_tex
41400	Common	Common	Archer	Penetrating Arrow XIV	False		icon_skills.througharrow_tex
41410	Common	Common	Archer	Penetrating Arrow XIV	False	hit 1	icon_skills.througharrow_tex
41411	Common	Common	Archer	Penetrating Arrow XIV	False	hit 2	icon_skills.througharrow_tex
41412	Common	Common	Archer	Penetrating Arrow XIV	False	hit 3	icon_skills.througharrow_tex
41413	Common	Common	Archer	Penetrating Arrow XIV	False	hit 4	icon_skills.througharrow_tex
50100	Common	Common	Archer	Rain of Arrows I	False		icon_skills.arrowfall_tex
50120	Common	Common	Archer	Rain of Arrows I	False		icon_skills.arrowfall_tex
50200	Common	Common	Archer	Rain of Arrows II	False		icon_skills.arrowfall_tex
50220	Common	Common	Archer	Rain of Arrows II	False		icon_skills.arrowfall_tex
50300	Common	Common	Archer	Rain of Arrows III	False		icon_skills.arrowfall_tex
50320	Common	Common	Archer	Rain of Arrows III	False		icon_skills.arrowfall_tex
50400	Common	Common	Archer	Rain of Arrows IV	False		icon_skills.arrowfall_tex
50420	Common	Common	Archer	Rain of Arrows IV	False		icon_skills.arrowfall_tex
50500	Common	Common	Archer	Rain of Arrows V	False		icon_skills.arrowfall_tex
50520	Common	Common	Archer	Rain of Arrows V	False		icon_skills.arrowfall_tex
50600	Common	Common	Archer	Rain of Arrows VI	False		icon_skills.arrowfall_tex
50620	Common	Common	Archer	Rain of Arrows VI	False		icon_skills.arrowfall_tex
60100	Common	Common	Archer	Backstep	False		icon_skills.backstep_tex
60200	Common	Common	Archer	Backstep	False		icon_skills.backstep_tex
60300	Common	Common	Archer	Backstep	False		icon_skills.backstep_tex
70100	Common	Common	Archer	Feign Death I	False		icon_skills.feigndeath_tex
70200	Common	Common	Archer	Feign Death II	False		icon_skills.feigndeath_tex
70300	Common	Common	Archer	Feign Death III	False		icon_skills.feigndeath_tex
70400	Common	Common	Archer	Feign Death IV	False		icon_skills.feigndeath_tex
70500	Common	Common	Archer	Feign Death V	False		icon_skills.feigndeath_tex
70600	Common	Common	Archer	Feign Death VI	False		icon_skills.feigndeath_tex
70700	Common	Common	Archer	Feign Death VII	False		icon_skills.feigndeath_tex
80100	Common	Common	Archer	Rapid Fire I	False	hit 1	icon_skills.rapidshot_tex
80101	Common	Common	Archer	Rapid Fire I	False	hit 2	icon_skills.rapidshot_tex
80102	Common	Common	Archer	Rapid Fire I	False	hit 3	icon_skills.rapidshot_tex
80103	Common	Common	Archer	Rapid Fire I	False	hit 4	icon_skills.rapidshot_tex
80104	Common	Common	Archer	Rapid Fire I	False	hit 5	icon_skills.rapidshot_tex
80105	Common	Common	Archer	Rapid Fire I	False	hit 6	icon_skills.rapidshot_tex
80106	Common	Common	Archer	Rapid Fire I	False	hit 7	icon_skills.rapidshot_tex
80200	Common	Common	Archer	Rapid Fire II	False	hit 1	icon_skills.rapidshot_tex
80201	Common	Common	Archer	Rapid Fire II	False	hit 2	icon_skills.rapidshot_tex
80202	Common	Common	Archer	Rapid Fire II	False	hit 3	icon_skills.rapidshot_tex
80203	Common	Common	Archer	Rapid Fire II	False	hit 4	icon_skills.rapidshot_tex
80204	Common	Common	Archer	Rapid Fire II	False	hit 5	icon_skills.rapidshot_tex
80205	Common	Common	Archer	Rapid Fire II	False	hit 6	icon_skills.rapidshot_tex
80206	Common	Common	Archer	Rapid Fire II	False	hit 7	icon_skills.rapidshot_tex
80300	Common	Common	Archer	Rapid Fire III	False	hit 1	icon_skills.rapidshot_tex
80301	Common	Common	Archer	Rapid Fire III	False	hit 2	icon_skills.rapidshot_tex
80302	Common	Common	Archer	Rapid Fire III	False	hit 3	icon_skills.rapidshot_tex
80303	Common	Common	Archer	Rapid Fire III	False	hit 4	icon_skills.rapidshot_tex
80304	Common	Common	Archer	Rapid Fire III	False	hit 5	icon_skills.rapidshot_tex
80305	Common	Common	Archer	Rapid Fire III	False	hit 6	icon_skills.rapidshot_tex
80306	Common	Common	Archer	Rapid Fire III	False	hit 7	icon_skills.rapidshot_tex
80400	Common	Common	Archer	Rapid Fire IV	False	hit 1	icon_skills.rapidshot_tex
80401	Common	Common	Archer	Rapid Fire IV	False	hit 2	icon_skills.rapidshot_tex
80402	Common	Common	Archer	Rapid Fire IV	False	hit 3	icon_skills.rapidshot_tex
80403	Common	Common	Archer	Rapid Fire IV	False	hit 4	icon_skills.rapidshot_tex
80404	Common	Common	Archer	Rapid Fire IV	False	hit 5	icon_skills.rapidshot_tex
80405	Common	Common	Archer	Rapid Fire IV	False	hit 6	icon_skills.rapidshot_tex
80406	Common	Common	Archer	Rapid Fire IV	False	hit 7	icon_skills.rapidshot_tex
80500	Common	Common	Archer	Rapid Fire V	False	hit 1	icon_skills.rapidshot_tex
80501	Common	Common	Archer	Rapid Fire V	False	hit 2	icon_skills.rapidshot_tex
80502	Common	Common	Archer	Rapid Fire V	False	hit 3	icon_skills.rapidshot_tex
80503	Common	Common	Archer	Rapid Fire V	False	hit 4	icon_skills.rapidshot_tex
80504	Common	Common	Archer	Rapid Fire V	False	hit 5	icon_skills.rapidshot_tex
80505	Common	Common	Archer	Rapid Fire V	False	hit 6	icon_skills.rapidshot_tex
80506	Common	Common	Archer	Rapid Fire V	False	hit 7	icon_skills.rapidshot_tex
80600	Common	Common	Archer	Rapid Fire VI	False	hit 1	icon_skills.rapidshot_tex
80601	Common	Common	Archer	Rapid Fire VI	False	hit 2	icon_skills.rapidshot_tex
80602	Common	Common	Archer	Rapid Fire VI	False	hit 3	icon_skills.rapidshot_tex
80603	Common	Common	Archer	Rapid Fire VI	False	hit 4	icon_skills.rapidshot_tex
80604	Common	Common	Archer	Rapid Fire VI	False	hit 5	icon_skills.rapidshot_tex
80605	Common	Common	Archer	Rapid Fire VI	False	hit 6	icon_skills.rapidshot_tex
80606	Common	Common	Archer	Rapid Fire VI	False	hit 7	icon_skills.rapidshot_tex
80700	Common	Common	Archer	Rapid Fire VII	False	hit 1	icon_skills.rapidshot_tex
80701	Common	Common	Archer	Rapid Fire VII	False	hit 2	icon_skills.rapidshot_tex
80702	Common	Common	Archer	Rapid Fire VII	False	hit 3	icon_skills.rapidshot_tex
80703	Common	Common	Archer	Rapid Fire VII	False	hit 4	icon_skills.rapidshot_tex
80704	Common	Common	Archer	Rapid Fire VII	False	hit 5	icon_skills.rapidshot_tex
80705	Common	Common	Archer	Rapid Fire VII	False	hit 6	icon_skills.rapidshot_tex
80706	Common	Common	Archer	Rapid Fire VII	False	hit 7	icon_skills.rapidshot_tex
80800	Common	Common	Archer	Rapid Fire VIII	False	hit 1	icon_skills.rapidshot_tex
80801	Common	Common	Archer	Rapid Fire VIII	False	hit 2	icon_skills.rapidshot_tex
80802	Common	Common	Archer	Rapid Fire VIII	False	hit 3	icon_skills.rapidshot_tex
80803	Common	Common	Archer	Rapid Fire VIII	False	hit 4	icon_skills.rapidshot_tex
80804	Common	Common	Archer	Rapid Fire VIII	False	hit 5	icon_skills.rapidshot_tex
80805	Common	Common	Archer	Rapid Fire VIII	False	hit 6	icon_skills.rapidshot_tex
80806	Common	Common	Archer	Rapid Fire VIII	False	hit 7	icon_skills.rapidshot_tex
80900	Common	Common	Archer	Rapid Fire IX	False	hit 1	icon_skills.rapidshot_tex
80901	Common	Common	Archer	Rapid Fire IX	False	hit 2	icon_skills.rapidshot_tex
80902	Common	Common	Archer	Rapid Fire IX	False	hit 3	icon_skills.rapidshot_tex
80903	Common	Common	Archer	Rapid Fire IX	False	hit 4	icon_skills.rapidshot_tex
80904	Common	Common	Archer	Rapid Fire IX	False	hit 5	icon_skills.rapidshot_tex
80905	Common	Common	Archer	Rapid Fire IX	False	hit 6	icon_skills.rapidshot_tex
80906	Common	Common	Archer	Rapid Fire IX	False	hit 7	icon_skills.rapidshot_tex
81000	Common	Common	Archer	Rapid Fire X	False	hit 1	icon_skills.rapidshot_tex
81001	Common	Common	Archer	Rapid Fire X	False	hit 2	icon_skills.rapidshot_tex
81002	Common	Common	Archer	Rapid Fire X	False	hit 3	icon_skills.rapidshot_tex
81003	Common	Common	Archer	Rapid Fire X	False	hit 4	icon_skills.rapidshot_tex
81004	Common	Common	Archer	Rapid Fire X	False	hit 5	icon_skills.rapidshot_tex
81005	Common	Common	Archer	Rapid Fire X	False	hit 6	icon_skills.rapidshot_tex
81006	Common	Common	Archer	Rapid Fire X	False	hit 7	icon_skills.rapidshot_tex
81100	Common	Common	Archer	Rapid Fire XI	False	hit 1	icon_skills.rapidshot_tex
81101	Common	Common	Archer	Rapid Fire XI	False	hit 2	icon_skills.rapidshot_tex
81102	Common	Common	Archer	Rapid Fire XI	False	hit 3	icon_skills.rapidshot_tex
81103	Common	Common	Archer	Rapid Fire XI	False	hit 4	icon_skills.rapidshot_tex
81104	Common	Common	Archer	Rapid Fire XI	False	hit 5	icon_skills.rapidshot_tex
81105	Common	Common	Archer	Rapid Fire XI	False	hit 6	icon_skills.rapidshot_tex
81106	Common	Common	Archer	Rapid Fire XI	False	hit 7	icon_skills.rapidshot_tex
81200	Common	Common	Archer	Rapid Fire XII	False	hit 1	icon_skills.rapidshot_tex
81201	Common	Common	Archer	Rapid Fire XII	False	hit 2	icon_skills.rapidshot_tex
81202	Common	Common	Archer	Rapid Fire XII	False	hit 3	icon_skills.rapidshot_tex
81203	Common	Common	Archer	Rapid Fire XII	False	hit 4	icon_skills.rapidshot_tex
81204	Common	Common	Archer	Rapid Fire XII	False	hit 5	icon_skills.rapidshot_tex
81205	Common	Common	Archer	Rapid Fire XII	False	hit 6	icon_skills.rapidshot_tex
81206	Common	Common	Archer	Rapid Fire XII	False	hit 7	icon_skills.rapidshot_tex
90100	Common	Common	Archer	Slow Trap I	False		icon_skills.webtrap_tex
90120	Common	Common	Archer	Slow Trap I	False		icon_skills.webtrap_tex
90200	Common	Common	Archer	Slow Trap II	False		icon_skills.webtrap_tex
90220	Common	Common	Archer	Slow Trap II	False		icon_skills.webtrap_tex
90300	Common	Common	Archer	Slow Trap III	False		icon_skills.webtrap_tex
90320	Common	Common	Archer	Slow Trap III	False		icon_skills.webtrap_tex
90400	Common	Common	Archer	Slow Trap IV	False		icon_skills.webtrap_tex
90420	Common	Common	Archer	Slow Trap IV	False		icon_skills.webtrap_tex
90500	Common	Common	Archer	Slow Trap V	False		icon_skills.webtrap_tex
90520	Common	Common	Archer	Slow Trap V	False		icon_skills.webtrap_tex
90600	Common	Common	Archer	Slow Trap VI	False		icon_skills.webtrap_tex
90620	Common	Common	Archer	Slow Trap VI	False		icon_skills.webtrap_tex
90700	Common	Common	Archer	Slow Trap VII	False		icon_skills.webtrap_tex
90720	Common	Common	Archer	Slow Trap VII	False		icon_skills.webtrap_tex
90800	Common	Common	Archer	Slow Trap VIII	False		icon_skills.webtrap_tex
90820	Common	Common	Archer	Slow Trap VIII	False		icon_skills.webtrap_tex
90900	Common	Common	Archer	Slow Trap IX	False		icon_skills.webtrap_tex
90920	Common	Common	Archer	Slow Trap IX	False		icon_skills.webtrap_tex
100100	Common	Common	Archer	Stunning Trap I	False		icon_skills.paralysistrap_tex
100120	Common	Common	Archer	Stunning Trap I	False		icon_skills.paralysistrap_tex
100200	Common	Common	Archer	Stunning Trap II	False		icon_skills.paralysistrap_tex
100220	Common	Common	Archer	Stunning Trap II	False		icon_skills.paralysistrap_tex
100300	Common	Common	Archer	Stunning Trap III	False		icon_skills.paralysistrap_tex
100320	Common	Common	Archer	Stunning Trap III	False		icon_skills.paralysistrap_tex
100400	Common	Common	Archer	Stunning Trap IV	False		icon_skills.paralysistrap_tex
100420	Common	Common	Archer	Stunning Trap IV	False		icon_skills.paralysistrap_tex
100500	Common	Common	Archer	Stunning Trap V	False		icon_skills.paralysistrap_tex
100520	Common	Common	Archer	Stunning Trap V	False		icon_skills.paralysistrap_tex
100600	Common	Common	Archer	Stunning Trap VI	False		icon_skills.paralysistrap_tex
100620	Common	Common	Archer	Stunning Trap VI	False		icon_skills.paralysistrap_tex
100700	Common	Common	Archer	Stunning Trap VII	False		icon_skills.paralysistrap_tex
100720	Common	Common	Archer	Stunning Trap VII	False		icon_skills.paralysistrap_tex
110100	Common	Common	Archer	Poison Trap I	False		icon_skills.venomtrap_tex
110120	Common	Common	Archer	Poison Trap I	False		icon_skills.venomtrap_tex
110200	Common	Common	Archer	Poison Trap II	False		icon_skills.venomtrap_tex
110220	Common	Common	Archer	Poison Trap II	False		icon_skills.venomtrap_tex
110300	Common	Common	Archer	Poison Trap III	False		icon_skills.venomtrap_tex
110320	Common	Common	Archer	Poison Trap III	False		icon_skills.venomtrap_tex
110400	Common	Common	Archer	Poison Trap IV	False		icon_skills.venomtrap_tex
110420	Common	Common	Archer	Poison Trap IV	False		icon_skills.venomtrap_tex
110500	Common	Common	Archer	Poison Trap V	False		icon_skills.venomtrap_tex
110520	Common	Common	Archer	Poison Trap V	False		icon_skills.venomtrap_tex
110600	Common	Common	Archer	Poison Trap VI	False		icon_skills.venomtrap_tex
110620	Common	Common	Archer	Poison Trap VI	False		icon_skills.venomtrap_tex
110700	Common	Common	Archer	Poison Trap VII	False		icon_skills.venomtrap_tex
110720	Common	Common	Archer	Poison Trap VII	False		icon_skills.venomtrap_tex
110800	Common	Common	Archer	Poison Trap VIII	False		icon_skills.venomtrap_tex
110820	Common	Common	Archer	Poison Trap VIII	False		icon_skills.venomtrap_tex
110900	Common	Common	Archer	Poison Trap IX	False		icon_skills.venomtrap_tex
110920	Common	Common	Archer	Poison Trap IX	False		icon_skills.venomtrap_tex
111000	Common	Common	Archer	Poison Trap X	False		icon_skills.venomtrap_tex
111020	Common	Common	Archer	Poison Trap X	False		icon_skills.venomtrap_tex
120100	Common	Common	Archer	Velik's Mark I	False		icon_skills.markingofarcher_tex
120200	Common	Common	Archer	Velik's Mark II	False		icon_skills.markingofarcher_tex
120300	Common	Common	Archer	Velik's Mark III	False		icon_skills.markingofarcher_tex
120400	Common	Common	Archer	Velik's Mark IV	False		icon_skills.markingofarcher_tex
120500	Common	Common	Archer	Velik's Mark V	False		icon_skills.markingofarcher_tex
140100	Common	Common	Archer	Retaliate I	False		icon_skills.risingattack_tex
140200	Common	Common	Archer	Retaliate II	False		icon_skills.risingattack_tex
140300	Common	Common	Archer	Retaliate III	False		icon_skills.risingattack_tex
140400	Common	Common	Archer	Retaliate IV	False		icon_skills.risingattack_tex
140500	Common	Common	Archer	Retaliate V	False		icon_skills.risingattack_tex
140600	Common	Common	Archer	Retaliate VI	False		icon_skills.risingattack_tex
140700	Common	Common	Archer	Retaliate VII	False		icon_skills.risingattack_tex
140800	Common	Common	Archer	Retaliate VIII	False		icon_skills.risingattack_tex
140900	Common	Common	Archer	Retaliate IX	False		icon_skills.risingattack_tex
141000	Common	Common	Archer	Retaliate X	False		icon_skills.risingattack_tex
141100	Common	Common	Archer	Retaliate XI	False		icon_skills.risingattack_tex
141200	Common	Common	Archer	Retaliate XII	False		icon_skills.risingattack_tex
150100	Common	Common	Archer	Incendiary Trap I	False		icon_skills.explosiontrap_tex
150120	Common	Common	Archer	Incendiary Trap I	False		icon_skills.explosiontrap_tex
150200	Common	Common	Archer	Incendiary Trap II	False		icon_skills.explosiontrap_tex
150220	Common	Common	Archer	Incendiary Trap II	False		icon_skills.explosiontrap_tex
150300	Common	Common	Archer	Incendiary Trap III	False		icon_skills.explosiontrap_tex
150320	Common	Common	Archer	Incendiary Trap III	False		icon_skills.explosiontrap_tex
150400	Common	Common	Archer	Incendiary Trap IV	False		icon_skills.explosiontrap_tex
150420	Common	Common	Archer	Incendiary Trap IV	False		icon_skills.explosiontrap_tex
150500	Common	Common	Archer	Incendiary Trap V	False		icon_skills.explosiontrap_tex
150520	Common	Common	Archer	Incendiary Trap V	False		icon_skills.explosiontrap_tex
150600	Common	Common	Archer	Incendiary Trap VI	False		icon_skills.explosiontrap_tex
150620	Common	Common	Archer	Incendiary Trap VI	False		icon_skills.explosiontrap_tex
150700	Common	Common	Archer	Incendiary Trap VII	False		icon_skills.explosiontrap_tex
150720	Common	Common	Archer	Incendiary Trap VII	False		icon_skills.explosiontrap_tex
150800	Common	Common	Archer	Incendiary Trap VIII	False		icon_skills.explosiontrap_tex
150820	Common	Common	Archer	Incendiary Trap VIII	False		icon_skills.explosiontrap_tex
150900	Common	Common	Archer	Incendiary Trap IX	False		icon_skills.explosiontrap_tex
150920	Common	Common	Archer	Incendiary Trap IX	False		icon_skills.explosiontrap_tex
151000	Common	Common	Archer	Incendiary Trap X	False		icon_skills.explosiontrap_tex
151020	Common	Common	Archer	Incendiary Trap X	False		icon_skills.explosiontrap_tex
160100	Common	Common	Archer	Breakaway Bolt I	False		icon_skills.escapingattack_tex
160200	Common	Common	Archer	Breakaway Bolt II	False		icon_skills.escapingattack_tex
160300	Common	Common	Archer	Breakaway Bolt III	False		icon_skills.escapingattack_tex
160400	Common	Common	Archer	Breakaway Bolt IV	False		icon_skills.escapingattack_tex
160500	Common	Common	Archer	Breakaway Bolt V	False		icon_skills.escapingattack_tex
160600	Common	Common	Archer	Breakaway Bolt VI	False		icon_skills.escapingattack_tex
160700	Common	Common	Archer	Breakaway Bolt VII	False		icon_skills.escapingattack_tex
160800	Common	Common	Archer	Breakaway Bolt VIII	False		icon_skills.escapingattack_tex
160900	Common	Common	Archer	Breakaway Bolt IX	False		icon_skills.escapingattack_tex
161000	Common	Common	Archer	Breakaway Bolt X	False		icon_skills.escapingattack_tex
161100	Common	Common	Archer	Breakaway Bolt XI	False		icon_skills.escapingattack_tex
161200	Common	Common	Archer	Breakaway Bolt XII	False		icon_skills.escapingattack_tex
161300	Common	Common	Archer	Breakaway Bolt XIII	False		icon_skills.escapingattack_tex
170100	Common	Common	Archer	Web Arrow I	False		icon_skills.spiderarrow_tex
170200	Common	Common	Archer	Web Arrow II	False		icon_skills.spiderarrow_tex
170300	Common	Common	Archer	Web Arrow III	False		icon_skills.spiderarrow_tex
170400	Common	Common	Archer	Web Arrow IV	False		icon_skills.spiderarrow_tex
170500	Common	Common	Archer	Web Arrow V	False		icon_skills.spiderarrow_tex
180100	Common	Common	Archer	Close Quarters I	False	hit 1	icon_skills.turningkick_tex
180101	Common	Common	Archer	Close Quarters I	False	hit 2	icon_skills.turningkick_tex
180200	Common	Common	Archer	Close Quarters II	False	hit 1	icon_skills.turningkick_tex
180201	Common	Common	Archer	Close Quarters II	False	hit 2	icon_skills.turningkick_tex
180300	Common	Common	Archer	Close Quarters III	False	hit 1	icon_skills.turningkick_tex
180301	Common	Common	Archer	Close Quarters III	False	hit 2	icon_skills.turningkick_tex
180400	Common	Common	Archer	Close Quarters IV	False	hit 1	icon_skills.turningkick_tex
180401	Common	Common	Archer	Close Quarters IV	False	hit 2	icon_skills.turningkick_tex
180500	Common	Common	Archer	Close Quarters V	False	hit 1	icon_skills.turningkick_tex
180501	Common	Common	Archer	Close Quarters V	False	hit 2	icon_skills.turningkick_tex
180600	Common	Common	Archer	Close Quarters VI	False	hit 1	icon_skills.turningkick_tex
180601	Common	Common	Archer	Close Quarters VI	False	hit 2	icon_skills.turningkick_tex
180700	Common	Common	Archer	Close Quarters VII	False	hit 1	icon_skills.turningkick_tex
180701	Common	Common	Archer	Close Quarters VII	False	hit 2	icon_skills.turningkick_tex
180800	Common	Common	Archer	Close Quarters VIII	False	hit 1	icon_skills.turningkick_tex
180801	Common	Common	Archer	Close Quarters VIII	False	hit 2	icon_skills.turningkick_tex
180900	Common	Common	Archer	Close Quarters IX	False	hit 1	icon_skills.turningkick_tex
180901	Common	Common	Archer	Close Quarters IX	False	hit 2	icon_skills.turningkick_tex
181000	Common	Common	Archer	Close Quarters X	False	hit 1	icon_skills.turningkick_tex
181001	Common	Common	Archer	Close Quarters X	False	hit 2	icon_skills.turningkick_tex
181100	Common	Common	Archer	Close Quarters XI	False	hit 1	icon_skills.turningkick_tex
181101	Common	Common	Archer	Close Quarters XI	False	hit 2	icon_skills.turningkick_tex
181200	Common	Common	Archer	Close Quarters XII	False	hit 1	icon_skills.turningkick_tex
181201	Common	Common	Archer	Close Quarters XII	False	hit 2	icon_skills.turningkick_tex
181300	Common	Common	Archer	Close Quarters XIII	False	hit 1	icon_skills.turningkick_tex
181301	Common	Common	Archer	Close Quarters XIII	False	hit 2	icon_skills.turningkick_tex
190100	Common	Common	Archer	Poison Arrow I	False		icon_skills.venomarrow_tex
190200	Common	Common	Archer	Poison Arrow II	False		icon_skills.venomarrow_tex
190300	Common	Common	Archer	Poison Arrow III	False		icon_skills.venomarrow_tex
190400	Common	Common	Archer	Poison Arrow IV	False		icon_skills.venomarrow_tex
190500	Common	Common	Archer	Poison Arrow V	False		icon_skills.venomarrow_tex
190600	Common	Common	Archer	Poison Arrow VI	False		icon_skills.venomarrow_tex
190700	Common	Common	Archer	Poison Arrow VII	False		icon_skills.venomarrow_tex
190800	Common	Common	Archer	Poison Arrow VIII	False		icon_skills.venomarrow_tex
190900	Common	Common	Archer	Poison Arrow IX	False		icon_skills.venomarrow_tex
191000	Common	Common	Archer	Poison Arrow X	False		icon_skills.venomarrow_tex
191100	Common	Common	Archer	Poison Arrow XI	False		icon_skills.venomarrow_tex
200100	Common	Common	Archer	Restraining Arrow I	False	hit 2	icon_skills.contaningshot_tex
200200	Common	Common	Archer	Restraining Arrow II	False	hit 2	icon_skills.contaningshot_tex
200300	Common	Common	Archer	Restraining Arrow III	False	hit 2	icon_skills.contaningshot_tex
200400	Common	Common	Archer	Restraining Arrow IV	False	hit 2	icon_skills.contaningshot_tex
210100	Common	Common	Archer	Sniper's Eye I	False	On	icon_skills.focusstance_tex
210150	Common	Common	Archer	Sniper's Eye I	False	Off	icon_skills.focusstance_tex
210200	Common	Common	Archer	Sniper's Eye II	False	On	icon_skills.focusstance_tex
210250	Common	Common	Archer	Sniper's Eye II	False	Off	icon_skills.focusstance_tex
210300	Common	Common	Archer	Sniper's Eye III	False	On	icon_skills.focusstance_tex
210350	Common	Common	Archer	Sniper's Eye III	False	Off	icon_skills.focusstance_tex
210400	Common	Common	Archer	Sniper's Eye IV	False	On	icon_skills.focusstance_tex
210450	Common	Common	Archer	Sniper's Eye IV	False	Off	icon_skills.focusstance_tex
220100	Common	Common	Archer	Final Salvo I	False	hit 1	icon_skills.chainrapidshot_tex
220101	Common	Common	Archer	Final Salvo I	False	hit 2	icon_skills.chainrapidshot_tex
220102	Common	Common	Archer	Final Salvo I	False	hit 3	icon_skills.chainrapidshot_tex
220103	Common	Common	Archer	Final Salvo I	False	hit 4	icon_skills.chainrapidshot_tex
220104	Common	Common	Archer	Final Salvo I	False	hit 5	icon_skills.chainrapidshot_tex
220200	Common	Common	Archer	Final Salvo II	False	hit 1	icon_skills.chainrapidshot_tex
220201	Common	Common	Archer	Final Salvo II	False	hit 2	icon_skills.chainrapidshot_tex
220202	Common	Common	Archer	Final Salvo II	False	hit 3	icon_skills.chainrapidshot_tex
220203	Common	Common	Archer	Final Salvo II	False	hit 4	icon_skills.chainrapidshot_tex
220204	Common	Common	Archer	Final Salvo II	False	hit 5	icon_skills.chainrapidshot_tex
220300	Common	Common	Archer	Final Salvo III	False	hit 1	icon_skills.chainrapidshot_tex
220301	Common	Common	Archer	Final Salvo III	False	hit 2	icon_skills.chainrapidshot_tex
220302	Common	Common	Archer	Final Salvo III	False	hit 3	icon_skills.chainrapidshot_tex
220303	Common	Common	Archer	Final Salvo III	False	hit 4	icon_skills.chainrapidshot_tex
220304	Common	Common	Archer	Final Salvo III	False	hit 5	icon_skills.chainrapidshot_tex
220400	Common	Common	Archer	Final Salvo IV	False	hit 1	icon_skills.chainrapidshot_tex
220401	Common	Common	Archer	Final Salvo IV	False	hit 2	icon_skills.chainrapidshot_tex
220402	Common	Common	Archer	Final Salvo IV	False	hit 3	icon_skills.chainrapidshot_tex
220403	Common	Common	Archer	Final Salvo IV	False	hit 4	icon_skills.chainrapidshot_tex
220404	Common	Common	Archer	Final Salvo IV	False	hit 5	icon_skills.chainrapidshot_tex
220500	Common	Common	Archer	Final Salvo V	False	hit 1	icon_skills.chainrapidshot_tex
220501	Common	Common	Archer	Final Salvo V	False	hit 2	icon_skills.chainrapidshot_tex
220502	Common	Common	Archer	Final Salvo V	False	hit 3	icon_skills.chainrapidshot_tex
220503	Common	Common	Archer	Final Salvo V	False	hit 4	icon_skills.chainrapidshot_tex
220504	Common	Common	Archer	Final Salvo V	False	hit 5	icon_skills.chainrapidshot_tex
220600	Common	Common	Archer	Final Salvo VI	False	hit 1	icon_skills.chainrapidshot_tex
220601	Common	Common	Archer	Final Salvo VI	False	hit 2	icon_skills.chainrapidshot_tex
220602	Common	Common	Archer	Final Salvo VI	False	hit 3	icon_skills.chainrapidshot_tex
220603	Common	Common	Archer	Final Salvo VI	False	hit 4	icon_skills.chainrapidshot_tex
220604	Common	Common	Archer	Final Salvo VI	False	hit 5	icon_skills.chainrapidshot_tex
220700	Common	Common	Archer	Final Salvo VII	False	hit 1	icon_skills.chainrapidshot_tex
220701	Common	Common	Archer	Final Salvo VII	False	hit 2	icon_skills.chainrapidshot_tex
220702	Common	Common	Archer	Final Salvo VII	False	hit 3	icon_skills.chainrapidshot_tex
220703	Common	Common	Archer	Final Salvo VII	False	hit 4	icon_skills.chainrapidshot_tex
220704	Common	Common	Archer	Final Salvo VII	False	hit 5	icon_skills.chainrapidshot_tex
220800	Common	Common	Archer	Final Salvo VIII	False	hit 1	icon_skills.chainrapidshot_tex
220801	Common	Common	Archer	Final Salvo VIII	False	hit 2	icon_skills.chainrapidshot_tex
220802	Common	Common	Archer	Final Salvo VIII	False	hit 3	icon_skills.chainrapidshot_tex
220803	Common	Common	Archer	Final Salvo VIII	False	hit 4	icon_skills.chainrapidshot_tex
220804	Common	Common	Archer	Final Salvo VIII	False	hit 5	icon_skills.chainrapidshot_tex
220900	Common	Common	Archer	Final Salvo IX	False	hit 1	icon_skills.chainrapidshot_tex
220901	Common	Common	Archer	Final Salvo IX	False	hit 2	icon_skills.chainrapidshot_tex
220902	Common	Common	Archer	Final Salvo IX	False	hit 3	icon_skills.chainrapidshot_tex
220903	Common	Common	Archer	Final Salvo IX	False	hit 4	icon_skills.chainrapidshot_tex
220904	Common	Common	Archer	Final Salvo IX	False	hit 5	icon_skills.chainrapidshot_tex
221000	Common	Common	Archer	Final Salvo X	False	hit 1	icon_skills.chainrapidshot_tex
221001	Common	Common	Archer	Final Salvo X	False	hit 2	icon_skills.chainrapidshot_tex
221002	Common	Common	Archer	Final Salvo X	False	hit 3	icon_skills.chainrapidshot_tex
221003	Common	Common	Archer	Final Salvo X	False	hit 4	icon_skills.chainrapidshot_tex
221004	Common	Common	Archer	Final Salvo X	False	hit 5	icon_skills.chainrapidshot_tex
221100	Common	Common	Archer	Final Salvo XI	False	hit 1	icon_skills.chainrapidshot_tex
221101	Common	Common	Archer	Final Salvo XI	False	hit 2	icon_skills.chainrapidshot_tex
221102	Common	Common	Archer	Final Salvo XI	False	hit 3	icon_skills.chainrapidshot_tex
221103	Common	Common	Archer	Final Salvo XI	False	hit 4	icon_skills.chainrapidshot_tex
221104	Common	Common	Archer	Final Salvo XI	False	hit 5	icon_skills.chainrapidshot_tex
230100	Common	Common	Archer	Concussion Trap I	False		icon_skills.paralysistraparrow_tex
230120	Common	Common	Archer	Concussion Trap I	False		icon_skills.paralysistraparrow_tex
230200	Common	Common	Archer	Concussion Trap II	False		icon_skills.paralysistraparrow_tex
230220	Common	Common	Archer	Concussion Trap II	False		icon_skills.paralysistraparrow_tex
230300	Common	Common	Archer	Concussion Trap III	False		icon_skills.paralysistraparrow_tex
230320	Common	Common	Archer	Concussion Trap III	False		icon_skills.paralysistraparrow_tex
230400	Common	Common	Archer	Concussion Trap IV	False		icon_skills.paralysistraparrow_tex
230420	Common	Common	Archer	Concussion Trap IV	False		icon_skills.paralysistraparrow_tex
230500	Common	Common	Archer	Concussion Trap V	False		icon_skills.paralysistraparrow_tex
230520	Common	Common	Archer	Concussion Trap V	False		icon_skills.paralysistraparrow_tex
240100	Common	Common	Archer	Ensnaring Trap I	False		icon_skills.webtraparrow_tex
240120	Common	Common	Archer	Ensnaring Trap I	False		icon_skills.webtraparrow_tex
240200	Common	Common	Archer	Ensnaring Trap II	False		icon_skills.webtraparrow_tex
240220	Common	Common	Archer	Ensnaring Trap II	False		icon_skills.webtraparrow_tex
240300	Common	Common	Archer	Ensnaring Trap III	False		icon_skills.webtraparrow_tex
240320	Common	Common	Archer	Ensnaring Trap III	False		icon_skills.webtraparrow_tex
240400	Common	Common	Archer	Ensnaring Trap IV	False		icon_skills.webtraparrow_tex
240420	Common	Common	Archer	Ensnaring Trap IV	False		icon_skills.webtraparrow_tex
240500	Common	Common	Archer	Ensnaring Trap V	False		icon_skills.webtraparrow_tex
240520	Common	Common	Archer	Ensnaring Trap V	False		icon_skills.webtraparrow_tex
250100	Common	Common	Archer	Explosion Trap I	False		icon_skills.explosiontraparrow_tex
250120	Common	Common	Archer	Explosion Trap I	False		icon_skills.explosiontraparrow_tex
250200	Common	Common	Archer	Explosion Trap II	False		icon_skills.explosiontraparrow_tex
250220	Common	Common	Archer	Explosion Trap II	False		icon_skills.explosiontraparrow_tex
250300	Common	Common	Archer	Explosion Trap III	False		icon_skills.explosiontraparrow_tex
250320	Common	Common	Archer	Explosion Trap III	False		icon_skills.explosiontraparrow_tex
250400	Common	Common	Archer	Explosion Trap IV	False		icon_skills.explosiontraparrow_tex
250420	Common	Common	Archer	Explosion Trap IV	False		icon_skills.explosiontraparrow_tex
250500	Common	Common	Archer	Explosion Trap V	False		icon_skills.explosiontraparrow_tex
250520	Common	Common	Archer	Explosion Trap V	False		icon_skills.explosiontraparrow_tex
260100	Common	Common	Archer	Thunderbolt	False		icon_skills.thunderdrake_tex
260200	Common	Common	Archer	Thunderbolt	False		icon_skills.thunderdrake_tex
280100	Common	Common	Archer	Eagle's Eye I	False	On	icon_skills.focusstance_moveslow_tex
280150	Common	Common	Archer	Sniper's Eye I	False	Off	icon_skills.focusstance_tex
280200	Common	Common	Archer	Eagle's Eye II	False	On	icon_skills.focusstance_moveslow_tex
280250	Common	Common	Archer	Sniper's Eye II	False	Off	icon_skills.focusstance_tex
280300	Common	Common	Archer	Sniper's Eye III	False	On	icon_skills.focusstance_tex
280350	Common	Common	Archer	Sniper's Eye III	False	Off	icon_skills.focusstance_tex
280400	Common	Common	Archer	Sniper's Eye IV	False	On	icon_skills.focusstance_tex
280450	Common	Common	Archer	Sniper's Eye IV	False	Off	icon_skills.focusstance_tex
290100	Common	Common	Archer	Thunderbolt	False		icon_skills.thunderdrake_tex
290120	Common	Common	Archer	Thunderbolt	False		icon_skills.thunderdrake_tex
310100	Common	Common	Archer	Tenacity	False		icon_skills.tenacity_tex
10100	Common	Common	Berserker	Combo Attack I	False	hit 1	icon_skills.comboattack_tex
10101	Common	Common	Berserker	Combo Attack I	False	hit 2	icon_skills.comboattack_tex
10102	Common	Common	Berserker	Combo Attack I	False	hit 3	icon_skills.comboattack_tex
10103	Common	Common	Berserker	Combo Attack I	False	hit 4	icon_skills.comboattack_tex
10200	Common	Common	Berserker	Combo Attack II	False	hit 1	icon_skills.comboattack_tex
10201	Common	Common	Berserker	Combo Attack II	False	hit 2	icon_skills.comboattack_tex
10202	Common	Common	Berserker	Combo Attack II	False	hit 3	icon_skills.comboattack_tex
10203	Common	Common	Berserker	Combo Attack II	False	hit 4	icon_skills.comboattack_tex
10300	Common	Common	Berserker	Combo Attack III	False	hit 1	icon_skills.comboattack_tex
10301	Common	Common	Berserker	Combo Attack III	False	hit 2	icon_skills.comboattack_tex
10302	Common	Common	Berserker	Combo Attack III	False	hit 3	icon_skills.comboattack_tex
10303	Common	Common	Berserker	Combo Attack III	False	hit 4	icon_skills.comboattack_tex
10400	Common	Common	Berserker	Combo Attack IV	False	hit 1	icon_skills.comboattack_tex
10401	Common	Common	Berserker	Combo Attack IV	False	hit 2	icon_skills.comboattack_tex
10402	Common	Common	Berserker	Combo Attack IV	False	hit 3	icon_skills.comboattack_tex
10403	Common	Common	Berserker	Combo Attack IV	False	hit 4	icon_skills.comboattack_tex
10500	Common	Common	Berserker	Combo Attack V	False	hit 1	icon_skills.comboattack_tex
10501	Common	Common	Berserker	Combo Attack V	False	hit 2	icon_skills.comboattack_tex
10502	Common	Common	Berserker	Combo Attack V	False	hit 3	icon_skills.comboattack_tex
10503	Common	Common	Berserker	Combo Attack V	False	hit 4	icon_skills.comboattack_tex
10600	Common	Common	Berserker	Combo Attack VI	False	hit 1	icon_skills.comboattack_tex
10601	Common	Common	Berserker	Combo Attack VI	False	hit 2	icon_skills.comboattack_tex
10602	Common	Common	Berserker	Combo Attack VI	False	hit 3	icon_skills.comboattack_tex
10603	Common	Common	Berserker	Combo Attack VI	False	hit 4	icon_skills.comboattack_tex
10700	Common	Common	Berserker	Combo Attack VII	False	hit 1	icon_skills.comboattack_tex
10701	Common	Common	Berserker	Combo Attack VII	False	hit 2	icon_skills.comboattack_tex
10702	Common	Common	Berserker	Combo Attack VII	False	hit 3	icon_skills.comboattack_tex
10703	Common	Common	Berserker	Combo Attack VII	False	hit 4	icon_skills.comboattack_tex
10800	Common	Common	Berserker	Combo Attack VIII	False	hit 1	icon_skills.comboattack_tex
10801	Common	Common	Berserker	Combo Attack VIII	False	hit 2	icon_skills.comboattack_tex
10802	Common	Common	Berserker	Combo Attack VIII	False	hit 3	icon_skills.comboattack_tex
10803	Common	Common	Berserker	Combo Attack VIII	False	hit 4	icon_skills.comboattack_tex
10900	Common	Common	Berserker	Combo Attack IX	False	hit 1	icon_skills.comboattack_tex
10901	Common	Common	Berserker	Combo Attack IX	False	hit 2	icon_skills.comboattack_tex
10902	Common	Common	Berserker	Combo Attack IX	False	hit 3	icon_skills.comboattack_tex
10903	Common	Common	Berserker	Combo Attack IX	False	hit 4	icon_skills.comboattack_tex
11000	Common	Common	Berserker	Combo Attack X	False	hit 1	icon_skills.comboattack_tex
11001	Common	Common	Berserker	Combo Attack X	False	hit 2	icon_skills.comboattack_tex
11002	Common	Common	Berserker	Combo Attack X	False	hit 3	icon_skills.comboattack_tex
11003	Common	Common	Berserker	Combo Attack X	False	hit 4	icon_skills.comboattack_tex
11100	Common	Common	Berserker	Combo Attack XI	False	hit 1	icon_skills.comboattack_tex
11101	Common	Common	Berserker	Combo Attack XI	False	hit 2	icon_skills.comboattack_tex
11102	Common	Common	Berserker	Combo Attack XI	False	hit 3	icon_skills.comboattack_tex
11103	Common	Common	Berserker	Combo Attack XI	False	hit 4	icon_skills.comboattack_tex
11200	Common	Common	Berserker	Combo Attack XII	False	hit 1	icon_skills.comboattack_tex
11201	Common	Common	Berserker	Combo Attack XII	False	hit 2	icon_skills.comboattack_tex
11202	Common	Common	Berserker	Combo Attack XII	False	hit 3	icon_skills.comboattack_tex
11203	Common	Common	Berserker	Combo Attack XII	False	hit 4	icon_skills.comboattack_tex
11300	Common	Common	Berserker	Combo Attack XIII	False	hit 1	icon_skills.comboattack_tex
11301	Common	Common	Berserker	Combo Attack XIII	False	hit 2	icon_skills.comboattack_tex
11302	Common	Common	Berserker	Combo Attack XIII	False	hit 3	icon_skills.comboattack_tex
11303	Common	Common	Berserker	Combo Attack XIII	False	hit 4	icon_skills.comboattack_tex
11400	Common	Common	Berserker	Combo Attack XIV	False	hit 1	icon_skills.comboattack_tex
11401	Common	Common	Berserker	Combo Attack XIV	False	hit 2	icon_skills.comboattack_tex
11402	Common	Common	Berserker	Combo Attack XIV	False	hit 3	icon_skills.comboattack_tex
11403	Common	Common	Berserker	Combo Attack XIV	False	hit 4	icon_skills.comboattack_tex
11500	Common	Common	Berserker	Combo Attack XV	False	hit 1	icon_skills.comboattack_tex
11501	Common	Common	Berserker	Combo Attack XV	False	hit 2	icon_skills.comboattack_tex
11502	Common	Common	Berserker	Combo Attack XV	False	hit 3	icon_skills.comboattack_tex
11503	Common	Common	Berserker	Combo Attack XV	False	hit 4	icon_skills.comboattack_tex
20100	Common	Common	Berserker	Axe Block	False		icon_skills.weapondefence_tex
20200	Common	Common	Berserker	Axe Block	False		icon_skills.weapondefence_tex
20300	Common	Common	Berserker	Axe Block	False		icon_skills.weapondefence_tex
30100	Common	Common	Berserker	Thunder Strike I	False		icon_skills.blastslash_tex
30110	Common	Common	Berserker	Thunder Strike I	False	hit 1	icon_skills.blastslash_tex
30111	Common	Common	Berserker	Thunder Strike I	False	hit 2	icon_skills.blastslash_tex
30112	Common	Common	Berserker	Thunder Strike I	False	hit 3	icon_skills.blastslash_tex
30113	Common	Common	Berserker	Thunder Strike I	False	hit 4	icon_skills.blastslash_tex
30200	Common	Common	Berserker	Thunder Strike II	False		icon_skills.blastslash_tex
30210	Common	Common	Berserker	Thunder Strike II	False	hit 1	icon_skills.blastslash_tex
30211	Common	Common	Berserker	Thunder Strike II	False	hit 2	icon_skills.blastslash_tex
30212	Common	Common	Berserker	Thunder Strike II	False	hit 3	icon_skills.blastslash_tex
30213	Common	Common	Berserker	Thunder Strike II	False	hit 4	icon_skills.blastslash_tex
30300	Common	Common	Berserker	Thunder Strike III	False		icon_skills.blastslash_tex
30310	Common	Common	Berserker	Thunder Strike III	False	hit 1	icon_skills.blastslash_tex
30311	Common	Common	Berserker	Thunder Strike III	False	hit 2	icon_skills.blastslash_tex
30312	Common	Common	Berserker	Thunder Strike III	False	hit 3	icon_skills.blastslash_tex
30313	Common	Common	Berserker	Thunder Strike III	False	hit 4	icon_skills.blastslash_tex
30400	Common	Common	Berserker	Thunder Strike IV	False		icon_skills.blastslash_tex
30410	Common	Common	Berserker	Thunder Strike IV	False	hit 1	icon_skills.blastslash_tex
30411	Common	Common	Berserker	Thunder Strike IV	False	hit 2	icon_skills.blastslash_tex
30412	Common	Common	Berserker	Thunder Strike IV	False	hit 3	icon_skills.blastslash_tex
30413	Common	Common	Berserker	Thunder Strike IV	False	hit 4	icon_skills.blastslash_tex
30500	Common	Common	Berserker	Thunder Strike V	False		icon_skills.blastslash_tex
30510	Common	Common	Berserker	Thunder Strike V	False	hit 1	icon_skills.blastslash_tex
30511	Common	Common	Berserker	Thunder Strike V	False	hit 2	icon_skills.blastslash_tex
30512	Common	Common	Berserker	Thunder Strike V	False	hit 3	icon_skills.blastslash_tex
30513	Common	Common	Berserker	Thunder Strike V	False	hit 4	icon_skills.blastslash_tex
30600	Common	Common	Berserker	Thunder Strike VI	False		icon_skills.blastslash_tex
30610	Common	Common	Berserker	Thunder Strike VI	False	hit 1	icon_skills.blastslash_tex
30611	Common	Common	Berserker	Thunder Strike VI	False	hit 2	icon_skills.blastslash_tex
30612	Common	Common	Berserker	Thunder Strike VI	False	hit 3	icon_skills.blastslash_tex
30613	Common	Common	Berserker	Thunder Strike VI	False	hit 4	icon_skills.blastslash_tex
30700	Common	Common	Berserker	Thunder Strike VII	False		icon_skills.blastslash_tex
30710	Common	Common	Berserker	Thunder Strike VII	False	hit 1	icon_skills.blastslash_tex
30711	Common	Common	Berserker	Thunder Strike VII	False	hit 2	icon_skills.blastslash_tex
30712	Common	Common	Berserker	Thunder Strike VII	False	hit 3	icon_skills.blastslash_tex
30713	Common	Common	Berserker	Thunder Strike VII	False	hit 4	icon_skills.blastslash_tex
30800	Common	Common	Berserker	Thunder Strike VIII	False		icon_skills.blastslash_tex
30810	Common	Common	Berserker	Thunder Strike VIII	False	hit 1	icon_skills.blastslash_tex
30811	Common	Common	Berserker	Thunder Strike VIII	False	hit 2	icon_skills.blastslash_tex
30812	Common	Common	Berserker	Thunder Strike VIII	False	hit 3	icon_skills.blastslash_tex
30813	Common	Common	Berserker	Thunder Strike VIII	False	hit 4	icon_skills.blastslash_tex
30900	Common	Common	Berserker	Thunder Strike IX	False		icon_skills.blastslash_tex
30910	Common	Common	Berserker	Thunder Strike IX	False	hit 1	icon_skills.blastslash_tex
30911	Common	Common	Berserker	Thunder Strike IX	False	hit 2	icon_skills.blastslash_tex
30912	Common	Common	Berserker	Thunder Strike IX	False	hit 3	icon_skills.blastslash_tex
30913	Common	Common	Berserker	Thunder Strike IX	False	hit 4	icon_skills.blastslash_tex
31000	Common	Common	Berserker	Thunder Strike X	False		icon_skills.blastslash_tex
31010	Common	Common	Berserker	Thunder Strike X	False	hit 1	icon_skills.blastslash_tex
31011	Common	Common	Berserker	Thunder Strike X	False	hit 2	icon_skills.blastslash_tex
31012	Common	Common	Berserker	Thunder Strike X	False	hit 3	icon_skills.blastslash_tex
31013	Common	Common	Berserker	Thunder Strike X	False	hit 4	icon_skills.blastslash_tex
31100	Common	Common	Berserker	Thunder Strike XI	False		icon_skills.blastslash_tex
31110	Common	Common	Berserker	Thunder Strike XI	False	hit 1	icon_skills.blastslash_tex
31111	Common	Common	Berserker	Thunder Strike XI	False	hit 2	icon_skills.blastslash_tex
31112	Common	Common	Berserker	Thunder Strike XI	False	hit 3	icon_skills.blastslash_tex
31113	Common	Common	Berserker	Thunder Strike XI	False	hit 4	icon_skills.blastslash_tex
31200	Common	Common	Berserker	Thunder Strike XII	False		icon_skills.blastslash_tex
31210	Common	Common	Berserker	Thunder Strike XII	False	hit 1	icon_skills.blastslash_tex
31211	Common	Common	Berserker	Thunder Strike XII	False	hit 2	icon_skills.blastslash_tex
31212	Common	Common	Berserker	Thunder Strike XII	False	hit 3	icon_skills.blastslash_tex
31213	Common	Common	Berserker	Thunder Strike XII	False	hit 4	icon_skills.blastslash_tex
31300	Common	Common	Berserker	Thunder Strike XIII	False		icon_skills.blastslash_tex
31310	Common	Common	Berserker	Thunder Strike XIII	False	hit 1	icon_skills.blastslash_tex
31311	Common	Common	Berserker	Thunder Strike XIII	False	hit 2	icon_skills.blastslash_tex
31312	Common	Common	Berserker	Thunder Strike XIII	False	hit 3	icon_skills.blastslash_tex
31313	Common	Common	Berserker	Thunder Strike XIII	False	hit 4	icon_skills.blastslash_tex
31400	Common	Common	Berserker	Thunder Strike XIV	False		icon_skills.blastslash_tex
31410	Common	Common	Berserker	Thunder Strike XIV	False	hit 1	icon_skills.blastslash_tex
31411	Common	Common	Berserker	Thunder Strike XIV	False	hit 2	icon_skills.blastslash_tex
31412	Common	Common	Berserker	Thunder Strike XIV	False	hit 3	icon_skills.blastslash_tex
31413	Common	Common	Berserker	Thunder Strike XIV	False	hit 4	icon_skills.blastslash_tex
40100	Common	Common	Berserker	Flatten I	False		icon_skills.bash_tex
40130	Common	Common	Berserker	Flatten I	True		icon_skills.bash_tex
40200	Common	Common	Berserker	Flatten II	False		icon_skills.bash_tex
40230	Common	Common	Berserker	Flatten II	True		icon_skills.bash_tex
40300	Common	Common	Berserker	Flatten III	False		icon_skills.bash_tex
40330	Common	Common	Berserker	Flatten III	True		icon_skills.bash_tex
40400	Common	Common	Berserker	Flatten IV	False		icon_skills.bash_tex
40430	Common	Common	Berserker	Flatten IV	True		icon_skills.bash_tex
40500	Common	Common	Berserker	Flatten V	False		icon_skills.bash_tex
40530	Common	Common	Berserker	Flatten V	True		icon_skills.bash_tex
40600	Common	Common	Berserker	Flatten VI	False		icon_skills.bash_tex
40630	Common	Common	Berserker	Flatten VI	True		icon_skills.bash_tex
40700	Common	Common	Berserker	Flatten VII	False		icon_skills.bash_tex
40730	Common	Common	Berserker	Flatten VII	True		icon_skills.bash_tex
40800	Common	Common	Berserker	Flatten VIII	False		icon_skills.bash_tex
40830	Common	Common	Berserker	Flatten VIII	True		icon_skills.bash_tex
40900	Common	Common	Berserker	Flatten IX	False		icon_skills.bash_tex
40930	Common	Common	Berserker	Flatten IX	True		icon_skills.bash_tex
41000	Common	Common	Berserker	Flatten X	False		icon_skills.bash_tex
41030	Common	Common	Berserker	Flatten X	True		icon_skills.bash_tex
41100	Common	Common	Berserker	Flatten XI	False		icon_skills.bash_tex
41130	Common	Common	Berserker	Flatten XI	True		icon_skills.bash_tex
41200	Common	Common	Berserker	Flatten XII	False		icon_skills.bash_tex
41230	Common	Common	Berserker	Flatten XII	True		icon_skills.bash_tex
41300	Common	Common	Berserker	Flatten XIII	False		icon_skills.bash_tex
41330	Common	Common	Berserker	Flatten XIII	True		icon_skills.bash_tex
41400	Common	Common	Berserker	Flatten XIV	False		icon_skills.bash_tex
41430	Common	Common	Berserker	Flatten XIV	True		icon_skills.bash_tex
41500	Common	Common	Berserker	Flatten XV	False		icon_skills.bash_tex
41530	Common	Common	Berserker	Flatten XV	True		icon_skills.bash_tex
50100	Common	Common	Berserker	Dash I	False		icon_skills.dash_tex
50200	Common	Common	Berserker	Dash II	False		icon_skills.dash_tex
50300	Common	Common	Berserker	Dash III	False		icon_skills.dash_tex
50400	Common	Common	Berserker	Dash IV	False		icon_skills.dash_tex
50500	Common	Common	Berserker	Dash V	False		icon_skills.dash_tex
60100	Common	Common	Berserker	Staggering Strike I	False		icon_skills.turnback_tex
60200	Common	Common	Berserker	Staggering Strike II	False		icon_skills.turnback_tex
60300	Common	Common	Berserker	Staggering Strike III	False		icon_skills.turnback_tex
60400	Common	Common	Berserker	Staggering Strike IV	False		icon_skills.turnback_tex
60500	Common	Common	Berserker	Staggering Strike V	False		icon_skills.turnback_tex
60600	Common	Common	Berserker	Staggering Strike VI	False		icon_skills.turnback_tex
60700	Common	Common	Berserker	Staggering Strike VII	False		icon_skills.turnback_tex
60800	Common	Common	Berserker	Staggering Strike VIII	False		icon_skills.turnback_tex
70100	Common	Common	Berserker	Mocking Shout	False		icon_skills.shockingshout_tex
70200	Common	Common	Berserker	Mocking Shout	False		icon_skills.shockingshout_tex
70300	Common	Common	Berserker	Mocking Shout	False		icon_skills.shockingshout_tex
70400	Common	Common	Berserker	Mocking Shout	False		icon_skills.shockingshout_tex
80100	Common	Common	Berserker	Fiery Rage I	False		icon_skills.berserk_tex
80200	Common	Common	Berserker	Fiery Rage II	False		icon_skills.berserk_tex
80300	Common	Common	Berserker	Fiery Rage III	False		icon_skills.berserk_tex
80400	Common	Common	Berserker	Fiery Rage IV	False		icon_skills.berserk_tex
80500	Common	Common	Berserker	Fúria Ardente V	False		icon_skills.berserk_tex
80600	Common	Common	Berserker	Fiery Rage VI	False		icon_skills.berserk_tex
80700	Common	Common	Berserker	Fiery Rage VII	False		icon_skills.berserk_tex
90100	Common	Common	Berserker	Triumphant Shout I	False		icon_skills.shout_tex
90200	Common	Common	Berserker	Triumphant Shout II	False		icon_skills.shout_tex
90300	Common	Common	Berserker	Triumphant Shout III	False		icon_skills.shout_tex
90400	Common	Common	Berserker	Triumphant Shout IV	False		icon_skills.shout_tex
100100	Common	Common	Berserker	Cyclone I	False		icon_skills.whirlwind_tex
100110	Common	Common	Berserker	Cyclone I	False	hit 1	icon_skills.whirlwind_tex
100111	Common	Common	Berserker	Cyclone I	False	hit 2	icon_skills.whirlwind_tex
100112	Common	Common	Berserker	Cyclone I	False	hit 3	icon_skills.whirlwind_tex
100113	Common	Common	Berserker	Cyclone I	False	hit 4	icon_skills.whirlwind_tex
100200	Common	Common	Berserker	Cyclone II	False		icon_skills.whirlwind_tex
100210	Common	Common	Berserker	Cyclone II	False	hit 1	icon_skills.whirlwind_tex
100211	Common	Common	Berserker	Cyclone II	False	hit 2	icon_skills.whirlwind_tex
100212	Common	Common	Berserker	Cyclone II	False	hit 3	icon_skills.whirlwind_tex
100213	Common	Common	Berserker	Cyclone II	False	hit 4	icon_skills.whirlwind_tex
100300	Common	Common	Berserker	Cyclone III	False		icon_skills.whirlwind_tex
100310	Common	Common	Berserker	Cyclone III	False	hit 1	icon_skills.whirlwind_tex
100311	Common	Common	Berserker	Cyclone III	False	hit 2	icon_skills.whirlwind_tex
100312	Common	Common	Berserker	Cyclone III	False	hit 3	icon_skills.whirlwind_tex
100313	Common	Common	Berserker	Cyclone III	False	hit 4	icon_skills.whirlwind_tex
100400	Common	Common	Berserker	Cyclone IV	False		icon_skills.whirlwind_tex
100410	Common	Common	Berserker	Cyclone IV	False	hit 1	icon_skills.whirlwind_tex
100411	Common	Common	Berserker	Cyclone IV	False	hit 2	icon_skills.whirlwind_tex
100412	Common	Common	Berserker	Cyclone IV	False	hit 3	icon_skills.whirlwind_tex
100413	Common	Common	Berserker	Cyclone IV	False	hit 4	icon_skills.whirlwind_tex
100500	Common	Common	Berserker	Cyclone V	False		icon_skills.whirlwind_tex
100510	Common	Common	Berserker	Cyclone V	False	hit 1	icon_skills.whirlwind_tex
100511	Common	Common	Berserker	Cyclone V	False	hit 2	icon_skills.whirlwind_tex
100512	Common	Common	Berserker	Cyclone V	False	hit 3	icon_skills.whirlwind_tex
100513	Common	Common	Berserker	Cyclone V	False	hit 4	icon_skills.whirlwind_tex
100600	Common	Common	Berserker	Cyclone VI	False		icon_skills.whirlwind_tex
100610	Common	Common	Berserker	Cyclone VI	False	hit 1	icon_skills.whirlwind_tex
100611	Common	Common	Berserker	Cyclone VI	False	hit 2	icon_skills.whirlwind_tex
100612	Common	Common	Berserker	Cyclone VI	False	hit 3	icon_skills.whirlwind_tex
100613	Common	Common	Berserker	Cyclone VI	False	hit 4	icon_skills.whirlwind_tex
100700	Common	Common	Berserker	Cyclone VII	False		icon_skills.whirlwind_tex
100710	Common	Common	Berserker	Cyclone VII	False	hit 1	icon_skills.whirlwind_tex
100711	Common	Common	Berserker	Cyclone VII	False	hit 2	icon_skills.whirlwind_tex
100712	Common	Common	Berserker	Cyclone VII	False	hit 3	icon_skills.whirlwind_tex
100713	Common	Common	Berserker	Cyclone VII	False	hit 4	icon_skills.whirlwind_tex
100800	Common	Common	Berserker	Cyclone VIII	False		icon_skills.whirlwind_tex
100810	Common	Common	Berserker	Cyclone VIII	False	hit 1	icon_skills.whirlwind_tex
100811	Common	Common	Berserker	Cyclone VIII	False	hit 2	icon_skills.whirlwind_tex
100812	Common	Common	Berserker	Cyclone VIII	False	hit 3	icon_skills.whirlwind_tex
100813	Common	Common	Berserker	Cyclone VIII	False	hit 4	icon_skills.whirlwind_tex
100900	Common	Common	Berserker	Cyclone IX	False		icon_skills.whirlwind_tex
100910	Common	Common	Berserker	Cyclone IX	False	hit 1	icon_skills.whirlwind_tex
100911	Common	Common	Berserker	Cyclone IX	False	hit 2	icon_skills.whirlwind_tex
100912	Common	Common	Berserker	Cyclone IX	False	hit 3	icon_skills.whirlwind_tex
100913	Common	Common	Berserker	Cyclone IX	False	hit 4	icon_skills.whirlwind_tex
101000	Common	Common	Berserker	Cyclone X	False		icon_skills.whirlwind_tex
101010	Common	Common	Berserker	Cyclone X	False	hit 1	icon_skills.whirlwind_tex
101011	Common	Common	Berserker	Cyclone X	False	hit 2	icon_skills.whirlwind_tex
101012	Common	Common	Berserker	Cyclone X	False	hit 3	icon_skills.whirlwind_tex
101013	Common	Common	Berserker	Cyclone X	False	hit 4	icon_skills.whirlwind_tex
101100	Common	Common	Berserker	Cyclone XI	False		icon_skills.whirlwind_tex
101110	Common	Common	Berserker	Cyclone XI	False	hit 1	icon_skills.whirlwind_tex
101111	Common	Common	Berserker	Cyclone XI	False	hit 2	icon_skills.whirlwind_tex
101112	Common	Common	Berserker	Cyclone XI	False	hit 3	icon_skills.whirlwind_tex
101113	Common	Common	Berserker	Cyclone XI	False	hit 4	icon_skills.whirlwind_tex
101200	Common	Common	Berserker	Cyclone XII	False		icon_skills.whirlwind_tex
101210	Common	Common	Berserker	Cyclone XII	False	hit 1	icon_skills.whirlwind_tex
101211	Common	Common	Berserker	Cyclone XII	False	hit 2	icon_skills.whirlwind_tex
101212	Common	Common	Berserker	Cyclone XII	False	hit 3	icon_skills.whirlwind_tex
101213	Common	Common	Berserker	Cyclone XII	False	hit 4	icon_skills.whirlwind_tex
101300	Common	Common	Berserker	Cyclone XIII	False		icon_skills.whirlwind_tex
101310	Common	Common	Berserker	Cyclone XIII	False	hit 1	icon_skills.whirlwind_tex
101311	Common	Common	Berserker	Cyclone XIII	False	hit 2	icon_skills.whirlwind_tex
101312	Common	Common	Berserker	Cyclone XIII	False	hit 3	icon_skills.whirlwind_tex
101313	Common	Common	Berserker	Cyclone XIII	False	hit 4	icon_skills.whirlwind_tex
101400	Common	Common	Berserker	Cyclone XIV	False		icon_skills.whirlwind_tex
101410	Common	Common	Berserker	Cyclone XIV	False	hit 1	icon_skills.whirlwind_tex
101411	Common	Common	Berserker	Cyclone XIV	False	hit 2	icon_skills.whirlwind_tex
101412	Common	Common	Berserker	Cyclone XIV	False	hit 3	icon_skills.whirlwind_tex
101413	Common	Common	Berserker	Cyclone XIV	False	hit 4	icon_skills.whirlwind_tex
110100	Common	Common	Berserker	Leaping Strike I	False		icon_skills.downattack_tex
110200	Common	Common	Berserker	Leaping Strike II	False		icon_skills.downattack_tex
110300	Common	Common	Berserker	Leaping Strike III	False		icon_skills.downattack_tex
110400	Common	Common	Berserker	Leaping Strike IV	False		icon_skills.downattack_tex
110500	Common	Common	Berserker	Leaping Strike V	False		icon_skills.downattack_tex
110600	Common	Common	Berserker	Leaping Strike VI	False		icon_skills.downattack_tex
110700	Common	Common	Berserker	Leaping Strike VII	False		icon_skills.downattack_tex
110800	Common	Common	Berserker	Leaping Strike VIII	False		icon_skills.downattack_tex
110900	Common	Common	Berserker	Leaping Strike IX	False		icon_skills.downattack_tex
111000	Common	Common	Berserker	Leaping Strike X	False		icon_skills.downattack_tex
111100	Common	Common	Berserker	Leaping Strike XI	False		icon_skills.downattack_tex
120100	Common	Common	Berserker	Unchained Anger I	False		icon_skills.vitalconversion_tex
120200	Common	Common	Berserker	Unchained Anger II	False		icon_skills.vitalconversion_tex
120300	Common	Common	Berserker	Unchained Anger III	False		icon_skills.vitalconversion_tex
120400	Common	Common	Berserker	Unchained Anger IV	False		icon_skills.vitalconversion_tex
120500	Common	Common	Berserker	Raiva sem Corrente V	False		icon_skills.vitalconversion_tex
120600	Common	Common	Berserker	Unchained Anger VI	False		icon_skills.vitalconversion_tex
120700	Common	Common	Berserker	Unchained Anger VII	False		icon_skills.vitalconversion_tex
120800	Common	Common	Berserker	Unchained Anger VIII	False		icon_skills.vitalconversion_tex
120900	Common	Common	Berserker	Unchained Anger IX	False		icon_skills.vitalconversion_tex
130100	Common	Common	Berserker	Retaliate I	False		icon_skills.risingattack_tex
130200	Common	Common	Berserker	Retaliate II	False		icon_skills.risingattack_tex
130300	Common	Common	Berserker	Retaliate III	False		icon_skills.risingattack_tex
130400	Common	Common	Berserker	Retaliate IV	False		icon_skills.risingattack_tex
130500	Common	Common	Berserker	Retaliate V	False		icon_skills.risingattack_tex
130600	Common	Common	Berserker	Retaliate VI	False		icon_skills.risingattack_tex
130700	Common	Common	Berserker	Retaliate VII	False		icon_skills.risingattack_tex
130800	Common	Common	Berserker	Retaliate VIII	False		icon_skills.risingattack_tex
130900	Common	Common	Berserker	Retaliate IX	False		icon_skills.risingattack_tex
131000	Common	Common	Berserker	Retaliate X	False		icon_skills.risingattack_tex
131100	Common	Common	Berserker	Retaliate XI	False		icon_skills.risingattack_tex
131200	Common	Common	Berserker	Retaliate XII	False		icon_skills.risingattack_tex
150100	Common	Common	Berserker	Vampiric Blow I	False		icon_skills.vampiricstrike_tex
150110	Common	Common	Berserker	Vampiric Blow I	False	hit 1	icon_skills.vampiricstrike_tex
150111	Common	Common	Berserker	Vampiric Blow I	False	hit 2	icon_skills.vampiricstrike_tex
150112	Common	Common	Berserker	Vampiric Blow I	False	hit 3	icon_skills.vampiricstrike_tex
150113	Common	Common	Berserker	Vampiric Blow I	False	hit 4	icon_skills.vampiricstrike_tex
150114	Common	Common	Berserker	Vampiric Blow I	False	hit 5	icon_skills.vampiricstrike_tex
150200	Common	Common	Berserker	Vampiric Blow II	False		icon_skills.vampiricstrike_tex
150210	Common	Common	Berserker	Vampiric Blow II	False	hit 1	icon_skills.vampiricstrike_tex
150211	Common	Common	Berserker	Vampiric Blow II	False	hit 2	icon_skills.vampiricstrike_tex
150212	Common	Common	Berserker	Vampiric Blow II	False	hit 3	icon_skills.vampiricstrike_tex
150213	Common	Common	Berserker	Vampiric Blow II	False	hit 4	icon_skills.vampiricstrike_tex
150214	Common	Common	Berserker	Vampiric Blow II	False	hit 5	icon_skills.vampiricstrike_tex
150300	Common	Common	Berserker	Vampiric Blow III	False		icon_skills.vampiricstrike_tex
150310	Common	Common	Berserker	Vampiric Blow III	False	hit 1	icon_skills.vampiricstrike_tex
150311	Common	Common	Berserker	Vampiric Blow III	False	hit 2	icon_skills.vampiricstrike_tex
150312	Common	Common	Berserker	Vampiric Blow III	False	hit 3	icon_skills.vampiricstrike_tex
150313	Common	Common	Berserker	Vampiric Blow III	False	hit 4	icon_skills.vampiricstrike_tex
150314	Common	Common	Berserker	Vampiric Blow III	False	hit 5	icon_skills.vampiricstrike_tex
150400	Common	Common	Berserker	Vampiric Blow IV	False		icon_skills.vampiricstrike_tex
150410	Common	Common	Berserker	Vampiric Blow IV	False	hit 1	icon_skills.vampiricstrike_tex
150411	Common	Common	Berserker	Vampiric Blow IV	False	hit 2	icon_skills.vampiricstrike_tex
150412	Common	Common	Berserker	Vampiric Blow IV	False	hit 3	icon_skills.vampiricstrike_tex
150413	Common	Common	Berserker	Vampiric Blow IV	False	hit 4	icon_skills.vampiricstrike_tex
150414	Common	Common	Berserker	Vampiric Blow IV	False	hit 5	icon_skills.vampiricstrike_tex
150500	Common	Common	Berserker	Vampiric Blow V	False		icon_skills.vampiricstrike_tex
150510	Common	Common	Berserker	Vampiric Blow V	False	hit 1	icon_skills.vampiricstrike_tex
150511	Common	Common	Berserker	Vampiric Blow V	False	hit 2	icon_skills.vampiricstrike_tex
150512	Common	Common	Berserker	Vampiric Blow V	False	hit 3	icon_skills.vampiricstrike_tex
150513	Common	Common	Berserker	Vampiric Blow V	False	hit 4	icon_skills.vampiricstrike_tex
150514	Common	Common	Berserker	Vampiric Blow V	False	hit 5	icon_skills.vampiricstrike_tex
150600	Common	Common	Berserker	Vampiric Blow VI	False		icon_skills.vampiricstrike_tex
150610	Common	Common	Berserker	Vampiric Blow VI	False	hit 1	icon_skills.vampiricstrike_tex
150611	Common	Common	Berserker	Vampiric Blow VI	False	hit 2	icon_skills.vampiricstrike_tex
150612	Common	Common	Berserker	Vampiric Blow VI	False	hit 3	icon_skills.vampiricstrike_tex
150613	Common	Common	Berserker	Vampiric Blow VI	False	hit 4	icon_skills.vampiricstrike_tex
150614	Common	Common	Berserker	Vampiric Blow VI	False	hit 5	icon_skills.vampiricstrike_tex
150700	Common	Common	Berserker	Vampiric Blow VII	False		icon_skills.vampiricstrike_tex
150710	Common	Common	Berserker	Vampiric Blow VII	False	hit 1	icon_skills.vampiricstrike_tex
150711	Common	Common	Berserker	Vampiric Blow VII	False	hit 2	icon_skills.vampiricstrike_tex
150712	Common	Common	Berserker	Vampiric Blow VII	False	hit 3	icon_skills.vampiricstrike_tex
150713	Common	Common	Berserker	Vampiric Blow VII	False	hit 4	icon_skills.vampiricstrike_tex
150714	Common	Common	Berserker	Vampiric Blow VII	False	hit 5	icon_skills.vampiricstrike_tex
150800	Common	Common	Berserker	Vampiric Blow VIII	False		icon_skills.vampiricstrike_tex
150810	Common	Common	Berserker	Vampiric Blow VIII	False	hit 1	icon_skills.vampiricstrike_tex
150811	Common	Common	Berserker	Vampiric Blow VIII	False	hit 2	icon_skills.vampiricstrike_tex
150812	Common	Common	Berserker	Vampiric Blow VIII	False	hit 3	icon_skills.vampiricstrike_tex
150813	Common	Common	Berserker	Vampiric Blow VIII	False	hit 4	icon_skills.vampiricstrike_tex
150814	Common	Common	Berserker	Vampiric Blow VIII	False	hit 5	icon_skills.vampiricstrike_tex
150900	Common	Common	Berserker	Vampiric Blow IX	False		icon_skills.vampiricstrike_tex
150910	Common	Common	Berserker	Vampiric Blow IX	False	hit 1	icon_skills.vampiricstrike_tex
150911	Common	Common	Berserker	Vampiric Blow IX	False	hit 2	icon_skills.vampiricstrike_tex
150912	Common	Common	Berserker	Vampiric Blow IX	False	hit 3	icon_skills.vampiricstrike_tex
150913	Common	Common	Berserker	Vampiric Blow IX	False	hit 4	icon_skills.vampiricstrike_tex
150914	Common	Common	Berserker	Vampiric Blow IX	False	hit 5	icon_skills.vampiricstrike_tex
151000	Common	Common	Berserker	Vampiric Blow X	False		icon_skills.vampiricstrike_tex
151010	Common	Common	Berserker	Vampiric Blow X	False	hit 1	icon_skills.vampiricstrike_tex
151011	Common	Common	Berserker	Vampiric Blow X	False	hit 2	icon_skills.vampiricstrike_tex
151012	Common	Common	Berserker	Vampiric Blow X	False	hit 3	icon_skills.vampiricstrike_tex
151013	Common	Common	Berserker	Vampiric Blow X	False	hit 4	icon_skills.vampiricstrike_tex
151014	Common	Common	Berserker	Vampiric Blow X	False	hit 5	icon_skills.vampiricstrike_tex
151100	Common	Common	Berserker	Vampiric Blow XI	False		icon_skills.vampiricstrike_tex
151110	Common	Common	Berserker	Vampiric Blow XI	False	hit 1	icon_skills.vampiricstrike_tex
151111	Common	Common	Berserker	Vampiric Blow XI	False	hit 2	icon_skills.vampiricstrike_tex
151112	Common	Common	Berserker	Vampiric Blow XI	False	hit 3	icon_skills.vampiricstrike_tex
151113	Common	Common	Berserker	Vampiric Blow XI	False	hit 4	icon_skills.vampiricstrike_tex
151114	Common	Common	Berserker	Vampiric Blow XI	False	hit 5	icon_skills.vampiricstrike_tex
151200	Common	Common	Berserker	Vampiric Blow XII	False		icon_skills.vampiricstrike_tex
151210	Common	Common	Berserker	Vampiric Blow XII	False	hit 1	icon_skills.vampiricstrike_tex
151211	Common	Common	Berserker	Vampiric Blow XII	False	hit 2	icon_skills.vampiricstrike_tex
151212	Common	Common	Berserker	Vampiric Blow XII	False	hit 3	icon_skills.vampiricstrike_tex
151213	Common	Common	Berserker	Vampiric Blow XII	False	hit 4	icon_skills.vampiricstrike_tex
151214	Common	Common	Berserker	Vampiric Blow XII	False	hit 5	icon_skills.vampiricstrike_tex
160100	Common	Common	Berserker	Fearsome Shout I	False		icon_skills.piercingshout_tex
160200	Common	Common	Berserker	Fearsome Shout II	False		icon_skills.piercingshout_tex
160300	Common	Common	Berserker	Fearsome Shout III	False		icon_skills.piercingshout_tex
160400	Common	Common	Berserker	Fearsome Shout IV	False		icon_skills.piercingshout_tex
160500	Common	Common	Berserker	Fearsome Shout V	False		icon_skills.piercingshout_tex
160600	Common	Common	Berserker	Fearsome Shout VI	False		icon_skills.piercingshout_tex
160700	Common	Common	Berserker	Fearsome Shout VII	False		icon_skills.piercingshout_tex
170100	Common	Common	Berserker	Flurry of Blows I	False		icon_skills.gatheringrage_tex
170200	Common	Common	Berserker	Flurry of Blows II	False		icon_skills.gatheringrage_tex
170300	Common	Common	Berserker	Flurry of Blows III	False		icon_skills.gatheringrage_tex
170400	Common	Common	Berserker	Flurry of Blows IV	False		icon_skills.gatheringrage_tex
180100	Common	Common	Berserker	Lethal Strike I	False		icon_skills.soulstrike_tex
180110	Common	Common	Berserker	Lethal Strike I	False	hit 1	icon_skills.soulstrike_tex
180111	Common	Common	Berserker	Lethal Strike I	False	hit 2	icon_skills.soulstrike_tex
180112	Common	Common	Berserker	Lethal Strike I	False	hit 3	icon_skills.soulstrike_tex
180113	Common	Common	Berserker	Lethal Strike I	False	hit 4	icon_skills.soulstrike_tex
180200	Common	Common	Berserker	Lethal Strike II	False		icon_skills.soulstrike_tex
180210	Common	Common	Berserker	Lethal Strike II	False	hit 1	icon_skills.soulstrike_tex
180211	Common	Common	Berserker	Lethal Strike II	False	hit 2	icon_skills.soulstrike_tex
180212	Common	Common	Berserker	Lethal Strike II	False	hit 3	icon_skills.soulstrike_tex
180213	Common	Common	Berserker	Lethal Strike II	False	hit 4	icon_skills.soulstrike_tex
180300	Common	Common	Berserker	Lethal Strike III	False		icon_skills.soulstrike_tex
180310	Common	Common	Berserker	Lethal Strike III	False	hit 1	icon_skills.soulstrike_tex
180311	Common	Common	Berserker	Lethal Strike III	False	hit 2	icon_skills.soulstrike_tex
180312	Common	Common	Berserker	Lethal Strike III	False	hit 3	icon_skills.soulstrike_tex
180313	Common	Common	Berserker	Lethal Strike III	False	hit 4	icon_skills.soulstrike_tex
180400	Common	Common	Berserker	Lethal Strike IV	False		icon_skills.soulstrike_tex
180410	Common	Common	Berserker	Lethal Strike IV	False	hit 1	icon_skills.soulstrike_tex
180411	Common	Common	Berserker	Lethal Strike IV	False	hit 2	icon_skills.soulstrike_tex
180412	Common	Common	Berserker	Lethal Strike IV	False	hit 3	icon_skills.soulstrike_tex
180413	Common	Common	Berserker	Lethal Strike IV	False	hit 4	icon_skills.soulstrike_tex
180500	Common	Common	Berserker	Lethal Strike V	False		icon_skills.soulstrike_tex
180510	Common	Common	Berserker	Lethal Strike V	False	hit 1	icon_skills.soulstrike_tex
180511	Common	Common	Berserker	Lethal Strike V	False	hit 2	icon_skills.soulstrike_tex
180512	Common	Common	Berserker	Lethal Strike V	False	hit 3	icon_skills.soulstrike_tex
180513	Common	Common	Berserker	Lethal Strike V	False	hit 4	icon_skills.soulstrike_tex
180600	Common	Common	Berserker	Lethal Strike VI	False		icon_skills.soulstrike_tex
180610	Common	Common	Berserker	Lethal Strike VI	False	hit 1	icon_skills.soulstrike_tex
180611	Common	Common	Berserker	Lethal Strike VI	False	hit 2	icon_skills.soulstrike_tex
180612	Common	Common	Berserker	Lethal Strike VI	False	hit 3	icon_skills.soulstrike_tex
180613	Common	Common	Berserker	Lethal Strike VI	False	hit 4	icon_skills.soulstrike_tex
180700	Common	Common	Berserker	Lethal Strike VII	False		icon_skills.soulstrike_tex
180710	Common	Common	Berserker	Lethal Strike VII	False	hit 1	icon_skills.soulstrike_tex
180711	Common	Common	Berserker	Lethal Strike VII	False	hit 2	icon_skills.soulstrike_tex
180712	Common	Common	Berserker	Lethal Strike VII	False	hit 3	icon_skills.soulstrike_tex
180713	Common	Common	Berserker	Lethal Strike VII	False	hit 4	icon_skills.soulstrike_tex
180800	Common	Common	Berserker	Lethal Strike VIII	False		icon_skills.soulstrike_tex
180810	Common	Common	Berserker	Lethal Strike VIII	False	hit 1	icon_skills.soulstrike_tex
180811	Common	Common	Berserker	Lethal Strike VIII	False	hit 2	icon_skills.soulstrike_tex
180812	Common	Common	Berserker	Lethal Strike VIII	False	hit 3	icon_skills.soulstrike_tex
180813	Common	Common	Berserker	Lethal Strike VIII	False	hit 4	icon_skills.soulstrike_tex
180900	Common	Common	Berserker	Lethal Strike IX	False		icon_skills.soulstrike_tex
180910	Common	Common	Berserker	Lethal Strike IX	False	hit 1	icon_skills.soulstrike_tex
180911	Common	Common	Berserker	Lethal Strike IX	False	hit 2	icon_skills.soulstrike_tex
180912	Common	Common	Berserker	Lethal Strike IX	False	hit 3	icon_skills.soulstrike_tex
180913	Common	Common	Berserker	Lethal Strike IX	False	hit 4	icon_skills.soulstrike_tex
190100	Common	Common	Berserker	Tenacity I	False		icon_skills.tenacity_tex
190200	Common	Common	Berserker	Tenacity II	False		icon_skills.tenacity_tex
190300	Common	Common	Berserker	Tenacity III	False		icon_skills.tenacity_tex
190400	Common	Common	Berserker	Tenacity IV	False		icon_skills.tenacity_tex
190500	Common	Common	Berserker	Tenacity V	False		icon_skills.tenacity_tex
200100	Common	Common	Berserker	Inescapable Doom I	False		icon_skills.murderousvent_tex
200200	Common	Common	Berserker	Inescapable Doom II	False		icon_skills.murderousvent_tex
200300	Common	Common	Berserker	Inescapable Doom III	False		icon_skills.murderousvent_tex
200400	Common	Common	Berserker	Inescapable Doom IV	False		icon_skills.murderousvent_tex
210100	Common	Common	Berserker	Bloodlust I	False	Fury	icon_skills.fury_tex
210200	Common	Common	Berserker	Bloodlust II	False	Fury	icon_skills.fury_tex
210300	Common	Common	Berserker	Bloodlust	False	Fury	icon_skills.fury_tex
210400	Common	Common	Berserker	Bloodlust	False	Fury	icon_skills.fury_tex
220100	Common	Common	Berserker	Tackle	False		icon_skills.throwaxe_tex
220200	Common	Common	Berserker	Tackle	False		icon_skills.throwaxe_tex
230100	Common	Common	Berserker	Raze	False		icon_skills.sideslash_tex
230200	Common	Common	Berserker	Raze	False		icon_skills.sideslash_tex
240100	Common	Common	Berserker	Evasive Smash I	False		icon_skills.ribbreaker_tex
240105	Common	Common	Berserker	Evasive Smash I	False		icon_skills.ribbreaker_tex
240110	Common	Common	Berserker	Evasive Smash I	False	hit 1	icon_skills.ribbreaker_tex
240111	Common	Common	Berserker	Evasive Smash I	False	hit 2	icon_skills.ribbreaker_tex
240112	Common	Common	Berserker	Evasive Smash I	False	hit 3	icon_skills.ribbreaker_tex
240113	Common	Common	Berserker	Evasive Smash I	False	hit 4	icon_skills.ribbreaker_tex
240200	Common	Common	Berserker	Evasive Smash II	False		icon_skills.ribbreaker_tex
240205	Common	Common	Berserker	Evasive Smash II	False		icon_skills.ribbreaker_tex
240210	Common	Common	Berserker	Evasive Smash II	False	hit 1	icon_skills.ribbreaker_tex
240211	Common	Common	Berserker	Evasive Smash II	False	hit 2	icon_skills.ribbreaker_tex
240212	Common	Common	Berserker	Evasive Smash II	False	hit 3	icon_skills.ribbreaker_tex
240213	Common	Common	Berserker	Evasive Smash II	False	hit 4	icon_skills.ribbreaker_tex
240300	Common	Common	Berserker	Evasive Smash III	False		icon_skills.ribbreaker_tex
240305	Common	Common	Berserker	Evasive Smash III	False		icon_skills.ribbreaker_tex
240310	Common	Common	Berserker	Evasive Smash III	False	hit 1	icon_skills.ribbreaker_tex
240311	Common	Common	Berserker	Evasive Smash III	False	hit 2	icon_skills.ribbreaker_tex
240312	Common	Common	Berserker	Evasive Smash III	False	hit 3	icon_skills.ribbreaker_tex
240313	Common	Common	Berserker	Evasive Smash III	False	hit 4	icon_skills.ribbreaker_tex
240400	Common	Common	Berserker	Evasive Smash IV	False		icon_skills.ribbreaker_tex
240405	Common	Common	Berserker	Evasive Smash IV	False		icon_skills.ribbreaker_tex
240410	Common	Common	Berserker	Evasive Smash IV	False	hit 1	icon_skills.ribbreaker_tex
240411	Common	Common	Berserker	Evasive Smash IV	False	hit 2	icon_skills.ribbreaker_tex
240412	Common	Common	Berserker	Evasive Smash IV	False	hit 3	icon_skills.ribbreaker_tex
240413	Common	Common	Berserker	Evasive Smash IV	False	hit 4	icon_skills.ribbreaker_tex
240500	Common	Common	Berserker	Evasive Smash V	False		icon_skills.ribbreaker_tex
240505	Common	Common	Berserker	Evasive Smash V	False		icon_skills.ribbreaker_tex
240510	Common	Common	Berserker	Evasive Smash V	False	hit 1	icon_skills.ribbreaker_tex
240511	Common	Common	Berserker	Evasive Smash V	False	hit 2	icon_skills.ribbreaker_tex
240512	Common	Common	Berserker	Evasive Smash V	False	hit 3	icon_skills.ribbreaker_tex
240513	Common	Common	Berserker	Evasive Smash V	False	hit 4	icon_skills.ribbreaker_tex
250100	Common	Common	Berserker	Raze	False		icon_skills.sideslash_tex
250130	Common	Common	Berserker	Raze	True		icon_skills.sideslash_tex
260100	Common	Common	Berserker	Tackle	False		icon_skills.throwaxe_tex
260120	Common	Common	Berserker	Tackle	False		icon_skills.throwaxe_tex
270100	Common	Common	Berserker	Unbreakable	False		icon_skills.selfbuff_tex
10100	Common	Common	Gunner	Blast I			
10200	Common	Common	Gunner	Blast II			
10300	Common	Common	Gunner	Blast III			
10400	Common	Common	Gunner	Blast IV			
10500	Common	Common	Gunner	Blast V			
10600	Common	Common	Gunner	Blast VI			
10700	Common	Common	Gunner	Blast VII			
10800	Common	Common	Gunner	Blast VIII			
10900	Common	Common	Gunner	Blast IX			
11000	Common	Common	Gunner	Blast X			
11100	Common	Common	Gunner	Blast XI			
11200	Common	Common	Gunner	Blast XII			
20100	Common	Common	Gunner	Bombardment I			
20200	Common	Common	Gunner	Bombardment II			
20300	Common	Common	Gunner	Bombardment III			
20400	Common	Common	Gunner	Bombardment IV			
20500	Common	Common	Gunner	Bombardment V			
20600	Common	Common	Gunner	Bombardment VI			
20700	Common	Common	Gunner	Bombardment VII			
30100	Common	Common	Gunner	Scattershot I			
30200	Common	Common	Gunner	Scattershot II			
30300	Common	Common	Gunner	Scattershot III			
30400	Common	Common	Gunner	Scattershot IV			
30500	Common	Common	Gunner	Scattershot V			
30600	Common	Common	Gunner	Scattershot VI			
30700	Common	Common	Gunner	Scattershot VII			
30800	Common	Common	Gunner	Scattershot VIII			
30900	Common	Common	Gunner	Scattershot IX			
31000	Common	Common	Gunner	Scattershot X			
31100	Common	Common	Gunner	Scattershot XI			
40100	Common	Common	Gunner	Point Blank I			
40200	Common	Common	Gunner	Point Blank II			
40300	Common	Common	Gunner	Point Blank III			
40400	Common	Common	Gunner	Point Blank IV			
40500	Common	Common	Gunner	Point Blank V			
40600	Common	Common	Gunner	Point Blank VI			
40700	Common	Common	Gunner	Point Blank VII			
40800	Common	Common	Gunner	Point Blank VIII			
40900	Common	Common	Gunner	Point Blank IX			
50100	Common	Common	Gunner	Burst Fire I			
50200	Common	Common	Gunner	Burst Fire II			
50300	Common	Common	Gunner	Burst Fire III			
50400	Common	Common	Gunner	Burst Fire IV			
50500	Common	Common	Gunner	Burst Fire V			
50600	Common	Common	Gunner	Burst Fire VI			
50700	Common	Common	Gunner	Burst Fire VII			
50800	Common	Common	Gunner	Burst Fire VIII			
50900	Common	Common	Gunner	Burst Fire IX			
51000	Common	Common	Gunner	Burst Fire X			
60100	Common	Common	Gunner	Time Bomb I			
60200	Common	Common	Gunner	Time Bomb II			
60300	Common	Common	Gunner	Time Bomb III			
60400	Common	Common	Gunner	Time Bomb IV			
60500	Common	Common	Gunner	Time Bomb V			
60600	Common	Common	Gunner	Time Bomb VI			
60700	Common	Common	Gunner	Time Bomb VII			
60800	Common	Common	Gunner	Time Bomb VIII			
60900	Common	Common	Gunner	Time Bomb IX			
61000	Common	Common	Gunner	Time Bomb X			
61100	Common	Common	Gunner	Time Bomb XI			
70100	Common	Common	Gunner	Arcane Barrage I			
70200	Common	Common	Gunner	Arcane Barrage II			
70300	Common	Common	Gunner	Arcane Barrage III			
70400	Common	Common	Gunner	Arcane Barrage IV			
70500	Common	Common	Gunner	Arcane Barrage V			
70600	Common	Common	Gunner	Arcane Barrage VI			
70700	Common	Common	Gunner	Arcane Barrage VII			
70800	Common	Common	Gunner	Arcane Barrage VIII			
90100	Common	Common	Gunner	Mana Missiles I			
90200	Common	Common	Gunner	Mana Missiles II			
90300	Common	Common	Gunner	Mana Missiles III			
90400	Common	Common	Gunner	Mana Missiles IV			
90500	Common	Common	Gunner	Mana Missiles V			
90600	Common	Common	Gunner	Mana Missiles VI			
90700	Common	Common	Gunner	Mana Missiles VII			
90800	Common	Common	Gunner	Mana Missiles VIII			
90900	Common	Common	Gunner	Mana Missiles IX			
91000	Common	Common	Gunner	Mana Missiles X			
100100	Common	Common	Gunner	Arc Bomb I			
100200	Common	Common	Gunner	Arc Bomb II			
100300	Common	Common	Gunner	Arc Bomb III			
100400	Common	Common	Gunner	Arc Bomb IV			
100500	Common	Common	Gunner	Arc Bomb V			
100600	Common	Common	Gunner	Arc Bomb VI			
100700	Common	Common	Gunner	Arc Bomb VII			
100800	Common	Common	Gunner	Arc Bomb VIII			
100900	Common	Common	Gunner	Arc Bomb IX			
101000	Common	Common	Gunner	Arc Bomb X			
101100	Common	Common	Gunner	Arc Bomb XI			
110100	Common	Common	Gunner	Rocket Jump I			
110131	Common	Common	Gunner	Super Rocket Jump I			
110200	Common	Common	Gunner	Rocket Jump II			
110231	Common	Common	Gunner	Super Rocket Jump II			
110300	Common	Common	Gunner	Rocket Jump III			
110331	Common	Common	Gunner	Super Rocket Jump III			
110400	Common	Common	Gunner	Rocket Jump IV			
110431	Common	Common	Gunner	Super Rocket Jump IV			
110500	Common	Common	Gunner	Rocket Jump V			
110531	Common	Common	Gunner	Super Rocket Jump V			
110600	Common	Common	Gunner	Rocket Jump VI			
110631	Common	Common	Gunner	Super Rocket Jump VI			
110700	Common	Common	Gunner	Rocket Jump VII			
110731	Common	Common	Gunner	Super Rocket Jump VII			
110800	Common	Common	Gunner	Rocket Jump VIII			
110831	Common	Common	Gunner	Super Rocket Jump VIII			
110900	Common	Common	Gunner	Rocket Jump IX			
110931	Common	Common	Gunner	Super Rocket Jump IX			
120120	Common	Common	Gunner	Electric Bomb I			
120220	Common	Common	Gunner	Electric Bomb II			
120320	Common	Common	Gunner	Electric BombIII			
120420	Common	Common	Gunner	Electric Bomb IV			
120520	Common	Common	Gunner	Electric Bomb V			
120620	Common	Common	Gunner	Electric Bomb VI			
130100	Common	Common	Gunner	Balder's Vengeance I			
130200	Common	Common	Gunner	Balder's Vengeance II			
150100	Common	Common	Gunner	Replenishment I			
150200	Common	Common	Gunner	Replenishment II			
150300	Common	Common	Gunner	Replenishment III			
150400	Common	Common	Gunner	Replenishment IV			
150500	Common	Common	Gunner	Replenishment V			
150600	Common	Common	Gunner	Replenishment VI			
150700	Common	Common	Gunner	Replenishment VII			
150800	Common	Common	Gunner	Replenishment VIII			
150900	Common	Common	Gunner	Replenishment IX			
180100	Common	Common	Gunner	HB-1			
180200	Common	Common	Gunner	HB-2			
180300	Common	Common	Gunner	HB-3			
180400	Common	Common	Gunner	HB-4			
180500	Common	Common	Gunner	HB-5			
180600	Common	Common	Gunner	HB-6			
180700	Common	Common	Gunner	HB-7			
190100	Common	Common	Gunner	ST-1			
190200	Common	Common	Gunner	ST-2			
190300	Common	Common	Gunner	ST-3			
190400	Common	Common	Gunner	ST-4			
200100	Common	Common	Gunner	Retaliate I			
200200	Common	Common	Gunner	Retaliate II			
200300	Common	Common	Gunner	Retaliate III			
200400	Common	Common	Gunner	Retaliate IV			
200500	Common	Common	Gunner	Retaliate V			
200600	Common	Common	Gunner	Retaliate VI			
200700	Common	Common	Gunner	Retaliate VII			
200800	Common	Common	Gunner	Retaliate VIII			
200900	Common	Common	Gunner	Retaliate IX			
201000	Common	Common	Gunner	Retaliate X			
210100	Common	Common	Gunner	Command: Recall I			
210200	Common	Common	Gunner	Command: Recall II			
210300	Common	Common	Gunner	Command: Recall III			
220100	Common	Common	Gunner	Command: Self-Destruct			
230100	Common	Common	Gunner	Command: Stay/Follow			
400100	Common	Common	Gunner	Rolling Reload			
10100	Common	Common	Lancer	Combo Attack I	False	hit 1	icon_skills.comboattack_tex
10101	Common	Common	Lancer	Combo Attack I	False	hit 2	icon_skills.comboattack_tex
10102	Common	Common	Lancer	Combo Attack I	False	hit 3	icon_skills.comboattack_tex
10200	Common	Common	Lancer	Combo Attack II	False	hit 1	icon_skills.comboattack_tex
10201	Common	Common	Lancer	Combo Attack II	False	hit 2	icon_skills.comboattack_tex
10202	Common	Common	Lancer	Combo Attack II	False	hit 3	icon_skills.comboattack_tex
10300	Common	Common	Lancer	Combo Attack III	False	hit 1	icon_skills.comboattack_tex
10301	Common	Common	Lancer	Combo Attack III	False	hit 2	icon_skills.comboattack_tex
10302	Common	Common	Lancer	Combo Attack III	False	hit 3	icon_skills.comboattack_tex
10400	Common	Common	Lancer	Combo Attack IV	False	hit 1	icon_skills.comboattack_tex
10401	Common	Common	Lancer	Combo Attack IV	False	hit 2	icon_skills.comboattack_tex
10402	Common	Common	Lancer	Combo Attack IV	False	hit 3	icon_skills.comboattack_tex
10500	Common	Common	Lancer	Combo Attack V	False	hit 1	icon_skills.comboattack_tex
10501	Common	Common	Lancer	Combo Attack V	False	hit 2	icon_skills.comboattack_tex
10502	Common	Common	Lancer	Combo Attack V	False	hit 3	icon_skills.comboattack_tex
10600	Common	Common	Lancer	Combo Attack VI	False	hit 1	icon_skills.comboattack_tex
10601	Common	Common	Lancer	Combo Attack VI	False	hit 2	icon_skills.comboattack_tex
10602	Common	Common	Lancer	Combo Attack VI	False	hit 3	icon_skills.comboattack_tex
10700	Common	Common	Lancer	Combo Attack VII	False	hit 1	icon_skills.comboattack_tex
10701	Common	Common	Lancer	Combo Attack VII	False	hit 2	icon_skills.comboattack_tex
10702	Common	Common	Lancer	Combo Attack VII	False	hit 3	icon_skills.comboattack_tex
10800	Common	Common	Lancer	Combo Attack VIII	False	hit 1	icon_skills.comboattack_tex
10801	Common	Common	Lancer	Combo Attack VIII	False	hit 2	icon_skills.comboattack_tex
10802	Common	Common	Lancer	Combo Attack VIII	False	hit 3	icon_skills.comboattack_tex
10900	Common	Common	Lancer	Combo Attack IX	False	hit 1	icon_skills.comboattack_tex
10901	Common	Common	Lancer	Combo Attack IX	False	hit 2	icon_skills.comboattack_tex
10902	Common	Common	Lancer	Combo Attack IX	False	hit 3	icon_skills.comboattack_tex
11000	Common	Common	Lancer	Combo Attack X	False	hit 1	icon_skills.comboattack_tex
11001	Common	Common	Lancer	Combo Attack X	False	hit 2	icon_skills.comboattack_tex
11002	Common	Common	Lancer	Combo Attack X	False	hit 3	icon_skills.comboattack_tex
11100	Common	Common	Lancer	Combo Attack XI	False	hit 1	icon_skills.comboattack_tex
11101	Common	Common	Lancer	Combo Attack XI	False	hit 2	icon_skills.comboattack_tex
11102	Common	Common	Lancer	Combo Attack XI	False	hit 3	icon_skills.comboattack_tex
11200	Common	Common	Lancer	Combo Attack XII	False	hit 1	icon_skills.comboattack_tex
11201	Common	Common	Lancer	Combo Attack XII	False	hit 2	icon_skills.comboattack_tex
11202	Common	Common	Lancer	Combo Attack XII	False	hit 3	icon_skills.comboattack_tex
11300	Common	Common	Lancer	Combo Attack XIII	False	hit 1	icon_skills.comboattack_tex
11301	Common	Common	Lancer	Combo Attack XIII	False	hit 2	icon_skills.comboattack_tex
11302	Common	Common	Lancer	Combo Attack XIII	False	hit 3	icon_skills.comboattack_tex
11400	Common	Common	Lancer	Combo Attack XIV	False	hit 1	icon_skills.comboattack_tex
11401	Common	Common	Lancer	Combo Attack XIV	False	hit 2	icon_skills.comboattack_tex
11402	Common	Common	Lancer	Combo Attack XIV	False	hit 3	icon_skills.comboattack_tex
11500	Common	Common	Lancer	Combo Attack XV	False	hit 1	icon_skills.comboattack_tex
11501	Common	Common	Lancer	Combo Attack XV	False	hit 2	icon_skills.comboattack_tex
11502	Common	Common	Lancer	Combo Attack XV	False	hit 3	icon_skills.comboattack_tex
20100	Common	Common	Lancer	Stand Fast I	False		icon_skills.defence_tex
20200	Common	Common	Lancer	Stand Fast II	False		icon_skills.defence_tex
20300	Common	Common	Lancer	Stand Fast III	False		icon_skills.defence_tex
30100	Common	Common	Lancer	Onslaught I	False		icon_skills.screwthrough_tex
30130	Common	Common	Lancer	Onslaught I	True		icon_skills.screwthrough_tex
30200	Common	Common	Lancer	Onslaught II	False		icon_skills.screwthrough_tex
30230	Common	Common	Lancer	Onslaught II	True		icon_skills.screwthrough_tex
30300	Common	Common	Lancer	Onslaught III	False		icon_skills.screwthrough_tex
30330	Common	Common	Lancer	Onslaught III	True		icon_skills.screwthrough_tex
30400	Common	Common	Lancer	Onslaught IV	False		icon_skills.screwthrough_tex
30430	Common	Common	Lancer	Onslaught IV	True		icon_skills.screwthrough_tex
30500	Common	Common	Lancer	Onslaught V	False		icon_skills.screwthrough_tex
30530	Common	Common	Lancer	Onslaught V	True		icon_skills.screwthrough_tex
30600	Common	Common	Lancer	Onslaught VI	False		icon_skills.screwthrough_tex
30630	Common	Common	Lancer	Onslaught VI	True		icon_skills.screwthrough_tex
30700	Common	Common	Lancer	Onslaught VII	False		icon_skills.screwthrough_tex
30730	Common	Common	Lancer	Onslaught VII	True		icon_skills.screwthrough_tex
30800	Common	Common	Lancer	Onslaught VIII	False		icon_skills.screwthrough_tex
30830	Common	Common	Lancer	Onslaught VIII	True		icon_skills.screwthrough_tex
30900	Common	Common	Lancer	Onslaught IX	False		icon_skills.screwthrough_tex
30930	Common	Common	Lancer	Onslaught IX	True		icon_skills.screwthrough_tex
31000	Common	Common	Lancer	Onslaught X	False		icon_skills.screwthrough_tex
31030	Common	Common	Lancer	Onslaught X	True		icon_skills.screwthrough_tex
31100	Common	Common	Lancer	Onslaught XI	False		icon_skills.screwthrough_tex
31130	Common	Common	Lancer	Onslaught XI	True		icon_skills.screwthrough_tex
31200	Common	Common	Lancer	Onslaught XII	False		icon_skills.screwthrough_tex
31230	Common	Common	Lancer	Onslaught XII	True		icon_skills.screwthrough_tex
31300	Common	Common	Lancer	Onslaught XIII	False		icon_skills.screwthrough_tex
31330	Common	Common	Lancer	Onslaught XIII	True		icon_skills.screwthrough_tex
31400	Common	Common	Lancer	Onslaught XIV	False		icon_skills.screwthrough_tex
31430	Common	Common	Lancer	Onslaught XIV	True		icon_skills.screwthrough_tex
31500	Common	Common	Lancer	Onslaught XV	False		icon_skills.screwthrough_tex
31530	Common	Common	Lancer	Onslaught XV	True		icon_skills.screwthrough_tex
40100	Common	Common	Lancer	Challenging Shout I	False		icon_skills.roar_tex
40200	Common	Common	Lancer	Challenging Shout II	False		icon_skills.roar_tex
40300	Common	Common	Lancer	Challenging Shout III	False		icon_skills.roar_tex
40400	Common	Common	Lancer	Challenging Shout IV	False		icon_skills.roar_tex
40500	Common	Common	Lancer	Challenging Shout V	False		icon_skills.roar_tex
40600	Common	Common	Lancer	Challenging Shout VI	False		icon_skills.roar_tex
40700	Common	Common	Lancer	Challenging Shout VII	False		icon_skills.roar_tex
40800	Common	Common	Lancer	Challenging Shout VIII	False		icon_skills.roar_tex
40900	Common	Common	Lancer	Challenging Shout IX	False		icon_skills.roar_tex
41000	Common	Common	Lancer	Challenging Shout X	False		icon_skills.roar_tex
41100	Common	Common	Lancer	Challenging Shout XI	False		icon_skills.roar_tex
41200	Common	Common	Lancer	Challenging Shout XII	False		icon_skills.roar_tex
41300	Common	Common	Lancer	Challenging Shout XIII	False		icon_skills.roar_tex
50100	Common	Common	Lancer	Shield Bash	False		icon_skills.shieldstrike_tex
50200	Common	Common	Lancer	Shield Bash	False		icon_skills.shieldstrike_tex
50300	Common	Common	Lancer	Shield Bash	False		icon_skills.shieldstrike_tex
50400	Common	Common	Lancer	Shield Bash	False		icon_skills.shieldstrike_tex
50500	Common	Common	Lancer	Shield Bash	False		icon_skills.shieldstrike_tex
50600	Common	Common	Lancer	Shield Bash	False		icon_skills.shieldstrike_tex
50700	Common	Common	Lancer	Shield Bash	False		icon_skills.shieldstrike_tex
50800	Common	Common	Lancer	Shield Bash	False		icon_skills.shieldstrike_tex
50900	Common	Common	Lancer	Shield Bash	False		icon_skills.shieldstrike_tex
51000	Common	Common	Lancer	Shield Bash	False		icon_skills.shieldstrike_tex
51100	Common	Common	Lancer	Shield Bash	False		icon_skills.shieldstrike_tex
70100	Common	Common	Lancer	Guardian Shout I	False		icon_skills.inspiringroar_tex
70200	Common	Common	Lancer	Guardian Shout II	False		icon_skills.inspiringroar_tex
70300	Common	Common	Lancer	Guardian Shout III	False		icon_skills.inspiringroar_tex
70400	Common	Common	Lancer	Guardian Shout IV	False		icon_skills.inspiringroar_tex
70500	Common	Common	Lancer	Guardian Shout V	False		icon_skills.inspiringroar_tex
80100	Common	Common	Lancer	Shield Counter I	False		icon_skills.riposte_tex
80200	Common	Common	Lancer	Shield Counter II	False		icon_skills.riposte_tex
80300	Common	Common	Lancer	Shield Counter III	False		icon_skills.riposte_tex
80400	Common	Common	Lancer	Shield Counter IV	False		icon_skills.riposte_tex
80500	Common	Common	Lancer	Shield Counter V	False		icon_skills.riposte_tex
80600	Common	Common	Lancer	Shield Counter VI	False		icon_skills.riposte_tex
80700	Common	Common	Lancer	Shield Counter VII	False		icon_skills.riposte_tex
80800	Common	Common	Lancer	Shield Counter VIII	False		icon_skills.riposte_tex
80900	Common	Common	Lancer	Shield Counter IX	False		icon_skills.riposte_tex
81000	Common	Common	Lancer	Shield Counter X	False		icon_skills.riposte_tex
81100	Common	Common	Lancer	Shield Counter XI	False		icon_skills.riposte_tex
81200	Common	Common	Lancer	Shield Counter XII	False		icon_skills.riposte_tex
81300	Common	Common	Lancer	Shield Counter XIII	False		icon_skills.riposte_tex
81400	Common	Common	Lancer	Shield Counter XIV	False		icon_skills.riposte_tex
90100	Common	Common	Lancer	Leash I	False		icon_skills.hookthrow_tex
90200	Common	Common	Lancer	Leash II	False		icon_skills.hookthrow_tex
90300	Common	Common	Lancer	Leash III	False		icon_skills.hookthrow_tex
90400	Common	Common	Lancer	Leash IV	False		icon_skills.hookthrow_tex
90500	Common	Common	Lancer	Leash V	False		icon_skills.hookthrow_tex
90600	Common	Common	Lancer	Leash VI	False		icon_skills.hookthrow_tex
90700	Common	Common	Lancer	Leash VII	False		icon_skills.hookthrow_tex
90800	Common	Common	Lancer	Leash VIII	False		icon_skills.hookthrow_tex
90900	Common	Common	Lancer	Leash IX	False		icon_skills.hookthrow_tex
91000	Common	Common	Lancer	Leash X	False		icon_skills.hookthrow_tex
100100	Common	Common	Lancer	Debilitate I	False		icon_skills.armorbreak_tex
100200	Common	Common	Lancer	Debilitate II	False		icon_skills.armorbreak_tex
100300	Common	Common	Lancer	Debilitate III	False		icon_skills.armorbreak_tex
100400	Common	Common	Lancer	Debilitate IV	False		icon_skills.armorbreak_tex
100500	Common	Common	Lancer	Debilitate V	False		icon_skills.armorbreak_tex
100600	Common	Common	Lancer	Debilitate VI	False		icon_skills.armorbreak_tex
100700	Common	Common	Lancer	Debilitate VII	False		icon_skills.armorbreak_tex
100800	Common	Common	Lancer	Debilitate VIII	False		icon_skills.armorbreak_tex
100900	Common	Common	Lancer	Debilitate IX	False		icon_skills.armorbreak_tex
110100	Common	Common	Lancer	Retaliate I	False		icon_skills.risingattack_tex
110200	Common	Common	Lancer	Retaliate II	False		icon_skills.risingattack_tex
110300	Common	Common	Lancer	Retaliate III	False		icon_skills.risingattack_tex
110400	Common	Common	Lancer	Retaliate IV	False		icon_skills.risingattack_tex
110500	Common	Common	Lancer	Retaliate V	False		icon_skills.risingattack_tex
110600	Common	Common	Lancer	Retaliate VI	False		icon_skills.risingattack_tex
110700	Common	Common	Lancer	Retaliate VII	False		icon_skills.risingattack_tex
110800	Common	Common	Lancer	Retaliate VIII	False		icon_skills.risingattack_tex
110900	Common	Common	Lancer	Retaliate IX	False		icon_skills.risingattack_tex
111000	Common	Common	Lancer	Retaliate X	False		icon_skills.risingattack_tex
111100	Common	Common	Lancer	Retaliate XI	False		icon_skills.risingattack_tex
111200	Common	Common	Lancer	Retaliate XII	False		icon_skills.risingattack_tex
120100	Common	Common	Lancer	Infuriate	False		icon_skills.provokerage_tex
120200	Common	Common	Lancer	Infuriate	False		icon_skills.provokerage_tex
120300	Common	Common	Lancer	Infuriate	False		icon_skills.provokerage_tex
120400	Common	Common	Lancer	Infuriate	False		icon_skills.provokerage_tex
120500	Common	Common	Lancer	Infuriate	False		icon_skills.provokerage_tex
120600	Common	Common	Lancer	Infuriate	False		icon_skills.provokerage_tex
130100	Common	Common	Lancer	Spring Attack I	False		icon_skills.leaprampage_tex
130130	Common	Common	Lancer	Spring Attack I	True		icon_skills.leaprampage_tex
130200	Common	Common	Lancer	Spring Attack II	False		icon_skills.leaprampage_tex
130230	Common	Common	Lancer	Spring Attack II	True		icon_skills.leaprampage_tex
130300	Common	Common	Lancer	Spring Attack III	False		icon_skills.leaprampage_tex
130330	Common	Common	Lancer	Spring Attack III	True		icon_skills.leaprampage_tex
130400	Common	Common	Lancer	Spring Attack IV	False		icon_skills.leaprampage_tex
130430	Common	Common	Lancer	Spring Attack IV	True		icon_skills.leaprampage_tex
130500	Common	Common	Lancer	Spring Attack V	False		icon_skills.leaprampage_tex
130530	Common	Common	Lancer	Spring Attack V	True		icon_skills.leaprampage_tex
130600	Common	Common	Lancer	Spring Attack VI	False		icon_skills.leaprampage_tex
130630	Common	Common	Lancer	Spring Attack VI	True		icon_skills.leaprampage_tex
130700	Common	Common	Lancer	Spring Attack VII	False		icon_skills.leaprampage_tex
130730	Common	Common	Lancer	Spring Attack VII	True		icon_skills.leaprampage_tex
130800	Common	Common	Lancer	Spring Attack VIII	False		icon_skills.leaprampage_tex
130830	Common	Common	Lancer	Spring Attack VIII	True		icon_skills.leaprampage_tex
130900	Common	Common	Lancer	Spring Attack IX	False		icon_skills.leaprampage_tex
130930	Common	Common	Lancer	Spring Attack IX	True		icon_skills.leaprampage_tex
131000	Common	Common	Lancer	Spring Attack X	False		icon_skills.leaprampage_tex
131030	Common	Common	Lancer	Spring Attack X	True		icon_skills.leaprampage_tex
131100	Common	Common	Lancer	Spring Attack XI	False		icon_skills.leaprampage_tex
131130	Common	Common	Lancer	Spring Attack XI	True		icon_skills.leaprampage_tex
131200	Common	Common	Lancer	Spring Attack XII	False		icon_skills.leaprampage_tex
131230	Common	Common	Lancer	Spring Attack XII	True		icon_skills.leaprampage_tex
131300	Common	Common	Lancer	Spring Attack XIII	False		icon_skills.leaprampage_tex
131330	Common	Common	Lancer	Spring Attack XIII	True		icon_skills.leaprampage_tex
131400	Common	Common	Lancer	Spring Attack XIV	False		icon_skills.leaprampage_tex
131430	Common	Common	Lancer	Spring Attack XIV	True		icon_skills.leaprampage_tex
150100	Common	Common	Lancer	Charging Lunge I	False		icon_skills.advancingcharge_tex
150101	Common	Common	Lancer	Charging Lunge I	False		icon_skills.advancingcharge_tex
150200	Common	Common	Lancer	Charging Lunge II	False		icon_skills.advancingcharge_tex
150201	Common	Common	Lancer	Charging Lunge II	False		icon_skills.advancingcharge_tex
150300	Common	Common	Lancer	Charging Lunge III	False		icon_skills.advancingcharge_tex
150301	Common	Common	Lancer	Charging Lunge III	False		icon_skills.advancingcharge_tex
150400	Common	Common	Lancer	Charging Lunge IV	False		icon_skills.advancingcharge_tex
150401	Common	Common	Lancer	Charging Lunge IV	False		icon_skills.advancingcharge_tex
150500	Common	Common	Lancer	Charging Lunge V	False		icon_skills.advancingcharge_tex
150501	Common	Common	Lancer	Charging Lunge V	False		icon_skills.advancingcharge_tex
150600	Common	Common	Lancer	Charging Lunge VI	False		icon_skills.advancingcharge_tex
150601	Common	Common	Lancer	Charging Lunge VI	False		icon_skills.advancingcharge_tex
150700	Common	Common	Lancer	Charging Lunge VII	False		icon_skills.advancingcharge_tex
150701	Common	Common	Lancer	Charging Lunge VII	False		icon_skills.advancingcharge_tex
150800	Common	Common	Lancer	Charging Lunge VIII	False		icon_skills.advancingcharge_tex
150801	Common	Common	Lancer	Charging Lunge VIII	False		icon_skills.advancingcharge_tex
150900	Common	Common	Lancer	Charging Lunge IX	False		icon_skills.advancingcharge_tex
150901	Common	Common	Lancer	Charging Lunge IX	False		icon_skills.advancingcharge_tex
151000	Common	Common	Lancer	Charging Lunge X	False		icon_skills.advancingcharge_tex
151001	Common	Common	Lancer	Charging Lunge X	False		icon_skills.advancingcharge_tex
151100	Common	Common	Lancer	Charging Lunge XI	False		icon_skills.advancingcharge_tex
151101	Common	Common	Lancer	Charging Lunge XI	False		icon_skills.advancingcharge_tex
151200	Common	Common	Lancer	Charging Lunge XII	False		icon_skills.advancingcharge_tex
151201	Common	Common	Lancer	Charging Lunge XII	False		icon_skills.advancingcharge_tex
151300	Common	Common	Lancer	Charging Lunge XIII	False		icon_skills.advancingcharge_tex
151301	Common	Common	Lancer	Charging Lunge XIII	False		icon_skills.advancingcharge_tex
160100	Common	Common	Lancer	Second Wind I	False		icon_skills.rejuvenation_tex
160200	Common	Common	Lancer	Second Wind II	False		icon_skills.rejuvenation_tex
160300	Common	Common	Lancer	Second Wind III	False		icon_skills.rejuvenation_tex
160400	Common	Common	Lancer	Second Wind IV	False		icon_skills.rejuvenation_tex
160500	Common	Common	Lancer	Second Wind V	False		icon_skills.rejuvenation_tex
160600	Common	Common	Lancer	Second Wind VI	False		icon_skills.rejuvenation_tex
160700	Common	Common	Lancer	Second Wind VII	False		icon_skills.rejuvenation_tex
160800	Common	Common	Lancer	Second Wind VIII	False		icon_skills.rejuvenation_tex
160900	Common	Common	Lancer	Second Wind IX	False		icon_skills.rejuvenation_tex
161000	Common	Common	Lancer	Second Wind X	False		icon_skills.rejuvenation_tex
161100	Common	Common	Lancer	Second Wind XI	False		icon_skills.rejuvenation_tex
161200	Common	Common	Lancer	Second Wind XII	False		icon_skills.rejuvenation_tex
170100	Common	Common	Lancer	Adrenaline Rush I	False		icon_skills.fightingwill_tex
170200	Common	Common	Lancer	Adrenaline Rush II	False		icon_skills.fightingwill_tex
170300	Common	Common	Lancer	Adrenaline Rush III	False		icon_skills.fightingwill_tex
170400	Common	Common	Lancer	Adrenaline Rush IV	False		icon_skills.fightingwill_tex
180100	Common	Common	Lancer	Shield Barrage I	False	hit 1	icon_skills.shieldattack_tex
180101	Common	Common	Lancer	Shield Barrage I	False	hit 2	icon_skills.shieldattack_tex
180200	Common	Common	Lancer	Shield Barrage II	False	hit 1	icon_skills.shieldattack_tex
180201	Common	Common	Lancer	Shield Barrage II	False	hit 2	icon_skills.shieldattack_tex
180300	Common	Common	Lancer	Shield Barrage III	False	hit 1	icon_skills.shieldattack_tex
180301	Common	Common	Lancer	Shield Barrage III	False	hit 2	icon_skills.shieldattack_tex
180400	Common	Common	Lancer	Shield Barrage IV	False	hit 1	icon_skills.shieldattack_tex
180401	Common	Common	Lancer	Shield Barrage IV	False	hit 2	icon_skills.shieldattack_tex
180500	Common	Common	Lancer	Shield Barrage V	False	hit 1	icon_skills.shieldattack_tex
180501	Common	Common	Lancer	Shield Barrage V	False	hit 2	icon_skills.shieldattack_tex
180600	Common	Common	Lancer	Shield Barrage VI	False	hit 1	icon_skills.shieldattack_tex
180601	Common	Common	Lancer	Shield Barrage VI	False	hit 2	icon_skills.shieldattack_tex
180700	Common	Common	Lancer	Shield Barrage VII	False	hit 1	icon_skills.shieldattack_tex
180701	Common	Common	Lancer	Shield Barrage VII	False	hit 2	icon_skills.shieldattack_tex
180800	Common	Common	Lancer	Shield Barrage VIII	False	hit 1	icon_skills.shieldattack_tex
180801	Common	Common	Lancer	Shield Barrage VIII	False	hit 2	icon_skills.shieldattack_tex
180900	Common	Common	Lancer	Shield Barrage IX	False	hit 1	icon_skills.shieldattack_tex
180901	Common	Common	Lancer	Shield Barrage IX	False	hit 2	icon_skills.shieldattack_tex
181000	Common	Common	Lancer	Shield Barrage X	False	hit 1	icon_skills.shieldattack_tex
181001	Common	Common	Lancer	Shield Barrage X	False	hit 2	icon_skills.shieldattack_tex
181100	Common	Common	Lancer	Shield Barrage XI	False	hit 1	icon_skills.shieldattack_tex
181101	Common	Common	Lancer	Shield Barrage XI	False	hit 2	icon_skills.shieldattack_tex
181200	Common	Common	Lancer	Shield Barrage XII	False	hit 1	icon_skills.shieldattack_tex
181201	Common	Common	Lancer	Shield Barrage XII	False	hit 2	icon_skills.shieldattack_tex
181300	Common	Common	Lancer	Shield Barrage XIII	False	hit 1	icon_skills.shieldattack_tex
181301	Common	Common	Lancer	Shield Barrage XIII	False	hit 2	icon_skills.shieldattack_tex
181400	Common	Common	Lancer	Shield Barrage XIV	False	hit 1	icon_skills.shieldattack_tex
181401	Common	Common	Lancer	Shield Barrage XIV	False	hit 2	icon_skills.shieldattack_tex
190100	Common	Common	Lancer	Pledge of Protection	False		icon_skills.vowofprotection_tex
190200	Common	Common	Lancer	Pledge of Protection	False		icon_skills.vowofprotection_tex
190300	Common	Common	Lancer	Pledge of Protection	False		icon_skills.vowofprotection_tex
190400	Common	Common	Lancer	Pledge of Protection	False		icon_skills.vowofprotection_tex
200100	Common	Common	Lancer	Menacing Wave	False		icon_skills.menacewave_tex
200200	Common	Common	Lancer	Menacing Wave	False		icon_skills.menacewave_tex
200300	Common	Common	Lancer	Menacing Wave	False		icon_skills.menacewave_tex
210100	Common	Common	Lancer	Lockdown Blow I	False		icon_skills.shockblow_tex
210200	Common	Common	Lancer	Lockdown Blow II	False		icon_skills.shockblow_tex
210300	Common	Common	Lancer	Lockdown Blow III	False		icon_skills.shockblow_tex
210400	Common	Common	Lancer	Lockdown Blow IV	False		icon_skills.shockblow_tex
210500	Common	Common	Lancer	Lockdown Blow V	False		icon_skills.shockblow_tex
210600	Common	Common	Lancer	Lockdown Blow VI	False		icon_skills.shockblow_tex
210700	Common	Common	Lancer	Lockdown Blow VII	False		icon_skills.shockblow_tex
220100	Common	Common	Lancer	Iron Will I	False		icon_skills.armoredwill_tex
220200	Common	Common	Lancer	Iron Will II	False		icon_skills.armoredwill_tex
220300	Common	Common	Lancer	Iron Will III	False		icon_skills.armoredwill_tex
220400	Common	Common	Lancer	Iron Will IV	False		icon_skills.armoredwill_tex
220500	Common	Common	Lancer	Iron Will V	False		icon_skills.armoredwill_tex
220600	Common	Common	Lancer	Iron Will VI	False		icon_skills.armoredwill_tex
220700	Common	Common	Lancer	Iron Will VII	False		icon_skills.armoredwill_tex
220800	Common	Common	Lancer	Iron Will VIII	False		icon_skills.armoredwill_tex
230100	Common	Common	Lancer	Master's Leash I	False		icon_skills.chaincapture_tex
230200	Common	Common	Lancer	Master's Leash II	False		icon_skills.chaincapture_tex
230300	Common	Common	Lancer	Master's Leash III	False		icon_skills.chaincapture_tex
240100	Common	Common	Lancer	Chained Leash	False		icon_skills.harpoonshot_tex
240120	Common	Common	Lancer	Chained Leash	False		icon_skills.harpoonshot_tex
240200	Common	Common	Lancer	Chained Leash	False		icon_skills.harpoonshot_tex
240220	Common	Common	Lancer	Chained Leash	False		icon_skills.harpoonshot_tex
240300	Common	Common	Lancer	Chained Leash	False		icon_skills.harpoonshot_tex
240320	Common	Common	Lancer	Chained Leash	False		icon_skills.harpoonshot_tex
250100	Common	Common	Lancer	Wallop I	False		icon_skills.overhelm_tex
250130	Common	Common	Lancer	Wallop I	True		icon_skills.overhelm_tex
250200	Common	Common	Lancer	Wallop II	False		icon_skills.overhelm_tex
250230	Common	Common	Lancer	Wallop II	True		icon_skills.overhelm_tex
250300	Common	Common	Lancer	Wallop III	False		icon_skills.overhelm_tex
250330	Common	Common	Lancer	Wallop III	True		icon_skills.overhelm_tex
250400	Common	Common	Lancer	Wallop IV	False		icon_skills.overhelm_tex
250430	Common	Common	Lancer	Wallop IV	True		icon_skills.overhelm_tex
250500	Common	Common	Lancer	Wallop V	False		icon_skills.overhelm_tex
250530	Common	Common	Lancer	Wallop V	True		icon_skills.overhelm_tex
250600	Common	Common	Lancer	Wallop VI	False		icon_skills.overhelm_tex
250630	Common	Common	Lancer	Wallop VI	True		icon_skills.overhelm_tex
250700	Common	Common	Lancer	Wallop VII	False		icon_skills.overhelm_tex
250730	Common	Common	Lancer	Wallop VII	True		icon_skills.overhelm_tex
250800	Common	Common	Lancer	Wallop VIII	False		icon_skills.overhelm_tex
250830	Common	Common	Lancer	Wallop VIII	True		icon_skills.overhelm_tex
250900	Common	Common	Lancer	Wallop IX	False		icon_skills.overhelm_tex
250930	Common	Common	Lancer	Wallop IX	True		icon_skills.overhelm_tex
251000	Common	Common	Lancer	Wallop X	False		icon_skills.overhelm_tex
251030	Common	Common	Lancer	Wallop X	True		icon_skills.overhelm_tex
260100	Common	Common	Lancer	Backstep	False		icon_skills.backstep_tex
260200	Common	Common	Lancer	Backstep	False		icon_skills.backstep_tex
260300	Common	Common	Lancer	Backstep	False		icon_skills.backstep_tex
270100	Common	Common	Lancer	Rallying Cry	False		icon_skills.holdtheline_tex
10100	Common	Common	Mystic	Sharan Bolt I	False	hit 1	icon_skills.elementalshot_tex
10101	Common	Common	Mystic	Sharan Bolt I	False	hit 2	icon_skills.elementalshot_tex
10102	Common	Common	Mystic	Sharan Bolt I	False	hit 3	icon_skills.elementalshot_tex
10103	Common	Common	Mystic	Sharan Bolt I	False	hit 4	icon_skills.elementalshot_tex
10200	Common	Common	Mystic	Sharan Bolt II	False	hit 1	icon_skills.elementalshot_tex
10201	Common	Common	Mystic	Sharan Bolt II	False	hit 2	icon_skills.elementalshot_tex
10202	Common	Common	Mystic	Sharan Bolt II	False	hit 3	icon_skills.elementalshot_tex
10203	Common	Common	Mystic	Sharan Bolt II	False	hit 4	icon_skills.elementalshot_tex
10300	Common	Common	Mystic	Sharan Bolt III	False	hit 1	icon_skills.elementalshot_tex
10301	Common	Common	Mystic	Sharan Bolt III	False	hit 2	icon_skills.elementalshot_tex
10302	Common	Common	Mystic	Sharan Bolt III	False	hit 3	icon_skills.elementalshot_tex
10303	Common	Common	Mystic	Sharan Bolt III	False	hit 4	icon_skills.elementalshot_tex
10400	Common	Common	Mystic	Sharan Bolt IV	False	hit 1	icon_skills.elementalshot_tex
10401	Common	Common	Mystic	Sharan Bolt IV	False	hit 2	icon_skills.elementalshot_tex
10402	Common	Common	Mystic	Sharan Bolt IV	False	hit 3	icon_skills.elementalshot_tex
10403	Common	Common	Mystic	Sharan Bolt IV	False	hit 4	icon_skills.elementalshot_tex
10500	Common	Common	Mystic	Sharan Bolt V	False	hit 1	icon_skills.elementalshot_tex
10501	Common	Common	Mystic	Sharan Bolt V	False	hit 2	icon_skills.elementalshot_tex
10502	Common	Common	Mystic	Sharan Bolt V	False	hit 3	icon_skills.elementalshot_tex
10503	Common	Common	Mystic	Sharan Bolt V	False	hit 4	icon_skills.elementalshot_tex
10600	Common	Common	Mystic	Sharan Bolt VI	False	hit 1	icon_skills.elementalshot_tex
10601	Common	Common	Mystic	Sharan Bolt VI	False	hit 2	icon_skills.elementalshot_tex
10602	Common	Common	Mystic	Sharan Bolt VI	False	hit 3	icon_skills.elementalshot_tex
10603	Common	Common	Mystic	Sharan Bolt VI	False	hit 4	icon_skills.elementalshot_tex
10700	Common	Common	Mystic	Sharan Bolt VII	False	hit 1	icon_skills.elementalshot_tex
10701	Common	Common	Mystic	Sharan Bolt VII	False	hit 2	icon_skills.elementalshot_tex
10702	Common	Common	Mystic	Sharan Bolt VII	False	hit 3	icon_skills.elementalshot_tex
10703	Common	Common	Mystic	Sharan Bolt VII	False	hit 4	icon_skills.elementalshot_tex
10800	Common	Common	Mystic	Sharan Bolt VIII	False	hit 1	icon_skills.elementalshot_tex
10801	Common	Common	Mystic	Sharan Bolt VIII	False	hit 2	icon_skills.elementalshot_tex
10802	Common	Common	Mystic	Sharan Bolt VIII	False	hit 3	icon_skills.elementalshot_tex
10803	Common	Common	Mystic	Sharan Bolt VIII	False	hit 4	icon_skills.elementalshot_tex
10900	Common	Common	Mystic	Sharan Bolt IX	False	hit 1	icon_skills.elementalshot_tex
10901	Common	Common	Mystic	Sharan Bolt IX	False	hit 2	icon_skills.elementalshot_tex
10902	Common	Common	Mystic	Sharan Bolt IX	False	hit 3	icon_skills.elementalshot_tex
10903	Common	Common	Mystic	Sharan Bolt IX	False	hit 4	icon_skills.elementalshot_tex
11000	Common	Common	Mystic	Sharan Bolt X	False	hit 1	icon_skills.elementalshot_tex
11001	Common	Common	Mystic	Sharan Bolt X	False	hit 2	icon_skills.elementalshot_tex
11002	Common	Common	Mystic	Sharan Bolt X	False	hit 3	icon_skills.elementalshot_tex
11003	Common	Common	Mystic	Sharan Bolt X	False	hit 4	icon_skills.elementalshot_tex
11100	Common	Common	Mystic	Sharan Bolt XI	False	hit 1	icon_skills.elementalshot_tex
11101	Common	Common	Mystic	Sharan Bolt XI	False	hit 2	icon_skills.elementalshot_tex
11102	Common	Common	Mystic	Sharan Bolt XI	False	hit 3	icon_skills.elementalshot_tex
11103	Common	Common	Mystic	Sharan Bolt XI	False	hit 4	icon_skills.elementalshot_tex
11200	Common	Common	Mystic	Sharan Bolt XII	False	hit 1	icon_skills.elementalshot_tex
11201	Common	Common	Mystic	Sharan Bolt XII	False	hit 2	icon_skills.elementalshot_tex
11202	Common	Common	Mystic	Sharan Bolt XII	False	hit 3	icon_skills.elementalshot_tex
11203	Common	Common	Mystic	Sharan Bolt XII	False	hit 4	icon_skills.elementalshot_tex
11300	Common	Common	Mystic	Sharan Bolt XIII	False	hit 1	icon_skills.elementalshot_tex
11301	Common	Common	Mystic	Sharan Bolt XIII	False	hit 2	icon_skills.elementalshot_tex
11302	Common	Common	Mystic	Sharan Bolt XIII	False	hit 3	icon_skills.elementalshot_tex
11303	Common	Common	Mystic	Sharan Bolt XIII	False	hit 4	icon_skills.elementalshot_tex
11400	Common	Common	Mystic	Sharan Bolt XIV	False	hit 1	icon_skills.elementalshot_tex
11401	Common	Common	Mystic	Sharan Bolt XIV	False	hit 2	icon_skills.elementalshot_tex
11402	Common	Common	Mystic	Sharan Bolt XIV	False	hit 3	icon_skills.elementalshot_tex
11403	Common	Common	Mystic	Sharan Bolt XIV	False	hit 4	icon_skills.elementalshot_tex
11500	Common	Common	Mystic	Sharan Bolt XV	False	hit 1	icon_skills.elementalshot_tex
11501	Common	Common	Mystic	Sharan Bolt XV	False	hit 2	icon_skills.elementalshot_tex
11502	Common	Common	Mystic	Sharan Bolt XV	False	hit 3	icon_skills.elementalshot_tex
11503	Common	Common	Mystic	Sharan Bolt XV	False	hit 4	icon_skills.elementalshot_tex
20100	Common	Common	Mystic	Corruption Ring  I	False		icon_skills.suckhp_tex
20111	Common	Common	Mystic	Corruption Ring  I	False		icon_skills.suckhp_tex
20112	Common	Common	Mystic	Infusion Ring I	False	hit 2	icon_skills.mpsupplycharge_tex
20200	Common	Common	Mystic	Corruption Ring  II	False		icon_skills.suckhp_tex
20211	Common	Common	Mystic	Corruption Ring  II	False		icon_skills.suckhp_tex
20212	Common	Common	Mystic	Infusion Ring II	False	hit 2	icon_skills.mpsupplycharge_tex
20300	Common	Common	Mystic	Corruption Ring  III	False		icon_skills.suckhp_tex
20311	Common	Common	Mystic	Corruption Ring  III	False		icon_skills.suckhp_tex
20312	Common	Common	Mystic	Infusion Ring III	False	hit 2	icon_skills.mpsupplycharge_tex
20400	Common	Common	Mystic	Corruption Ring  IV	False		icon_skills.suckhp_tex
20411	Common	Common	Mystic	Corruption Ring  IV	False		icon_skills.suckhp_tex
20412	Common	Common	Mystic	Infusion Ring IV	False	hit 2	icon_skills.mpsupplycharge_tex
20500	Common	Common	Mystic	Corruption Ring  V	False		icon_skills.suckhp_tex
20511	Common	Common	Mystic	Corruption Ring  V	False		icon_skills.suckhp_tex
20512	Common	Common	Mystic	Infusion Ring V	False	hit 2	icon_skills.mpsupplycharge_tex
20600	Common	Common	Mystic	Corruption Ring  VI	False		icon_skills.suckhp_tex
20611	Common	Common	Mystic	Corruption Ring  VI	False		icon_skills.suckhp_tex
20612	Common	Common	Mystic	Infusion Ring VI	False	hit 2	icon_skills.mpsupplycharge_tex
20700	Common	Common	Mystic	Corruption Ring  VII	False		icon_skills.suckhp_tex
20711	Common	Common	Mystic	Corruption Ring  VII	False		icon_skills.suckhp_tex
20712	Common	Common	Mystic	Infusion Ring VII	False	hit 2	icon_skills.mpsupplycharge_tex
20800	Common	Common	Mystic	Corruption Ring  VIII	False		icon_skills.suckhp_tex
20811	Common	Common	Mystic	Corruption Ring  VIII	False		icon_skills.suckhp_tex
20812	Common	Common	Mystic	Infusion Ring VIII	False	hit 2	icon_skills.mpsupplycharge_tex
20900	Common	Common	Mystic	Corruption Ring  IX	False		icon_skills.suckhp_tex
20911	Common	Common	Mystic	Corruption Ring  IX	False		icon_skills.suckhp_tex
20912	Common	Common	Mystic	Infusion Ring IX	False	hit 2	icon_skills.mpsupplycharge_tex
21000	Common	Common	Mystic	Corruption Ring  X	False		icon_skills.suckhp_tex
21011	Common	Common	Mystic	Corruption Ring  X	False		icon_skills.suckhp_tex
21012	Common	Common	Mystic	Infusion Ring X	False	hit 2	icon_skills.mpsupplycharge_tex
21100	Common	Common	Mystic	Corruption Ring  XI	False		icon_skills.suckhp_tex
21111	Common	Common	Mystic	Corruption Ring  XI	False		icon_skills.suckhp_tex
21112	Common	Common	Mystic	Corruption Ring  XI	False	hit 2	icon_skills.suckhp_tex
21200	Common	Common	Mystic	Corruption Ring  XII	False		icon_skills.suckhp_tex
21211	Common	Common	Mystic	Corruption Ring  XII	False		icon_skills.suckhp_tex
21212	Common	Common	Mystic	Corruption Ring  XII	False	hit 2	icon_skills.suckhp_tex
21300	Common	Common	Mystic	Corruption Ring  XIII	False		icon_skills.suckhp_tex
21311	Common	Common	Mystic	Corruption Ring  XIII	False		icon_skills.suckhp_tex
21312	Common	Common	Mystic	Corruption Ring  XIII	False	hit 2	icon_skills.suckhp_tex
21400	Common	Common	Mystic	Corruption Ring  XIV	False		icon_skills.suckhp_tex
21411	Common	Common	Mystic	Corruption Ring  XIV	False		icon_skills.suckhp_tex
21412	Common	Common	Mystic	Corruption Ring  XIV	False	hit 2	icon_skills.suckhp_tex
30100	Common	Common	Mystic	Titanic Wrath I	False		icon_skills.rage_tex
30200	Common	Common	Mystic	Titanic Wrath II	False		icon_skills.rage_tex
30300	Common	Common	Mystic	Titanic Wrath III	False		icon_skills.rage_tex
30400	Common	Common	Mystic	Titanic Wrath IV	False		icon_skills.rage_tex
30500	Common	Common	Mystic	Titanic Wrath V	False		icon_skills.rage_tex
30600	Common	Common	Mystic	Titanic Wrath VI	False		icon_skills.rage_tex
40100	Common	Common	Mystic	Ancient Binding I	False		icon_skills.slowball_tex
40120	Common	Common	Mystic	Ancient Binding I	False		icon_skills.slowball_tex
40200	Common	Common	Mystic	Ancient Binding II	False		icon_skills.slowball_tex
40220	Common	Common	Mystic	Ancient Binding II	False		icon_skills.slowball_tex
40300	Common	Common	Mystic	Ancient Binding III	False		icon_skills.slowball_tex
40320	Common	Common	Mystic	Ancient Binding III	False		icon_skills.slowball_tex
40400	Common	Common	Mystic	Ancient Binding IV	False		icon_skills.slowball_tex
40420	Common	Common	Mystic	Ancient Binding IV	False		icon_skills.slowball_tex
40500	Common	Common	Mystic	Ancient Binding V	False		icon_skills.slowball_tex
40520	Common	Common	Mystic	Ancient Binding V	False		icon_skills.slowball_tex
40600	Common	Common	Mystic	Ancient Binding VI	False		icon_skills.slowball_tex
40620	Common	Common	Mystic	Ancient Binding VI	False		icon_skills.slowball_tex
50100	Common	Common	Mystic	Titanic Favor I	False		icon_skills.healshot_tex
50110	Common	Common	Mystic	Titanic Favor I	False		icon_skills.healshot_tex
50200	Common	Common	Mystic	Titanic Favor II	False		icon_skills.healshot_tex
50210	Common	Common	Mystic	Titanic Favor II	False		icon_skills.healshot_tex
50300	Common	Common	Mystic	Titanic Favor III	False		icon_skills.healshot_tex
50310	Common	Common	Mystic	Titanic Favor III	False		icon_skills.healshot_tex
50400	Common	Common	Mystic	Titanic Favor IV	False		icon_skills.healshot_tex
50410	Common	Common	Mystic	Titanic Favor IV	False		icon_skills.healshot_tex
50500	Common	Common	Mystic	Titanic Favor V	False		icon_skills.healshot_tex
50510	Common	Common	Mystic	Titanic Favor V	False		icon_skills.healshot_tex
50600	Common	Common	Mystic	Titanic Favor VI	False		icon_skills.healshot_tex
50610	Common	Common	Mystic	Titanic Favor VI	False		icon_skills.healshot_tex
50700	Common	Common	Mystic	Titanic Favor VII	False		icon_skills.healshot_tex
50710	Common	Common	Mystic	Titanic Favor VII	False		icon_skills.healshot_tex
50800	Common	Common	Mystic	Titanic Favor VIII	False		icon_skills.healshot_tex
50810	Common	Common	Mystic	Titanic Favor VIII	False		icon_skills.healshot_tex
50900	Common	Common	Mystic	Titanic Favor IX	False		icon_skills.healshot_tex
50910	Common	Common	Mystic	Titanic Favor IX	False		icon_skills.healshot_tex
51000	Common	Common	Mystic	Titanic Favor X	False		icon_skills.healshot_tex
51010	Common	Common	Mystic	Titanic Favor X	False		icon_skills.healshot_tex
51100	Common	Common	Mystic	Titanic Favor XI	False		icon_skills.healshot_tex
51110	Common	Common	Mystic	Titanic Favor XI	False		icon_skills.healshot_tex
51200	Common	Common	Mystic	Titanic Favor XII	False		icon_skills.healshot_tex
51210	Common	Common	Mystic	Titanic Favor XII	False		icon_skills.healshot_tex
60100	Common	Common	Mystic	Shara's Lash	False		icon_skills.flashball_tex
60120	Common	Common	Mystic	Shara's Lash	False		icon_skills.flashball_tex
60200	Common	Common	Mystic	Shara's Lash	False		icon_skills.flashball_tex
60220	Common	Common	Mystic	Shara's Lash	False		icon_skills.flashball_tex
60300	Common	Common	Mystic	Shara's Lash	False		icon_skills.flashball_tex
60320	Common	Common	Mystic	Shara's Lash	False		icon_skills.flashball_tex
60400	Common	Common	Mystic	Shara's Lash	False		icon_skills.flashball_tex
60420	Common	Common	Mystic	Shara's Lash	False		icon_skills.flashball_tex
60500	Common	Common	Mystic	Shara's Lash	False		icon_skills.flashball_tex
60520	Common	Common	Mystic	Shara's Lash	False		icon_skills.flashball_tex
60600	Common	Common	Mystic	Shara's Lash	False		icon_skills.flashball_tex
60620	Common	Common	Mystic	Shara's Lash	False		icon_skills.flashball_tex
70100	Common	Common	Mystic	Mana Infusion	False		icon_skills.mpcharge_tex
70200	Common	Common	Mystic	Mana Infusion	False		icon_skills.mpcharge_tex
70300	Common	Common	Mystic	Mana Infusion	False		icon_skills.mpcharge_tex
70400	Common	Common	Mystic	Mana Infusion	False		icon_skills.mpcharge_tex
70500	Common	Common	Mystic	Mana Infusion	False		icon_skills.mpcharge_tex
80100	Common	Common	Mystic	Metamorphic Blast I	False		icon_skills.punishingshield_tex
80200	Common	Common	Mystic	Metamorphic Blast II	False		icon_skills.punishingshield_tex
80300	Common	Common	Mystic	Metamorphic Blast III	False		icon_skills.punishingshield_tex
80400	Common	Common	Mystic	Metamorphic Blast IV	False		icon_skills.punishingshield_tex
80500	Common	Common	Mystic	Metamorphic Blast V	False		icon_skills.punishingshield_tex
80600	Common	Common	Mystic	Metamorphic Blast VI	False		icon_skills.punishingshield_tex
80700	Common	Common	Mystic	Metamorphic Blast VII	False		icon_skills.punishingshield_tex
80800	Common	Common	Mystic	Metamorphic Blast VIII	False		icon_skills.punishingshield_tex
80900	Common	Common	Mystic	Metamorphic Blast IX	False		icon_skills.punishingshield_tex
81000	Common	Common	Mystic	Metamorphic Blast X	False		icon_skills.punishingshield_tex
81100	Common	Common	Mystic	Metamorphic Blast XI	False		icon_skills.punishingshield_tex
81200	Common	Common	Mystic	Metamorphic Blast XII	False		icon_skills.punishingshield_tex
81300	Common	Common	Mystic	Metamorphic Blast XIII	False		icon_skills.punishingshield_tex
81400	Common	Common	Mystic	Metamorphic Blast XIV	False		icon_skills.punishingshield_tex
81500	Common	Common	Mystic	Metamorphic Blast XV	False		icon_skills.punishingshield_tex
90100	Common	Common	Mystic	Arun's Cleansing Touch	False		icon_skills.purifyshot_tex
90110	Common	Common	Mystic	Arun's Cleansing Touch	False		icon_skills.purifyshot_tex
90200	Common	Common	Mystic	Arun's Cleansing Touch	False		icon_skills.purifyshot_tex
90210	Common	Common	Mystic	Arun's Cleansing Touch	False		icon_skills.purifyshot_tex
90300	Common	Common	Mystic	Arun's Cleansing Touch	False		icon_skills.purifyshot_tex
90310	Common	Common	Mystic	Arun's Cleansing Touch	False		icon_skills.purifyshot_tex
90400	Common	Common	Mystic	Arun's Cleansing Touch	False		icon_skills.purifyshot_tex
90410	Common	Common	Mystic	Arun's Cleansing Touch	False		icon_skills.purifyshot_tex
90500	Common	Common	Mystic	Arun's Cleansing Touch	False		icon_skills.purifyshot_tex
90510	Common	Common	Mystic	Arun's Cleansing Touch	False		icon_skills.purifyshot_tex
100100	Common	Common	Mystic	Resurrect	False		icon_skills.resurrect_tex
100200	Common	Common	Mystic	Resurrect	False		icon_skills.resurrect_tex
100300	Common	Common	Mystic	Resurrect	False		icon_skills.resurrect_tex
100400	Common	Common	Mystic	Resurrect	False		icon_skills.resurrect_tex
100500	Common	Common	Mystic	Resurrect	False		icon_skills.resurrect_tex
110100	Common	Common	Mystic	Summon: Party	False		icon_skills.recallfriend_tex
110200	Common	Common	Mystic	Summon: Party	False		icon_skills.recallfriend_tex
120100	Common	Common	Mystic	Vow of Rebirth	False		icon_skills.autoresurrect_tex
120200	Common	Common	Mystic	Vow of Rebirth	False		icon_skills.autoresurrect_tex
120300	Common	Common	Mystic	Vow of Rebirth	False		icon_skills.autoresurrect_tex
120400	Common	Common	Mystic	Vow of Rebirth	False		icon_skills.autoresurrect_tex
120500	Common	Common	Mystic	Vow of Rebirth	False		icon_skills.autoresurrect_tex
130100	Common	Common	Mystic	Aura of the Merciless I	False	On	icon_skills.criticalupaura_tex
130150	Common	Common	Mystic	Aura of the Merciless I	False	Off	icon_skills.criticalupaura_tex
130200	Common	Common	Mystic	Aura of the Merciless II	False	On	icon_skills.criticalupaura_tex
130250	Common	Common	Mystic	Aura of the Merciless II	False	Off	icon_skills.criticalupaura_tex
130300	Common	Common	Mystic	Aura of the Merciless III	False	On	icon_skills.criticalupaura_tex
130350	Common	Common	Mystic	Aura of the Merciless III	False	Off	icon_skills.criticalupaura_tex
130400	Common	Common	Mystic	Aura of the Merciless IV	False	On	icon_skills.criticalupaura_tex
130450	Common	Common	Mystic	Aura of the Merciless IV	False	Off	icon_skills.criticalupaura_tex
130500	Common	Common	Mystic	Aura of the Merciless V	False	On	icon_skills.criticalupaura_tex
130550	Common	Common	Mystic	Aura of the Merciless V	False	Off	icon_skills.criticalupaura_tex
140100	Common	Common	Mystic	Aura of the Swift I	False	On	icon_skills.speedupaura_tex
140150	Common	Common	Mystic	Aura of the Swift I	False	Off	icon_skills.speedupaura_tex
140200	Common	Common	Mystic	Aura of the Swift II	False	On	icon_skills.speedupaura_tex
140250	Common	Common	Mystic	Aura of the Swift II	False	Off	icon_skills.speedupaura_tex
140300	Common	Common	Mystic	Aura of the Swift III	False	On	icon_skills.speedupaura_tex
140350	Common	Common	Mystic	Aura of the Swift III	False	Off	icon_skills.speedupaura_tex
140400	Common	Common	Mystic	Aura of the Swift IV	False	On	icon_skills.speedupaura_tex
140450	Common	Common	Mystic	Aura of the Swift IV	False	Off	icon_skills.speedupaura_tex
140500	Common	Common	Mystic	Aura of the Swift V	False	On	icon_skills.speedupaura_tex
140550	Common	Common	Mystic	Aura of the Swift V	False	Off	icon_skills.speedupaura_tex
150100	Common	Common	Mystic	Aura of the Unyielding I	False	On	icon_skills.areahpgain_tex
150150	Common	Common	Mystic	Aura of the Unyielding I	False	Off	icon_skills.areahpgain_tex
150200	Common	Common	Mystic	Aura of the Unyielding II	False	On	icon_skills.areahpgain_tex
150250	Common	Common	Mystic	Aura of the Unyielding II	False	Off	icon_skills.areahpgain_tex
150300	Common	Common	Mystic	Aura of the Unyielding III	False	On	icon_skills.areahpgain_tex
150350	Common	Common	Mystic	Aura of the Unyielding III	False	Off	icon_skills.areahpgain_tex
150400	Common	Common	Mystic	Aura of the Unyielding IV	False	On	icon_skills.areahpgain_tex
150450	Common	Common	Mystic	Aura of the Unyielding IV	False	Off	icon_skills.areahpgain_tex
150500	Common	Common	Mystic	Aura of the Unyielding V	False	On	icon_skills.areahpgain_tex
150550	Common	Common	Mystic	Aura of the Unyielding V	False	Off	icon_skills.areahpgain_tex
150600	Common	Common	Mystic	Aura of the Unyielding VI	False	On	icon_skills.areahpgain_tex
150650	Common	Common	Mystic	Aura of the Unyielding VI	False	Off	icon_skills.areahpgain_tex
160100	Common	Common	Mystic	Aura of the Tenacious	False	On	icon_skills.areampgain_tex
160150	Common	Common	Mystic	Aura of the Tenacious	False	Off	icon_skills.areampgain_tex
160200	Common	Common	Mystic	Aura of the Tenacious	False	On	icon_skills.areampgain_tex
160250	Common	Common	Mystic	Aura of the Tenacious	False	Off	icon_skills.areampgain_tex
160300	Common	Common	Mystic	Aura of the Tenacious	False	On	icon_skills.areampgain_tex
160350	Common	Common	Mystic	Aura of the Tenacious	False	Off	icon_skills.areampgain_tex
160400	Common	Common	Mystic	Aura of the Tenacious	False	On	icon_skills.areampgain_tex
160450	Common	Common	Mystic	Aura of the Tenacious	False	Off	icon_skills.areampgain_tex
160500	Common	Common	Mystic	Aura of the Tenacious	False	On	icon_skills.areampgain_tex
160550	Common	Common	Mystic	Aura of the Tenacious	False	Off	icon_skills.areampgain_tex
170100	Common	Common	Mystic	Teleport Jaunt	False		icon_skills.shortteleport_tex
170200	Common	Common	Mystic	Teleport Jaunt	False		icon_skills.shortteleport_tex
170300	Common	Common	Mystic	Teleport Jaunt	False		icon_skills.shortteleport_tex
170400	Common	Common	Mystic	Teleport Jaunt	False		icon_skills.shortteleport_tex
170500	Common	Common	Mystic	Teleport Jaunt	False		icon_skills.shortteleport_tex
170600	Common	Common	Mystic	Teleport Jaunt	False		icon_skills.shortteleport_tex
170700	Common	Common	Mystic	Teleport Jaunt	False		icon_skills.shortteleport_tex
170800	Common	Common	Mystic	Teleport Jaunt	False		icon_skills.shortteleport_tex
170900	Common	Common	Mystic	Teleport Jaunt	False		icon_skills.shortteleport_tex
171000	Common	Common	Mystic	Teleport Jaunt	False		icon_skills.shortteleport_tex
171100	Common	Common	Mystic	Teleport Jaunt	False		icon_skills.shortteleport_tex
180100	Common	Common	Mystic	Arun's Vitae I	False		icon_skills.hprefresher_tex
180200	Common	Common	Mystic	Arun's Vitae II	False		icon_skills.hprefresher_tex
180300	Common	Common	Mystic	Arun's Vitae III	False		icon_skills.hprefresher_tex
180400	Common	Common	Mystic	Arun's Vitae IV	False		icon_skills.hprefresher_tex
180500	Common	Common	Mystic	Arun's Vitae V	False		icon_skills.hprefresher_tex
180600	Common	Common	Mystic	Arun's Vitae VI	False		icon_skills.hprefresher_tex
180700	Common	Common	Mystic	Arun's Vitae VII	False		icon_skills.hprefresher_tex
180800	Common	Common	Mystic	Arun's Vitae VIII	False		icon_skills.hprefresher_tex
180900	Common	Common	Mystic	Arun's Vitae IX	False		icon_skills.hprefresher_tex
181000	Common	Common	Mystic	Arun's Vitae X	False		icon_skills.hprefresher_tex
181100	Common	Common	Mystic	Arun's Vitae XI	False		icon_skills.hprefresher_tex
181200	Common	Common	Mystic	Arun's Vitae XII	False		icon_skills.hprefresher_tex
181300	Common	Common	Mystic	Arun's Vitae XIII	False		icon_skills.hprefresher_tex
181400	Common	Common	Mystic	Arun's Vitae XIV	False		icon_skills.hprefresher_tex
181500	Common	Common	Mystic	Arun's Vitae XV	False		icon_skills.hprefresher_tex
210100	Common	Common	Mystic	Retaliate I	False		icon_skills.risingattack_tex
210200	Common	Common	Mystic	Retaliate II	False		icon_skills.risingattack_tex
210300	Common	Common	Mystic	Retaliate III	False		icon_skills.risingattack_tex
210400	Common	Common	Mystic	Retaliate IV	False		icon_skills.risingattack_tex
210500	Common	Common	Mystic	Retaliate V	False		icon_skills.risingattack_tex
210600	Common	Common	Mystic	Retaliate VI	False		icon_skills.risingattack_tex
210700	Common	Common	Mystic	Retaliate VII	False		icon_skills.risingattack_tex
210800	Common	Common	Mystic	Retaliate VIII	False		icon_skills.risingattack_tex
210900	Common	Common	Mystic	Retaliate IX	False		icon_skills.risingattack_tex
211000	Common	Common	Mystic	Retaliate X	False		icon_skills.risingattack_tex
211100	Common	Common	Mystic	Retaliate XI	False		icon_skills.risingattack_tex
211200	Common	Common	Mystic	Retaliate XII	False		icon_skills.risingattack_tex
220100	Common	Common	Mystic	Arun's Tears	False		icon_skills.mprefresher_tex
220200	Common	Common	Mystic	Arun's Tears	False		icon_skills.mprefresher_tex
230100	Common	Common	Mystic	Metamorphic Smite I	False		icon_skills.rageofearth_tex
230200	Common	Common	Mystic	Metamorphic Smite II	False		icon_skills.rageofearth_tex
230300	Common	Common	Mystic	Metamorphic Smite III	False		icon_skills.rageofearth_tex
230400	Common	Common	Mystic	Metamorphic Smite IV	False		icon_skills.rageofearth_tex
230500	Common	Common	Mystic	Metamorphic Smite V	False		icon_skills.rageofearth_tex
230600	Common	Common	Mystic	Metamorphic Smite VI	False		icon_skills.rageofearth_tex
230700	Common	Common	Mystic	Metamorphic Smite VII	False		icon_skills.rageofearth_tex
230800	Common	Common	Mystic	Metamorphic Smite VIII	False		icon_skills.rageofearth_tex
230900	Common	Common	Mystic	Metamorphic Smite IX	False		icon_skills.rageofearth_tex
231000	Common	Common	Mystic	Metamorphic Smite X	False		icon_skills.rageofearth_tex
231100	Common	Common	Mystic	Metamorphic Smite XI	False		icon_skills.rageofearth_tex
231200	Common	Common	Mystic	Metamorphic Smite XII	False		icon_skills.rageofearth_tex
231300	Common	Common	Mystic	Metamorphic Smite XIII	False		icon_skills.rageofearth_tex
240100	Common	Common	Mystic	Volley of Curses I	False		icon_skills.painfulshackle_tex
240110	Common	Common	Mystic	Volley of Curses I	False		icon_skills.painfulshackle_tex
240200	Common	Common	Mystic	Volley of Curses II	False		icon_skills.painfulshackle_tex
240210	Common	Common	Mystic	Volley of Curses II	False		icon_skills.painfulshackle_tex
240300	Common	Common	Mystic	Volley of Curses III	False		icon_skills.painfulshackle_tex
240310	Common	Common	Mystic	Volley of Curses III	False		icon_skills.painfulshackle_tex
240400	Common	Common	Mystic	Volley of Curses IV	False		icon_skills.painfulshackle_tex
240410	Common	Common	Mystic	Volley of Curses IV	False		icon_skills.painfulshackle_tex
240500	Common	Common	Mystic	Volley of Curses V	False		icon_skills.painfulshackle_tex
240510	Common	Common	Mystic	Volley of Curses V	False		icon_skills.painfulshackle_tex
240600	Common	Common	Mystic	Volley of Curses VI	False		icon_skills.painfulshackle_tex
240610	Common	Common	Mystic	Volley of Curses VI	False		icon_skills.painfulshackle_tex
240700	Common	Common	Mystic	Volley of Curses VII	False		icon_skills.painfulshackle_tex
240710	Common	Common	Mystic	Volley of Curses VII	False		icon_skills.painfulshackle_tex
240800	Common	Common	Mystic	Volley of Curses VIII	False		icon_skills.painfulshackle_tex
240810	Common	Common	Mystic	Volley of Curses VIII	False		icon_skills.painfulshackle_tex
240900	Common	Common	Mystic	Volley of Curses IX	False		icon_skills.painfulshackle_tex
240910	Common	Common	Mystic	Volley of Curses IX	False		icon_skills.painfulshackle_tex
241000	Common	Common	Mystic	Volley of Curses X	False		icon_skills.painfulshackle_tex
241010	Common	Common	Mystic	Volley of Curses X	False		icon_skills.painfulshackle_tex
241100	Common	Common	Mystic	Volley of Curses XI	False		icon_skills.painfulshackle_tex
241110	Common	Common	Mystic	Volley of Curses XI	False		icon_skills.painfulshackle_tex
241200	Common	Common	Mystic	Volley of Curses XII	False		icon_skills.painfulshackle_tex
241210	Common	Common	Mystic	Volley of Curses XII	False		icon_skills.painfulshackle_tex
250100	Common	Common	Mystic	Thrall of Protection I	False		icon_skills.summonspiritofaggro_tex
250200	Common	Common	Mystic	Thrall of Protection II	False		icon_skills.summonspiritofaggro_tex
250300	Common	Common	Mystic	Thrall of Protection III	False		icon_skills.summonspiritofaggro_tex
250400	Common	Common	Mystic	Thrall of Protection IV	False		icon_skills.summonspiritofaggro_tex
250500	Common	Common	Mystic	Thrall of Protection V	False		icon_skills.summonspiritofaggro_tex
250600	Common	Common	Mystic	Thrall of Protection VI	False		icon_skills.summonspiritofaggro_tex
250700	Common	Common	Mystic	Thrall of Protection VII	False		icon_skills.summonspiritofaggro_tex
250800	Common	Common	Mystic	Thrall of Protection VIII	False		icon_skills.summonspiritofaggro_tex
250900	Common	Common	Mystic	Thrall of Protection IX	False		icon_skills.summonspiritofaggro_tex
251000	Common	Common	Mystic	Thrall of Protection X	False		icon_skills.summonspiritofaggro_tex
251100	Common	Common	Mystic	Thrall of Protection XI	False		icon_skills.summonspiritofaggro_tex
251200	Common	Common	Mystic	Thrall of Protection XII	False		icon_skills.summonspiritofaggro_tex
251300	Common	Common	Mystic	Thrall of Protection XIII	False		icon_skills.summonspiritofaggro_tex
251400	Common	Common	Mystic	Thrall of Protection XIV	False		icon_skills.summonspiritofaggro_tex
251500	Common	Common	Mystic	Thrall of Protection XV	False		icon_skills.summonspiritofaggro_tex
251600	Common	Common	Mystic	Thrall of Protection XVI	False		icon_skills.summonspiritofaggro_tex
251700	Common	Common	Mystic	Thrall of Protection XVII	False		icon_skills.summonspiritofaggro_tex
251800	Common	Common	Mystic	Thrall of Protection XVIII	False		icon_skills.summonspiritofaggro_tex
251900	Common	Common	Mystic	Thrall of Protection XIX	False		icon_skills.summonspiritofaggro_tex
270100	Common	Common	Mystic	Thrall of Life I	False		icon_skills.summonspiritofheal_tex
270200	Common	Common	Mystic	Thrall of Life II	False		icon_skills.summonspiritofheal_tex
270300	Common	Common	Mystic	Thrall of Life III	False		icon_skills.summonspiritofheal_tex
270400	Common	Common	Mystic	Thrall of Life IV	False		icon_skills.summonspiritofheal_tex
270500	Common	Common	Mystic	Thrall of Life V	False		icon_skills.summonspiritofheal_tex
270600	Common	Common	Mystic	Thrall of Life VI	False		icon_skills.summonspiritofheal_tex
270700	Common	Common	Mystic	Thrall of Life VII	False		icon_skills.summonspiritofheal_tex
270800	Common	Common	Mystic	Thrall of Life VIII	False		icon_skills.summonspiritofheal_tex
270900	Common	Common	Mystic	Thrall of Life IX	False		icon_skills.summonspiritofheal_tex
271000	Common	Common	Mystic	Thrall of Life X	False		icon_skills.summonspiritofheal_tex
271100	Common	Common	Mystic	Thrall of Life XI	False		icon_skills.summonspiritofheal_tex
271200	Common	Common	Mystic	Thrall of Life XII	False		icon_skills.summonspiritofheal_tex
271300	Common	Common	Mystic	Thrall of Life XIII	False		icon_skills.summonspiritofheal_tex
271400	Common	Common	Mystic	Thrall of Life XIV	False		icon_skills.summonspiritofheal_tex
271500	Common	Common	Mystic	Thrall of Life XV	False		icon_skills.summonspiritofheal_tex
271600	Common	Common	Mystic	Thrall of Life XVI	False		icon_skills.summonspiritofheal_tex
280100	Common	Common	Mystic	Sonorous Dreams I	False		icon_skills.shackleofquicksand_tex
280110	Common	Common	Mystic	Sonorous Dreams I	False		icon_skills.shackleofquicksand_tex
280200	Common	Common	Mystic	Sonorous Dreams II	False		icon_skills.shackleofquicksand_tex
280210	Common	Common	Mystic	Sonorous Dreams II	False		icon_skills.shackleofquicksand_tex
280300	Common	Common	Mystic	Sonorous Dreams III	False		icon_skills.shackleofquicksand_tex
280310	Common	Common	Mystic	Sonorous Dreams III	False		icon_skills.shackleofquicksand_tex
280400	Common	Common	Mystic	Sonorous Dreams IV	False		icon_skills.shackleofquicksand_tex
280410	Common	Common	Mystic	Sonorous Dreams IV	False		icon_skills.shackleofquicksand_tex
280500	Common	Common	Mystic	Sonorous Dreams V	False		icon_skills.shackleofquicksand_tex
280510	Common	Common	Mystic	Sonorous Dreams V	False		icon_skills.shackleofquicksand_tex
280600	Common	Common	Mystic	Sonorous Dreams VI	False		icon_skills.shackleofquicksand_tex
280610	Common	Common	Mystic	Sonorous Dreams VI	False		icon_skills.shackleofquicksand_tex
290100	Common	Common	Mystic	Regression I	False		icon_skills.dispell_tex
290200	Common	Common	Mystic	Regression II	False		icon_skills.dispell_tex
290300	Common	Common	Mystic	Regression III	False		icon_skills.dispell_tex
290400	Common	Common	Mystic	Regression IV	False		icon_skills.dispell_tex
290500	Common	Common	Mystic	Regression V	False		icon_skills.dispell_tex
290600	Common	Common	Mystic	Regression VI	False		icon_skills.dispell_tex
300100	Common	Common	Mystic	Curse of Exhaustion I	False		icon_skills.spiritoflassitude_tex
300110	Common	Common	Mystic	Curse of Exhaustion I	False		icon_skills.spiritoflassitude_tex
300200	Common	Common	Mystic	Curse of Exhaustion II	False		icon_skills.spiritoflassitude_tex
300210	Common	Common	Mystic	Curse of Exhaustion II	False		icon_skills.spiritoflassitude_tex
300300	Common	Common	Mystic	Curse of Exhaustion III	False		icon_skills.spiritoflassitude_tex
300310	Common	Common	Mystic	Curse of Exhaustion III	False		icon_skills.spiritoflassitude_tex
300400	Common	Common	Mystic	Curse of Exhaustion IV	False		icon_skills.spiritoflassitude_tex
300410	Common	Common	Mystic	Curse of Exhaustion IV	False		icon_skills.spiritoflassitude_tex
300500	Common	Common	Mystic	Curse of Exhaustion V	False		icon_skills.spiritoflassitude_tex
300510	Common	Common	Mystic	Curse of Exhaustion V	False		icon_skills.spiritoflassitude_tex
300600	Common	Common	Mystic	Curse of Exhaustion VI	False		icon_skills.spiritoflassitude_tex
300610	Common	Common	Mystic	Curse of Exhaustion VI	False		icon_skills.spiritoflassitude_tex
310100	Common	Common	Mystic	Curse of Confusion	False		icon_skills.spiritofconfusion_tex
310110	Common	Common	Mystic	Curse of Confusion	False		icon_skills.spiritofconfusion_tex
310200	Common	Common	Mystic	Curse of Confusion	False		icon_skills.spiritofconfusion_tex
310210	Common	Common	Mystic	Curse of Confusion	False		icon_skills.spiritofconfusion_tex
310300	Common	Common	Mystic	Curse of Confusion	False		icon_skills.spiritofconfusion_tex
310310	Common	Common	Mystic	Curse of Confusion	False		icon_skills.spiritofconfusion_tex
310400	Common	Common	Mystic	Curse of Confusion	False		icon_skills.spiritofconfusion_tex
310410	Common	Common	Mystic	Curse of Confusion	False		icon_skills.spiritofconfusion_tex
310500	Common	Common	Mystic	Curse of Confusion	False		icon_skills.spiritofconfusion_tex
310510	Common	Common	Mystic	Curse of Confusion	False		icon_skills.spiritofconfusion_tex
320100	Common	Common	Mystic	Mire I	False		icon_skills.shackleofstone_tex
320110	Common	Common	Mystic	Mire I	False		icon_skills.shackleofstone_tex
320200	Common	Common	Mystic	Mire II	False		icon_skills.shackleofstone_tex
320210	Common	Common	Mystic	Mire II	False		icon_skills.shackleofstone_tex
320300	Common	Common	Mystic	Mire III	False		icon_skills.shackleofstone_tex
320310	Common	Common	Mystic	Mire III	False		icon_skills.shackleofstone_tex
320400	Common	Common	Mystic	Mire IV	False		icon_skills.shackleofstone_tex
320410	Common	Common	Mystic	Mire IV	False		icon_skills.shackleofstone_tex
320500	Common	Common	Mystic	Mire V	False		icon_skills.shackleofstone_tex
320510	Common	Common	Mystic	Mire V	False		icon_skills.shackleofstone_tex
320600	Common	Common	Mystic	Mire VI	False		icon_skills.shackleofstone_tex
320610	Common	Common	Mystic	Mire VI	False		icon_skills.shackleofstone_tex
330100	Common	Common	Mystic	Thrall of Vengeance I	False		icon_skills.summonspiritofrange_tex
330200	Common	Common	Mystic	Thrall of Vengeance II	False		icon_skills.summonspiritofrange_tex
330300	Common	Common	Mystic	Thrall of Vengeance III	False		icon_skills.summonspiritofrange_tex
330400	Common	Common	Mystic	Thrall of Vengeance IV	False		icon_skills.summonspiritofrange_tex
330500	Common	Common	Mystic	Thrall of Vengeance V	False		icon_skills.summonspiritofrange_tex
330600	Common	Common	Mystic	Thrall of Vengeance VI	False		icon_skills.summonspiritofrange_tex
330700	Common	Common	Mystic	Thrall of Vengeance VII	False		icon_skills.summonspiritofrange_tex
330800	Common	Common	Mystic	Thrall of Vengeance VIII	False		icon_skills.summonspiritofrange_tex
330900	Common	Common	Mystic	Thrall of Vengeance IX	False		icon_skills.summonspiritofrange_tex
331000	Common	Common	Mystic	Thrall of Vengeance X	False		icon_skills.summonspiritofrange_tex
331100	Common	Common	Mystic	Thrall of Vengeance XI	False		icon_skills.summonspiritofrange_tex
331200	Common	Common	Mystic	Thrall of Vengeance XII	False		icon_skills.summonspiritofrange_tex
331300	Common	Common	Mystic	Thrall of Vengeance XIII	False		icon_skills.summonspiritofrange_tex
331400	Common	Common	Mystic	Thrall of Vengeance XIV	False		icon_skills.summonspiritofrange_tex
331500	Common	Common	Mystic	Thrall of Vengeance XV	False		icon_skills.summonspiritofrange_tex
331600	Common	Common	Mystic	Thrall of Vengeance XVI	False		icon_skills.summonspiritofrange_tex
331700	Common	Common	Mystic	Thrall of Vengeance XVII	False		icon_skills.summonspiritofrange_tex
340100	Common	Common	Mystic	Thrall of Wrath I	False		icon_skills.summonspiritofattack_tex
340200	Common	Common	Mystic	Thrall of Wrath II	False		icon_skills.summonspiritofattack_tex
340300	Common	Common	Mystic	Thrall of Wrath III	False		icon_skills.summonspiritofattack_tex
340400	Common	Common	Mystic	Thrall of Wrath IV	False		icon_skills.summonspiritofattack_tex
340500	Common	Common	Mystic	Thrall of Wrath V	False		icon_skills.summonspiritofattack_tex
340600	Common	Common	Mystic	Thrall of Wrath VI	False		icon_skills.summonspiritofattack_tex
340700	Common	Common	Mystic	Thrall of Wrath VII	False		icon_skills.summonspiritofattack_tex
340800	Common	Common	Mystic	Thrall of Wrath VIII	False		icon_skills.summonspiritofattack_tex
340900	Common	Common	Mystic	Thrall of Wrath IX	False		icon_skills.summonspiritofattack_tex
341000	Common	Common	Mystic	Thrall of Wrath X	False		icon_skills.summonspiritofattack_tex
341100	Common	Common	Mystic	Thrall of Wrath XI	False		icon_skills.summonspiritofattack_tex
341200	Common	Common	Mystic	Thrall of Wrath XII	False		icon_skills.summonspiritofattack_tex
341300	Common	Common	Mystic	Thrall of Wrath XIII	False		icon_skills.summonspiritofattack_tex
341400	Common	Common	Mystic	Thrall of Wrath XIV	False		icon_skills.summonspiritofattack_tex
341500	Common	Common	Mystic	Thrall of Wrath XV	False		icon_skills.summonspiritofattack_tex
341600	Common	Common	Mystic	Thrall of Wrath XVI	False		icon_skills.summonspiritofattack_tex
350100	Common	Common	Mystic	Command: Attack	False		icon_skills.petorderattack_tex
360100	Common	Common	Mystic	Command: Follow	False		icon_skills.petorderfollowme_tex
370100	Common	Common	Mystic	Warding Totem I	False		icon_skills.energiesofprotection_tex
370200	Common	Common	Mystic	Warding Totem II	False		icon_skills.energiesofprotection_tex
370300	Common	Common	Mystic	Warding Totem III	False		icon_skills.energiesofprotection_tex
370400	Common	Common	Mystic	Warding Totem IV	False		icon_skills.energiesofprotection_tex
370500	Common	Common	Mystic	Warding Totem V	False		icon_skills.energiesofprotection_tex
380100	Common	Common	Mystic	Numbing Totem	False		icon_skills.energiesofrestriction_tex
380200	Common	Common	Mystic	Numbing Totem	False		icon_skills.energiesofrestriction_tex
390100	Common	Common	Mystic	Speed Totem	False		icon_skills.energiesofquickness_tex
390200	Common	Common	Mystic	Speed Totem	False		icon_skills.energiesofquickness_tex
400100	Common	Common	Mystic	Assailing Totem	False		icon_skills.energiesofwillpower_tex
400200	Common	Common	Mystic	Assailing Totem	False		icon_skills.energiesofwillpower_tex
410100	Common	Common	Mystic	Contagion	False		icon_skills.plague_tex
410110	Common	Common	Mystic	Contagion	False		icon_skills.plague_tex
420100	Common	Common	Mystic	Boomerang Pulse	False		icon_skills.mysticorb_tex
420120	Common	Common	Mystic	Boomerang Pulse	False		icon_skills.mysticorb_tex
10100	Common	Common	Priest	Divine Radiance I	False	hit 1	icon_skills.magicshot_tex
10101	Common	Common	Priest	Divine Radiance I	False	hit 2	icon_skills.magicshot_tex
10102	Common	Common	Priest	Divine Radiance I	False	hit 3	icon_skills.magicshot_tex
10103	Common	Common	Priest	Divine Radiance I	False	hit 4	icon_skills.magicshot_tex
10120	Common	Common	Priest	Divine Radiance I	False	hit 1	icon_skills.magicshot_tex
10121	Common	Common	Priest	Divine Radiance I	False	hit 2	icon_skills.magicshot_tex
10122	Common	Common	Priest	Divine Radiance I	False	hit 3	icon_skills.magicshot_tex
10123	Common	Common	Priest	Divine Radiance I	False	hit 4	icon_skills.magicshot_tex
10200	Common	Common	Priest	Divine Radiance II	False	hit 1	icon_skills.magicshot_tex
10201	Common	Common	Priest	Divine Radiance II	False	hit 2	icon_skills.magicshot_tex
10202	Common	Common	Priest	Divine Radiance II	False	hit 3	icon_skills.magicshot_tex
10203	Common	Common	Priest	Divine Radiance II	False	hit 4	icon_skills.magicshot_tex
10220	Common	Common	Priest	Divine Radiance II	False	hit 1	icon_skills.magicshot_tex
10221	Common	Common	Priest	Divine Radiance II	False	hit 2	icon_skills.magicshot_tex
10222	Common	Common	Priest	Divine Radiance II	False	hit 3	icon_skills.magicshot_tex
10223	Common	Common	Priest	Divine Radiance II	False	hit 4	icon_skills.magicshot_tex
10300	Common	Common	Priest	Divine Radiance III	False	hit 1	icon_skills.magicshot_tex
10301	Common	Common	Priest	Divine Radiance III	False	hit 2	icon_skills.magicshot_tex
10302	Common	Common	Priest	Divine Radiance III	False	hit 3	icon_skills.magicshot_tex
10303	Common	Common	Priest	Divine Radiance III	False	hit 4	icon_skills.magicshot_tex
10320	Common	Common	Priest	Divine Radiance III	False	hit 1	icon_skills.magicshot_tex
10321	Common	Common	Priest	Divine Radiance III	False	hit 2	icon_skills.magicshot_tex
10322	Common	Common	Priest	Divine Radiance III	False	hit 3	icon_skills.magicshot_tex
10323	Common	Common	Priest	Divine Radiance III	False	hit 4	icon_skills.magicshot_tex
10400	Common	Common	Priest	Divine Radiance IV	False	hit 1	icon_skills.magicshot_tex
10401	Common	Common	Priest	Divine Radiance IV	False	hit 2	icon_skills.magicshot_tex
10402	Common	Common	Priest	Divine Radiance IV	False	hit 3	icon_skills.magicshot_tex
10403	Common	Common	Priest	Divine Radiance IV	False	hit 4	icon_skills.magicshot_tex
10420	Common	Common	Priest	Divine Radiance IV	False	hit 1	icon_skills.magicshot_tex
10421	Common	Common	Priest	Divine Radiance IV	False	hit 2	icon_skills.magicshot_tex
10422	Common	Common	Priest	Divine Radiance IV	False	hit 3	icon_skills.magicshot_tex
10423	Common	Common	Priest	Divine Radiance IV	False	hit 4	icon_skills.magicshot_tex
10500	Common	Common	Priest	Divine Radiance V	False	hit 1	icon_skills.magicshot_tex
10501	Common	Common	Priest	Divine Radiance V	False	hit 2	icon_skills.magicshot_tex
10502	Common	Common	Priest	Divine Radiance V	False	hit 3	icon_skills.magicshot_tex
10503	Common	Common	Priest	Divine Radiance V	False	hit 4	icon_skills.magicshot_tex
10520	Common	Common	Priest	Divine Radiance V	False	hit 1	icon_skills.magicshot_tex
10521	Common	Common	Priest	Divine Radiance V	False	hit 2	icon_skills.magicshot_tex
10522	Common	Common	Priest	Divine Radiance V	False	hit 3	icon_skills.magicshot_tex
10523	Common	Common	Priest	Divine Radiance V	False	hit 4	icon_skills.magicshot_tex
10600	Common	Common	Priest	Divine Radiance VI	False	hit 1	icon_skills.magicshot_tex
10601	Common	Common	Priest	Divine Radiance VI	False	hit 2	icon_skills.magicshot_tex
10602	Common	Common	Priest	Divine Radiance VI	False	hit 3	icon_skills.magicshot_tex
10603	Common	Common	Priest	Divine Radiance VI	False	hit 4	icon_skills.magicshot_tex
10620	Common	Common	Priest	Divine Radiance VI	False	hit 1	icon_skills.magicshot_tex
10621	Common	Common	Priest	Divine Radiance VI	False	hit 2	icon_skills.magicshot_tex
10622	Common	Common	Priest	Divine Radiance VI	False	hit 3	icon_skills.magicshot_tex
10623	Common	Common	Priest	Divine Radiance VI	False	hit 4	icon_skills.magicshot_tex
10700	Common	Common	Priest	Divine Radiance VII	False	hit 1	icon_skills.magicshot_tex
10701	Common	Common	Priest	Divine Radiance VII	False	hit 2	icon_skills.magicshot_tex
10702	Common	Common	Priest	Divine Radiance VII	False	hit 3	icon_skills.magicshot_tex
10703	Common	Common	Priest	Divine Radiance VII	False	hit 4	icon_skills.magicshot_tex
10720	Common	Common	Priest	Divine Radiance VII	False	hit 1	icon_skills.magicshot_tex
10721	Common	Common	Priest	Divine Radiance VII	False	hit 2	icon_skills.magicshot_tex
10722	Common	Common	Priest	Divine Radiance VII	False	hit 3	icon_skills.magicshot_tex
10723	Common	Common	Priest	Divine Radiance VII	False	hit 4	icon_skills.magicshot_tex
10800	Common	Common	Priest	Divine Radiance VIII	False	hit 1	icon_skills.magicshot_tex
10801	Common	Common	Priest	Divine Radiance VIII	False	hit 2	icon_skills.magicshot_tex
10802	Common	Common	Priest	Divine Radiance VIII	False	hit 3	icon_skills.magicshot_tex
10803	Common	Common	Priest	Divine Radiance VIII	False	hit 4	icon_skills.magicshot_tex
10820	Common	Common	Priest	Divine Radiance VIII	False	hit 1	icon_skills.magicshot_tex
10821	Common	Common	Priest	Divine Radiance VIII	False	hit 2	icon_skills.magicshot_tex
10822	Common	Common	Priest	Divine Radiance VIII	False	hit 3	icon_skills.magicshot_tex
10823	Common	Common	Priest	Divine Radiance VIII	False	hit 4	icon_skills.magicshot_tex
10900	Common	Common	Priest	Divine Radiance IX	False	hit 1	icon_skills.magicshot_tex
10901	Common	Common	Priest	Divine Radiance IX	False	hit 2	icon_skills.magicshot_tex
10902	Common	Common	Priest	Divine Radiance IX	False	hit 3	icon_skills.magicshot_tex
10903	Common	Common	Priest	Divine Radiance IX	False	hit 4	icon_skills.magicshot_tex
10920	Common	Common	Priest	Divine Radiance IX	False	hit 1	icon_skills.magicshot_tex
10921	Common	Common	Priest	Divine Radiance IX	False	hit 2	icon_skills.magicshot_tex
10922	Common	Common	Priest	Divine Radiance IX	False	hit 3	icon_skills.magicshot_tex
10923	Common	Common	Priest	Divine Radiance IX	False	hit 4	icon_skills.magicshot_tex
11000	Common	Common	Priest	Divine Radiance X	False	hit 1	icon_skills.magicshot_tex
11001	Common	Common	Priest	Divine Radiance X	False	hit 2	icon_skills.magicshot_tex
11002	Common	Common	Priest	Divine Radiance X	False	hit 3	icon_skills.magicshot_tex
11003	Common	Common	Priest	Divine Radiance X	False	hit 4	icon_skills.magicshot_tex
11020	Common	Common	Priest	Divine Radiance X	False	hit 1	icon_skills.magicshot_tex
11021	Common	Common	Priest	Divine Radiance X	False	hit 2	icon_skills.magicshot_tex
11022	Common	Common	Priest	Divine Radiance X	False	hit 3	icon_skills.magicshot_tex
11023	Common	Common	Priest	Divine Radiance X	False	hit 4	icon_skills.magicshot_tex
11100	Common	Common	Priest	Divine Radiance XI	False	hit 1	icon_skills.magicshot_tex
11101	Common	Common	Priest	Divine Radiance XI	False	hit 2	icon_skills.magicshot_tex
11102	Common	Common	Priest	Divine Radiance XI	False	hit 3	icon_skills.magicshot_tex
11103	Common	Common	Priest	Divine Radiance XI	False	hit 4	icon_skills.magicshot_tex
11120	Common	Common	Priest	Divine Radiance XI	False	hit 1	icon_skills.magicshot_tex
11121	Common	Common	Priest	Divine Radiance XI	False	hit 2	icon_skills.magicshot_tex
11122	Common	Common	Priest	Divine Radiance XI	False	hit 3	icon_skills.magicshot_tex
11123	Common	Common	Priest	Divine Radiance XI	False	hit 4	icon_skills.magicshot_tex
11200	Common	Common	Priest	Divine Radiance XII	False	hit 1	icon_skills.magicshot_tex
11201	Common	Common	Priest	Divine Radiance XII	False	hit 2	icon_skills.magicshot_tex
11202	Common	Common	Priest	Divine Radiance XII	False	hit 3	icon_skills.magicshot_tex
11203	Common	Common	Priest	Divine Radiance XII	False	hit 4	icon_skills.magicshot_tex
11220	Common	Common	Priest	Divine Radiance XII	False	hit 1	icon_skills.magicshot_tex
11221	Common	Common	Priest	Divine Radiance XII	False	hit 2	icon_skills.magicshot_tex
11222	Common	Common	Priest	Divine Radiance XII	False	hit 3	icon_skills.magicshot_tex
11223	Common	Common	Priest	Divine Radiance XII	False	hit 4	icon_skills.magicshot_tex
11300	Common	Common	Priest	Divine Radiance XIII	False	hit 1	icon_skills.magicshot_tex
11301	Common	Common	Priest	Divine Radiance XIII	False	hit 2	icon_skills.magicshot_tex
11302	Common	Common	Priest	Divine Radiance XIII	False	hit 3	icon_skills.magicshot_tex
11303	Common	Common	Priest	Divine Radiance XIII	False	hit 4	icon_skills.magicshot_tex
11320	Common	Common	Priest	Divine Radiance XIII	False	hit 1	icon_skills.magicshot_tex
11321	Common	Common	Priest	Divine Radiance XIII	False	hit 2	icon_skills.magicshot_tex
11322	Common	Common	Priest	Divine Radiance XIII	False	hit 3	icon_skills.magicshot_tex
11323	Common	Common	Priest	Divine Radiance XIII	False	hit 4	icon_skills.magicshot_tex
11400	Common	Common	Priest	Divine Radiance XIV	False	hit 1	icon_skills.magicshot_tex
11401	Common	Common	Priest	Divine Radiance XIV	False	hit 2	icon_skills.magicshot_tex
11402	Common	Common	Priest	Divine Radiance XIV	False	hit 3	icon_skills.magicshot_tex
11403	Common	Common	Priest	Divine Radiance XIV	False	hit 4	icon_skills.magicshot_tex
11420	Common	Common	Priest	Divine Radiance XIV	False	hit 1	icon_skills.magicshot_tex
11421	Common	Common	Priest	Divine Radiance XIV	False	hit 2	icon_skills.magicshot_tex
11422	Common	Common	Priest	Divine Radiance XIV	False	hit 3	icon_skills.magicshot_tex
11423	Common	Common	Priest	Divine Radiance XIV	False	hit 4	icon_skills.magicshot_tex
11500	Common	Common	Priest	Divine Radiance XV	False	hit 1	icon_skills.magicshot_tex
11501	Common	Common	Priest	Divine Radiance XV	False	hit 2	icon_skills.magicshot_tex
11502	Common	Common	Priest	Divine Radiance XV	False	hit 3	icon_skills.magicshot_tex
11503	Common	Common	Priest	Divine Radiance XV	False	hit 4	icon_skills.magicshot_tex
11520	Common	Common	Priest	Divine Radiance XV	False	hit 1	icon_skills.magicshot_tex
11521	Common	Common	Priest	Divine Radiance XV	False	hit 2	icon_skills.magicshot_tex
11522	Common	Common	Priest	Divine Radiance XV	False	hit 3	icon_skills.magicshot_tex
11523	Common	Common	Priest	Divine Radiance XV	False	hit 4	icon_skills.magicshot_tex
20100	Common	Common	Priest	Regeneration Circle I	False		icon_skills.healingwind_tex
20200	Common	Common	Priest	Regeneration Circle II	False		icon_skills.healingwind_tex
20300	Common	Common	Priest	Regeneration Circle III	False		icon_skills.healingwind_tex
20400	Common	Common	Priest	Regeneration Circle IV	False		icon_skills.healingwind_tex
20500	Common	Common	Priest	Regeneration Circle V	False		icon_skills.healingwind_tex
20600	Common	Common	Priest	Regeneration Circle VI	False		icon_skills.healingwind_tex
20700	Common	Common	Priest	Regeneration Circle VII	False		icon_skills.healingwind_tex
20800	Common	Common	Priest	Regeneration Circle VIII	False		icon_skills.healingwind_tex
20900	Common	Common	Priest	Regeneration Circle IX	False		icon_skills.healingwind_tex
21000	Common	Common	Priest	Regeneration Circle X	False		icon_skills.healingwind_tex
21100	Common	Common	Priest	Regeneration Circle XI	False		icon_skills.healingwind_tex
21200	Common	Common	Priest	Regeneration Circle XII	False		icon_skills.healingwind_tex
21300	Common	Common	Priest	Regeneration Circle XIII	False		icon_skills.healingwind_tex
21400	Common	Common	Priest	Regeneration Circle XIV	False		icon_skills.healingwind_tex
30100	Common	Common	Priest	Healing Circle I	False		icon_skills.healarea_tex
30200	Common	Common	Priest	Healing Circle II	False		icon_skills.healarea_tex
30300	Common	Common	Priest	Healing Circle III	False		icon_skills.healarea_tex
30400	Common	Common	Priest	Healing Circle IV	False		icon_skills.healarea_tex
30500	Common	Common	Priest	Healing Circle V	False		icon_skills.healarea_tex
30600	Common	Common	Priest	Healing Circle VI	False		icon_skills.healarea_tex
30700	Common	Common	Priest	Healing Circle VII	False		icon_skills.healarea_tex
30800	Common	Common	Priest	Healing Circle VIII	False		icon_skills.healarea_tex
30900	Common	Common	Priest	Healing Circle IX	False		icon_skills.healarea_tex
31000	Common	Common	Priest	Healing Circle X	False		icon_skills.healarea_tex
31100	Common	Common	Priest	Healing Circle XI	False		icon_skills.healarea_tex
31200	Common	Common	Priest	Healing Circle XII	False		icon_skills.healarea_tex
31300	Common	Common	Priest	Healing Circle XIII	False		icon_skills.healarea_tex
50100	Common	Common	Priest	Blessing of Shakan I	False		icon_skills.attackup_tex
50200	Common	Common	Priest	Blessing of Shakan II	False		icon_skills.attackup_tex
50300	Common	Common	Priest	Blessing of Shakan III	False		icon_skills.attackup_tex
50400	Common	Common	Priest	Blessing of Shakan IV	False		icon_skills.attackup_tex
50500	Common	Common	Priest	Blessing of Shakan V	False		icon_skills.attackup_tex
60100	Common	Common	Priest	Arise I	False		icon_skills.recovery_tex
60200	Common	Common	Priest	Arise II	False		icon_skills.recovery_tex
60300	Common	Common	Priest	Arise III	False		icon_skills.recovery_tex
60400	Common	Common	Priest	Arise IV	False		icon_skills.recovery_tex
60500	Common	Common	Priest	Arise V	False		icon_skills.recovery_tex
70100	Common	Common	Priest	Slumber I	False		icon_skills.sleep_tex
70120	Common	Common	Priest	Slumber I	False		icon_skills.sleep_tex
70200	Common	Common	Priest	Slumber II	False		icon_skills.sleep_tex
70220	Common	Common	Priest	Slumber II	False		icon_skills.sleep_tex
70300	Common	Common	Priest	Slumber III	False		icon_skills.sleep_tex
70320	Common	Common	Priest	Slumber III	False		icon_skills.sleep_tex
80100	Common	Common	Priest	Mana Infusion	False		icon_skills.mpcharge_tex
80200	Common	Common	Priest	Mana Infusion	False		icon_skills.mpcharge_tex
80300	Common	Common	Priest	Mana Infusion	False		icon_skills.mpcharge_tex
80400	Common	Common	Priest	Mana Infusion	False		icon_skills.mpcharge_tex
80500	Common	Common	Priest	Mana Infusion	False		icon_skills.mpcharge_tex
100100	Common	Common	Priest	Purifying Circle	False		icon_skills.purify_tex
100200	Common	Common	Priest	Purifying Circle	False		icon_skills.purify_tex
100300	Common	Common	Priest	Purifying Circle	False		icon_skills.purify_tex
100400	Common	Common	Priest	Purifying Circle	False		icon_skills.purify_tex
100500	Common	Common	Priest	Purifying Circle	False		icon_skills.purify_tex
110100	Common	Common	Priest	Metamorphic Blast I	False		icon_skills.punishingshield_tex
110200	Common	Common	Priest	Metamorphic Blast II	False		icon_skills.punishingshield_tex
110300	Common	Common	Priest	Metamorphic Blast III	False		icon_skills.punishingshield_tex
110400	Common	Common	Priest	Metamorphic Blast IV	False		icon_skills.punishingshield_tex
110500	Common	Common	Priest	Metamorphic Blast V	False		icon_skills.punishingshield_tex
110600	Common	Common	Priest	Metamorphic Blast VI	False		icon_skills.punishingshield_tex
110700	Common	Common	Priest	Metamorphic Blast VII	False		icon_skills.punishingshield_tex
110800	Common	Common	Priest	Metamorphic Blast VIII	False		icon_skills.punishingshield_tex
110900	Common	Common	Priest	Metamorphic Blast IX	False		icon_skills.punishingshield_tex
111000	Common	Common	Priest	Metamorphic Blast X	False		icon_skills.punishingshield_tex
111100	Common	Common	Priest	Metamorphic Blast XI	False		icon_skills.punishingshield_tex
111200	Common	Common	Priest	Metamorphic Blast XII	False		icon_skills.punishingshield_tex
111300	Common	Common	Priest	Metamorphic Blast XIII	False		icon_skills.punishingshield_tex
111400	Common	Common	Priest	Metamorphic Blast XIV	False		icon_skills.punishingshield_tex
111500	Common	Common	Priest	Metamorphic Blast XV	False		icon_skills.punishingshield_tex
120100	Common	Common	Priest	Resurrect	False		icon_skills.resurrect_tex
120200	Common	Common	Priest	Resurrect	False		icon_skills.resurrect_tex
120300	Common	Common	Priest	Resurrect	False		icon_skills.resurrect_tex
120400	Common	Common	Priest	Resurrect	False		icon_skills.resurrect_tex
130100	Common	Common	Priest	Homeward Bound	False		icon_skills.teleportall_tex
130200	Common	Common	Priest	Homeward Bound	False		icon_skills.teleportall_tex
140100	Common	Common	Priest	Summon: Party	False		icon_skills.recallfriend_tex
140200	Common	Common	Priest	Summon: Party	False		icon_skills.recallfriend_tex
150100	Common	Common	Priest	Blessing of Zenobia	False		icon_skills.fastwalk_tex
150200	Common	Common	Priest	Blessing of Zenobia	False		icon_skills.fastwalk_tex
160100	Common	Common	Priest	Shocking Implosion I	False		icon_skills.damagedeal_tex
160200	Common	Common	Priest	Shocking Implosion II	False		icon_skills.damagedeal_tex
160300	Common	Common	Priest	Shocking Implosion III	False		icon_skills.damagedeal_tex
160400	Common	Common	Priest	Shocking Implosion IV	False		icon_skills.damagedeal_tex
160500	Common	Common	Priest	Shocking Implosion V	False		icon_skills.damagedeal_tex
160600	Common	Common	Priest	Shocking Implosion VI	False		icon_skills.damagedeal_tex
160700	Common	Common	Priest	Shocking Implosion VII	False		icon_skills.damagedeal_tex
160800	Common	Common	Priest	Shocking Implosion VIII	False		icon_skills.damagedeal_tex
160900	Common	Common	Priest	Shocking Implosion IX	False		icon_skills.damagedeal_tex
161000	Common	Common	Priest	Shocking Implosion X	False		icon_skills.damagedeal_tex
161100	Common	Common	Priest	Shocking Implosion XI	False		icon_skills.damagedeal_tex
161200	Common	Common	Priest	Shocking Implosion XII	False		icon_skills.damagedeal_tex
161300	Common	Common	Priest	Shocking Implosion XIII	False		icon_skills.damagedeal_tex
170100	Common	Common	Priest	Prayer of Peace I	False		icon_skills.agrorelease_tex
170200	Common	Common	Priest	Prayer of Peace II	False		icon_skills.agrorelease_tex
170300	Common	Common	Priest	Prayer of Peace III	False		icon_skills.agrorelease_tex
170400	Common	Common	Priest	Prayer of Peace IV	False		icon_skills.agrorelease_tex
170500	Common	Common	Priest	Prayer of Peace V	False		icon_skills.agrorelease_tex
170600	Common	Common	Priest	Prayer of Peace VI	False		icon_skills.agrorelease_tex
180100	Common	Common	Priest	Heal Thyself I	False		icon_skills.healingpray_tex
180200	Common	Common	Priest	Heal Thyself II	False		icon_skills.healingpray_tex
180300	Common	Common	Priest	Heal Thyself III	False		icon_skills.healingpray_tex
180400	Common	Common	Priest	Heal Thyself IV	False		icon_skills.healingpray_tex
180500	Common	Common	Priest	Heal Thyself V	False		icon_skills.healingpray_tex
180600	Common	Common	Priest	Heal Thyself VI	False		icon_skills.healingpray_tex
180700	Common	Common	Priest	Heal Thyself VII	False		icon_skills.healingpray_tex
180800	Common	Common	Priest	Heal Thyself VIII	False		icon_skills.healingpray_tex
180900	Common	Common	Priest	Heal Thyself IX	False		icon_skills.healingpray_tex
181000	Common	Common	Priest	Heal Thyself X	False		icon_skills.healingpray_tex
181100	Common	Common	Priest	Heal Thyself XI	False		icon_skills.healingpray_tex
181200	Common	Common	Priest	Heal Thyself XII	False		icon_skills.healingpray_tex
181300	Common	Common	Priest	Heal Thyself XIII	False		icon_skills.healingpray_tex
181400	Common	Common	Priest	Heal Thyself XIV	False		icon_skills.healingpray_tex
181500	Common	Common	Priest	Heal Thyself XV	False		icon_skills.healingpray_tex
190100	Common	Common	Priest	Focus Heal I	False		icon_skills.healinglightlockon_tex
190110	Common	Common	Priest	Focus Heal I	False		icon_skills.healinglightlockon_tex
190200	Common	Common	Priest	Focus Heal II	False		icon_skills.healinglightlockon_tex
190210	Common	Common	Priest	Focus Heal II	False		icon_skills.healinglightlockon_tex
190300	Common	Common	Priest	Focus Heal III	False		icon_skills.healinglightlockon_tex
190310	Common	Common	Priest	Focus Heal III	False		icon_skills.healinglightlockon_tex
190400	Common	Common	Priest	Focus Heal IV	False		icon_skills.healinglightlockon_tex
190410	Common	Common	Priest	Focus Heal IV	False		icon_skills.healinglightlockon_tex
190500	Common	Common	Priest	Focus Heal V	False		icon_skills.healinglightlockon_tex
190510	Common	Common	Priest	Focus Heal V	False		icon_skills.healinglightlockon_tex
190600	Common	Common	Priest	Focus Heal VI	False		icon_skills.healinglightlockon_tex
190610	Common	Common	Priest	Focus Heal VI	False		icon_skills.healinglightlockon_tex
190700	Common	Common	Priest	Focus Heal VII	False		icon_skills.healinglightlockon_tex
190710	Common	Common	Priest	Focus Heal VII	False		icon_skills.healinglightlockon_tex
190800	Common	Common	Priest	Focus Heal VIII	False		icon_skills.healinglightlockon_tex
190810	Common	Common	Priest	Focus Heal VIII	False		icon_skills.healinglightlockon_tex
190900	Common	Common	Priest	Focus Heal IX	False		icon_skills.healinglightlockon_tex
190910	Common	Common	Priest	Focus Heal IX	False		icon_skills.healinglightlockon_tex
191000	Common	Common	Priest	Focus Heal X	False		icon_skills.healinglightlockon_tex
191010	Common	Common	Priest	Focus Heal X	False		icon_skills.healinglightlockon_tex
191100	Common	Common	Priest	Focus Heal XI	False		icon_skills.healinglightlockon_tex
191110	Common	Common	Priest	Focus Heal XI	False		icon_skills.healinglightlockon_tex
191200	Common	Common	Priest	Focus Heal XII	False		icon_skills.healinglightlockon_tex
191210	Common	Common	Priest	Focus Heal XII	False		icon_skills.healinglightlockon_tex
200100	Common	Common	Priest	Blessing of Seren I	False		icon_skills.agilitybless_tex
200200	Common	Common	Priest	Blessing of Seren II	False		icon_skills.agilitybless_tex
200300	Common	Common	Priest	Blessing of Seren III	False		icon_skills.agilitybless_tex
200400	Common	Common	Priest	Blessing of Seren IV	False		icon_skills.agilitybless_tex
200500	Common	Common	Priest	Blessing of Seren V	False		icon_skills.agilitybless_tex
200600	Common	Common	Priest	Blessing of Seren VI	False		icon_skills.agilitybless_tex
210100	Common	Common	Priest	Blessing of Arachne	False		icon_skills.resistancebless_tex
210200	Common	Common	Priest	Blessing of Arachne	False		icon_skills.resistancebless_tex
210300	Common	Common	Priest	Blessing of Arachne	False		icon_skills.resistancebless_tex
210400	Common	Common	Priest	Blessing of Arachne	False		icon_skills.resistancebless_tex
210500	Common	Common	Priest	Blessing of Arachne	False		icon_skills.resistancebless_tex
220100	Common	Common	Priest	Kaia's Shield I	False		icon_skills.armorofprotection_tex
220200	Common	Common	Priest	Kaia's Shield II	False		icon_skills.armorofprotection_tex
220300	Common	Common	Priest	Kaia's Shield III	False		icon_skills.armorofprotection_tex
220400	Common	Common	Priest	Kaia's Shield IV	False		icon_skills.armorofprotection_tex
220500	Common	Common	Priest	Kaia's Shield V	False		icon_skills.armorofprotection_tex
220600	Common	Common	Priest	Kaia's Shield VI	False		icon_skills.armorofprotection_tex
220700	Common	Common	Priest	Kaia's Shield VII	False		icon_skills.armorofprotection_tex
220800	Common	Common	Priest	Kaia's Shield VIII	False		icon_skills.armorofprotection_tex
220900	Common	Common	Priest	Kaia's Shield IX	False		icon_skills.armorofprotection_tex
221000	Common	Common	Priest	Kaia's Shield X	False		icon_skills.armorofprotection_tex
221100	Common	Common	Priest	Kaia's Shield XI	False		icon_skills.armorofprotection_tex
221200	Common	Common	Priest	Kaia's Shield XII	False		icon_skills.armorofprotection_tex
221300	Common	Common	Priest	Kaia's Shield XIII	False		icon_skills.armorofprotection_tex
221400	Common	Common	Priest	Kaia's Shield XIV	False		icon_skills.armorofprotection_tex
230100	Common	Common	Priest	Blessing of Balder I	False		icon_skills.refreshbless_tex
230200	Common	Common	Priest	Blessing of Balder II	False		icon_skills.refreshbless_tex
230300	Common	Common	Priest	Blessing of Balder III	False		icon_skills.refreshbless_tex
230400	Common	Common	Priest	Blessing of Balder IV	False		icon_skills.refreshbless_tex
230500	Common	Common	Priest	Blessing of Balder V	False		icon_skills.refreshbless_tex
230600	Common	Common	Priest	Blessing of Balder VI	False		icon_skills.refreshbless_tex
230700	Common	Common	Priest	Blessing of Balder VII	False		icon_skills.refreshbless_tex
230800	Common	Common	Priest	Blessing of Balder VIII	False		icon_skills.refreshbless_tex
230900	Common	Common	Priest	Blessing of Balder IX	False		icon_skills.refreshbless_tex
250100	Common	Common	Priest	Retaliate I	False		icon_skills.risingattack_tex
250200	Common	Common	Priest	Retaliate II	False		icon_skills.risingattack_tex
250300	Common	Common	Priest	Retaliate III	False		icon_skills.risingattack_tex
250400	Common	Common	Priest	Retaliate IV	False		icon_skills.risingattack_tex
250500	Common	Common	Priest	Retaliate V	False		icon_skills.risingattack_tex
250600	Common	Common	Priest	Retaliate VI	False		icon_skills.risingattack_tex
250700	Common	Common	Priest	Retaliate VII	False		icon_skills.risingattack_tex
250800	Common	Common	Priest	Retaliate VIII	False		icon_skills.risingattack_tex
250900	Common	Common	Priest	Retaliate IX	False		icon_skills.risingattack_tex
251000	Common	Common	Priest	Retaliate X	False		icon_skills.risingattack_tex
251100	Common	Common	Priest	Retaliate XI	False		icon_skills.risingattack_tex
251200	Common	Common	Priest	Retaliate XII	False		icon_skills.risingattack_tex
260100	Common	Common	Priest	Fiery Escape I	False		icon_skills.sanctuary_tex
260200	Common	Common	Priest	Fiery Escape II	False		icon_skills.sanctuary_tex
260300	Common	Common	Priest	Fiery Escape III	False		icon_skills.sanctuary_tex
260400	Common	Common	Priest	Fiery Escape IV	False		icon_skills.sanctuary_tex
260500	Common	Common	Priest	Fiery Escape V	False		icon_skills.sanctuary_tex
260600	Common	Common	Priest	Fiery Escape VI	False		icon_skills.sanctuary_tex
260700	Common	Common	Priest	Fiery Escape VII	False		icon_skills.sanctuary_tex
260800	Common	Common	Priest	Fiery Escape VIII	False		icon_skills.sanctuary_tex
260900	Common	Common	Priest	Fiery Escape IX	False		icon_skills.sanctuary_tex
261000	Common	Common	Priest	Fiery Escape X	False		icon_skills.sanctuary_tex
261100	Common	Common	Priest	Fiery Escape XI	False		icon_skills.sanctuary_tex
261200	Common	Common	Priest	Fiery Escape XII	False		icon_skills.sanctuary_tex
261300	Common	Common	Priest	Fiery Escape XIII	False		icon_skills.sanctuary_tex
261400	Common	Common	Priest	Fiery Escape XIV	False		icon_skills.sanctuary_tex
270100	Common	Common	Priest	Final Reprisal I	False		icon_skills.punishingtouch_tex
270130	Common	Common	Priest	Final Reprisal I	True		icon_skills.punishingtouch_tex
270200	Common	Common	Priest	Final Reprisal II	False		icon_skills.punishingtouch_tex
270230	Common	Common	Priest	Final Reprisal II	True		icon_skills.punishingtouch_tex
270300	Common	Common	Priest	Final Reprisal III	False		icon_skills.punishingtouch_tex
270330	Common	Common	Priest	Final Reprisal III	True		icon_skills.punishingtouch_tex
270400	Common	Common	Priest	Final Reprisal IV	False		icon_skills.punishingtouch_tex
270430	Common	Common	Priest	Final Reprisal IV	True		icon_skills.punishingtouch_tex
270500	Common	Common	Priest	Final Reprisal V	False		icon_skills.punishingtouch_tex
270530	Common	Common	Priest	Final Reprisal V	True		icon_skills.punishingtouch_tex
270600	Common	Common	Priest	Final Reprisal VI	False		icon_skills.punishingtouch_tex
270630	Common	Common	Priest	Final Reprisal VI	True		icon_skills.punishingtouch_tex
270700	Common	Common	Priest	Final Reprisal VII	False		icon_skills.punishingtouch_tex
270730	Common	Common	Priest	Final Reprisal VII	True		icon_skills.punishingtouch_tex
270800	Common	Common	Priest	Final Reprisal VIII	False		icon_skills.punishingtouch_tex
270830	Common	Common	Priest	Final Reprisal VIII	True		icon_skills.punishingtouch_tex
270900	Common	Common	Priest	Final Reprisal IX	False		icon_skills.punishingtouch_tex
270930	Common	Common	Priest	Final Reprisal IX	True		icon_skills.punishingtouch_tex
271000	Common	Common	Priest	Final Reprisal X	False		icon_skills.punishingtouch_tex
271030	Common	Common	Priest	Final Reprisal X	True		icon_skills.punishingtouch_tex
271100	Common	Common	Priest	Final Reprisal XI	False		icon_skills.punishingtouch_tex
271130	Common	Common	Priest	Final Reprisal XI	True		icon_skills.punishingtouch_tex
271200	Common	Common	Priest	Final Reprisal XII	False		icon_skills.punishingtouch_tex
271230	Common	Common	Priest	Final Reprisal XII	True		icon_skills.punishingtouch_tex
271300	Common	Common	Priest	Final Reprisal XIII	False		icon_skills.punishingtouch_tex
271330	Common	Common	Priest	Final Reprisal XIII	True		icon_skills.punishingtouch_tex
280100	Common	Common	Priest	Mana Charge	False		icon_skills.manarejuvenation_tex
280110	Common	Common	Priest	Mana Charge	False	hit 1	icon_skills.manarejuvenation_tex
280111	Common	Common	Priest	Mana Charge	False	hit 2	icon_skills.manarejuvenation_tex
280112	Common	Common	Priest	Mana Charge	False	hit 3	icon_skills.manarejuvenation_tex
280200	Common	Common	Priest	Mana Charge	False		icon_skills.manarejuvenation_tex
280210	Common	Common	Priest	Mana Charge	False	hit 1	icon_skills.manarejuvenation_tex
280211	Common	Common	Priest	Mana Charge	False	hit 2	icon_skills.manarejuvenation_tex
280212	Common	Common	Priest	Mana Charge	False	hit 3	icon_skills.manarejuvenation_tex
280213	Common	Common	Priest	Mana Charge	False	hit 4	icon_skills.manarejuvenation_tex
290100	Common	Common	Priest	Triple Nemesis I	False	hit 1	icon_skills.divineretribution_tex
290101	Common	Common	Priest	Triple Nemesis I	False	hit 2	icon_skills.divineretribution_tex
290102	Common	Common	Priest	Triple Nemesis I	False	hit 3	icon_skills.divineretribution_tex
290200	Common	Common	Priest	Triple Nemesis II	False	hit 1	icon_skills.divineretribution_tex
290201	Common	Common	Priest	Triple Nemesis II	False	hit 2	icon_skills.divineretribution_tex
290202	Common	Common	Priest	Triple Nemesis II	False	hit 3	icon_skills.divineretribution_tex
290300	Common	Common	Priest	Triple Nemesis III	False	hit 1	icon_skills.divineretribution_tex
290301	Common	Common	Priest	Triple Nemesis III	False	hit 2	icon_skills.divineretribution_tex
290302	Common	Common	Priest	Triple Nemesis III	False	hit 3	icon_skills.divineretribution_tex
290400	Common	Common	Priest	Triple Nemesis IV	False	hit 1	icon_skills.divineretribution_tex
290401	Common	Common	Priest	Triple Nemesis IV	False	hit 2	icon_skills.divineretribution_tex
290402	Common	Common	Priest	Triple Nemesis IV	False	hit 3	icon_skills.divineretribution_tex
290500	Common	Common	Priest	Triple Nemesis V	False	hit 1	icon_skills.divineretribution_tex
290501	Common	Common	Priest	Triple Nemesis V	False	hit 2	icon_skills.divineretribution_tex
290502	Common	Common	Priest	Triple Nemesis V	False	hit 3	icon_skills.divineretribution_tex
290600	Common	Common	Priest	Triple Nemesis VI	False	hit 1	icon_skills.divineretribution_tex
290601	Common	Common	Priest	Triple Nemesis VI	False	hit 2	icon_skills.divineretribution_tex
290602	Common	Common	Priest	Triple Nemesis VI	False	hit 3	icon_skills.divineretribution_tex
290700	Common	Common	Priest	Triple Nemesis VII	False	hit 1	icon_skills.divineretribution_tex
290701	Common	Common	Priest	Triple Nemesis VII	False	hit 2	icon_skills.divineretribution_tex
290702	Common	Common	Priest	Triple Nemesis VII	False	hit 3	icon_skills.divineretribution_tex
290800	Common	Common	Priest	Triple Nemesis VIII	False	hit 1	icon_skills.divineretribution_tex
290801	Common	Common	Priest	Triple Nemesis VIII	False	hit 2	icon_skills.divineretribution_tex
290802	Common	Common	Priest	Triple Nemesis VIII	False	hit 3	icon_skills.divineretribution_tex
290900	Common	Common	Priest	Triple Nemesis IX	False	hit 1	icon_skills.divineretribution_tex
290901	Common	Common	Priest	Triple Nemesis IX	False	hit 2	icon_skills.divineretribution_tex
290902	Common	Common	Priest	Triple Nemesis IX	False	hit 3	icon_skills.divineretribution_tex
291000	Common	Common	Priest	Triple Nemesis X	False	hit 1	icon_skills.divineretribution_tex
291001	Common	Common	Priest	Triple Nemesis X	False	hit 2	icon_skills.divineretribution_tex
291002	Common	Common	Priest	Triple Nemesis X	False	hit 3	icon_skills.divineretribution_tex
291100	Common	Common	Priest	Triple Nemesis XI	False	hit 1	icon_skills.divineretribution_tex
291101	Common	Common	Priest	Triple Nemesis XI	False	hit 2	icon_skills.divineretribution_tex
291102	Common	Common	Priest	Triple Nemesis XI	False	hit 3	icon_skills.divineretribution_tex
291200	Common	Common	Priest	Triple Nemesis XII	False	hit 1	icon_skills.divineretribution_tex
291201	Common	Common	Priest	Triple Nemesis XII	False	hit 2	icon_skills.divineretribution_tex
291202	Common	Common	Priest	Triple Nemesis XII	False	hit 3	icon_skills.divineretribution_tex
291300	Common	Common	Priest	Triple Nemesis XIII	False	hit 1	icon_skills.divineretribution_tex
291301	Common	Common	Priest	Triple Nemesis XIII	False	hit 2	icon_skills.divineretribution_tex
291302	Common	Common	Priest	Triple Nemesis XIII	False	hit 3	icon_skills.divineretribution_tex
291400	Common	Common	Priest	Triple Nemesis XIV	False	hit 1	icon_skills.divineretribution_tex
291401	Common	Common	Priest	Triple Nemesis XIV	False	hit 2	icon_skills.divineretribution_tex
291402	Common	Common	Priest	Triple Nemesis XIV	False	hit 3	icon_skills.divineretribution_tex
300100	Common	Common	Priest	Plague of Exhaustion I	False		icon_skills.prophecyoflethargy_tex
300110	Common	Common	Priest	Plague of Exhaustion I	False		icon_skills.prophecyoflethargy_tex
300200	Common	Common	Priest	Plague of Exhaustion II	False		icon_skills.prophecyoflethargy_tex
300210	Common	Common	Priest	Plague of Exhaustion II	False		icon_skills.prophecyoflethargy_tex
300300	Common	Common	Priest	Plague of Exhaustion III	False		icon_skills.prophecyoflethargy_tex
300310	Common	Common	Priest	Plague of Exhaustion III	False		icon_skills.prophecyoflethargy_tex
300400	Common	Common	Priest	Plague of Exhaustion IV	False		icon_skills.prophecyoflethargy_tex
300410	Common	Common	Priest	Plague of Exhaustion IV	False		icon_skills.prophecyoflethargy_tex
300500	Common	Common	Priest	Plague of Exhaustion V	False		icon_skills.prophecyoflethargy_tex
300510	Common	Common	Priest	Plague of Exhaustion V	False		icon_skills.prophecyoflethargy_tex
300600	Common	Common	Priest	Plague of Exhaustion VI	False		icon_skills.prophecyoflethargy_tex
300610	Common	Common	Priest	Plague of Exhaustion VI	False		icon_skills.prophecyoflethargy_tex
300700	Common	Common	Priest	Plague of Exhaustion VII	False		icon_skills.prophecyoflethargy_tex
300710	Common	Common	Priest	Plague of Exhaustion VII	False		icon_skills.prophecyoflethargy_tex
300800	Common	Common	Priest	Plague of Exhaustion VIII	False		icon_skills.prophecyoflethargy_tex
300810	Common	Common	Priest	Plague of Exhaustion VIII	False		icon_skills.prophecyoflethargy_tex
300900	Common	Common	Priest	Plague of Exhaustion IX	False		icon_skills.prophecyoflethargy_tex
300910	Common	Common	Priest	Plague of Exhaustion IX	False		icon_skills.prophecyoflethargy_tex
301000	Common	Common	Priest	Plague of Exhaustion X	False		icon_skills.prophecyoflethargy_tex
301010	Common	Common	Priest	Plague of Exhaustion X	False		icon_skills.prophecyoflethargy_tex
310100	Common	Common	Priest	Guardian Sanctuary I	False		icon_skills.guardianaura_tex
310200	Common	Common	Priest	Guardian Sanctuary II	False		icon_skills.guardianaura_tex
310300	Common	Common	Priest	Guardian Sanctuary III	False		icon_skills.guardianaura_tex
310400	Common	Common	Priest	Guardian Sanctuary IV	False		icon_skills.guardianaura_tex
310500	Common	Common	Priest	Guardian Sanctuary V	False		icon_skills.guardianaura_tex
320100	Common	Common	Priest	Divine Respite I	False		icon_skills.restoration_tex
320200	Common	Common	Priest	Divine Respite II	False		icon_skills.restoration_tex
320300	Common	Common	Priest	Divine Respite III	False		icon_skills.restoration_tex
320400	Common	Common	Priest	Divine Respite IV	False		icon_skills.restoration_tex
320500	Common	Common	Priest	Divine Respite V	False		icon_skills.restoration_tex
330100	Common	Common	Priest	Ishara's Lullaby I	False		icon_skills.lullabyoflshara_tex
330110	Common	Common	Priest	Ishara's Lullaby I	False		icon_skills.lullabyoflshara_tex
330200	Common	Common	Priest	Ishara's Lullaby II	False		icon_skills.lullabyoflshara_tex
330210	Common	Common	Priest	Ishara's Lullaby II	False		icon_skills.lullabyoflshara_tex
330300	Common	Common	Priest	Ishara's Lullaby III	False		icon_skills.lullabyoflshara_tex
330310	Common	Common	Priest	Ishara's Lullaby III	False		icon_skills.lullabyoflshara_tex
330400	Common	Common	Priest	Ishara's Lullaby IV	False		icon_skills.lullabyoflshara_tex
330410	Common	Common	Priest	Ishara's Lullaby IV	False		icon_skills.lullabyoflshara_tex
330500	Common	Common	Priest	Ishara's Lullaby V	False		icon_skills.lullabyoflshara_tex
330510	Common	Common	Priest	Ishara's Lullaby V	False		icon_skills.lullabyoflshara_tex
340100	Common	Common	Priest	Restorative Burst I	False		icon_skills.sanctuaryofregeneration_tex
340120	Common	Common	Priest	Restorative Burst I	False		icon_skills.sanctuaryofregeneration_tex
340200	Common	Common	Priest	Restorative Burst II	False		icon_skills.sanctuaryofregeneration_tex
340220	Common	Common	Priest	Restorative Burst II	False		icon_skills.sanctuaryofregeneration_tex
340300	Common	Common	Priest	Restorative Burst III	False		icon_skills.sanctuaryofregeneration_tex
340320	Common	Common	Priest	Restorative Burst III	False		icon_skills.sanctuaryofregeneration_tex
340400	Common	Common	Priest	Restorative Burst IV	False		icon_skills.sanctuaryofregeneration_tex
340420	Common	Common	Priest	Restorative Burst IV	False		icon_skills.sanctuaryofregeneration_tex
340500	Common	Common	Priest	Restorative Burst V	False		icon_skills.sanctuaryofregeneration_tex
340520	Common	Common	Priest	Restorative Burst V	False		icon_skills.sanctuaryofregeneration_tex
340600	Common	Common	Priest	Restorative Burst VI	False		icon_skills.sanctuaryofregeneration_tex
340620	Common	Common	Priest	Restorative Burst VI	False		icon_skills.sanctuaryofregeneration_tex
340700	Common	Common	Priest	Restorative Burst VII	False		icon_skills.sanctuaryofregeneration_tex
340720	Common	Common	Priest	Restorative Burst VII	False		icon_skills.sanctuaryofregeneration_tex
340800	Common	Common	Priest	Restorative Burst VIII	False		icon_skills.sanctuaryofregeneration_tex
340820	Common	Common	Priest	Restorative Burst VIII	False		icon_skills.sanctuaryofregeneration_tex
340900	Common	Common	Priest	Restorative Burst IX	False		icon_skills.sanctuaryofregeneration_tex
340920	Common	Common	Priest	Restorative Burst IX	False		icon_skills.sanctuaryofregeneration_tex
341000	Common	Common	Priest	Restorative Burst X	False		icon_skills.sanctuaryofregeneration_tex
341020	Common	Common	Priest	Restorative Burst X	False		icon_skills.sanctuaryofregeneration_tex
341100	Common	Common	Priest	Restorative Burst XI	False		icon_skills.sanctuaryofregeneration_tex
341120	Common	Common	Priest	Restorative Burst XI	False		icon_skills.sanctuaryofregeneration_tex
341200	Common	Common	Priest	Restorative Burst XII	False		icon_skills.sanctuaryofregeneration_tex
341220	Common	Common	Priest	Restorative Burst XII	False		icon_skills.sanctuaryofregeneration_tex
341300	Common	Common	Priest	Restorative Burst XIII	False		icon_skills.sanctuaryofregeneration_tex
341320	Common	Common	Priest	Restorative Burst XIII	False		icon_skills.sanctuaryofregeneration_tex
341400	Common	Common	Priest	Restorative Burst XIV	False		icon_skills.sanctuaryofregeneration_tex
341420	Common	Common	Priest	Restorative Burst XIV	False		icon_skills.sanctuaryofregeneration_tex
350100	Common	Common	Priest	Energy Stars I	False		icon_skills.divinelightning_tex
350110	Common	Common	Priest	Energy Stars I	False		icon_skills.divinelightning_tex
350200	Common	Common	Priest	Energy Stars II	False		icon_skills.divinelightning_tex
350210	Common	Common	Priest	Energy Stars II	False		icon_skills.divinelightning_tex
350300	Common	Common	Priest	Energy Stars III	False		icon_skills.divinelightning_tex
350310	Common	Common	Priest	Energy Stars III	False		icon_skills.divinelightning_tex
350400	Common	Common	Priest	Energy Stars IV	False		icon_skills.divinelightning_tex
350410	Common	Common	Priest	Energy Stars IV	False		icon_skills.divinelightning_tex
350500	Common	Common	Priest	Energy Stars V	False		icon_skills.divinelightning_tex
350510	Common	Common	Priest	Energy Stars V	False		icon_skills.divinelightning_tex
350600	Common	Common	Priest	Energy Stars VI	False		icon_skills.divinelightning_tex
350610	Common	Common	Priest	Energy Stars VI	False		icon_skills.divinelightning_tex
350700	Common	Common	Priest	Energy Stars VII	False		icon_skills.divinelightning_tex
350710	Common	Common	Priest	Energy Stars VII	False		icon_skills.divinelightning_tex
360100	Common	Common	Priest	Epiphany of the Goddess I	False		icon_skills.adventgoddess_tex
360200	Common	Common	Priest	Epiphany of the Goddess II	False		icon_skills.adventgoddess_tex
370100	Common	Common	Priest	Healing Immersion I	False		icon_skills.curewing_tex
370110	Common	Common	Priest	Healing Immersion I	False		icon_skills.curewing_tex
370200	Common	Common	Priest	Healing Immersion II	False		icon_skills.curewing_tex
370210	Common	Common	Priest	Healing Immersion II	False		icon_skills.curewing_tex
370300	Common	Common	Priest	Healing Immersion III	False		icon_skills.curewing_tex
370310	Common	Common	Priest	Healing Immersion III	False		icon_skills.curewing_tex
370400	Common	Common	Priest	Healing Immersion IV	False		icon_skills.curewing_tex
370410	Common	Common	Priest	Healing Immersion IV	False		icon_skills.curewing_tex
370500	Common	Common	Priest	Healing Immersion V	False		icon_skills.curewing_tex
370510	Common	Common	Priest	Healing Immersion V	False		icon_skills.curewing_tex
380100	Common	Common	Priest	Backstep	False		icon_skills.backstep_tex
390100	Common	Common	Priest	Grace of Resurrection	False		icon_skills.selfpreresurrection_tex
390200	Common	Common	Priest	Grace of Resurrection	False		icon_skills.selfpreresurrection_tex
390300	Common	Common	Priest	Grace of Resurrection	False		icon_skills.selfpreresurrection_tex
390400	Common	Common	Priest	Grace of Resurrection	False		icon_skills.selfpreresurrection_tex
390500	Common	Common	Priest	Grace of Resurrection	False		icon_skills.selfpreresurrection_tex
400100	Common	Common	Priest	Zenobia's Vortex	False		icon_skills.godbreath_tex
400120	Common	Common	Priest	Zenobia's Vortex	False		icon_skills.godbreath_tex
410100	Common	Common	Priest	Divine Intervention	False		icon_skills.helpinghand_tex
410110	Common	Common	Priest	Divine Intervention	False		icon_skills.helpinghand_tex
10100	Common	Common	Reaper	Spiral Barrage I	False		icon_skills.comboattack2_tex
10101	Common	Common	Reaper	Spiral Barrage I	False		icon_skills.comboattack2_tex
10102	Common	Common	Reaper	Spiral Barrage I	False	hit 2	icon_skills.comboattack2_tex
10103	Common	Common	Reaper	Spiral Barrage I	False	hit 3	icon_skills.comboattack2_tex
10104	Common	Common	Reaper	Spiral Barrage I	False	hit 4	icon_skills.comboattack2_tex
10105	Common	Common	Reaper	Spiral Barrage I	False	hit 5	icon_skills.comboattack2_tex
10200	Common	Common	Reaper	Spiral Barrage II	False		icon_skills.comboattack2_tex
10201	Common	Common	Reaper	Spiral Barrage II	False		icon_skills.comboattack2_tex
10202	Common	Common	Reaper	Spiral Barrage II	False	hit 2	icon_skills.comboattack2_tex
10203	Common	Common	Reaper	Spiral Barrage II	False	hit 3	icon_skills.comboattack2_tex
10204	Common	Common	Reaper	Spiral Barrage II	False	hit 4	icon_skills.comboattack2_tex
10205	Common	Common	Reaper	Spiral Barrage II	False	hit 5	icon_skills.comboattack2_tex
10300	Common	Common	Reaper	Spiral Barrage III	False		icon_skills.comboattack2_tex
10301	Common	Common	Reaper	Spiral Barrage III	False		icon_skills.comboattack2_tex
10302	Common	Common	Reaper	Spiral Barrage III	False	hit 2	icon_skills.comboattack2_tex
10303	Common	Common	Reaper	Spiral Barrage III	False	hit 3	icon_skills.comboattack2_tex
10304	Common	Common	Reaper	Spiral Barrage III	False	hit 4	icon_skills.comboattack2_tex
10305	Common	Common	Reaper	Spiral Barrage III	False	hit 5	icon_skills.comboattack2_tex
30100	Common	Common	Reaper	Double Shear I	False		icon_skills.chainsmash_tex
30130	Common	Common	Reaper	Double Shear I	True		icon_skills.chainsmash_tex
30200	Common	Common	Reaper	Double Shear II	False		icon_skills.chainsmash_tex
30230	Common	Common	Reaper	Double Shear II	True		icon_skills.chainsmash_tex
30300	Common	Common	Reaper	Double Shear III	False		icon_skills.chainsmash_tex
30330	Common	Common	Reaper	Double Shear III	True		icon_skills.chainsmash_tex
40100	Common	Common	Reaper	Sundering Strike I	False		icon_skills.chainblow_tex
40120	Common	Common	Reaper	Sundering Strike I	False		icon_skills.chainblow_tex
40130	Common	Common	Reaper	Sundering Strike I	True		icon_skills.chainblow_tex
40200	Common	Common	Reaper	Sundering Strike II	False		icon_skills.chainblow_tex
40220	Common	Common	Reaper	Sundering Strike II	False		icon_skills.chainblow_tex
40230	Common	Common	Reaper	Sundering Strike II	True		icon_skills.chainblow_tex
40300	Common	Common	Reaper	Sundering Strike III	False		icon_skills.chainblow_tex
40320	Common	Common	Reaper	Sundering Strike III	False		icon_skills.chainblow_tex
40330	Common	Common	Reaper	Sundering Strike III	True		icon_skills.chainblow_tex
50100	Common	Common	Reaper	Grim Strike I	False		icon_skills.chainsuperblow_tex
50130	Common	Common	Reaper	Grim Strike I	True		icon_skills.chainsuperblow_tex
50200	Common	Common	Reaper	Grim Strike II	False		icon_skills.chainsuperblow_tex
50230	Common	Common	Reaper	Grim Strike II	True		icon_skills.chainsuperblow_tex
50300	Common	Common	Reaper	Grim Strike III	False		icon_skills.chainsuperblow_tex
50330	Common	Common	Reaper	Grim Strike III	True		icon_skills.chainsuperblow_tex
60100	Common	Common	Reaper	Death Spiral I	False	hit 1	icon_skills.chainbrandish_tex
60130	Common	Common	Reaper	Death Spiral I	False		icon_skills.chainbrandish_tex
60131	Common	Common	Reaper	Death Spiral I	False	hit 2	icon_skills.chainbrandish_tex
60190	Common	Common	Reaper	Death Spiral I	False		icon_skills.chainbrandish_tex
60200	Common	Common	Reaper	Death Spiral II	False	hit 1	icon_skills.chainbrandish_tex
60230	Common	Common	Reaper	Death Spiral II	False		icon_skills.chainbrandish_tex
60231	Common	Common	Reaper	Death Spiral II	False	hit 2	icon_skills.chainbrandish_tex
60290	Common	Common	Reaper	Death Spiral II	False		icon_skills.chainbrandish_tex
70100	Common	Common	Reaper	Final Judgment I	False		icon_skills.shieldattack_tex
70101	Common	Common	Reaper	Final Judgment I	False	hit 2	icon_skills.shieldattack_tex
70110	Common	Common	Reaper	Final Judgment I	False		icon_skills.shieldattack_tex
70130	Common	Common	Reaper	Final Judgment I			icon_skills.shieldattack_tex
70131	Common	Common	Reaper	Final Judgment I			icon_skills.shieldattack_tex
70200	Common	Common	Reaper	Final Judgment II	False		icon_skills.shieldattack_tex
70201	Common	Common	Reaper	Final Judgment II	False	hit 2	icon_skills.shieldattack_tex
70210	Common	Common	Reaper	Final Judgment II	False		icon_skills.shieldattack_tex
70230	Common	Common	Reaper	Final Judgment II			icon_skills.shieldattack_tex
70231	Common	Common	Reaper	Final Judgment II			icon_skills.shieldattack_tex
80100	Common	Common	Reaper	Whipsaw I	False		icon_skills.chainblade_tex
80130	Common	Common	Reaper	Whipsaw I	True		icon_skills.chainblade_tex
80200	Common	Common	Reaper	Whipsaw II	False		icon_skills.chainblade_tex
80230	Common	Common	Reaper	Whipsaw II	True		icon_skills.chainblade_tex
90100	Common	Common	Reaper	Smite	False		icon_skills.chainstrike_tex
90130	Common	Common	Reaper	Smite	True		icon_skills.chainstrike_tex
100100	Common	Common	Reaper	Pendulum Strike I	False		icon_skills.chainuppercut_tex
100130	Common	Common	Reaper	Pendulum Strike I	True		icon_skills.chainuppercut_tex
100200	Common	Common	Reaper	Pendulum Strike II	False		icon_skills.chainuppercut_tex
100230	Common	Common	Reaper	Pendulum Strike II	True		icon_skills.chainuppercut_tex
110100	Common	Common	Reaper	Shadow Lash I	False	hit 1	icon_skills.chainflurry_tex
110101	Common	Common	Reaper	Shadow Lash I	False	hit 2	icon_skills.chainflurry_tex
110102	Common	Common	Reaper	Shadow Lash I	False	hit 3	icon_skills.chainflurry_tex
110103	Common	Common	Reaper	Shadow Lash I	False	hit 4	icon_skills.chainflurry_tex
110190	Common	Common	Reaper	Shadow Lash I	False		icon_skills.chainflurry_tex
110200	Common	Common	Reaper	Shadow Lash II	False	hit 1	icon_skills.chainflurry_tex
110201	Common	Common	Reaper	Shadow Lash II	False	hit 2	icon_skills.chainflurry_tex
110202	Common	Common	Reaper	Shadow Lash II	False	hit 3	icon_skills.chainflurry_tex
110203	Common	Common	Reaper	Shadow Lash II	False	hit 4	icon_skills.chainflurry_tex
110290	Common	Common	Reaper	Shadow Lash II	False		icon_skills.chainflurry_tex
120100	Common	Common	Reaper	Shadow Burst I	False	hit 1	icon_skills.darkexplosion_tex
120101	Common	Common	Reaper	Shadow Burst I	False	hit 2	icon_skills.darkexplosion_tex
120130	Common	Common	Reaper	Shadow Burst I	False		icon_skills.darkexplosion_tex
120200	Common	Common	Reaper	Shadow Burst II	False	hit 1	icon_skills.darkexplosion_tex
120201	Common	Common	Reaper	Shadow Burst II	False	hit 2	icon_skills.darkexplosion_tex
120230	Common	Common	Reaper	Shadow Burst II	False		icon_skills.darkexplosion_tex
130100	Common	Common	Reaper	Soul Reversal	False		icon_skills.darkgrasp_tex
130120	Common	Common	Reaper	Soul Reversal	False		icon_skills.darkgrasp_tex
130130	Common	Common	Reaper	Soul Reversal	False		icon_skills.darkgrasp_tex
140100	Common	Common	Reaper	Retaliate I	False		icon_skills.risingattack2_tex
140200	Common	Common	Reaper	Retaliate II	False		icon_skills.risingattack2_tex
140300	Common	Common	Reaper	Retaliate III	False		icon_skills.risingattack2_tex
150100	Common	Common	Reaper	Retribution I	False		icon_skills.counterattack_tex
150180	Common	Common	Reaper	Retribution I	False		icon_skills.counterattack_tex
150200	Common	Common	Reaper	Retribution II	False		icon_skills.counterattack_tex
150280	Common	Common	Reaper	Retribution II	False		icon_skills.counterattack_tex
150300	Common	Common	Reaper	Retribution III	False		icon_skills.counterattack_tex
150380	Common	Common	Reaper	Retribution III	False		icon_skills.counterattack_tex
160100	Common	Common	Reaper	Shadow Reaping	False		icon_skills.descentofdarkness_tex
170100	Common	Common	Reaper	Spirit Gallows	False		icon_skills.tornadoprison_tex
170110	Common	Common	Reaper	Spirit Gallows	False		icon_skills.tornadoprison_tex
180100	Common	Common	Reaper	Shrouded Escape	False		icon_skills.hideindarkness_tex
200100	Common	Common	Reaper	Cable Step	False		icon_skills.reversecapture_tex
200130	Common	Common	Reaper	Cable Step			icon_skills.reversecapture_tex
400100	Common	Common	Reaper	Shadow Step	False	hit 1	icon_skills.instantleap_tex
400130	Common	Common	Reaper	Shadow Step	False	hit 2	icon_skills.instantleap_tex
10100	Common	Common	Slayer	Combo Attack I	False	hit 1	icon_skills.comboattack_tex
10101	Common	Common	Slayer	Combo Attack I	False	hit 2	icon_skills.comboattack_tex
10102	Common	Common	Slayer	Combo Attack I	False	hit 3	icon_skills.comboattack_tex
10103	Common	Common	Slayer	Combo Attack I	False	hit 4	icon_skills.comboattack_tex
10200	Common	Common	Slayer	Combo Attack II	False	hit 1	icon_skills.comboattack_tex
10201	Common	Common	Slayer	Combo Attack II	False	hit 2	icon_skills.comboattack_tex
10202	Common	Common	Slayer	Combo Attack II	False	hit 3	icon_skills.comboattack_tex
10203	Common	Common	Slayer	Combo Attack II	False	hit 4	icon_skills.comboattack_tex
10300	Common	Common	Slayer	Combo Attack III	False	hit 1	icon_skills.comboattack_tex
10301	Common	Common	Slayer	Combo Attack III	False	hit 2	icon_skills.comboattack_tex
10302	Common	Common	Slayer	Combo Attack III	False	hit 3	icon_skills.comboattack_tex
10303	Common	Common	Slayer	Combo Attack III	False	hit 4	icon_skills.comboattack_tex
10400	Common	Common	Slayer	Combo Attack IV	False	hit 1	icon_skills.comboattack_tex
10401	Common	Common	Slayer	Combo Attack IV	False	hit 2	icon_skills.comboattack_tex
10402	Common	Common	Slayer	Combo Attack IV	False	hit 3	icon_skills.comboattack_tex
10403	Common	Common	Slayer	Combo Attack IV	False	hit 4	icon_skills.comboattack_tex
10500	Common	Common	Slayer	Combo Attack V	False	hit 1	icon_skills.comboattack_tex
10501	Common	Common	Slayer	Combo Attack V	False	hit 2	icon_skills.comboattack_tex
10502	Common	Common	Slayer	Combo Attack V	False	hit 3	icon_skills.comboattack_tex
10503	Common	Common	Slayer	Combo Attack V	False	hit 4	icon_skills.comboattack_tex
10600	Common	Common	Slayer	Combo Attack VI	False	hit 1	icon_skills.comboattack_tex
10601	Common	Common	Slayer	Combo Attack VI	False	hit 2	icon_skills.comboattack_tex
10602	Common	Common	Slayer	Combo Attack VI	False	hit 3	icon_skills.comboattack_tex
10603	Common	Common	Slayer	Combo Attack VI	False	hit 4	icon_skills.comboattack_tex
10700	Common	Common	Slayer	Combo Attack VII	False	hit 1	icon_skills.comboattack_tex
10701	Common	Common	Slayer	Combo Attack VII	False	hit 2	icon_skills.comboattack_tex
10702	Common	Common	Slayer	Combo Attack VII	False	hit 3	icon_skills.comboattack_tex
10703	Common	Common	Slayer	Combo Attack VII	False	hit 4	icon_skills.comboattack_tex
10800	Common	Common	Slayer	Combo Attack VIII	False	hit 1	icon_skills.comboattack_tex
10801	Common	Common	Slayer	Combo Attack VIII	False	hit 2	icon_skills.comboattack_tex
10802	Common	Common	Slayer	Combo Attack VIII	False	hit 3	icon_skills.comboattack_tex
10803	Common	Common	Slayer	Combo Attack VIII	False	hit 4	icon_skills.comboattack_tex
10900	Common	Common	Slayer	Combo Attack IX	False	hit 1	icon_skills.comboattack_tex
10901	Common	Common	Slayer	Combo Attack IX	False	hit 2	icon_skills.comboattack_tex
10902	Common	Common	Slayer	Combo Attack IX	False	hit 3	icon_skills.comboattack_tex
10903	Common	Common	Slayer	Combo Attack IX	False	hit 4	icon_skills.comboattack_tex
11000	Common	Common	Slayer	Combo Attack X	False	hit 1	icon_skills.comboattack_tex
11001	Common	Common	Slayer	Combo Attack X	False	hit 2	icon_skills.comboattack_tex
11002	Common	Common	Slayer	Combo Attack X	False	hit 3	icon_skills.comboattack_tex
11003	Common	Common	Slayer	Combo Attack X	False	hit 4	icon_skills.comboattack_tex
11100	Common	Common	Slayer	Combo Attack XI	False	hit 1	icon_skills.comboattack_tex
11101	Common	Common	Slayer	Combo Attack XI	False	hit 2	icon_skills.comboattack_tex
11102	Common	Common	Slayer	Combo Attack XI	False	hit 3	icon_skills.comboattack_tex
11103	Common	Common	Slayer	Combo Attack XI	False	hit 4	icon_skills.comboattack_tex
11200	Common	Common	Slayer	Combo Attack XII	False	hit 1	icon_skills.comboattack_tex
11201	Common	Common	Slayer	Combo Attack XII	False	hit 2	icon_skills.comboattack_tex
11202	Common	Common	Slayer	Combo Attack XII	False	hit 3	icon_skills.comboattack_tex
11203	Common	Common	Slayer	Combo Attack XII	False	hit 4	icon_skills.comboattack_tex
11300	Common	Common	Slayer	Combo Attack XIII	False	hit 1	icon_skills.comboattack_tex
11301	Common	Common	Slayer	Combo Attack XIII	False	hit 2	icon_skills.comboattack_tex
11302	Common	Common	Slayer	Combo Attack XIII	False	hit 3	icon_skills.comboattack_tex
11303	Common	Common	Slayer	Combo Attack XIII	False	hit 4	icon_skills.comboattack_tex
11400	Common	Common	Slayer	Combo Attack XIV	False	hit 1	icon_skills.comboattack_tex
11401	Common	Common	Slayer	Combo Attack XIV	False	hit 2	icon_skills.comboattack_tex
11402	Common	Common	Slayer	Combo Attack XIV	False	hit 3	icon_skills.comboattack_tex
11403	Common	Common	Slayer	Combo Attack XIV	False	hit 4	icon_skills.comboattack_tex
11500	Common	Common	Slayer	Combo Attack XV	False	hit 1	icon_skills.comboattack_tex
11501	Common	Common	Slayer	Combo Attack XV	False	hit 2	icon_skills.comboattack_tex
11502	Common	Common	Slayer	Combo Attack XV	False	hit 3	icon_skills.comboattack_tex
11503	Common	Common	Slayer	Combo Attack XV	False	hit 4	icon_skills.comboattack_tex
20100	Common	Common	Slayer	Knockdown Strike I	False		icon_skills.handyslash_tex
20200	Common	Common	Slayer	Knockdown Strike II	False		icon_skills.handyslash_tex
20300	Common	Common	Slayer	Knockdown Strike III	False		icon_skills.handyslash_tex
20400	Common	Common	Slayer	Knockdown Strike IV	False		icon_skills.handyslash_tex
20500	Common	Common	Slayer	Knockdown Strike V	False		icon_skills.handyslash_tex
20600	Common	Common	Slayer	Knockdown Strike VI	False		icon_skills.handyslash_tex
20700	Common	Common	Slayer	Knockdown Strike VII	False		icon_skills.handyslash_tex
20800	Common	Common	Slayer	Knockdown Strike VIII	False		icon_skills.handyslash_tex
20900	Common	Common	Slayer	Knockdown Strike IX	False		icon_skills.handyslash_tex
21000	Common	Common	Slayer	Knockdown Strike  X	False		icon_skills.handyslash_tex
21100	Common	Common	Slayer	Knockdown Strike XI	False		icon_skills.handyslash_tex
21200	Common	Common	Slayer	Knockdown Strike XII	False		icon_skills.handyslash_tex
21300	Common	Common	Slayer	Knockdown Strike XIII	False		icon_skills.handyslash_tex
21400	Common	Common	Slayer	Knockdown Strike XIV	False		icon_skills.handyslash_tex
30100	Common	Common	Slayer	Whirlwind I	False		icon_skills.sworddance_tex
30200	Common	Common	Slayer	Whirlwind II	False		icon_skills.sworddance_tex
30300	Common	Common	Slayer	Whirlwind III	False		icon_skills.sworddance_tex
30400	Common	Common	Slayer	Whirlwind IV	False		icon_skills.sworddance_tex
30500	Common	Common	Slayer	Whirlwind V	False		icon_skills.sworddance_tex
30600	Common	Common	Slayer	Whirlwind VI	False		icon_skills.sworddance_tex
30700	Common	Common	Slayer	Whirlwind VII	False		icon_skills.sworddance_tex
30800	Common	Common	Slayer	Whirlwind VIII	False		icon_skills.sworddance_tex
30900	Common	Common	Slayer	Whirlwind IX	False		icon_skills.sworddance_tex
31000	Common	Common	Slayer	Whirlwind X	False		icon_skills.sworddance_tex
31100	Common	Common	Slayer	Whirlwind XI	False		icon_skills.sworddance_tex
31200	Common	Common	Slayer	Whirlwind XII	False		icon_skills.sworddance_tex
31300	Common	Common	Slayer	Whirlwind XIII	False		icon_skills.sworddance_tex
31400	Common	Common	Slayer	Whirlwind XIV	False		icon_skills.sworddance_tex
31500	Common	Common	Slayer	Whirlwind XV	False		icon_skills.sworddance_tex
40100	Common	Common	Slayer	Evasive Roll I	False		icon_skills.tumbling_tex
40200	Common	Common	Slayer	Evasive Roll II	False		icon_skills.tumbling_tex
40230	Common	Common	Slayer	Evasive Roll II	False	hit 2	icon_skills.tumbling_tex
40300	Common	Common	Slayer	Evasive Roll III	False		icon_skills.tumbling_tex
50100	Common	Common	Slayer	Dash I	False		icon_skills.dash_tex
50200	Common	Common	Slayer	Dash II	False		icon_skills.dash_tex
50300	Common	Common	Slayer	Dash III	False		icon_skills.dash_tex
50400	Common	Common	Slayer	Dash IV	False		icon_skills.dash_tex
50500	Common	Common	Slayer	Dash V	False		icon_skills.dash_tex
60100	Common	Common	Slayer	Backstab I	False		icon_skills.turnaroundattack_tex
60200	Common	Common	Slayer	Backstab II	False		icon_skills.turnaroundattack_tex
60300	Common	Common	Slayer	Backstab III	False		icon_skills.turnaroundattack_tex
60400	Common	Common	Slayer	Backstab IV	False		icon_skills.turnaroundattack_tex
60500	Common	Common	Slayer	Backstab V	False		icon_skills.turnaroundattack_tex
60600	Common	Common	Slayer	Backstab VI	False		icon_skills.turnaroundattack_tex
70100	Common	Common	Slayer	Triumphant Shout I	False		icon_skills.shout_tex
70200	Common	Common	Slayer	Triumphant Shout II	False		icon_skills.shout_tex
70300	Common	Common	Slayer	Triumphant Shout III	False		icon_skills.shout_tex
70400	Common	Common	Slayer	Triumphant Shout IV	False		icon_skills.shout_tex
80100	Common	Common	Slayer	Overhand Strike I	False		icon_skills.cuttingslash_tex
80130	Common	Common	Slayer	Overhand Strike I	True		icon_skills.cuttingslash_tex
80200	Common	Common	Slayer	Overhand Strike II	False		icon_skills.cuttingslash_tex
80230	Common	Common	Slayer	Overhand Strike II	True		icon_skills.cuttingslash_tex
80300	Common	Common	Slayer	Overhand Strike III	False		icon_skills.cuttingslash_tex
80330	Common	Common	Slayer	Overhand Strike III	True		icon_skills.cuttingslash_tex
80400	Common	Common	Slayer	Overhand Strike IV	False		icon_skills.cuttingslash_tex
80430	Common	Common	Slayer	Overhand Strike IV	True		icon_skills.cuttingslash_tex
80500	Common	Common	Slayer	Overhand Strike V	False		icon_skills.cuttingslash_tex
80530	Common	Common	Slayer	Overhand Strike V	True		icon_skills.cuttingslash_tex
80600	Common	Common	Slayer	Overhand Strike VI	False		icon_skills.cuttingslash_tex
80630	Common	Common	Slayer	Overhand Strike VI	True		icon_skills.cuttingslash_tex
80700	Common	Common	Slayer	Overhand Strike VII	False		icon_skills.cuttingslash_tex
80730	Common	Common	Slayer	Overhand Strike VII	True		icon_skills.cuttingslash_tex
80800	Common	Common	Slayer	Overhand Strike VIII	False		icon_skills.cuttingslash_tex
80830	Common	Common	Slayer	Overhand Strike VIII	True		icon_skills.cuttingslash_tex
80900	Common	Common	Slayer	Overhand Strike IX	False		icon_skills.cuttingslash_tex
80930	Common	Common	Slayer	Overhand Strike IX	True		icon_skills.cuttingslash_tex
81000	Common	Common	Slayer	Overhand Strike X	False		icon_skills.cuttingslash_tex
81030	Common	Common	Slayer	Overhand Strike X	True		icon_skills.cuttingslash_tex
81100	Common	Common	Slayer	Overhand Strike XI	False		icon_skills.cuttingslash_tex
81130	Common	Common	Slayer	Overhand Strike XI	True		icon_skills.cuttingslash_tex
81200	Common	Common	Slayer	Overhand Strike XII	False		icon_skills.cuttingslash_tex
81230	Common	Common	Slayer	Overhand Strike XII	True		icon_skills.cuttingslash_tex
90100	Common	Common	Slayer	Leaping Strike I	False		icon_skills.downblow_tex
90200	Common	Common	Slayer	Leaping Strike II	False		icon_skills.downblow_tex
90300	Common	Common	Slayer	Leaping Strike III	False		icon_skills.downblow_tex
90400	Common	Common	Slayer	Leaping Strike IV	False		icon_skills.downblow_tex
90500	Common	Common	Slayer	Leaping Strike V	False		icon_skills.downblow_tex
90600	Common	Common	Slayer	Leaping Strike VI	False		icon_skills.downblow_tex
90700	Common	Common	Slayer	Leaping Strike VII	False		icon_skills.downblow_tex
90800	Common	Common	Slayer	Leaping Strike VIII	False		icon_skills.downblow_tex
90900	Common	Common	Slayer	Leaping Strike IX	False		icon_skills.downblow_tex
91000	Common	Common	Slayer	Leaping Strike X	False		icon_skills.downblow_tex
91100	Common	Common	Slayer	Leaping Strike XI	False		icon_skills.downblow_tex
100100	Common	Common	Slayer	Retaliate I	False		icon_skills.risingattack_tex
100200	Common	Common	Slayer	Retaliate II	False		icon_skills.risingattack_tex
100300	Common	Common	Slayer	Retaliate III	False		icon_skills.risingattack_tex
100400	Common	Common	Slayer	Retaliate IV	False		icon_skills.risingattack_tex
100500	Common	Common	Slayer	Retaliate V	False		icon_skills.risingattack_tex
100600	Common	Common	Slayer	Retaliate VI	False		icon_skills.risingattack_tex
100700	Common	Common	Slayer	Retaliate VII	False		icon_skills.risingattack_tex
100800	Common	Common	Slayer	Retaliate VIII	False		icon_skills.risingattack_tex
100900	Common	Common	Slayer	Retaliate IX	False		icon_skills.risingattack_tex
101000	Common	Common	Slayer	Retaliate X	False		icon_skills.risingattack_tex
101100	Common	Common	Slayer	Retaliate XI	False		icon_skills.risingattack_tex
101200	Common	Common	Slayer	Retaliate XII	False		icon_skills.risingattack_tex
120100	Common	Common	Slayer	Heart Thrust I	False		icon_skills.stingerblade_tex
120200	Common	Common	Slayer	Heart Thrust II	False		icon_skills.stingerblade_tex
120300	Common	Common	Slayer	Heart Thrust III	False		icon_skills.stingerblade_tex
120400	Common	Common	Slayer	Heart Thrust IV	False		icon_skills.stingerblade_tex
120500	Common	Common	Slayer	Heart Thrust V	False		icon_skills.stingerblade_tex
120600	Common	Common	Slayer	Heart Thrust VI	False		icon_skills.stingerblade_tex
120700	Common	Common	Slayer	Heart Thrust VII	False		icon_skills.stingerblade_tex
120800	Common	Common	Slayer	Heart Thrust VIII	False		icon_skills.stingerblade_tex
130100	Common	Common	Slayer	Stunning Backhand I	False		icon_skills.flatblade_tex
130200	Common	Common	Slayer	Stunning Backhand II	False		icon_skills.flatblade_tex
130300	Common	Common	Slayer	Stunning Backhand III	False		icon_skills.flatblade_tex
130400	Common	Common	Slayer	Stunning Backhand IV	False		icon_skills.flatblade_tex
130500	Common	Common	Slayer	Stunning Backhand V	False		icon_skills.flatblade_tex
130600	Common	Common	Slayer	Stunning Backhand VI	False		icon_skills.flatblade_tex
130700	Common	Common	Slayer	Stunning Backhand VII	False		icon_skills.flatblade_tex
130800	Common	Common	Slayer	Stunning Backhand VIII	False		icon_skills.flatblade_tex
130900	Common	Common	Slayer	Stunning Backhand IX	False		icon_skills.flatblade_tex
131000	Common	Common	Slayer	Stunning Backhand X	False		icon_skills.flatblade_tex
140100	Common	Common	Slayer	Distant Blade I	False	hit 1	icon_skills.tripleslash_tex
140101	Common	Common	Slayer	Distant Blade I	False	hit 2	icon_skills.tripleslash_tex
140102	Common	Common	Slayer	Distant Blade I	False	hit 3	icon_skills.tripleslash_tex
140200	Common	Common	Slayer	Distant Blade II	False	hit 1	icon_skills.tripleslash_tex
140201	Common	Common	Slayer	Distant Blade II	False	hit 2	icon_skills.tripleslash_tex
140202	Common	Common	Slayer	Distant Blade II	False	hit 3	icon_skills.tripleslash_tex
140300	Common	Common	Slayer	Distant Blade III	False	hit 1	icon_skills.tripleslash_tex
140301	Common	Common	Slayer	Distant Blade III	False	hit 2	icon_skills.tripleslash_tex
140302	Common	Common	Slayer	Distant Blade III	False	hit 3	icon_skills.tripleslash_tex
140400	Common	Common	Slayer	Distant Blade IV	False	hit 1	icon_skills.tripleslash_tex
140401	Common	Common	Slayer	Distant Blade IV	False	hit 2	icon_skills.tripleslash_tex
140402	Common	Common	Slayer	Distant Blade IV	False	hit 3	icon_skills.tripleslash_tex
140500	Common	Common	Slayer	Distant Blade V	False	hit 1	icon_skills.tripleslash_tex
140501	Common	Common	Slayer	Distant Blade V	False	hit 2	icon_skills.tripleslash_tex
140502	Common	Common	Slayer	Distant Blade V	False	hit 3	icon_skills.tripleslash_tex
140600	Common	Common	Slayer	Distant Blade VI	False	hit 1	icon_skills.tripleslash_tex
140601	Common	Common	Slayer	Distant Blade VI	False	hit 2	icon_skills.tripleslash_tex
140602	Common	Common	Slayer	Distant Blade VI	False	hit 3	icon_skills.tripleslash_tex
140700	Common	Common	Slayer	Distant Blade VII	False	hit 1	icon_skills.tripleslash_tex
140701	Common	Common	Slayer	Distant Blade VII	False	hit 2	icon_skills.tripleslash_tex
140702	Common	Common	Slayer	Distant Blade VII	False	hit 3	icon_skills.tripleslash_tex
140800	Common	Common	Slayer	Distant Blade VIII	False	hit 1	icon_skills.tripleslash_tex
140801	Common	Common	Slayer	Distant Blade VIII	False	hit 2	icon_skills.tripleslash_tex
140802	Common	Common	Slayer	Distant Blade VIII	False	hit 3	icon_skills.tripleslash_tex
140900	Common	Common	Slayer	Distant Blade IX	False	hit 1	icon_skills.tripleslash_tex
140901	Common	Common	Slayer	Distant Blade IX	False	hit 2	icon_skills.tripleslash_tex
140902	Common	Common	Slayer	Distant Blade IX	False	hit 3	icon_skills.tripleslash_tex
141000	Common	Common	Slayer	Distant Blade X	False	hit 1	icon_skills.tripleslash_tex
141001	Common	Common	Slayer	Distant Blade X	False	hit 2	icon_skills.tripleslash_tex
141002	Common	Common	Slayer	Distant Blade X	False	hit 3	icon_skills.tripleslash_tex
141100	Common	Common	Slayer	Distant Blade XI	False	hit 1	icon_skills.tripleslash_tex
141101	Common	Common	Slayer	Distant Blade XI	False	hit 2	icon_skills.tripleslash_tex
141102	Common	Common	Slayer	Distant Blade XI	False	hit 3	icon_skills.tripleslash_tex
150100	Common	Common	Slayer	Startling Kick I	False		icon_skills.retreatingkick_tex
150200	Common	Common	Slayer	Startling Kick II	False		icon_skills.retreatingkick_tex
150300	Common	Common	Slayer	Startling Kick III	False		icon_skills.retreatingkick_tex
150400	Common	Common	Slayer	Startling Kick IV	False		icon_skills.retreatingkick_tex
150500	Common	Common	Slayer	Startling Kick V	False		icon_skills.retreatingkick_tex
150600	Common	Common	Slayer	Startling Kick VI	False		icon_skills.retreatingkick_tex
150700	Common	Common	Slayer	Startling Kick VII	False		icon_skills.retreatingkick_tex
150800	Common	Common	Slayer	Startling Kick VIII	False		icon_skills.retreatingkick_tex
150900	Common	Common	Slayer	Startling Kick IX	False		icon_skills.retreatingkick_tex
151000	Common	Common	Slayer	Startling Kick X	False		icon_skills.retreatingkick_tex
151100	Common	Common	Slayer	Startling Kick XI	False		icon_skills.retreatingkick_tex
160100	Common	Common	Slayer	Fury Strike I	False		icon_skills.ragingstrike_tex
160200	Common	Common	Slayer	Fury Strike II	False		icon_skills.ragingstrike_tex
160300	Common	Common	Slayer	Fury Strike III	False		icon_skills.ragingstrike_tex
160400	Common	Common	Slayer	Fury Strike IV	False		icon_skills.ragingstrike_tex
160500	Common	Common	Slayer	Fury Strike V	False		icon_skills.ragingstrike_tex
160600	Common	Common	Slayer	Fury Strike VI	False		icon_skills.ragingstrike_tex
160700	Common	Common	Slayer	Fury Strike VII	False		icon_skills.ragingstrike_tex
170100	Common	Common	Slayer	Corrida de Cabeça I	False		icon_skills.advancingleap_tex
170200	Common	Common	Slayer	Headlong Rush II	False		icon_skills.advancingleap_tex
170300	Common	Common	Slayer	Headlong Rush III	False		icon_skills.advancingleap_tex
170400	Common	Common	Slayer	Headlong Rush IV	False		icon_skills.advancingleap_tex
170500	Common	Common	Slayer	Corrida de Cabeça V	False		icon_skills.advancingleap_tex
170600	Common	Common	Slayer	Corrida de Cabeça VI	False		icon_skills.advancingleap_tex
180100	Common	Common	Slayer	Overpower I	False		icon_skills.gatheringstrength_tex
180200	Common	Common	Slayer	Overpower II	False		icon_skills.gatheringstrength_tex
180300	Common	Common	Slayer	Overpower III	False		icon_skills.gatheringstrength_tex
180400	Common	Common	Slayer	Overpower IV	False		icon_skills.gatheringstrength_tex
190100	Common	Common	Slayer	Tenacity I	False		icon_skills.tenacity_tex
190200	Common	Common	Slayer	Tenacity II	False		icon_skills.tenacity_tex
190300	Common	Common	Slayer	Tenacity III	False		icon_skills.tenacity_tex
190400	Common	Common	Slayer	Tenacity IV	False		icon_skills.tenacity_tex
190500	Common	Common	Slayer	Tenacity V	False		icon_skills.tenacity_tex
200100	Common	Common	Slayer	In Cold Blood I	False		icon_skills.destructionvigor_tex
200200	Common	Common	Slayer	In Cold Blood II	False		icon_skills.destructionvigor_tex
200300	Common	Common	Slayer	In Cold Blood III	False		icon_skills.destructionvigor_tex
200400	Common	Common	Slayer	In Cold Blood IV	False		icon_skills.destructionvigor_tex
210100	Common	Common	Slayer	Exhausting Blow	False		icon_skills.veinslash_tex
210200	Common	Common	Slayer	Exhausting Blow	False		icon_skills.veinslash_tex
210300	Common	Common	Slayer	Exhausting Blow	False		icon_skills.veinslash_tex
210400	Common	Common	Slayer	Exhausting Blow	False		icon_skills.veinslash_tex
210500	Common	Common	Slayer	Exhausting Blow	False		icon_skills.veinslash_tex
220100	Common	Common	Slayer	Eviscerate	False		icon_skills.jawbreaker_tex
220200	Common	Common	Slayer	Eviscerate	False		icon_skills.jawbreaker_tex
230100	Common	Common	Slayer	Measured Slice I	False		icon_skills.cuthead_tex
230130	Common	Common	Slayer	Measured Slice I	True		icon_skills.cuthead_tex
230200	Common	Common	Slayer	Measured Slice II	False		icon_skills.cuthead_tex
230230	Common	Common	Slayer	Measured Slice II	True		icon_skills.cuthead_tex
230300	Common	Common	Slayer	Measured Slice III	False		icon_skills.cuthead_tex
230330	Common	Common	Slayer	Measured Slice III	True		icon_skills.cuthead_tex
230400	Common	Common	Slayer	Measured Slice IV	False		icon_skills.cuthead_tex
230430	Common	Common	Slayer	Measured Slice IV	True		icon_skills.cuthead_tex
230500	Common	Common	Slayer	Measured Slice V	False		icon_skills.cuthead_tex
230530	Common	Common	Slayer	Measured Slice V	True		icon_skills.cuthead_tex
240100	Common	Common	Slayer	Eviscerate	False		icon_skills.jawbreaker_tex
240130	Common	Common	Slayer	Eviscerate	True		icon_skills.jawbreaker_tex
250100	Common	Common	Slayer	Ultimate Overhand Strike I	False		icon_skills.cuttingslash_tex
250130	Common	Common	Slayer	Ultimate Overhand Strike I	True		icon_skills.cuttingslash_tex
10100	Common	Common	Sorcerer	Fireball I	False		icon_skills.fireball_tex
10200	Common	Common	Sorcerer	Fireball II	False		icon_skills.fireball_tex
10300	Common	Common	Sorcerer	Fireball III	False		icon_skills.fireball_tex
10400	Common	Common	Sorcerer	Fireball IV	False		icon_skills.fireball_tex
10500	Common	Common	Sorcerer	Fireball V	False		icon_skills.fireball_tex
10600	Common	Common	Sorcerer	Fireball VI	False		icon_skills.fireball_tex
10700	Common	Common	Sorcerer	Fireball VII	False		icon_skills.fireball_tex
10800	Common	Common	Sorcerer	Fireball VIII	False		icon_skills.fireball_tex
10900	Common	Common	Sorcerer	Fireball IX	False		icon_skills.fireball_tex
11000	Common	Common	Sorcerer	Fireball X	False		icon_skills.fireball_tex
11100	Common	Common	Sorcerer	Fireball XI	False		icon_skills.fireball_tex
11200	Common	Common	Sorcerer	Fireball XII	False		icon_skills.fireball_tex
11300	Common	Common	Sorcerer	Fireball XIII	False		icon_skills.fireball_tex
11400	Common	Common	Sorcerer	Fireball XIV	False		icon_skills.fireball_tex
11500	Common	Common	Sorcerer	Fireball XV	False		icon_skills.fireball_tex
20100	Common	Common	Sorcerer	Ice Needle I	False		icon_skills.icicle_tex
20120	Common	Common	Sorcerer	Ice Needle I	False		icon_skills.icicle_tex
20200	Common	Common	Sorcerer	Ice Needle II	False		icon_skills.icicle_tex
20220	Common	Common	Sorcerer	Ice Needle II	False		icon_skills.icicle_tex
20300	Common	Common	Sorcerer	Ice Needle III	False		icon_skills.icicle_tex
20320	Common	Common	Sorcerer	Ice Needle III	False		icon_skills.icicle_tex
20400	Common	Common	Sorcerer	Ice Needle IV	False		icon_skills.icicle_tex
20420	Common	Common	Sorcerer	Ice Needle IV	False		icon_skills.icicle_tex
20500	Common	Common	Sorcerer	Ice Needle V	False		icon_skills.icicle_tex
20520	Common	Common	Sorcerer	Ice Needle V	False		icon_skills.icicle_tex
20600	Common	Common	Sorcerer	Ice Needle VI	False		icon_skills.icicle_tex
20620	Common	Common	Sorcerer	Ice Needle VI	False		icon_skills.icicle_tex
20700	Common	Common	Sorcerer	Ice Needle VII	False		icon_skills.icicle_tex
20720	Common	Common	Sorcerer	Ice Needle VII	False		icon_skills.icicle_tex
20800	Common	Common	Sorcerer	Ice Needle VIII	False		icon_skills.icicle_tex
20820	Common	Common	Sorcerer	Ice Needle VIII	False		icon_skills.icicle_tex
20900	Common	Common	Sorcerer	Ice Needle IX	False		icon_skills.icicle_tex
20920	Common	Common	Sorcerer	Ice Needle IX	False		icon_skills.icicle_tex
21000	Common	Common	Sorcerer	Ice Needle X	False		icon_skills.icicle_tex
21020	Common	Common	Sorcerer	Ice Needle X	False		icon_skills.icicle_tex
21100	Common	Common	Sorcerer	Ice Needle XI	False		icon_skills.icicle_tex
21120	Common	Common	Sorcerer	Ice Needle XI	False		icon_skills.icicle_tex
21200	Common	Common	Sorcerer	Ice Needle XII	False		icon_skills.icicle_tex
21220	Common	Common	Sorcerer	Ice Needle XII	False		icon_skills.icicle_tex
21300	Common	Common	Sorcerer	Ice Needle XIII	False		icon_skills.icicle_tex
21320	Common	Common	Sorcerer	Ice Needle XIII	False		icon_skills.icicle_tex
21400	Common	Common	Sorcerer	Ice Needle XIV	False		icon_skills.icicle_tex
21420	Common	Common	Sorcerer	Ice Needle XIV	False		icon_skills.icicle_tex
21500	Common	Common	Sorcerer	Ice Needle XV	False		icon_skills.icicle_tex
21520	Common	Common	Sorcerer	Ice Needle XV	False		icon_skills.icicle_tex
30100	Common	Common	Sorcerer	Lightning Trap I	False		icon_skills.shocktrap_tex
30120	Common	Common	Sorcerer	Lightning Trap I	False		icon_skills.shocktrap_tex
30200	Common	Common	Sorcerer	Lightning Trap II	False		icon_skills.shocktrap_tex
30220	Common	Common	Sorcerer	Lightning Trap II	False		icon_skills.shocktrap_tex
30300	Common	Common	Sorcerer	Lightning Trap III	False		icon_skills.shocktrap_tex
30320	Common	Common	Sorcerer	Lightning Trap III	False		icon_skills.shocktrap_tex
30400	Common	Common	Sorcerer	Lightning Trap IV	False		icon_skills.shocktrap_tex
30420	Common	Common	Sorcerer	Lightning Trap IV	False		icon_skills.shocktrap_tex
30500	Common	Common	Sorcerer	Lightning Trap V	False		icon_skills.shocktrap_tex
30520	Common	Common	Sorcerer	Lightning Trap V	False		icon_skills.shocktrap_tex
30600	Common	Common	Sorcerer	Lightning Trap VI	False		icon_skills.shocktrap_tex
30620	Common	Common	Sorcerer	Lightning Trap VI	False		icon_skills.shocktrap_tex
30700	Common	Common	Sorcerer	Lightning Trap VII	False		icon_skills.shocktrap_tex
30720	Common	Common	Sorcerer	Lightning Trap VII	False		icon_skills.shocktrap_tex
30800	Common	Common	Sorcerer	Lightning Trap VIII	False		icon_skills.shocktrap_tex
30820	Common	Common	Sorcerer	Lightning Trap VIII	False		icon_skills.shocktrap_tex
30900	Common	Common	Sorcerer	Lightning Trap IX	False		icon_skills.shocktrap_tex
30920	Common	Common	Sorcerer	Lightning Trap IX	False		icon_skills.shocktrap_tex
31000	Common	Common	Sorcerer	Lightning Trap X	False		icon_skills.shocktrap_tex
31020	Common	Common	Sorcerer	Lightning Trap X	False		icon_skills.shocktrap_tex
31100	Common	Common	Sorcerer	Lightning Trap XI	False		icon_skills.shocktrap_tex
31120	Common	Common	Sorcerer	Lightning Trap XI	False		icon_skills.shocktrap_tex
31200	Common	Common	Sorcerer	Lightning Trap XII	False		icon_skills.shocktrap_tex
31220	Common	Common	Sorcerer	Lightning Trap XII	False		icon_skills.shocktrap_tex
40100	Common	Common	Sorcerer	Arcane Pulse I	False		icon_skills.blastball_tex
40110	Common	Common	Sorcerer	Arcane Pulse I	False	hit 1	icon_skills.blastball_tex
40111	Common	Common	Sorcerer	Arcane Pulse I	False	hit 2	icon_skills.blastball_tex
40112	Common	Common	Sorcerer	Arcane Pulse I	False	hit 3	icon_skills.blastball_tex
40113	Common	Common	Sorcerer	Arcane Pulse I	False	hit 4	icon_skills.blastball_tex
40120	Common	Common	Sorcerer	Arcane Pulse I	False	hit 1	icon_skills.blastball_tex
40121	Common	Common	Sorcerer	Arcane Pulse I	False	hit 2	icon_skills.blastball_tex
40122	Common	Common	Sorcerer	Arcane Pulse I	False	hit 3	icon_skills.blastball_tex
40123	Common	Common	Sorcerer	Arcane Pulse I	False	hit 4	icon_skills.blastball_tex
40200	Common	Common	Sorcerer	Arcane Pulse II	False		icon_skills.blastball_tex
40210	Common	Common	Sorcerer	Arcane Pulse II	False	hit 1	icon_skills.blastball_tex
40211	Common	Common	Sorcerer	Arcane Pulse II	False	hit 2	icon_skills.blastball_tex
40212	Common	Common	Sorcerer	Arcane Pulse II	False	hit 3	icon_skills.blastball_tex
40213	Common	Common	Sorcerer	Arcane Pulse II	False	hit 4	icon_skills.blastball_tex
40220	Common	Common	Sorcerer	Arcane Pulse II	False	hit 1	icon_skills.blastball_tex
40221	Common	Common	Sorcerer	Arcane Pulse II	False	hit 2	icon_skills.blastball_tex
40222	Common	Common	Sorcerer	Arcane Pulse II	False	hit 3	icon_skills.blastball_tex
40223	Common	Common	Sorcerer	Arcane Pulse II	False	hit 4	icon_skills.blastball_tex
40300	Common	Common	Sorcerer	Arcane Pulse III	False		icon_skills.blastball_tex
40310	Common	Common	Sorcerer	Arcane Pulse III	False	hit 1	icon_skills.blastball_tex
40311	Common	Common	Sorcerer	Arcane Pulse III	False	hit 2	icon_skills.blastball_tex
40312	Common	Common	Sorcerer	Arcane Pulse III	False	hit 3	icon_skills.blastball_tex
40313	Common	Common	Sorcerer	Arcane Pulse III	False	hit 4	icon_skills.blastball_tex
40320	Common	Common	Sorcerer	Arcane Pulse III	False	hit 1	icon_skills.blastball_tex
40321	Common	Common	Sorcerer	Arcane Pulse III	False	hit 2	icon_skills.blastball_tex
40322	Common	Common	Sorcerer	Arcane Pulse III	False	hit 3	icon_skills.blastball_tex
40323	Common	Common	Sorcerer	Arcane Pulse III	False	hit 4	icon_skills.blastball_tex
40400	Common	Common	Sorcerer	Arcane Pulse IV	False		icon_skills.blastball_tex
40410	Common	Common	Sorcerer	Arcane Pulse IV	False	hit 1	icon_skills.blastball_tex
40411	Common	Common	Sorcerer	Arcane Pulse IV	False	hit 2	icon_skills.blastball_tex
40412	Common	Common	Sorcerer	Arcane Pulse IV	False	hit 3	icon_skills.blastball_tex
40413	Common	Common	Sorcerer	Arcane Pulse IV	False	hit 4	icon_skills.blastball_tex
40420	Common	Common	Sorcerer	Arcane Pulse IV	False	hit 1	icon_skills.blastball_tex
40421	Common	Common	Sorcerer	Arcane Pulse IV	False	hit 2	icon_skills.blastball_tex
40422	Common	Common	Sorcerer	Arcane Pulse IV	False	hit 3	icon_skills.blastball_tex
40423	Common	Common	Sorcerer	Arcane Pulse IV	False	hit 4	icon_skills.blastball_tex
40500	Common	Common	Sorcerer	Arcane Pulse V	False		icon_skills.blastball_tex
40510	Common	Common	Sorcerer	Arcane Pulse V	False	hit 1	icon_skills.blastball_tex
40511	Common	Common	Sorcerer	Arcane Pulse V	False	hit 2	icon_skills.blastball_tex
40512	Common	Common	Sorcerer	Arcane Pulse V	False	hit 3	icon_skills.blastball_tex
40513	Common	Common	Sorcerer	Arcane Pulse V	False	hit 4	icon_skills.blastball_tex
40520	Common	Common	Sorcerer	Arcane Pulse V	False	hit 1	icon_skills.blastball_tex
40521	Common	Common	Sorcerer	Arcane Pulse V	False	hit 2	icon_skills.blastball_tex
40522	Common	Common	Sorcerer	Arcane Pulse V	False	hit 3	icon_skills.blastball_tex
40523	Common	Common	Sorcerer	Arcane Pulse V	False	hit 4	icon_skills.blastball_tex
40600	Common	Common	Sorcerer	Arcane Pulse VI	False		icon_skills.blastball_tex
40610	Common	Common	Sorcerer	Arcane Pulse VI	False	hit 1	icon_skills.blastball_tex
40611	Common	Common	Sorcerer	Arcane Pulse VI	False	hit 2	icon_skills.blastball_tex
40612	Common	Common	Sorcerer	Arcane Pulse VI	False	hit 3	icon_skills.blastball_tex
40613	Common	Common	Sorcerer	Arcane Pulse VI	False	hit 4	icon_skills.blastball_tex
40620	Common	Common	Sorcerer	Arcane Pulse VI	False	hit 1	icon_skills.blastball_tex
40621	Common	Common	Sorcerer	Arcane Pulse VI	False	hit 2	icon_skills.blastball_tex
40622	Common	Common	Sorcerer	Arcane Pulse VI	False	hit 3	icon_skills.blastball_tex
40623	Common	Common	Sorcerer	Arcane Pulse VI	False	hit 4	icon_skills.blastball_tex
40700	Common	Common	Sorcerer	Arcane Pulse VII	False		icon_skills.blastball_tex
40710	Common	Common	Sorcerer	Arcane Pulse VII	False	hit 1	icon_skills.blastball_tex
40711	Common	Common	Sorcerer	Arcane Pulse VII	False	hit 2	icon_skills.blastball_tex
40712	Common	Common	Sorcerer	Arcane Pulse VII	False	hit 3	icon_skills.blastball_tex
40713	Common	Common	Sorcerer	Arcane Pulse VII	False	hit 4	icon_skills.blastball_tex
40720	Common	Common	Sorcerer	Arcane Pulse VII	False	hit 1	icon_skills.blastball_tex
40721	Common	Common	Sorcerer	Arcane Pulse VII	False	hit 2	icon_skills.blastball_tex
40722	Common	Common	Sorcerer	Arcane Pulse VII	False	hit 3	icon_skills.blastball_tex
40723	Common	Common	Sorcerer	Arcane Pulse VII	False	hit 4	icon_skills.blastball_tex
40800	Common	Common	Sorcerer	Arcane Pulse VIII	False		icon_skills.blastball_tex
40810	Common	Common	Sorcerer	Arcane Pulse VIII	False	hit 1	icon_skills.blastball_tex
40811	Common	Common	Sorcerer	Arcane Pulse VIII	False	hit 2	icon_skills.blastball_tex
40812	Common	Common	Sorcerer	Arcane Pulse VIII	False	hit 3	icon_skills.blastball_tex
40813	Common	Common	Sorcerer	Arcane Pulse VIII	False	hit 4	icon_skills.blastball_tex
40820	Common	Common	Sorcerer	Arcane Pulse VIII	False	hit 1	icon_skills.blastball_tex
40821	Common	Common	Sorcerer	Arcane Pulse VIII	False	hit 2	icon_skills.blastball_tex
40822	Common	Common	Sorcerer	Arcane Pulse VIII	False	hit 3	icon_skills.blastball_tex
40823	Common	Common	Sorcerer	Arcane Pulse VIII	False	hit 4	icon_skills.blastball_tex
40900	Common	Common	Sorcerer	Arcane Pulse IX	False		icon_skills.blastball_tex
40910	Common	Common	Sorcerer	Arcane Pulse IX	False	hit 1	icon_skills.blastball_tex
40911	Common	Common	Sorcerer	Arcane Pulse IX	False	hit 2	icon_skills.blastball_tex
40912	Common	Common	Sorcerer	Arcane Pulse IX	False	hit 3	icon_skills.blastball_tex
40913	Common	Common	Sorcerer	Arcane Pulse IX	False	hit 4	icon_skills.blastball_tex
40920	Common	Common	Sorcerer	Arcane Pulse IX	False	hit 1	icon_skills.blastball_tex
40921	Common	Common	Sorcerer	Arcane Pulse IX	False	hit 2	icon_skills.blastball_tex
40922	Common	Common	Sorcerer	Arcane Pulse IX	False	hit 3	icon_skills.blastball_tex
40923	Common	Common	Sorcerer	Arcane Pulse IX	False	hit 4	icon_skills.blastball_tex
41000	Common	Common	Sorcerer	Arcane Pulse X	False		icon_skills.blastball_tex
41010	Common	Common	Sorcerer	Arcane Pulse X	False	hit 1	icon_skills.blastball_tex
41011	Common	Common	Sorcerer	Arcane Pulse X	False	hit 2	icon_skills.blastball_tex
41012	Common	Common	Sorcerer	Arcane Pulse X	False	hit 3	icon_skills.blastball_tex
41013	Common	Common	Sorcerer	Arcane Pulse X	False	hit 4	icon_skills.blastball_tex
41020	Common	Common	Sorcerer	Arcane Pulse X	False	hit 1	icon_skills.blastball_tex
41021	Common	Common	Sorcerer	Arcane Pulse X	False	hit 2	icon_skills.blastball_tex
41022	Common	Common	Sorcerer	Arcane Pulse X	False	hit 3	icon_skills.blastball_tex
41023	Common	Common	Sorcerer	Arcane Pulse X	False	hit 4	icon_skills.blastball_tex
41100	Common	Common	Sorcerer	Arcane Pulse XI	False		icon_skills.blastball_tex
41110	Common	Common	Sorcerer	Arcane Pulse XI	False	hit 1	icon_skills.blastball_tex
41111	Common	Common	Sorcerer	Arcane Pulse XI	False	hit 2	icon_skills.blastball_tex
41112	Common	Common	Sorcerer	Arcane Pulse XI	False	hit 3	icon_skills.blastball_tex
41113	Common	Common	Sorcerer	Arcane Pulse XI	False	hit 4	icon_skills.blastball_tex
41120	Common	Common	Sorcerer	Arcane Pulse XI	False	hit 1	icon_skills.blastball_tex
41121	Common	Common	Sorcerer	Arcane Pulse XI	False	hit 2	icon_skills.blastball_tex
41122	Common	Common	Sorcerer	Arcane Pulse XI	False	hit 3	icon_skills.blastball_tex
41123	Common	Common	Sorcerer	Arcane Pulse XI	False	hit 4	icon_skills.blastball_tex
41200	Common	Common	Sorcerer	Arcane Pulse XII	False		icon_skills.blastball_tex
41210	Common	Common	Sorcerer	Arcane Pulse XII	False	hit 1	icon_skills.blastball_tex
41211	Common	Common	Sorcerer	Arcane Pulse XII	False	hit 2	icon_skills.blastball_tex
41212	Common	Common	Sorcerer	Arcane Pulse XII	False	hit 3	icon_skills.blastball_tex
41213	Common	Common	Sorcerer	Arcane Pulse XII	False	hit 4	icon_skills.blastball_tex
41220	Common	Common	Sorcerer	Arcane Pulse XII	False	hit 1	icon_skills.blastball_tex
41221	Common	Common	Sorcerer	Arcane Pulse XII	False	hit 2	icon_skills.blastball_tex
41222	Common	Common	Sorcerer	Arcane Pulse XII	False	hit 3	icon_skills.blastball_tex
41223	Common	Common	Sorcerer	Arcane Pulse XII	False	hit 4	icon_skills.blastball_tex
41300	Common	Common	Sorcerer	Arcane Pulse XIII	False		icon_skills.blastball_tex
41310	Common	Common	Sorcerer	Arcane Pulse XIII	False	hit 1	icon_skills.blastball_tex
41311	Common	Common	Sorcerer	Arcane Pulse XIII	False	hit 2	icon_skills.blastball_tex
41312	Common	Common	Sorcerer	Arcane Pulse XIII	False	hit 3	icon_skills.blastball_tex
41313	Common	Common	Sorcerer	Arcane Pulse XIII	False	hit 4	icon_skills.blastball_tex
41320	Common	Common	Sorcerer	Arcane Pulse XIII	False	hit 1	icon_skills.blastball_tex
41321	Common	Common	Sorcerer	Arcane Pulse XIII	False	hit 2	icon_skills.blastball_tex
41322	Common	Common	Sorcerer	Arcane Pulse XIII	False	hit 3	icon_skills.blastball_tex
41323	Common	Common	Sorcerer	Arcane Pulse XIII	False	hit 4	icon_skills.blastball_tex
41400	Common	Common	Sorcerer	Arcane Pulse XIV	False		icon_skills.blastball_tex
41410	Common	Common	Sorcerer	Arcane Pulse XIV	False	hit 1	icon_skills.blastball_tex
41411	Common	Common	Sorcerer	Arcane Pulse XIV	False	hit 2	icon_skills.blastball_tex
41412	Common	Common	Sorcerer	Arcane Pulse XIV	False	hit 3	icon_skills.blastball_tex
41413	Common	Common	Sorcerer	Arcane Pulse XIV	False	hit 4	icon_skills.blastball_tex
41420	Common	Common	Sorcerer	Arcane Pulse XIV	False	hit 1	icon_skills.blastball_tex
41421	Common	Common	Sorcerer	Arcane Pulse XIV	False	hit 2	icon_skills.blastball_tex
41422	Common	Common	Sorcerer	Arcane Pulse XIV	False	hit 3	icon_skills.blastball_tex
41423	Common	Common	Sorcerer	Arcane Pulse XIV	False	hit 4	icon_skills.blastball_tex
41500	Common	Common	Sorcerer	Arcane Pulse XV	False		icon_skills.blastball_tex
41510	Common	Common	Sorcerer	Arcane Pulse XV	False	hit 1	icon_skills.blastball_tex
41511	Common	Common	Sorcerer	Arcane Pulse XV	False	hit 2	icon_skills.blastball_tex
41512	Common	Common	Sorcerer	Arcane Pulse XV	False	hit 3	icon_skills.blastball_tex
41513	Common	Common	Sorcerer	Arcane Pulse XV	False	hit 4	icon_skills.blastball_tex
41520	Common	Common	Sorcerer	Arcane Pulse XV	False	hit 1	icon_skills.blastball_tex
41521	Common	Common	Sorcerer	Arcane Pulse XV	False	hit 2	icon_skills.blastball_tex
41522	Common	Common	Sorcerer	Arcane Pulse XV	False	hit 3	icon_skills.blastball_tex
41523	Common	Common	Sorcerer	Arcane Pulse XV	False	hit 4	icon_skills.blastball_tex
50100	Common	Common	Sorcerer	Mana Infusion I	False		icon_skills.mpcondensing_tex
50200	Common	Common	Sorcerer	Mana Infusion II	False		icon_skills.mpcondensing_tex
50300	Common	Common	Sorcerer	Mana Infusion III	False		icon_skills.mpcondensing_tex
50400	Common	Common	Sorcerer	Mana Infusion IV	False		icon_skills.mpcondensing_tex
50500	Common	Common	Sorcerer	Mana Infusion V	False		icon_skills.mpcondensing_tex
50600	Common	Common	Sorcerer	Mana Infusion VI	False		icon_skills.mpcondensing_tex
60100	Common	Common	Sorcerer	Fireblast I	False		icon_skills.hellfire_tex
60200	Common	Common	Sorcerer	Fireblast II	False		icon_skills.hellfire_tex
60300	Common	Common	Sorcerer	Fireblast III	False		icon_skills.hellfire_tex
60400	Common	Common	Sorcerer	Fireblast IV	False		icon_skills.hellfire_tex
60500	Common	Common	Sorcerer	Fireblast V	False		icon_skills.hellfire_tex
60600	Common	Common	Sorcerer	Fireblast VI	False		icon_skills.hellfire_tex
60700	Common	Common	Sorcerer	Fireblast VII	False		icon_skills.hellfire_tex
60800	Common	Common	Sorcerer	Fireblast VIII	False		icon_skills.hellfire_tex
60900	Common	Common	Sorcerer	Fireblast IX	False		icon_skills.hellfire_tex
61000	Common	Common	Sorcerer	Fireblast X	False		icon_skills.hellfire_tex
70100	Common	Common	Sorcerer	Backstep	False		icon_skills.backstep_tex
70200	Common	Common	Sorcerer	Backstep	False		icon_skills.backstep_tex
70300	Common	Common	Sorcerer	Backstep	False		icon_skills.backstep_tex
80100	Common	Common	Sorcerer	Flame Pillar I	False		icon_skills.auraburn_tex
80200	Common	Common	Sorcerer	Flame Pillar II	False		icon_skills.auraburn_tex
80300	Common	Common	Sorcerer	Flame Pillar III	False		icon_skills.auraburn_tex
80400	Common	Common	Sorcerer	Flame Pillar IV	False		icon_skills.auraburn_tex
80500	Common	Common	Sorcerer	Flame Pillar V	False		icon_skills.auraburn_tex
80600	Common	Common	Sorcerer	Flame Pillar VI	False		icon_skills.auraburn_tex
80700	Common	Common	Sorcerer	Flame Pillar VII	False		icon_skills.auraburn_tex
80800	Common	Common	Sorcerer	Flame Pillar VIII	False		icon_skills.auraburn_tex
80900	Common	Common	Sorcerer	Flame Pillar IX	False		icon_skills.auraburn_tex
81000	Common	Common	Sorcerer	Flame Pillar X	False		icon_skills.auraburn_tex
81100	Common	Common	Sorcerer	Flame Pillar XI	False		icon_skills.auraburn_tex
81200	Common	Common	Sorcerer	Flame Pillar XII	False		icon_skills.auraburn_tex
81300	Common	Common	Sorcerer	Flame Pillar XIII	False		icon_skills.auraburn_tex
81400	Common	Common	Sorcerer	Flame Pillar XIV	False		icon_skills.auraburn_tex
90100	Common	Common	Sorcerer	Overchannel I	False		icon_skills.kicharge_tex
90200	Common	Common	Sorcerer	Overchannel II	False		icon_skills.kicharge_tex
90300	Common	Common	Sorcerer	Overchannel III	False		icon_skills.kicharge_tex
90400	Common	Common	Sorcerer	Overchannel IV	False		icon_skills.kicharge_tex
90500	Common	Common	Sorcerer	Overchannel V	False		icon_skills.kicharge_tex
90600	Common	Common	Sorcerer	Overchannel VI	False		icon_skills.kicharge_tex
90700	Common	Common	Sorcerer	Overchannel VII	False		icon_skills.kicharge_tex
90800	Common	Common	Sorcerer	Overchannel VIII	False		icon_skills.kicharge_tex
90900	Common	Common	Sorcerer	Overchannel IX	False		icon_skills.kicharge_tex
100100	Common	Common	Sorcerer	Mana Barrier I	False		icon_skills.manashield_tex
100200	Common	Common	Sorcerer	Mana Barrier II	False		icon_skills.manashield_tex
100300	Common	Common	Sorcerer	Mana Barrier III	False		icon_skills.manashield_tex
100400	Common	Common	Sorcerer	Mana Barrier IV	False		icon_skills.manashield_tex
100500	Common	Common	Sorcerer	Mana Barrier V	False		icon_skills.manashield_tex
100600	Common	Common	Sorcerer	Mana Barrier VI	False		icon_skills.manashield_tex
100700	Common	Common	Sorcerer	Mana Barrier VII	False		icon_skills.manashield_tex
100800	Common	Common	Sorcerer	Mana Barrier VIII	False		icon_skills.manashield_tex
110100	Common	Common	Sorcerer	Magma Bomb I	False		icon_skills.howitzer_tex
110140	Common	Common	Sorcerer	Magma Bomb I	True		icon_skills.howitzer_tex
110200	Common	Common	Sorcerer	Magma Bomb II	False		icon_skills.howitzer_tex
110240	Common	Common	Sorcerer	Magma Bomb II	True		icon_skills.howitzer_tex
110300	Common	Common	Sorcerer	Magma Bomb III	False		icon_skills.howitzer_tex
110340	Common	Common	Sorcerer	Magma Bomb III	True		icon_skills.howitzer_tex
110400	Common	Common	Sorcerer	Magma Bomb IV	False		icon_skills.howitzer_tex
110440	Common	Common	Sorcerer	Magma Bomb IV	True		icon_skills.howitzer_tex
110500	Common	Common	Sorcerer	Magma Bomb V	False		icon_skills.howitzer_tex
110540	Common	Common	Sorcerer	Magma Bomb V	True		icon_skills.howitzer_tex
110600	Common	Common	Sorcerer	Magma Bomb VI	False		icon_skills.howitzer_tex
110640	Common	Common	Sorcerer	Magma Bomb VI	True		icon_skills.howitzer_tex
110700	Common	Common	Sorcerer	Magma Bomb VII	False		icon_skills.howitzer_tex
110740	Common	Common	Sorcerer	Magma Bomb VII	True		icon_skills.howitzer_tex
110800	Common	Common	Sorcerer	Magma Bomb VIII	False		icon_skills.howitzer_tex
110840	Common	Common	Sorcerer	Magma Bomb VIII	True		icon_skills.howitzer_tex
110900	Common	Common	Sorcerer	Magma Bomb IX	False		icon_skills.howitzer_tex
110940	Common	Common	Sorcerer	Magma Bomb IX	True		icon_skills.howitzer_tex
111000	Common	Common	Sorcerer	Magma Bomb X	False		icon_skills.howitzer_tex
111040	Common	Common	Sorcerer	Magma Bomb X	True		icon_skills.howitzer_tex
111100	Common	Common	Sorcerer	Magma Bomb XI	False		icon_skills.howitzer_tex
111140	Common	Common	Sorcerer	Magma Bomb XI	True		icon_skills.howitzer_tex
111200	Common	Common	Sorcerer	Magma Bomb XII	False		icon_skills.howitzer_tex
111240	Common	Common	Sorcerer	Magma Bomb XII	True		icon_skills.howitzer_tex
111300	Common	Common	Sorcerer	Magma Bomb XIII	False		icon_skills.howitzer_tex
111340	Common	Common	Sorcerer	Magma Bomb XIII	True		icon_skills.howitzer_tex
111400	Common	Common	Sorcerer	Magma Bomb XIV	False		icon_skills.howitzer_tex
111440	Common	Common	Sorcerer	Magma Bomb XIV	True		icon_skills.howitzer_tex
120100	Common	Common	Sorcerer	Void Pulse I	False		icon_skills.lightofruin_tex
120120	Common	Common	Sorcerer	Void Pulse I	False		icon_skills.lightofruin_tex
120200	Common	Common	Sorcerer	Void Pulse II	False		icon_skills.lightofruin_tex
120220	Common	Common	Sorcerer	Void Pulse II	False		icon_skills.lightofruin_tex
120300	Common	Common	Sorcerer	Void Pulse III	False		icon_skills.lightofruin_tex
120320	Common	Common	Sorcerer	Void Pulse III	False		icon_skills.lightofruin_tex
120400	Common	Common	Sorcerer	Void Pulse IV	False		icon_skills.lightofruin_tex
120420	Common	Common	Sorcerer	Void Pulse IV	False		icon_skills.lightofruin_tex
120500	Common	Common	Sorcerer	Void Pulse V	False		icon_skills.lightofruin_tex
120520	Common	Common	Sorcerer	Void Pulse V	False		icon_skills.lightofruin_tex
120600	Common	Common	Sorcerer	Void Pulse VI	False		icon_skills.lightofruin_tex
120620	Common	Common	Sorcerer	Void Pulse VI	False		icon_skills.lightofruin_tex
120700	Common	Common	Sorcerer	Void Pulse VII	False		icon_skills.lightofruin_tex
120720	Common	Common	Sorcerer	Void Pulse VII	False		icon_skills.lightofruin_tex
120800	Common	Common	Sorcerer	Void Pulse VIII	False		icon_skills.lightofruin_tex
120820	Common	Common	Sorcerer	Void Pulse VIII	False		icon_skills.lightofruin_tex
120900	Common	Common	Sorcerer	Void Pulse IX	False		icon_skills.lightofruin_tex
120920	Common	Common	Sorcerer	Void Pulse IX	False		icon_skills.lightofruin_tex
130100	Common	Common	Sorcerer	Mindblast I	False		icon_skills.sleepwind_tex
130200	Common	Common	Sorcerer	Mindblast II	False		icon_skills.sleepwind_tex
130300	Common	Common	Sorcerer	Mindblast III	False		icon_skills.sleepwind_tex
130400	Common	Common	Sorcerer	Mindblast IV	False		icon_skills.sleepwind_tex
140100	Common	Common	Sorcerer	Retaliate I	False		icon_skills.risingattack_tex
140200	Common	Common	Sorcerer	Retaliate II	False		icon_skills.risingattack_tex
140300	Common	Common	Sorcerer	Retaliate III	False		icon_skills.risingattack_tex
140400	Common	Common	Sorcerer	Retaliate IV	False		icon_skills.risingattack_tex
140500	Common	Common	Sorcerer	Retaliate V	False		icon_skills.risingattack_tex
140600	Common	Common	Sorcerer	Retaliate VI	False		icon_skills.risingattack_tex
140700	Common	Common	Sorcerer	Retaliate VII	False		icon_skills.risingattack_tex
140800	Common	Common	Sorcerer	Retaliate VIII	False		icon_skills.risingattack_tex
140900	Common	Common	Sorcerer	Retaliate IX	False		icon_skills.risingattack_tex
141000	Common	Common	Sorcerer	Retaliate X	False		icon_skills.risingattack_tex
141100	Common	Common	Sorcerer	Retaliate XI	False		icon_skills.risingattack_tex
141200	Common	Common	Sorcerer	Retaliate XII	False		icon_skills.risingattack_tex
141300	Common	Common	Sorcerer	Retaliate XIII	False		icon_skills.risingattack_tex
160100	Common	Common	Sorcerer	Painblast I	False		icon_skills.disease_tex
160200	Common	Common	Sorcerer	Painblast II	False		icon_skills.disease_tex
160300	Common	Common	Sorcerer	Painblast III	False		icon_skills.disease_tex
160400	Common	Common	Sorcerer	Painblast IV	False		icon_skills.disease_tex
160500	Common	Common	Sorcerer	Painblast V	False		icon_skills.disease_tex
160600	Common	Common	Sorcerer	Painblast VI	False		icon_skills.disease_tex
160700	Common	Common	Sorcerer	Painblast VII	False		icon_skills.disease_tex
160800	Common	Common	Sorcerer	Painblast VIII	False		icon_skills.disease_tex
160900	Common	Common	Sorcerer	Painblast IX	False		icon_skills.disease_tex
161000	Common	Common	Sorcerer	Painblast X	False		icon_skills.disease_tex
161100	Common	Common	Sorcerer	Painblast XI	False		icon_skills.disease_tex
161200	Common	Common	Sorcerer	Painblast XII	False		icon_skills.disease_tex
170100	Common	Common	Sorcerer	Painful Trap I	False		icon_skills.blastmine_tex
170120	Common	Common	Sorcerer	Painful Trap I	False		icon_skills.blastmine_tex
170200	Common	Common	Sorcerer	Painful Trap II	False		icon_skills.blastmine_tex
170220	Common	Common	Sorcerer	Painful Trap II	False		icon_skills.blastmine_tex
170300	Common	Common	Sorcerer	Painful Trap III	False		icon_skills.blastmine_tex
170320	Common	Common	Sorcerer	Painful Trap III	False		icon_skills.blastmine_tex
170400	Common	Common	Sorcerer	Painful Trap IV	False		icon_skills.blastmine_tex
170420	Common	Common	Sorcerer	Painful Trap IV	False		icon_skills.blastmine_tex
170500	Common	Common	Sorcerer	Painful Trap V	False		icon_skills.blastmine_tex
170520	Common	Common	Sorcerer	Painful Trap V	False		icon_skills.blastmine_tex
170600	Common	Common	Sorcerer	Painful Trap VI	False		icon_skills.blastmine_tex
170620	Common	Common	Sorcerer	Painful Trap VI	False		icon_skills.blastmine_tex
170700	Common	Common	Sorcerer	Painful Trap VII	False		icon_skills.blastmine_tex
170720	Common	Common	Sorcerer	Painful Trap VII	False		icon_skills.blastmine_tex
170800	Common	Common	Sorcerer	Painful Trap VIII	False		icon_skills.blastmine_tex
170820	Common	Common	Sorcerer	Painful Trap VIII	False		icon_skills.blastmine_tex
170900	Common	Common	Sorcerer	Painful Trap IX	False		icon_skills.blastmine_tex
170920	Common	Common	Sorcerer	Painful Trap IX	False		icon_skills.blastmine_tex
180100	Common	Common	Sorcerer	Glacial Retreat I	False		icon_skills.freezingtheearth_tex
180200	Common	Common	Sorcerer	Glacial Retreat II	False		icon_skills.freezingtheearth_tex
180300	Common	Common	Sorcerer	Glacial Retreat III	False		icon_skills.freezingtheearth_tex
180400	Common	Common	Sorcerer	Glacial Retreat IV	False		icon_skills.freezingtheearth_tex
180500	Common	Common	Sorcerer	Glacial Retreat V	False		icon_skills.freezingtheearth_tex
180600	Common	Common	Sorcerer	Glacial Retreat VI	False		icon_skills.freezingtheearth_tex
180700	Common	Common	Sorcerer	Glacial Retreat VII	False		icon_skills.freezingtheearth_tex
180800	Common	Common	Sorcerer	Glacial Retreat VIII	False		icon_skills.freezingtheearth_tex
180900	Common	Common	Sorcerer	Glacial Retreat IX	False		icon_skills.freezingtheearth_tex
181000	Common	Common	Sorcerer	Glacial Retreat X	False		icon_skills.freezingtheearth_tex
181100	Common	Common	Sorcerer	Glacial Retreat XI	False		icon_skills.freezingtheearth_tex
181200	Common	Common	Sorcerer	Glacial Retreat XII	False		icon_skills.freezingtheearth_tex
190100	Common	Common	Sorcerer	Mana Siphon	False		icon_skills.manaextortion_tex
190110	Common	Common	Sorcerer	Mana Siphon	False	hit 1	icon_skills.manaextortion_tex
190111	Common	Common	Sorcerer	Mana Siphon	False	hit 2	icon_skills.manaextortion_tex
190112	Common	Common	Sorcerer	Mana Siphon	False	hit 3	icon_skills.manaextortion_tex
190113	Common	Common	Sorcerer	Mana Siphon	False	hit 4	icon_skills.manaextortion_tex
190200	Common	Common	Sorcerer	Mana Siphon	False		icon_skills.manaextortion_tex
190210	Common	Common	Sorcerer	Mana Siphon	False	hit 1	icon_skills.manaextortion_tex
190211	Common	Common	Sorcerer	Mana Siphon	False	hit 2	icon_skills.manaextortion_tex
190212	Common	Common	Sorcerer	Mana Siphon	False	hit 3	icon_skills.manaextortion_tex
190213	Common	Common	Sorcerer	Mana Siphon	False	hit 4	icon_skills.manaextortion_tex
190300	Common	Common	Sorcerer	Mana Siphon	False		icon_skills.manaextortion_tex
190310	Common	Common	Sorcerer	Mana Siphon	False	hit 1	icon_skills.manaextortion_tex
190311	Common	Common	Sorcerer	Mana Siphon	False	hit 2	icon_skills.manaextortion_tex
190312	Common	Common	Sorcerer	Mana Siphon	False	hit 3	icon_skills.manaextortion_tex
190313	Common	Common	Sorcerer	Mana Siphon	False	hit 4	icon_skills.manaextortion_tex
190400	Common	Common	Sorcerer	Mana Siphon	False		icon_skills.manaextortion_tex
190410	Common	Common	Sorcerer	Mana Siphon	False	hit 1	icon_skills.manaextortion_tex
190411	Common	Common	Sorcerer	Mana Siphon	False	hit 2	icon_skills.manaextortion_tex
190412	Common	Common	Sorcerer	Mana Siphon	False	hit 3	icon_skills.manaextortion_tex
190413	Common	Common	Sorcerer	Mana Siphon	False	hit 4	icon_skills.manaextortion_tex
190500	Common	Common	Sorcerer	Mana Siphon	False		icon_skills.manaextortion_tex
190510	Common	Common	Sorcerer	Mana Siphon	False	hit 1	icon_skills.manaextortion_tex
190511	Common	Common	Sorcerer	Mana Siphon	False	hit 2	icon_skills.manaextortion_tex
190512	Common	Common	Sorcerer	Mana Siphon	False	hit 3	icon_skills.manaextortion_tex
190513	Common	Common	Sorcerer	Mana Siphon	False	hit 4	icon_skills.manaextortion_tex
190600	Common	Common	Sorcerer	Mana Siphon	False		icon_skills.manaextortion_tex
190610	Common	Common	Sorcerer	Mana Siphon	False	hit 1	icon_skills.manaextortion_tex
190611	Common	Common	Sorcerer	Mana Siphon	False	hit 2	icon_skills.manaextortion_tex
190612	Common	Common	Sorcerer	Mana Siphon	False	hit 3	icon_skills.manaextortion_tex
190613	Common	Common	Sorcerer	Mana Siphon	False	hit 4	icon_skills.manaextortion_tex
200100	Common	Common	Sorcerer	Flaming Barrage I	False		icon_skills.trackinginferno_tex
200110	Common	Common	Sorcerer	Flaming Barrage I	False		icon_skills.trackinginferno_tex
200200	Common	Common	Sorcerer	Flaming Barrage II	False		icon_skills.trackinginferno_tex
200210	Common	Common	Sorcerer	Flaming Barrage II	False		icon_skills.trackinginferno_tex
200300	Common	Common	Sorcerer	Flaming Barrage III	False		icon_skills.trackinginferno_tex
200310	Common	Common	Sorcerer	Flaming Barrage III	False		icon_skills.trackinginferno_tex
200400	Common	Common	Sorcerer	Flaming Barrage IV	False		icon_skills.trackinginferno_tex
200410	Common	Common	Sorcerer	Flaming Barrage IV	False		icon_skills.trackinginferno_tex
200500	Common	Common	Sorcerer	Flaming Barrage V	False		icon_skills.trackinginferno_tex
200510	Common	Common	Sorcerer	Flaming Barrage V	False		icon_skills.trackinginferno_tex
200600	Common	Common	Sorcerer	Flaming Barrage VI	False		icon_skills.trackinginferno_tex
200610	Common	Common	Sorcerer	Flaming Barrage VI	False		icon_skills.trackinginferno_tex
200700	Common	Common	Sorcerer	Flaming Barrage VII	False		icon_skills.trackinginferno_tex
200710	Common	Common	Sorcerer	Flaming Barrage VII	False		icon_skills.trackinginferno_tex
200800	Common	Common	Sorcerer	Flaming Barrage VIII	False		icon_skills.trackinginferno_tex
200810	Common	Common	Sorcerer	Flaming Barrage VIII	False		icon_skills.trackinginferno_tex
210100	Common	Common	Sorcerer	Nerve Exhaustion	False		icon_skills.neurasthenia_tex
210110	Common	Common	Sorcerer	Nerve Exhaustion	False		icon_skills.neurasthenia_tex
210200	Common	Common	Sorcerer	Nerve Exhaustion	False		icon_skills.neurasthenia_tex
210210	Common	Common	Sorcerer	Nerve Exhaustion	False		icon_skills.neurasthenia_tex
210300	Common	Common	Sorcerer	Nerve Exhaustion	False		icon_skills.neurasthenia_tex
210310	Common	Common	Sorcerer	Nerve Exhaustion	False		icon_skills.neurasthenia_tex
210400	Common	Common	Sorcerer	Nerve Exhaustion	False		icon_skills.neurasthenia_tex
210410	Common	Common	Sorcerer	Nerve Exhaustion	False		icon_skills.neurasthenia_tex
220100	Common	Common	Sorcerer	Burning Breath I	False		icon_skills.burningbreath_tex
220110	Common	Common	Sorcerer	Burning Breath I	False		icon_skills.burningbreath_tex
220200	Common	Common	Sorcerer	Burning Breath II	False		icon_skills.burningbreath_tex
220210	Common	Common	Sorcerer	Burning Breath II	False		icon_skills.burningbreath_tex
220300	Common	Common	Sorcerer	Burning Breath III	False		icon_skills.burningbreath_tex
220310	Common	Common	Sorcerer	Burning Breath III	False		icon_skills.burningbreath_tex
220400	Common	Common	Sorcerer	Burning Breath IV	False		icon_skills.burningbreath_tex
220410	Common	Common	Sorcerer	Burning Breath IV	False		icon_skills.burningbreath_tex
220500	Common	Common	Sorcerer	Burning Breath V	False		icon_skills.burningbreath_tex
220510	Common	Common	Sorcerer	Burning Breath V	False		icon_skills.burningbreath_tex
220600	Common	Common	Sorcerer	Burning Breath VI	False		icon_skills.burningbreath_tex
220610	Common	Common	Sorcerer	Burning Breath VI	False		icon_skills.burningbreath_tex
220700	Common	Common	Sorcerer	Burning Breath VII	False		icon_skills.burningbreath_tex
220710	Common	Common	Sorcerer	Burning Breath VII	False		icon_skills.burningbreath_tex
230100	Common	Common	Sorcerer	Mana Volley I	False		icon_skills.mpsink_tex
230110	Common	Common	Sorcerer	Mana Volley I	False		icon_skills.mpsink_tex
230200	Common	Common	Sorcerer	Mana Volley II	False		icon_skills.mpsink_tex
230210	Common	Common	Sorcerer	Mana Volley II	False		icon_skills.mpsink_tex
230300	Common	Common	Sorcerer	Mana Volley III	False		icon_skills.mpsink_tex
230310	Common	Common	Sorcerer	Mana Volley III	False		icon_skills.mpsink_tex
230400	Common	Common	Sorcerer	Mana Volley IV	False		icon_skills.mpsink_tex
230410	Common	Common	Sorcerer	Mana Volley IV	False		icon_skills.mpsink_tex
240100	Common	Common	Sorcerer	Burst of Celerity	False		icon_skills.contractofquickness_tex
240200	Common	Common	Sorcerer	Burst of Celerity	False		icon_skills.contractofquickness_tex
250100	Common	Common	Sorcerer	Time Gyre I	False		icon_skills.curseofshackle_tex
250110	Common	Common	Sorcerer	Time Gyre I	False		icon_skills.curseofshackle_tex
250200	Common	Common	Sorcerer	Time Gyre II	False		icon_skills.curseofshackle_tex
250210	Common	Common	Sorcerer	Time Gyre II	False		icon_skills.curseofshackle_tex
250300	Common	Common	Sorcerer	Time Gyre III	False		icon_skills.curseofshackle_tex
250310	Common	Common	Sorcerer	Time Gyre III	False		icon_skills.curseofshackle_tex
250400	Common	Common	Sorcerer	Time Gyre IV	False		icon_skills.curseofshackle_tex
250410	Common	Common	Sorcerer	Time Gyre IV	False		icon_skills.curseofshackle_tex
250500	Common	Common	Sorcerer	Time Gyre V	False		icon_skills.curseofshackle_tex
250510	Common	Common	Sorcerer	Time Gyre V	False		icon_skills.curseofshackle_tex
250600	Common	Common	Sorcerer	Time Gyre VI	False		icon_skills.curseofshackle_tex
250610	Common	Common	Sorcerer	Time Gyre VI	False		icon_skills.curseofshackle_tex
260100	Common	Common	Sorcerer	Teleport Jaunt	False		icon_skills.shortteleport_tex
260200	Common	Common	Sorcerer	Teleport Jaunt	False		icon_skills.shortteleport_tex
270100	Common	Common	Sorcerer	Hail Storm I	False		icon_skills.icestorm_tex
270120	Common	Common	Sorcerer	Hail Storm I	False		icon_skills.icestorm_tex
270200	Common	Common	Sorcerer	Hail Storm II	False		icon_skills.icestorm_tex
270220	Common	Common	Sorcerer	Hail Storm II	False		icon_skills.icestorm_tex
270300	Common	Common	Sorcerer	Hail Storm III	False		icon_skills.icestorm_tex
270320	Common	Common	Sorcerer	Hail Storm III	False		icon_skills.icestorm_tex
270400	Common	Common	Sorcerer	Hail Storm IV	False		icon_skills.icestorm_tex
270420	Common	Common	Sorcerer	Hail Storm IV	False		icon_skills.icestorm_tex
270500	Common	Common	Sorcerer	Hail Storm V	False		icon_skills.icestorm_tex
270520	Common	Common	Sorcerer	Hail Storm V	False		icon_skills.icestorm_tex
270600	Common	Common	Sorcerer	Hail Storm VI	False		icon_skills.icestorm_tex
270620	Common	Common	Sorcerer	Hail Storm VI	False		icon_skills.icestorm_tex
270700	Common	Common	Sorcerer	Hail Storm VII	False		icon_skills.icestorm_tex
270720	Common	Common	Sorcerer	Hail Storm VII	False		icon_skills.icestorm_tex
280100	Common	Common	Sorcerer	Stone Skin	False	On	icon_skills.stoneshape_tex
280150	Common	Common	Sorcerer	Stone Skin	False	Off	icon_skills.stoneshape_tex
280200	Common	Common	Sorcerer	Stone Skin	False	On	icon_skills.stoneshape_tex
280250	Common	Common	Sorcerer	Stone Skin	False	Off	icon_skills.stoneshape_tex
280300	Common	Common	Sorcerer	Stone Skin	False	On	icon_skills.stoneshape_tex
280350	Common	Common	Sorcerer	Stone Skin	False	Off	icon_skills.stoneshape_tex
280400	Common	Common	Sorcerer	Stone Skin	False	On	icon_skills.stoneshape_tex
280450	Common	Common	Sorcerer	Stone Skin	False	Off	icon_skills.stoneshape_tex
290100	Common	Common	Sorcerer	Vortex Prison I	False		icon_skills.tornadoprison_tex
290120	Common	Common	Sorcerer	Vortex Prison I	False		icon_skills.tornadoprison_tex
290200	Common	Common	Sorcerer	Vortex Prison II	False		icon_skills.tornadoprison_tex
290220	Common	Common	Sorcerer	Vortex Prison II	False		icon_skills.tornadoprison_tex
300100	Common	Common	Sorcerer	Nova	False		icon_skills.manaburst_tex
310100	Common	Common	Sorcerer	Warp Barrier	False		icon_skills.distortionfield_tex
10100	Common	Common	Warrior	Combo Attack I	False	hit 1	icon_skills.comboattack_tex
10101	Common	Common	Warrior	Combo Attack I	False	hit 2	icon_skills.comboattack_tex
10102	Common	Common	Warrior	Combo Attack I	False	hit 3	icon_skills.comboattack_tex
10103	Common	Common	Warrior	Combo Attack I	False	hit 4	icon_skills.comboattack_tex
10200	Common	Common	Warrior	Combo Attack II	False	hit 1	icon_skills.comboattack_tex
10201	Common	Common	Warrior	Combo Attack II	False	hit 2	icon_skills.comboattack_tex
10202	Common	Common	Warrior	Combo Attack II	False	hit 3	icon_skills.comboattack_tex
10203	Common	Common	Warrior	Combo Attack II	False	hit 4	icon_skills.comboattack_tex
10300	Common	Common	Warrior	Combo Attack III	False	hit 1	icon_skills.comboattack_tex
10301	Common	Common	Warrior	Combo Attack III	False	hit 2	icon_skills.comboattack_tex
10302	Common	Common	Warrior	Combo Attack III	False	hit 3	icon_skills.comboattack_tex
10303	Common	Common	Warrior	Combo Attack III	False	hit 4	icon_skills.comboattack_tex
10400	Common	Common	Warrior	Combo Attack IV	False	hit 1	icon_skills.comboattack_tex
10401	Common	Common	Warrior	Combo Attack IV	False	hit 2	icon_skills.comboattack_tex
10402	Common	Common	Warrior	Combo Attack IV	False	hit 3	icon_skills.comboattack_tex
10403	Common	Common	Warrior	Combo Attack IV	False	hit 4	icon_skills.comboattack_tex
10500	Common	Common	Warrior	Combo Attack V	False	hit 1	icon_skills.comboattack_tex
10501	Common	Common	Warrior	Combo Attack V	False	hit 2	icon_skills.comboattack_tex
10502	Common	Common	Warrior	Combo Attack V	False	hit 3	icon_skills.comboattack_tex
10503	Common	Common	Warrior	Combo Attack V	False	hit 4	icon_skills.comboattack_tex
10600	Common	Common	Warrior	Combo Attack VI	False	hit 1	icon_skills.comboattack_tex
10601	Common	Common	Warrior	Combo Attack VI	False	hit 2	icon_skills.comboattack_tex
10602	Common	Common	Warrior	Combo Attack VI	False	hit 3	icon_skills.comboattack_tex
10603	Common	Common	Warrior	Combo Attack VI	False	hit 4	icon_skills.comboattack_tex
10700	Common	Common	Warrior	Combo Attack VII	False	hit 1	icon_skills.comboattack_tex
10701	Common	Common	Warrior	Combo Attack VII	False	hit 2	icon_skills.comboattack_tex
10702	Common	Common	Warrior	Combo Attack VII	False	hit 3	icon_skills.comboattack_tex
10703	Common	Common	Warrior	Combo Attack VII	False	hit 4	icon_skills.comboattack_tex
10800	Common	Common	Warrior	Combo Attack VIII	False	hit 1	icon_skills.comboattack_tex
10801	Common	Common	Warrior	Combo Attack VIII	False	hit 2	icon_skills.comboattack_tex
10802	Common	Common	Warrior	Combo Attack VIII	False	hit 3	icon_skills.comboattack_tex
10803	Common	Common	Warrior	Combo Attack VIII	False	hit 4	icon_skills.comboattack_tex
10900	Common	Common	Warrior	Combo Attack IX	False	hit 1	icon_skills.comboattack_tex
10901	Common	Common	Warrior	Combo Attack IX	False	hit 2	icon_skills.comboattack_tex
10902	Common	Common	Warrior	Combo Attack IX	False	hit 3	icon_skills.comboattack_tex
10903	Common	Common	Warrior	Combo Attack IX	False	hit 4	icon_skills.comboattack_tex
11000	Common	Common	Warrior	Combo Attack X	False	hit 1	icon_skills.comboattack_tex
11001	Common	Common	Warrior	Combo Attack X	False	hit 2	icon_skills.comboattack_tex
11002	Common	Common	Warrior	Combo Attack X	False	hit 3	icon_skills.comboattack_tex
11003	Common	Common	Warrior	Combo Attack X	False	hit 4	icon_skills.comboattack_tex
11100	Common	Common	Warrior	Combo Attack XI	False	hit 1	icon_skills.comboattack_tex
11101	Common	Common	Warrior	Combo Attack XI	False	hit 2	icon_skills.comboattack_tex
11102	Common	Common	Warrior	Combo Attack XI	False	hit 3	icon_skills.comboattack_tex
11103	Common	Common	Warrior	Combo Attack XI	False	hit 4	icon_skills.comboattack_tex
11200	Common	Common	Warrior	Combo Attack XII	False	hit 1	icon_skills.comboattack_tex
11201	Common	Common	Warrior	Combo Attack XII	False	hit 2	icon_skills.comboattack_tex
11202	Common	Common	Warrior	Combo Attack XII	False	hit 3	icon_skills.comboattack_tex
11203	Common	Common	Warrior	Combo Attack XII	False	hit 4	icon_skills.comboattack_tex
11300	Common	Common	Warrior	Combo Attack XIII	False	hit 1	icon_skills.comboattack_tex
11301	Common	Common	Warrior	Combo Attack XIII	False	hit 2	icon_skills.comboattack_tex
11302	Common	Common	Warrior	Combo Attack XIII	False	hit 3	icon_skills.comboattack_tex
11303	Common	Common	Warrior	Combo Attack XIII	False	hit 4	icon_skills.comboattack_tex
11400	Common	Common	Warrior	Combo Attack XIV	False	hit 1	icon_skills.comboattack_tex
11401	Common	Common	Warrior	Combo Attack XIV	False	hit 2	icon_skills.comboattack_tex
11402	Common	Common	Warrior	Combo Attack XIV	False	hit 3	icon_skills.comboattack_tex
11403	Common	Common	Warrior	Combo Attack XIV	False	hit 4	icon_skills.comboattack_tex
11500	Common	Common	Warrior	Combo Attack XV	False	hit 1	icon_skills.comboattack_tex
11501	Common	Common	Warrior	Combo Attack XV	False	hit 2	icon_skills.comboattack_tex
11502	Common	Common	Warrior	Combo Attack XV	False	hit 3	icon_skills.comboattack_tex
11503	Common	Common	Warrior	Combo Attack XV	False	hit 4	icon_skills.comboattack_tex
20100	Common	Common	Warrior	Evasive Roll I	False		icon_skills.tumbling_tex
20200	Common	Common	Warrior	Evasive Roll II	False		icon_skills.tumbling_tex
20300	Common	Common	Warrior	Evasive Roll III	False		icon_skills.tumbling_tex
30100	Common	Common	Warrior	Torrent of Blows I	False		icon_skills.nanmu_tex
30200	Common	Common	Warrior	Torrent of Blows II	False		icon_skills.nanmu_tex
30300	Common	Common	Warrior	Torrent of Blows III	False		icon_skills.nanmu_tex
30400	Common	Common	Warrior	Torrent of Blows IV	False		icon_skills.nanmu_tex
30500	Common	Common	Warrior	Torrent of Blows V	False		icon_skills.nanmu_tex
30600	Common	Common	Warrior	Torrent of Blows VI	False		icon_skills.nanmu_tex
30700	Common	Common	Warrior	Torrent of Blows VII	False		icon_skills.nanmu_tex
30800	Common	Common	Warrior	Torrent of Blows VIII	False		icon_skills.nanmu_tex
30900	Common	Common	Warrior	Torrent of Blows IX	False		icon_skills.nanmu_tex
31000	Common	Common	Warrior	Torrent of Blows X	False		icon_skills.nanmu_tex
31100	Common	Common	Warrior	Torrent of Blows XI	False		icon_skills.nanmu_tex
31200	Common	Common	Warrior	Torrent of Blows XII	False		icon_skills.nanmu_tex
40100	Common	Common	Warrior	Rain of Blows I	False		icon_skills.pointattack_tex
40130	Common	Common	Warrior	Rain of Blows I	True		icon_skills.pointattack_tex
40200	Common	Common	Warrior	Rain of Blows II	False		icon_skills.pointattack_tex
40230	Common	Common	Warrior	Rain of Blows II	True		icon_skills.pointattack_tex
40300	Common	Common	Warrior	Rain of Blows III	False		icon_skills.pointattack_tex
40330	Common	Common	Warrior	Rain of Blows III	True		icon_skills.pointattack_tex
40400	Common	Common	Warrior	Rain of Blows IV	False		icon_skills.pointattack_tex
40430	Common	Common	Warrior	Rain of Blows IV	True		icon_skills.pointattack_tex
40500	Common	Common	Warrior	Rain of Blows V	False		icon_skills.pointattack_tex
40530	Common	Common	Warrior	Rain of Blows V	True		icon_skills.pointattack_tex
40600	Common	Common	Warrior	Rain of Blows VI	False		icon_skills.pointattack_tex
40630	Common	Common	Warrior	Rain of Blows VI	True		icon_skills.pointattack_tex
40700	Common	Common	Warrior	Rain of Blows VII	False		icon_skills.pointattack_tex
40730	Common	Common	Warrior	Rain of Blows VII	True		icon_skills.pointattack_tex
40800	Common	Common	Warrior	Rain of Blows VIII	False		icon_skills.pointattack_tex
40830	Common	Common	Warrior	Rain of Blows VIII	True		icon_skills.pointattack_tex
40900	Common	Common	Warrior	Rain of Blows IX	False		icon_skills.pointattack_tex
40930	Common	Common	Warrior	Rain of Blows IX	True		icon_skills.pointattack_tex
41000	Common	Common	Warrior	Rain of Blows X	False		icon_skills.pointattack_tex
41030	Common	Common	Warrior	Rain of Blows X	True		icon_skills.pointattack_tex
41100	Common	Common	Warrior	Rain of Blows XI	False		icon_skills.pointattack_tex
41130	Common	Common	Warrior	Rain of Blows XI	True		icon_skills.pointattack_tex
41200	Common	Common	Warrior	Rain of Blows XII	False		icon_skills.pointattack_tex
41230	Common	Common	Warrior	Rain of Blows XII	True		icon_skills.pointattack_tex
41300	Common	Common	Warrior	Rain of Blows XIII	False		icon_skills.pointattack_tex
41330	Common	Common	Warrior	Rain of Blows XIII	True		icon_skills.pointattack_tex
41400	Common	Common	Warrior	Rain of Blows XIV	False		icon_skills.pointattack_tex
41430	Common	Common	Warrior	Rain of Blows XIV	True		icon_skills.pointattack_tex
41500	Common	Common	Warrior	Rain of Blows XV	False		icon_skills.pointattack_tex
41530	Common	Common	Warrior	Rain of Blows XV	True		icon_skills.pointattack_tex
50100	Common	Common	Warrior	Battle Cry I	False		icon_skills.thunderingroar_tex
50200	Common	Common	Warrior	Battle Cry II	False		icon_skills.thunderingroar_tex
50300	Common	Common	Warrior	Battle Cry III	False		icon_skills.thunderingroar_tex
50400	Common	Common	Warrior	Battle Cry IV	False		icon_skills.thunderingroar_tex
50500	Common	Common	Warrior	Battle Cry V	False		icon_skills.thunderingroar_tex
50600	Common	Common	Warrior	Battle Cry VI	False		icon_skills.thunderingroar_tex
50700	Common	Common	Warrior	Battle Cry VII	False		icon_skills.thunderingroar_tex
50800	Common	Common	Warrior	Battle Cry VIII	False		icon_skills.thunderingroar_tex
50900	Common	Common	Warrior	Battle Cry IX	False		icon_skills.thunderingroar_tex
51000	Common	Common	Warrior	Battle Cry X	False		icon_skills.thunderingroar_tex
51100	Common	Common	Warrior	Battle Cry XI	False		icon_skills.thunderingroar_tex
51200	Common	Common	Warrior	Battle Cry XII	False		icon_skills.thunderingroar_tex
51300	Common	Common	Warrior	Battle Cry XIII	False		icon_skills.thunderingroar_tex
80100	Common	Common	Warrior	Assault Stance I	False	On	icon_skills.ironwilla_tex
80150	Common	Common	Warrior	Assault Stance I	False	Off	icon_skills.ironwilla_tex
80200	Common	Common	Warrior	Assault Stance II	False	On	icon_skills.ironwilla_tex
80250	Common	Common	Warrior	Assault Stance II	False	Off	icon_skills.ironwilla_tex
80300	Common	Common	Warrior	Assault Stance III	False	On	icon_skills.ironwilla_tex
80350	Common	Common	Warrior	Assault Stance III	False	Off	icon_skills.ironwilla_tex
80400	Common	Common	Warrior	Assault Stance IV	False	On	icon_skills.ironwilla_tex
80450	Common	Common	Warrior	Assault Stance IV	False	Off	icon_skills.ironwilla_tex
80500	Common	Common	Warrior	Assault Stance V	False	On	icon_skills.ironwilla_tex
80550	Common	Common	Warrior	Assault Stance V	False	Off	icon_skills.ironwilla_tex
80600	Common	Common	Warrior	Assault Stance VI	False	On	icon_skills.ironwilla_tex
80650	Common	Common	Warrior	Assault Stance VI	False	Off	icon_skills.ironwilla_tex
90100	Common	Common	Warrior	Defensive Stance I	False	On	icon_skills.ironwillb_tex
90150	Common	Common	Warrior	Defensive Stance I	False	Off	icon_skills.ironwillb_tex
90200	Common	Common	Warrior	Defensive Stance II	False	On	icon_skills.ironwillb_tex
90250	Common	Common	Warrior	Defensive Stance II	False	Off	icon_skills.ironwillb_tex
90300	Common	Common	Warrior	Defensive Stance III	False	On	icon_skills.ironwillb_tex
90350	Common	Common	Warrior	Defensive Stance III	False	Off	icon_skills.ironwillb_tex
90400	Common	Common	Warrior	Defensive Stance IV	False	On	icon_skills.ironwillb_tex
90450	Common	Common	Warrior	Defensive Stance IV	False	Off	icon_skills.ironwillb_tex
90500	Common	Common	Warrior	Defensive Stance V	False	On	icon_skills.ironwillb_tex
90550	Common	Common	Warrior	Defensive Stance V	False	Off	icon_skills.ironwillb_tex
90600	Common	Common	Warrior	Defensive Stance VI	False	On	icon_skills.ironwillb_tex
90650	Common	Common	Warrior	Defensive Stance VI	False	Off	icon_skills.ironwillb_tex
100100	Common	Common	Warrior	Death From Above I	False		icon_skills.evasionattack_tex
100200	Common	Common	Warrior	Death From Above II	False		icon_skills.evasionattack_tex
100300	Common	Common	Warrior	Death From Above III	False		icon_skills.evasionattack_tex
100400	Common	Common	Warrior	Death From Above IV	False		icon_skills.evasionattack_tex
100500	Common	Common	Warrior	Death From Above V	False		icon_skills.evasionattack_tex
100600	Common	Common	Warrior	Death From Above VI	False		icon_skills.evasionattack_tex
100700	Common	Common	Warrior	Death From Above VII	False		icon_skills.evasionattack_tex
100800	Common	Common	Warrior	Death From Above VIII	False		icon_skills.evasionattack_tex
100900	Common	Common	Warrior	Death From Above IX	False		icon_skills.evasionattack_tex
101000	Common	Common	Warrior	Death From Above X	False		icon_skills.evasionattack_tex
110100	Common	Common	Warrior	Poison Blade I	False		icon_skills.poisonblowattack_tex
110200	Common	Common	Warrior	Poison Blade II	False		icon_skills.poisonblowattack_tex
110300	Common	Common	Warrior	Poison Blade III	False		icon_skills.poisonblowattack_tex
110400	Common	Common	Warrior	Poison Blade IV	False		icon_skills.poisonblowattack_tex
110500	Common	Common	Warrior	Poison Blade V	False		icon_skills.poisonblowattack_tex
110600	Common	Common	Warrior	Poison Blade VI	False		icon_skills.poisonblowattack_tex
110700	Common	Common	Warrior	Poison Blade VII	False		icon_skills.poisonblowattack_tex
110800	Common	Common	Warrior	Poison Blade VIII	False		icon_skills.poisonblowattack_tex
110900	Common	Common	Warrior	Poison Blade IX	False		icon_skills.poisonblowattack_tex
111000	Common	Common	Warrior	Poison Blade X	False		icon_skills.poisonblowattack_tex
111100	Common	Common	Warrior	Poison Blade XI	False		icon_skills.poisonblowattack_tex
120100	Common	Common	Warrior	Leaping Strike I	False		icon_skills.downblowattack_tex
120140	Common	Common	Warrior	Infuriate	False		icon_skills.provokerage_tex
120200	Common	Common	Warrior	Leaping Strike II	False		icon_skills.downblowattack_tex
120300	Common	Common	Warrior	Leaping Strike III	False		icon_skills.downblowattack_tex
120400	Common	Common	Warrior	Leaping Strike IV	False		icon_skills.downblowattack_tex
120500	Common	Common	Warrior	Leaping Strike V	False		icon_skills.downblowattack_tex
120600	Common	Common	Warrior	Leaping Strike VI	False		icon_skills.downblowattack_tex
120700	Common	Common	Warrior	Leaping Strike VII	False		icon_skills.downblowattack_tex
120800	Common	Common	Warrior	Leaping Strike VIII	False		icon_skills.downblowattack_tex
120900	Common	Common	Warrior	Leaping Strike IX	False		icon_skills.downblowattack_tex
121000	Common	Common	Warrior	Leaping Strike X	False		icon_skills.downblowattack_tex
121100	Common	Common	Warrior	Leaping Strike XI	False		icon_skills.downblowattack_tex
130100	Common	Common	Warrior	Retaliate I	False		icon_skills.risingattack_tex
130200	Common	Common	Warrior	Retaliate II	False		icon_skills.risingattack_tex
130300	Common	Common	Warrior	Retaliate III	False		icon_skills.risingattack_tex
130400	Common	Common	Warrior	Retaliate IV	False		icon_skills.risingattack_tex
130500	Common	Common	Warrior	Retaliate V	False		icon_skills.risingattack_tex
130600	Common	Common	Warrior	Retaliate VI	False		icon_skills.risingattack_tex
130700	Common	Common	Warrior	Retaliate VII	False		icon_skills.risingattack_tex
130800	Common	Common	Warrior	Retaliate VIII	False		icon_skills.risingattack_tex
130900	Common	Common	Warrior	Retaliate IX	False		icon_skills.risingattack_tex
131000	Common	Common	Warrior	Retaliate X	False		icon_skills.risingattack_tex
131100	Common	Common	Warrior	Retaliate XI	False		icon_skills.risingattack_tex
131200	Common	Common	Warrior	Retaliate XII	False		icon_skills.risingattack_tex
140100	Common	Common	Warrior	Mangle	False	On	icon_skills.aimingankle_tex
140150	Common	Common	Warrior	Mangle	False	Off	icon_skills.aimingankle_tex
140200	Common	Common	Warrior	Mangle	False	On	icon_skills.aimingankle_tex
140250	Common	Common	Warrior	Mangle	False	Off	icon_skills.aimingankle_tex
160100	Common	Common	Warrior	Charging Slash I	False		icon_skills.rushingslash_tex
160101	Common	Common	Warrior	Charging Slash I	False		icon_skills.rushingslash_tex
160200	Common	Common	Warrior	Charging Slash II	False		icon_skills.rushingslash_tex
160201	Common	Common	Warrior	Charging Slash II	False		icon_skills.rushingslash_tex
160300	Common	Common	Warrior	Charging Slash III	False		icon_skills.rushingslash_tex
160301	Common	Common	Warrior	Charging Slash III	False		icon_skills.rushingslash_tex
160400	Common	Common	Warrior	Charging Slash IV	False		icon_skills.rushingslash_tex
160401	Common	Common	Warrior	Charging Slash IV	False		icon_skills.rushingslash_tex
160500	Common	Common	Warrior	Charging Slash V	False		icon_skills.rushingslash_tex
160501	Common	Common	Warrior	Charging Slash V	False		icon_skills.rushingslash_tex
160600	Common	Common	Warrior	Charging Slash VI	False		icon_skills.rushingslash_tex
160601	Common	Common	Warrior	Charging Slash VI	False		icon_skills.rushingslash_tex
160700	Common	Common	Warrior	Charging Slash VII	False		icon_skills.rushingslash_tex
160701	Common	Common	Warrior	Charging Slash VII	False		icon_skills.rushingslash_tex
160800	Common	Common	Warrior	Charging Slash VIII	False		icon_skills.rushingslash_tex
160801	Common	Common	Warrior	Charging Slash VIII	False		icon_skills.rushingslash_tex
160900	Common	Common	Warrior	Charging Slash IX	False		icon_skills.rushingslash_tex
160901	Common	Common	Warrior	Charging Slash IX	False		icon_skills.rushingslash_tex
161000	Common	Common	Warrior	Charging Slash X	False		icon_skills.rushingslash_tex
161001	Common	Common	Warrior	Charging Slash X	False		icon_skills.rushingslash_tex
170100	Common	Common	Warrior	Vortex Slash I	False		icon_skills.allroundslash_tex
170200	Common	Common	Warrior	Vortex Slash II	False		icon_skills.allroundslash_tex
170300	Common	Common	Warrior	Vortex Slash III	False		icon_skills.allroundslash_tex
170400	Common	Common	Warrior	Vortex Slash IV	False		icon_skills.allroundslash_tex
170500	Common	Common	Warrior	Vortex Slash V	False		icon_skills.allroundslash_tex
170600	Common	Common	Warrior	Vortex Slash VI	False		icon_skills.allroundslash_tex
170700	Common	Common	Warrior	Vortex Slash VII	False		icon_skills.allroundslash_tex
170800	Common	Common	Warrior	Vortex Slash VIII	False		icon_skills.allroundslash_tex
170900	Common	Common	Warrior	Vortex Slash IX	False		icon_skills.allroundslash_tex
171000	Common	Common	Warrior	Vortex Slash X	False		icon_skills.allroundslash_tex
171100	Common	Common	Warrior	Vortex Slash XI	False		icon_skills.allroundslash_tex
171200	Common	Common	Warrior	Vortex Slash XII	False		icon_skills.allroundslash_tex
171300	Common	Common	Warrior	Vortex Slash XIII	False		icon_skills.allroundslash_tex
171400	Common	Common	Warrior	Vortex Slash XIV	False		icon_skills.allroundslash_tex
180100	Common	Common	Warrior	Combative Strike I	False		icon_skills.aggravatingstrike_tex
180200	Common	Common	Warrior	Combative Strike II	False		icon_skills.aggravatingstrike_tex
180300	Common	Common	Warrior	Combative Strike III	False		icon_skills.aggravatingstrike_tex
180400	Common	Common	Warrior	Combative Strike IV	False		icon_skills.aggravatingstrike_tex
180500	Common	Common	Warrior	Combative Strike V	False		icon_skills.aggravatingstrike_tex
180600	Common	Common	Warrior	Combative Strike VI	False		icon_skills.aggravatingstrike_tex
180700	Common	Common	Warrior	Combative Strike VII	False		icon_skills.aggravatingstrike_tex
180800	Common	Common	Warrior	Combative Strike VIII	False		icon_skills.aggravatingstrike_tex
180900	Common	Common	Warrior	Combative Strike IX	False		icon_skills.aggravatingstrike_tex
181000	Common	Common	Warrior	Combative Strike X	False		icon_skills.aggravatingstrike_tex
181100	Common	Common	Warrior	Combative Strike XI	False		icon_skills.aggravatingstrike_tex
181200	Common	Common	Warrior	Combative Strike XII	False		icon_skills.aggravatingstrike_tex
181300	Common	Common	Warrior	Combative Strike XIII	False		icon_skills.aggravatingstrike_tex
181400	Common	Common	Warrior	Combative Strike XIV	False		icon_skills.aggravatingstrike_tex
190100	Common	Common	Warrior	Rising Fury I	False	hit 1	icon_skills.tenaciousattack_tex
190101	Common	Common	Warrior	Rising Fury I	False	hit 2	icon_skills.tenaciousattack_tex
190200	Common	Common	Warrior	Rising Fury II	False	hit 1	icon_skills.tenaciousattack_tex
190201	Common	Common	Warrior	Rising Fury II	False	hit 2	icon_skills.tenaciousattack_tex
190300	Common	Common	Warrior	Rising Fury III	False	hit 1	icon_skills.tenaciousattack_tex
190301	Common	Common	Warrior	Rising Fury III	False	hit 2	icon_skills.tenaciousattack_tex
190400	Common	Common	Warrior	Rising Fury IV	False	hit 1	icon_skills.tenaciousattack_tex
190401	Common	Common	Warrior	Rising Fury IV	False	hit 2	icon_skills.tenaciousattack_tex
190500	Common	Common	Warrior	Rising Fury V	False	hit 1	icon_skills.tenaciousattack_tex
190501	Common	Common	Warrior	Rising Fury V	False	hit 2	icon_skills.tenaciousattack_tex
190600	Common	Common	Warrior	Rising Fury VI	False	hit 1	icon_skills.tenaciousattack_tex
190601	Common	Common	Warrior	Rising Fury VI	False	hit 2	icon_skills.tenaciousattack_tex
190700	Common	Common	Warrior	Rising Fury VII	False	hit 1	icon_skills.tenaciousattack_tex
190701	Common	Common	Warrior	Rising Fury VII	False	hit 2	icon_skills.tenaciousattack_tex
190800	Common	Common	Warrior	Rising Fury VIII	False	hit 1	icon_skills.tenaciousattack_tex
190801	Common	Common	Warrior	Rising Fury VIII	False	hit 2	icon_skills.tenaciousattack_tex
190900	Common	Common	Warrior	Rising Fury IX	False	hit 1	icon_skills.tenaciousattack_tex
190901	Common	Common	Warrior	Rising Fury IX	False	hit 2	icon_skills.tenaciousattack_tex
191000	Common	Common	Warrior	Rising Fury X	False	hit 1	icon_skills.tenaciousattack_tex
191001	Common	Common	Warrior	Rising Fury X	False	hit 2	icon_skills.tenaciousattack_tex
191100	Common	Common	Warrior	Rising Fury XI	False	hit 1	icon_skills.tenaciousattack_tex
191101	Common	Common	Warrior	Rising Fury XI	False	hit 2	icon_skills.tenaciousattack_tex
191200	Common	Common	Warrior	Rising Fury XII	False	hit 1	icon_skills.tenaciousattack_tex
191201	Common	Common	Warrior	Rising Fury XII	False	hit 2	icon_skills.tenaciousattack_tex
191300	Common	Common	Warrior	Rising Fury XIII	False	hit 1	icon_skills.tenaciousattack_tex
191301	Common	Common	Warrior	Rising Fury XIII	False	hit 2	icon_skills.tenaciousattack_tex
200100	Common	Common	Warrior	Deadly Gamble I	False		icon_skills.deadlywill_tex
200200	Common	Common	Warrior	Deadly Gamble II	False		icon_skills.deadlywill_tex
200300	Common	Common	Warrior	Deadly Gamble III	False		icon_skills.deadlywill_tex
200400	Common	Common	Warrior	Deadly Gamble IV	False		icon_skills.deadlywill_tex
210100	Common	Common	Warrior	Cascade of Stuns I	False		icon_skills.hardslash_tex
210200	Common	Common	Warrior	Cascade of Stuns II	False		icon_skills.hardslash_tex
210300	Common	Common	Warrior	Cascade of Stuns III	False		icon_skills.hardslash_tex
210400	Common	Common	Warrior	Cascade of Stuns IV	False		icon_skills.hardslash_tex
220100	Common	Common	Warrior	Backstab I	False		icon_skills.backattack_tex
220200	Common	Common	Warrior	Backstab II	False		icon_skills.backattack_tex
220300	Common	Common	Warrior	Backstab III	False		icon_skills.backattack_tex
220400	Common	Common	Warrior	Backstab IV	False		icon_skills.backattack_tex
230100	Common	Common	Warrior	Staggering Counter I	False		icon_skills.reversalturningattack_tex
230200	Common	Common	Warrior	Staggering Counter II	False		icon_skills.reversalturningattack_tex
240100	Common	Common	Warrior	Smoke Aggressor I	False		icon_skills.decoy_tex
240200	Common	Common	Warrior	Smoke Aggressor II	False		icon_skills.decoy_tex
240300	Common	Common	Warrior	Smoke Aggressor III	False		icon_skills.decoy_tex
240400	Common	Common	Warrior	Smoke Aggressor IV	False		icon_skills.decoy_tex
240500	Common	Common	Warrior	Smoke Aggressor V	False		icon_skills.decoy_tex
240600	Common	Common	Warrior	Smoke Aggressor VI	False		icon_skills.decoy_tex
240700	Common	Common	Warrior	Smoke Aggressor VII	False		icon_skills.decoy_tex
240800	Common	Common	Warrior	Smoke Aggressor VIII	False		icon_skills.decoy_tex
240900	Common	Common	Warrior	Smoke Aggressor IX	False		icon_skills.decoy_tex
241000	Common	Common	Warrior	Smoke Aggressor X	False		icon_skills.decoy_tex
241100	Common	Common	Warrior	Smoke Aggressor XI	False		icon_skills.decoy_tex
241200	Common	Common	Warrior	Smoke Aggressor XII	False		icon_skills.decoy_tex
250100	Common	Common	Warrior	Command: Attack	False		icon_skills.petorderattack_tex
260100	Common	Common	Warrior	Command: Follow	False		icon_skills.petorderfollowme_tex
270100	Common	Common	Warrior	Pounce I	False		icon_skills.heavybite_tex
270200	Common	Common	Warrior	Pounce II	False		icon_skills.heavybite_tex
270300	Common	Common	Warrior	Pounce III	False		icon_skills.heavybite_tex
270400	Common	Common	Warrior	Pounce IV	False		icon_skills.heavybite_tex
270500	Common	Common	Warrior	Pounce V	False		icon_skills.heavybite_tex
270600	Common	Common	Warrior	Pounce VI	False		icon_skills.heavybite_tex
270700	Common	Common	Warrior	Pounce VII	False		icon_skills.heavybite_tex
270800	Common	Common	Warrior	Pounce VIII	False		icon_skills.heavybite_tex
270900	Common	Common	Warrior	Pounce IX	False		icon_skills.heavybite_tex
271000	Common	Common	Warrior	Pounce X	False		icon_skills.heavybite_tex
271100	Common	Common	Warrior	Pounce XI	False		icon_skills.heavybite_tex
280100	Common	Common	Warrior	Traverse Cut I	False		icon_skills.dualrapidpiercing_tex
280130	Common	Common	Warrior	Traverse Cut I	True		icon_skills.dualrapidpiercing_tex
280200	Common	Common	Warrior	Traverse Cut II	False		icon_skills.dualrapidpiercing_tex
280230	Common	Common	Warrior	Traverse Cut II	True		icon_skills.dualrapidpiercing_tex
280300	Common	Common	Warrior	Traverse Cut III	False		icon_skills.dualrapidpiercing_tex
280330	Common	Common	Warrior	Traverse Cut III	True		icon_skills.dualrapidpiercing_tex
280400	Common	Common	Warrior	Traverse Cut IV	False		icon_skills.dualrapidpiercing_tex
280430	Common	Common	Warrior	Traverse Cut IV	True		icon_skills.dualrapidpiercing_tex
280500	Common	Common	Warrior	Traverse Cut V	False		icon_skills.dualrapidpiercing_tex
280530	Common	Common	Warrior	Traverse Cut V	True		icon_skills.dualrapidpiercing_tex
280600	Common	Common	Warrior	Traverse Cut VI	False		icon_skills.dualrapidpiercing_tex
280630	Common	Common	Warrior	Traverse Cut VI	True		icon_skills.dualrapidpiercing_tex
280700	Common	Common	Warrior	Traverse Cut VII	False		icon_skills.dualrapidpiercing_tex
280730	Common	Common	Warrior	Traverse Cut VII	True		icon_skills.dualrapidpiercing_tex
280800	Common	Common	Warrior	Traverse Cut VIII	False		icon_skills.dualrapidpiercing_tex
280830	Common	Common	Warrior	Traverse Cut VIII	True		icon_skills.dualrapidpiercing_tex
280900	Common	Common	Warrior	Traverse Cut IX	False		icon_skills.dualrapidpiercing_tex
280930	Common	Common	Warrior	Traverse Cut IX	True		icon_skills.dualrapidpiercing_tex
281000	Common	Common	Warrior	Traverse Cut X	False		icon_skills.dualrapidpiercing_tex
281030	Common	Common	Warrior	Traverse Cut X	True		icon_skills.dualrapidpiercing_tex
290100	Common	Common	Warrior	Blade Draw I	False		icon_skills.dualslash_tex
290130	Common	Common	Warrior	Blade Draw I	True		icon_skills.dualslash_tex
290200	Common	Common	Warrior	Blade Draw II	False		icon_skills.dualslash_tex
290230	Common	Common	Warrior	Blade Draw II	True		icon_skills.dualslash_tex
290300	Common	Common	Warrior	Blade Draw III	False		icon_skills.dualslash_tex
290330	Common	Common	Warrior	Blade Draw III	True		icon_skills.dualslash_tex
290400	Common	Common	Warrior	Blade Draw IV	False		icon_skills.dualslash_tex
290430	Common	Common	Warrior	Blade Draw IV	True		icon_skills.dualslash_tex
290500	Common	Common	Warrior	Blade Draw V	False		icon_skills.dualslash_tex
290530	Common	Common	Warrior	Blade Draw V	True		icon_skills.dualslash_tex
290600	Common	Common	Warrior	Blade Draw VI	False		icon_skills.dualslash_tex
290630	Common	Common	Warrior	Blade Draw VI	True		icon_skills.dualslash_tex
290700	Common	Common	Warrior	Blade Draw VII	False		icon_skills.dualslash_tex
290730	Common	Common	Warrior	Blade Draw VII	True		icon_skills.dualslash_tex
290800	Common	Common	Warrior	Blade Draw VIII	False		icon_skills.dualslash_tex
290830	Common	Common	Warrior	Blade Draw VIII	True		icon_skills.dualslash_tex
290900	Common	Common	Warrior	Blade Draw IX	False		icon_skills.dualslash_tex
290930	Common	Common	Warrior	Blade Draw IX	True		icon_skills.dualslash_tex
291000	Common	Common	Warrior	Blade Draw X	False		icon_skills.dualslash_tex
291030	Common	Common	Warrior	Blade Draw X	True		icon_skills.dualslash_tex
300100	Common	Common	Warrior	Scythe I	False		icon_skills.raker_tex
300130	Common	Common	Warrior	Scythe	True		icon_skills.raker_tex
300200	Common	Common	Warrior	Scythe II	False		icon_skills.raker_tex
300230	Common	Common	Warrior	Scythe II	True		icon_skills.raker_tex
300300	Common	Common	Warrior	Scythe III	False		icon_skills.raker_tex
300330	Common	Common	Warrior	Scythe III	True		icon_skills.raker_tex
300400	Common	Common	Warrior	Scythe IV	False		icon_skills.raker_tex
300430	Common	Common	Warrior	Scythe IV	True		icon_skills.raker_tex
300500	Common	Common	Warrior	Scythe V	False		icon_skills.raker_tex
300530	Common	Common	Warrior	Scythe V	True		icon_skills.raker_tex
310100	Common	Common	Warrior	Reaping Slash I	False		icon_skills.rupture_tex
310130	Common	Common	Warrior	Reaping Slash I	True		icon_skills.rupture_tex
310200	Common	Common	Warrior	Reaping Slash II	False		icon_skills.rupture_tex
310230	Common	Common	Warrior	Reaping Slash II	True		icon_skills.rupture_tex
310300	Common	Common	Warrior	Reaping Slash III	False		icon_skills.rupture_tex
310330	Common	Common	Warrior	Reaping Slash III	True		icon_skills.rupture_tex
310400	Common	Common	Warrior	Reaping Slash IV	False		icon_skills.rupture_tex
310430	Common	Common	Warrior	Reaping Slash IV	True		icon_skills.rupture_tex
310500	Common	Common	Warrior	Reaping Slash V	False		icon_skills.rupture_tex
310530	Common	Common	Warrior	Reaping Slash V	True		icon_skills.rupture_tex
310600	Common	Common	Warrior	Reaping Slash VI	False		icon_skills.rupture_tex
310630	Common	Common	Warrior	Reaping Slash VI	True		icon_skills.rupture_tex
310700	Common	Common	Warrior	Reaping Slash VII	False		icon_skills.rupture_tex
310730	Common	Common	Warrior	Reaping Slash VII	True		icon_skills.rupture_tex
310800	Common	Common	Warrior	Reaping Slash VIII	False		icon_skills.rupture_tex
310830	Common	Common	Warrior	Reaping Slash VIII	True		icon_skills.rupture_tex
310900	Common	Common	Warrior	Reaping Slash IX	False		icon_skills.rupture_tex
310930	Common	Common	Warrior	Reaping Slash IX	True		icon_skills.rupture_tex
311000	Common	Common	Warrior	Reaping Slash X	False		icon_skills.rupture_tex
311030	Common	Common	Warrior	Reaping Slash X	True		icon_skills.rupture_tex
311100	Common	Common	Warrior	Reaping Slash XI	False		icon_skills.rupture_tex
311130	Common	Common	Warrior	Reaping Slash XI	True		icon_skills.rupture_tex
311200	Common	Common	Warrior	Reaping Slash XII	False		icon_skills.rupture_tex
311230	Common	Common	Warrior	Reaping Slash XII	True		icon_skills.rupture_tex
320100	Common	Common	Warrior	Cross Parry	False		icon_skills.twinswordsdefence_tex
320200	Common	Common	Warrior	Cross Parry	False		icon_skills.twinswordsdefence_tex
330100	Common	Common	Warrior	Smoke Flanker I	False		icon_skills.shadowchange_tex
330200	Common	Common	Warrior	Smoke Flanker II	False		icon_skills.shadowchange_tex
330300	Common	Common	Warrior	Smoke Flanker III	False		icon_skills.shadowchange_tex
330400	Common	Common	Warrior	Smoke Flanker IV	False		icon_skills.shadowchange_tex
330500	Common	Common	Warrior	Smoke Flanker V	False		icon_skills.shadowchange_tex
330600	Common	Common	Warrior	Smoke Flanker VI	False		icon_skills.shadowchange_tex
330700	Common	Common	Warrior	Smoke Flanker VII	False		icon_skills.shadowchange_tex
330800	Common	Common	Warrior	Smoke Flanker VIII	False		icon_skills.shadowchange_tex
330900	Common	Common	Warrior	Smoke Flanker IX	False		icon_skills.shadowchange_tex
331000	Common	Common	Warrior	Smoke Flanker X	False		icon_skills.shadowchange_tex
331100	Common	Common	Warrior	Smoke Flanker XI	False		icon_skills.shadowchange_tex
331200	Common	Common	Warrior	Smoke Flanker XII	False		icon_skills.shadowchange_tex
340100	Common	Common	Warrior	Binding Sword	False	hit 1	icon_skills.bindingblade_tex
340130	Common	Common	Warrior	Binding Sword	False		icon_skills.bindingblade_tex
10	Common	Common	Common	Skill Test Item			icon_items.dungeon_recall_tex
111111	Common	Common	Common	Montaria: cavalo castrado baio		mount	icon_skills.mounthorse01_tex
111112	Common	Common	Common	Montaria: cavalo castrado baio rápido		mount	icon_skills.mounthorse02_tex
111113	Common	Common	Common	Montaria: Honor Steed		mount	icon_skills.mounthorse03_tex
111114	Common	Common	Common	Montaria: Garanhão Branco Veloz		mount	icon_skills.mounthorse04_tex
111115	Common	Common	Common	Montaria: Arcadian Dapple		mount	icon_skills.horsepaint_tex
111116	Common	Common	Common	Montaria: cavalo castrado castanho		mount	icon_skills.horseyellow_tex
111117	Common	Common	Common	Montaria: Velikan Gray		mount	icon_skills.horsegray_tex
111118	Common	Common	Common	Montaria: Pombo		mount	icon_skills.horseyellowdot_tex
111119	Common	Common	Common	Montaria: Roan Azul		mount	icon_skills.horsebluedot_tex
111120	Common	Common	Common	Montaria: Carregador de Batalha		mount	icon_skills.horse_darkness_tex
111121	Common	Common	Common	Montaria: Fast Arcadian Dapple		mount	icon_skills.horsepaint_tex
111122	Common	Common	Common	Montaria: Fast Pombo		mount	icon_skills.horseyellowdot_tex
111123	Common	Common	Common	Montaria: Égua Noturna		mount	icon_skills.horseinferno_tex
111124	Common	Common	Common	Montaria: Carregador da Federação		mount	icon_skills.horsebluedot_tex
111125	Common	Common	Common	Montaria: Carregador de início rápido		mount	icon_skills.horsebluedot_tex
111126	Common	Common	Common	Montaria: Garanhão Branco		mount	icon_skills.mounthorse04_tex
111127	Common	Common	Common	Montaria: Arcadian Dapple		mount	icon_skills.horsepaint_tex
111128	Common	Common	Common	Montaria: Roan Azul		mount	icon_skills.horsebluedot_tex
111129	Common	Common	Common	Montaria: Velikan Gray		mount	icon_skills.horsegray_tex
111130	Common	Common	Common	Montaria: Pombo		mount	icon_skills.horseyellowdot_tex
111131	Common	Common	Common	Montaria: cavalo castrado castanho		mount	icon_skills.horseyellow_tex
111132	Common	Common	Common	Montaria: Regal Frostlion		mount	icon_skills.trans_lion_white_tex
111133	Common	Common	Common	Montaria: Sleipnir		mount	icon_skills.horse_ice_tex
111134	Common	Common	Common	Montaria: EX-TRM		mount	icon_skills.steelvehicle_tex
111135	Common	Common	Common	Montaria: Smolder		mount	icon_skills.trans_lion_black_tex
111136	Common	Common	Common	Montaria: Boneshaker		mount	icon_skills.skeleton_horse_tex
111137	Common	Common	Common	Montaria: Munchhausen		mount	icon_skills.greengiant_tex
111138	Common	Common	Common	Montaria: Gourmando		mount	icon_skills.redgiant_tex
111139	Common	Common	Common	Montaria: Sheldon		mount	icon_skills.spidervehicle_tex
111140	Common	Common	Common	Montaria: Regulus			
111141	Common	Common	Common	Montaria: Arco-íris		mount	icon_skills.unicon_tex
111142	Common	Common	Common	Montaria: Terminus		mount	icon_skills.argonite_horse_tex
111143	Common	Common	Common	Montaria: Fast Arcadian Dapple		mount	icon_skills.horsepaint_tex
111144	Common	Common	Common	Montaria: Velikan Cinza Veloz		mount	icon_skills.horsegray_tex
111145	Common	Common	Common	Montaria: Carregador da Morte		mount	icon_skills.vehicle_horse_undead_tex
111146	Common	Common	Common	Montaria: Corcel das Sombras		mount	icon_skills.vehicle_horse_black_tex
111147	Common	Common	Common	Montaria: Zebra Eólia		mount	icon_skills.vehicle_horse_zebra_tex
111148	Common	Common	Common	Montaria: Leopardo Negro		mount	icon_skills.trans_lioness_black_tex
111149	Common	Common	Common	Montaria: Razormane		mount	icon_skills.vehicle_horse_white_tex
111150	Common	Common	Common	Montaria: Nevasca		mount	icon_skills.trans_snowleopard_tex
111151	Common	Common	Common	Montaria: EX-TRM		mount	icon_skills.steelvehicle_tex
111152	Common	Common	Common	Montaria: Sheldon		mount	icon_skills.spidervehicle_tex
111153	Common	Common	Common	Montaria: Munchhausen		mount	icon_skills.greengiant_tex
111154	Common	Common	Common	Montaria: Gourmando		mount	icon_skills.redgiant_tex
111155	Common	Common	Common	Montaria: Squawk		mount	icon_skills.vehicle_ostrich_tex
111156	Common	Common	Common	Montaria: Blaze		mount	icon_skills.vehicle_ostrich_b_tex
111157	Common	Common	Common	Montaria: Peep		mount	icon_skills.vehicle_ostrich_tex
111158	Common	Common	Common	Montaria: Ember		mount	icon_skills.vehicle_ostrich_b_tex
111159	Common	Common	Common	Montaria: Squawk		mount	icon_skills.vehicle_ostrich_tex
111160	Common	Common	Common	Montaria: Squawk		mount	icon_skills.vehicle_ostrich_tex
111161	Common	Common	Common	Montaria: Blaze		mount	icon_skills.vehicle_ostrich_b_tex
111162	Common	Common	Common	Montaria: Blaze		mount	icon_skills.vehicle_ostrich_b_tex
111163	Common	Common	Common	Montaria: Peep		mount	icon_skills.vehicle_ostrich_tex
111164	Common	Common	Common	Montaria: Peep		mount	icon_skills.vehicle_ostrich_tex
111165	Common	Common	Common	Montaria: Ember		mount	icon_skills.vehicle_ostrich_b_tex
111166	Common	Common	Common	Montaria: Ember		mount	icon_skills.vehicle_ostrich_b_tex
111167	Common	Common	Common	Invocar Pet: Girador de doces			icon_items.petskillbook_tex
111168	Common	Common	Common	Montaria: Quackerjack		mount	icon_skills.vehicle_ostrich_a_tex
111169	Common	Common	Common	Montaria: Quackerjack		mount	icon_skills.vehicle_ostrich_a_tex
111170	Common	Common	Common	Montaria: Duckerberg		mount	icon_skills.vehicle_ostrich_a01_tex
111171	Common	Common	Common	Montaria: Duckerberg		mount	icon_skills.vehicle_ostrich_a01_tex
111172	Common	Common	Common	Montaria: Quacklemore		mount	icon_skills.vehicle_ostrich_c01_tex
111173	Common	Common	Common	Montaria: Quacklemore		mount	icon_skills.vehicle_ostrich_c01_tex
111174	Common	Common	Common	Montaria: Dafi		mount	icon_skills.vehicle_ostrich_c02_tex
111175	Common	Common	Common	Montaria: Dafi		mount	icon_skills.vehicle_ostrich_c02_tex
111176	Common	Common	Common	Montaria: Waddles		mount	icon_skills.vehicle_pig_tex
111177	Common	Common	Common	Montaria: Harry Porker		mount	icon_skills.vehicle_pig_a_tex
111178	Common	Common	Common	Montaria: Chefe		mount	icon_skills.vehicle_pig_b_tex
111179	Common	Common	Common	Montaria: Petúnia		mount	icon_skills.vehicle_pig_c_tex
111180	Common	Common	Common	Montaria: Harley		mount	icon_skills.vehicle_pig_d
111182	Common	Common	Common	Ambrrr's Gift Box		eventseed	icon_items.gift_box04_tex
111183	Common	Common	Common	Caixa de presente da Ambrrr		eventseed	icon_items.gift_box04_tex
111190	Common	Common	Common	Montaria: Velikan Cinza Veloz		mount	icon_skills.horsegray_tex
111191	Common	Common	Common	Montaria: Corcel das Sombras		mount	icon_skills.vehicle_horse_black_tex
111192	Common	Common	Common	Montaria: Vento Elétrico		mount	icon_skills.vehicle_horse_glod_tex
111193	Common	Common	Common	Montaria: Cavalo de Guerra do Nexus		mount	icon_skills.vehicle_horse_red_tex
111194	Common	Common	Common	Montaria: Razormane		mount	icon_skills.vehicle_horse_white_tex
111195	Common	Common	Common	Montaria: Zebra Eólia		mount	icon_skills.vehicle_horse_zebra_tex
111196	Common	Common	Common	Montaria: Carregador da Morte		mount	icon_skills.vehicle_horse_undead_tex
111197	Common	Common	Common	Montaria: Leão Joia		mount	icon_skills.trans_lion_tex
111198	Common	Common	Common	Montaria: Caçadora Tawny		mount	icon_skills.trans_lioness_tex
111199	Common	Common	Common	Montaria: Leopardo Negro		mount	icon_skills.trans_lioness_black_tex
111202	Common	Common	Common	Montaria: Égua Noturna Vinculada		mount	icon_skills.horseinferno_tex
111203	Common	Common	Common	Montaria: Petúnia			icon_skills.trans_lion_white_tex
111204	Common	Common	Common	Montaria: Blitz		mount	icon_skills.trans_lion_wolf_tex
111205	Common	Common	Common	Montaria: Glimmer		mount	icon_skills.trans_lion_wolf_gold_tex
111206	Common	Common	Common	Montaria: Temperamento		mount	icon_skills.trans_lion_wolf_gold_tex
111207	Common	Common	Common	Montaria: Cinder		mount	icon_skills.trans_lion_wolf_black_tex
111208	Common	Common	Common	Montaria: Slash		mount	icon_skills.trans_lion_wolf_metal_tex
111209	Common	Common	Common	Montaria: Baekho		mount	icon_skills.trans_tiger_a_tex
111210	Common	Common	Common	Montaria: Khan		mount	icon_skills.trans_tiger_b_tex
111211	Common	Common	Common	Montaria: Hobbes		mount	icon_skills.trans_tiger_c_tex
111212	Common	Common	Common	Montaria: Sundarban		mount	icon_skills.trans_tiger_d_tex
111214	Common	Common	Common	Montaria: Glimmerforce		mount	icon_skills.trans_lion_wolf_gold_tex
111215	Common	Common	Common	Montaria: Glimmershine		mount	icon_skills.trans_lion_wolf_gold_tex
111216	Common	Common	Common	Montaria: Glimmerheart		mount	icon_skills.trans_lion_wolf_gold_tex
111217	Common	Common	Common	Montaria: Cinderstorm		mount	icon_skills.trans_lion_wolf_black_tex
111218	Common	Common	Common	Montaria: Cinderglow		mount	icon_skills.trans_lion_wolf_black_tex
111219	Common	Common	Common	Montaria: Cinderheart		mount	icon_skills.trans_lion_wolf_black_tex
111220	Common	Common	Common	Montaria: Lupus Obscurus		mount	icon_skills.trans_lion_wolf_tex
111221	Common	Common	Common	Montaria: Blitzheart		mount	icon_skills.trans_lion_wolf_tex
111222	Common	Common	Common	Montaria: Temperheart		mount	icon_skills.trans_lion_wolf_gold_tex
111223	Common	Common	Common	Montaria: Slasheart		mount	icon_skills.trans_lion_wolf_metal_tex
111224	Common	Common	Common	Montaria: Shimmersoul		mount	icon_skills.trans_tiger_b_tex
111225	Common	Common	Common	Montaria: Shimmerclaw		mount	icon_skills.trans_tiger_b_tex
111226	Common	Common	Common	Montaria: Shimmerheart		mount	icon_skills.trans_tiger_b_tex
111227	Common	Common	Common	Montaria: Tindersoul		mount	icon_skills.trans_tiger_d_tex
111228	Common	Common	Common	Montaria: Tinderclaw		mount	icon_skills.trans_tiger_d_tex
111229	Common	Common	Common	Montaria: Tinderheart		mount	icon_skills.trans_tiger_d_tex
111230	Common	Common	Common	Montaria: Silva		mount	icon_skills.worldcupgiant_bra_us_tex
111231	Common	Common	Common	Montaria: Ronaldo		mount	icon_skills.worldcupgiant_bra_w_us_tex
111232	Common	Common	Common	Montaria: Kwak		mount	icon_skills.worldcupgiant_kor_us_tex
111233	Common	Common	Common	Montaria: Parque		mount	icon_skills.worldcupgiant_kor_w_us_tex
111234	Common	Common	Common	Montaria: Silva		mount	icon_skills.worldcupgiant_bra_us_tex
111235	Common	Common	Common	Montaria: Dante		mount	icon_skills.worldcupgiant_bra_us_tex
111236	Common	Common	Common	Montaria: Cesar		mount	icon_skills.worldcupgiant_bra_us_tex
111237	Common	Common	Common	Montaria: Oscar		mount	icon_skills.worldcupgiant_bra_us_tex
111238	Common	Common	Common	Montaria: Ronaldo		mount	icon_skills.worldcupgiant_bra_w_us_tex
111239	Common	Common	Common	Montaria: Lucio		mount	icon_skills.worldcupgiant_bra_w_us_tex
111241	Common	Common	Common	Montaria: Pelé		mount	
111242	Common	Common	Common	Montaria: Kwak		mount	icon_skills.worldcupgiant_kor_us_tex
111243	Common	Common	Common	Montaria: Jung		mount	icon_skills.worldcupgiant_kor_us_tex
111244	Common	Common	Common	Montaria: Ji		mount	icon_skills.worldcupgiant_kor_us_tex
111245	Common	Common	Common	Montaria: Koo		mount	icon_skills.worldcupgiant_kor_us_tex
111246	Common	Common	Common	Montaria: Parque		mount	icon_skills.worldcupgiant_kor_w_us_tex
111247	Common	Common	Common	Montaria: Lee		mount	icon_skills.worldcupgiant_kor_w_us_tex
111248	Common	Common	Common	Montaria: Ki		mount	icon_skills.worldcupgiant_kor_w_us_tex
111249	Common	Common	Common	Montaria: Hong		mount	icon_skills.worldcupgiant_kor_w_us_tex
111250	Common	Common	Common	Montaria: Neymar		mount	icon_skills.worldcupgiant_bra_w_us_tex
111251	Common	Common	Common	Montaria: Glória		mount	icon_skills.ookami_tex
111252	Common	Common	Common	Montaria: Gloryshine		mount	icon_skills.ookami_tex
111253	Common	Common	Common	Montaria: Gloryforce		mount	icon_skills.ookami_tex
111254	Common	Common	Common	Montaria: Gloryheart		mount	icon_skills.ookami_tex
111255	Common	Common	Common	Montaria: Leão Joia		mount	icon_skills.trans_lion_tex
111256	Common	Common	Common	Montaria: Snarl		mount	icon_skills.ookami_red_tex
111257	Common	Common	Common	Montaria: Snarlspring		mount	icon_skills.ookami_red_tex
111258	Common	Common	Common	Montaria: Snarlstorm		mount	icon_skills.ookami_red_tex
111259	Common	Common	Common	Montaria: Snarlheart		mount	icon_skills.ookami_red_tex
111260	Common	Common	Common	Montaria: Carro de polícia		mount	icon_skills.vehicle_policecar_tex
111261	Common	Common	Common	Montaria: Carro de polícia (MP)		mount	icon_skills.vehicle_policecar_tex
111262	Common	Common	Common	Montaria: Carro de polícia (HP)		mount	icon_skills.vehicle_policecar_tex
111263	Common	Common	Common	Montaria: Carro de polícia (Stam.)		mount	icon_skills.vehicle_policecar_tex
111264	Common	Common	Common	Montaria: Arco-íris (Stam.)		mount	icon_skills.unicon_tex
111265	Common	Common	Common	Montaria: Sleipnir (PM)		mount	icon_skills.horse_ice_tex
111266	Common	Common	Common	Montaria: Night Mare (HP)		mount	icon_skills.horseinferno_tex
111267	Common	Common	Common	Montaria: Boneshaker (Stam.)		mount	icon_skills.skeleton_horse_tex
111268	Common	Common	Common	Montaria: leopardo-das-neves (MP)		mount	icon_skills.trans_snowleopard_tex
111269	Common	Common	Common	Montaria: Scarlet Huntress (HP)		mount	icon_skills.trans_lioness_tex
111270	Common	Common	Common	Montaria: Dragão oriental		mount	icon_skills.vehicle_kirin_tex
111271	Common	Common	Common	Montaria: Dragão oriental (PM)		mount	icon_skills.vehicle_kirin_tex
111272	Common	Common	Common	Montaria: Dragão oriental (HP)		mount	icon_skills.vehicle_kirin_tex
111273	Common	Common	Common	Montaria: Dragão oriental (Stam.)		mount	icon_skills.vehicle_kirin_tex
111274	Common	Common	Common	Montaria: Guardião da floresta kumas		mount	icon_skills.vehicle_kumas_b_tex
111275	Common	Common	Common	Montaria: Guardião da floresta kumas (MP)		mount	icon_skills.vehicle_kumas_b_tex
111276	Common	Common	Common	Montaria: Guardião da floresta kumas (HP)		mount	icon_skills.vehicle_kumas_b_tex
111277	Common	Common	Common	Montaria: Guardião da floresta kumas (Stam.)		mount	icon_skills.vehicle_kumas_b_tex
111278	Common	Common	Common	Montaria: Wintera christmas kumas		mount	icon_skills.vehicle_kumas_a_tex
111279	Common	Common	Common	Montaria: cumas do Natal do Inverno (MP)		mount	icon_skills.vehicle_kumas_a_tex
111280	Common	Common	Common	Montaria: Winter's christmas kumas (HP)		mount	icon_skills.vehicle_kumas_a_tex
111281	Common	Common	Common	Montaria: Kumas de Natal do Inverno (Stam.)		mount	icon_skills.vehicle_kumas_a_tex
111282	Common	Common	Common	Montaria: Wintera snowbite		mount	icon_skills.vehicle_snowman_tex
111283	Common	Common	Common	Montaria: Wintera snowbite (MP)		mount	icon_skills.vehicle_snowman_tex
111284	Common	Common	Common	Montaria: Wintera snowbite (HP)		mount	icon_skills.vehicle_snowman_tex
111285	Common	Common	Common	Montaria: Wintera snowbite (Stam.)		mount	icon_skills.vehicle_snowman_tex
111286	Common	Common	Common	Montaria: Carinhos de Natal		mount	icon_skills.vehicle_kumas_a_tex
111287	Common	Common	Common	Montaria: Chiclete de Natal (MP)		mount	icon_skills.vehicle_kumas_a_tex
111288	Common	Common	Common	Montaria: Chiclete de Natal (HP)		mount	icon_skills.vehicle_kumas_a_tex
111289	Common	Common	Common	Montaria: kumas de Natal (Stam.)		mount	icon_skills.vehicle_kumas_a_tex
111290	Common	Common	Common	Montaria: Snowbite		mount	icon_skills.vehicle_snowman_tex
111291	Common	Common	Common	Montaria: Snowbite (MP)		mount	icon_skills.vehicle_snowman_tex
111292	Common	Common	Common	Montaria: Snowbite (HP)		mount	icon_skills.vehicle_snowman_tex
111293	Common	Common	Common	Montaria: Snowbite (Stam.)		mount	icon_skills.vehicle_snowman_tex
111294	Common	Common	Common	Montaria: Dragão oriental dourado		mount	icon_skills.vehicle_kirin_gold_tex
111295	Common	Common	Common	Montaria: Dragão oriental dourado (PM)		mount	icon_skills.vehicle_kirin_gold_tex
111296	Common	Common	Common	Montaria: Dragão oriental dourado (HP)		mount	icon_skills.vehicle_kirin_gold_tex
111297	Common	Common	Common	Montaria: Dragão oriental dourado (Stam.)		mount	icon_skills.vehicle_kirin_gold_tex
116001	Common	Common	Common	Montaria: Pérola Negra		mount	icon_skills.vehicle_horse_black_tex
122002	Common	Common	Common	Montaria: Aeolian		mount	icon_skills.vehicle_horse_zebra_tex
122003	Common	Common	Common	Montaria: Carregador da morte		mount	icon_skills.vehicle_horse_undead_tex
122005	Common	Common	Common	Invocar Pet: Bochechas			icon_items.petskillbook_tex
122006	Common	Common	Common	Invocar Pet: Lucky			icon_items.petskillbook_tex
122007	Common	Common	Common	Invocar Pet: Zero			icon_items.petskillbook_tex
122008	Common	Common	Common	Invocar Pet: Senhorita Katônica			icon_items.petskillbook_tex
122009	Common	Common	Common	Invocar Pet: Pinkie			icon_items.petskillbook_tex
122010	Common	Common	Common	Invocar Pet: Rusty			icon_items.petskillbook_tex
122011	Common	Common	Common	Invocar Pet: Rainie			icon_items.petskillbook_tex
122012	Common	Common	Common	Montaria: Saolo		mount	icon_skills.worldcupgiant_bra_tex
122013	Common	Common	Common	Montaria: Paolo		mount	icon_skills.worldcupgiant_bra_w_tex
122014	Common	Common	Common	Montaria: Tigerinho		mount	icon_skills.worldcupgiant_kor_tex
122015	Common	Common	Common	Montaria: Tigeraldo		mount	icon_skills.worldcupgiant_kor_w_tex
122016	Common	Common	Common	Cesto de roupa suja		eventseed	icon_items.gift_box04_tex
122017	Common	Common	Common	Caixa de suprimentos nº 5		eventseed	icon_items.gift_box05_tex
122018	Common	Common	Common	Caixa de suprimentos nº 9		eventseed	icon_items.gift_box05_tex
122019	Common	Common	Common	Caixa de suprimentos nº 12		eventseed	icon_items.gift_box05_tex
122020	Common	Common	Common	Caixa de suprimentos nº 16		eventseed	icon_items.gift_box05_tex
122021	Common	Common	Common	Caixa de suprimentos nº 20		eventseed	icon_items.gift_box05_tex
122022	Common	Common	Common	Caixa de suprimentos nº 25		eventseed	icon_items.gift_box05_tex
122023	Common	Common	Common	Caixa de suprimentos nº 30		eventseed	icon_items.gift_box04_tex
122024	Common	Common	Common	Caixa de suprimentos nº 35		eventseed	icon_items.gift_box04_tex
122025	Common	Common	Common	Caixa de suprimentos nº 40		eventseed	icon_items.gift_box04_tex
122026	Common	Common	Common	Caixa de suprimentos nº 45		eventseed	icon_items.gift_box03_tex
122027	Common	Common	Common	Montaria: Dragão oriental		mount	icon_skills.vehicle_kirin_tex
122028	Common	Common	Common	Invocar Pet: Stompy			icon_items.petskillbook_tex
122029	Common	Common	Common	Invocar Pet: Caddy			icon_items.petskillbook_tex
122030	Common	Common	Common	Montaria: Boneshaker (MP)		mount	icon_skills.skeleton_horse_tex
122031	Common	Common	Common	Montaria: Boneshaker (HP)		mount	icon_skills.skeleton_horse_tex
122032	Common	Common	Common	Montaria: Boneshaker (Stam.)		mount	icon_skills.skeleton_horse_tex
122033	Common	Common	Common	Montaria: EX-TERM (MP)		mount	icon_skills.steelvehicle_tex
122034	Common	Common	Common	Montaria: EX-TERM (HP)		mount	icon_skills.steelvehicle_tex
122035	Common	Common	Common	Montaria: EX-TERM (Stam.)		mount	icon_skills.steelvehicle_tex
122036	Common	Common	Common	Montaria: Carro Esportivo Vermelho 2.8		mount	icon_skills.vehicle_sportcar_b_tex
122037	Common	Common	Common	Montaria: Carro Esportivo Vermelho 2.8 (MP)		mount	icon_skills.vehicle_sportcar_b_tex
122038	Common	Common	Common	Montaria: Carro esportivo vermelho 2.8 (HP)		mount	icon_skills.vehicle_sportcar_b_tex
122039	Common	Common	Common	Montaria: Carro esportivo vermelho 2.8 (Stam.)		mount	icon_skills.vehicle_sportcar_b_tex
122040	Common	Common	Common	Montaria: Carro Esportivo Preto 2.8		mount	icon_skills.vehicle_sportcar_a_tex
122041	Common	Common	Common	Montaria: Carro Esportivo Preto 2.8 (MP)		mount	icon_skills.vehicle_sportcar_a_tex
122042	Common	Common	Common	Montaria: Carro esportivo preto 2.8 (HP)		mount	icon_skills.vehicle_sportcar_a_tex
122043	Common	Common	Common	Montaria: Carro Esportivo Preto 2.8 (Stam.)		mount	icon_skills.vehicle_sportcar_a_tex
122044	Common	Common	Common	Montaria: Carro Esportivo Amarelo 2.8		mount	icon_skills.vehicle_sportcar_tex
122045	Common	Common	Common	Montaria: Carro Esportivo Amarelo 2.8 (MP)		mount	icon_skills.vehicle_sportcar_tex
122046	Common	Common	Common	Montaria: Carro esportivo amarelo 2.8 (HP)		mount	icon_skills.vehicle_sportcar_tex
122047	Common	Common	Common	Montaria: Carro esportivo amarelo 2.8 (Stam.)		mount	icon_skills.vehicle_sportcar_tex
122048	Common	Common	Common	Montaria: Carro Esportivo Vermelho 2.85		mount	icon_skills.vehicle_sportcar_b_tex
122049	Common	Common	Common	Montaria: Carro Esportivo Preto 2.85		mount	icon_skills.vehicle_sportcar_a_tex
122050	Common	Common	Common	Montaria: Carro Esportivo Amarelo 2.85		mount	icon_skills.vehicle_sportcar_tex
200001	Common	Common	Common	Outlaw Declaration			icon_skills.declare_of_pk_tex
200002	Common	Common	Common	Outlaw Declaration			icon_skills.declare_of_pk_tex
200003	Common	Common	Common	Murderous Intent			icon_skills.battlefield_high_ranking_tex
211141	Common	Common	Common	Montaria: Arco-íris		mount	icon_skills.unicon_tex
211145	Common	Common	Common	Montaria: Carregador da Morte		mount	icon_skills.vehicle_horse_undead_tex
211150	Common	Common	Common	Montaria: Nevasca		mount	icon_skills.trans_snowleopard_tex
900001	Common	Common	Common	Montaria: Cavalo de Guerra do Nexus		mount	icon_skills.vehicle_horse_red_tex
1000000	Common	Common	Common	30% Gold Hunter Boost (1 hour)			icon_items.f2p_dropgoldbooster_tex
1000001	Common	Common	Common	30% Quester's Gold Boost (1 hour)			icon_items.f2p_questrewardbooster_tex
1000002	Common	Common	Common	50% Quester's Gold Boost (1 hour)			icon_items.f2p_questrewardbooster_tex
1000003	Common	Common	Common	100% Quester's Gold Boost (1 hour)			icon_items.f2p_questrewardbooster_tex
1000004	Common	Common	Common	30% Reputation Boost (1 hour)			icon_items.f2p_reputationbooster_tex
1000005	Common	Common	Common	50% Reputation Boost (1 hour)			icon_items.f2p_reputationbooster_tex
1000006	Common	Common	Common	100% Reputation Boost (1 hour)			icon_items.f2p_reputationbooster_tex
1000010	Common	Common	Common	Icegrip Weapon Skin		eventseed	icon_items.gift_box03_tex
1000011	Common	Common	Common	Icetouch Weapon Skin		eventseed	icon_items.gift_box04_tex
1000012	Common	Common	Common	Icegrip Weapon Skin Box		eventseed	icon_items.gift_box03_tex
1000013	Common	Common	Common	Icetouch Weapon Skin Box		eventseed	icon_items.gift_box04_tex
1000101	Common	Common	Common	Valkyon's Response I		eventseed	icon_items.presentbox1_tex
1000102	Common	Common	Common	Valkyon's Response II		eventseed	icon_items.presentbox1_tex
1000103	Common	Common	Common	Valkyon's Response III		eventseed	icon_items.presentbox1_tex
1000104	Common	Common	Common	Valkyon's Response IV		eventseed	icon_items.presentbox1_tex
1000105	Common	Common	Common	Rescue Supplies		eventseed	icon_items.presentbox2_tex
1000201	Common	Common	Common	Golden Egg		eventseed	icon_items.event_egg_gold_tex
1000202	Common	Common	Common	Gold Surprise Egg		eventseed	icon_items.event_egg_gold_tex
1000203	Common	Common	Common	Silver Egg		eventseed	icon_items.event_egg_silver_tex
1000204	Common	Common	Common	Platinum Surprise Egg		eventseed	icon_items.event_egg_silver_tex
1000205	Common	Common	Common	Bronze Egg		eventseed	icon_items.event_egg_bronze_tex
1000207	Common	Common	Common	Golden Egg		eventseed	icon_items.event_egg_gold_tex
1000208	Common	Common	Common	Silver Egg		eventseed	icon_items.event_egg_silver_tex
1000209	Common	Common	Common	Bronze Egg		eventseed	icon_items.event_egg_bronze_tex
1000301	Common	Common	Common	Crate of Amani Feminina Swimwear		eventseed	icon_items.presentbox1_tex
1000302	Common	Common	Common	Crate of Amani Masculino Swimwear		eventseed	icon_items.presentbox1_tex
1000303	Common	Common	Common	Crate of Baraka Swimwear		eventseed	icon_items.presentbox1_tex
1000304	Common	Common	Common	Crate of Castanic Feminina Swimwear		eventseed	icon_items.presentbox1_tex
1000305	Common	Common	Common	Crate of Castanic Masculino Swimwear		eventseed	icon_items.presentbox1_tex
1000306	Common	Common	Common	Crate of High Elf Feminina Swimwear		eventseed	icon_items.presentbox1_tex
1000307	Common	Common	Common	Crate of High Elf Masculino Swimwear		eventseed	icon_items.presentbox1_tex
1000308	Common	Common	Common	Crate of Humano Feminina Swimwear		eventseed	icon_items.presentbox1_tex
1000309	Common	Common	Common	Crate of Humano Masculino Swimwear		eventseed	icon_items.presentbox1_tex
1000310	Common	Common	Common	Crate of Elin Swimwear		eventseed	icon_items.presentbox1_tex
1000311	Common	Common	Common	Crate of Popori Swimwear		eventseed	icon_items.presentbox1_tex
1000312	Common	Common	Common	Packaged Summer Shades		eventseed	icon_items.presentbox1_tex
1003007	Common	Common	Common	Supply Crate #5		eventseed	icon_items.gift_box04_tex
1003008	Common	Common	Common	Supply Crate #9		eventseed	icon_items.gift_box04_tex
1003009	Common	Common	Common	Supply Crate #12		eventseed	icon_items.gift_box04_tex
1003010	Common	Common	Common	Supply Crate #20		eventseed	icon_items.gift_box04_tex
1003011	Common	Common	Common	Supply Crate #30		eventseed	icon_items.gift_box04_tex
1003012	Common	Common	Common	Supply Crate #40		eventseed	icon_items.gift_box04_tex
1003013	Common	Common	Common	Supply Crate #16		eventseed	icon_items.gift_box04_tex
1003014	Common	Common	Common	Supply Crate #25		eventseed	icon_items.gift_box04_tex
1003015	Common	Common	Common	Supply Crate #35		eventseed	icon_items.gift_box04_tex
1003016	Common	Common	Common	Supply Crate #45		eventseed	icon_items.gift_box04_tex
1003017	Common	Common	Common	Foodie Weapon Skin		eventseed	icon_items.gift_box03_tex
1003018	Common	Common	Common	Pirate Costume		eventseed	icon_items.gift_box04_tex
1003019	Common	Common	Common	Peg-Leg Pirate Costume		eventseed	icon_items.gift_box03_tex
1003020	Common	Common	Common	2013 Whimsical Weapon Skin Box		eventseed	icon_items.gift_box03_tex
1003021	Common	Common	Common	Pirate Costume Box		eventseed	icon_items.gift_box04_tex
1003022	Common	Common	Common	Rare Pirate Costume Box		eventseed	icon_items.gift_box03_tex
1003023	Common	Common	Common	Pirate for a Week		eventseed	icon_items.gift_box04_tex
1003024	Common	Common	Common	Peg-Legged for a Week		eventseed	icon_items.gift_box04_tex
1003027	Common	Common	Common	Elite Gift Box		eventseed	icon_items.gift_box03_tex
1003028	Common	Common	Common	Peg-Legged Pirate for a Day		eventseed	icon_items.gift_box04_tex
1003029	Common	Common	Common	BAM Magic for a Day		eventseed	icon_items.gift_box04_tex
1003030	Common	Common	Common	Icegrip for a Day		eventseed	icon_items.gift_box04_tex
1003031	Common	Common	Common	Dark Side for a Day		eventseed	icon_items.gift_box04_tex
1003032	Common	Common	Common	Black Dragon for a Day		eventseed	icon_items.gift_box04_tex
1003033	Common	Common	Common	Prestige for a Day		eventseed	icon_items.gift_box04_tex
1003034	Common	Common	Common	Fun in the Sun Beach Box		eventseed	icon_items.gift_box03_tex
1003035	Common	Common	Common	Steampunk Costume		eventseed	icon_items.gift_box04_tex
1003036	Common	Common	Common	Tingível Steampunk Costume		eventseed	icon_items.gift_box04_tex
1003037	Common	Common	Common	Steampunk for a Week		eventseed	icon_items.gift_box04_tex
1003038	Common	Common	Common	Tingível Steampunk for a Week		eventseed	icon_items.gift_box04_tex
1003039	Common	Common	Common	Steampunk for a Weekend		eventseed	icon_items.gift_box04_tex
1003040	Common	Common	Common	Tingível Steampunk for a Weekend		eventseed	icon_items.gift_box04_tex
1003041	Common	Common	Common	Steampunk (permanent)		eventseed	icon_items.gift_box04_tex
1003042	Common	Common	Common	Tingível Steampunk (permanent)		eventseed	icon_items.gift_box04_tex
1003043	Common	Common	Common	Caixa de acessórios para cabeça assombrada		eventseed	icon_items.gift_box04_tex
1003044	Common	Common	Common	Fantasias de Halloween		eventseed	icon_items.gift_box04_tex
1003045	Common	Common	Common	Traje de Halloween para uma semana		eventseed	icon_items.gift_box04_tex
1003046	Common	Common	Common	Traje de Halloween para um fim de semana		eventseed	icon_items.gift_box04_tex
1003047	Common	Common	Common	Acessório de Halloween por um dia		eventseed	icon_items.gift_box04_tex
1003048	Common	Common	Common	Steampunk Weapon Skins Smart Box		eventseed	icon_items.gift_box04_tex
1003049	Common	Common	Common	Rare Steampunk Weapon Skins Smart Box		eventseed	icon_items.gift_box04_tex
1003050	Common	Common	Common	Caixa Fright Night		eventseed	icon_items.gift_box04_tex
1003051	Common	Common	Common	Caixa Monster Mash		eventseed	icon_items.gift_box04_tex
1003052	Common	Common	Common	Capacete Titan Force		eventseed	icon_items.gift_box04_tex
1003053	Common	Common	Common	Pocilga		eventseed	icon_items.gift_box04_tex
1003054	Common	Common	Common	Começando a trabalhar		eventseed	icon_items.gift_box04_tex
1003055	Common	Common	Common	Caixa de acessórios para vestidos formais		eventseed	icon_items.gift_box04_tex
1003056	Common	Common	Common	Procurando a Love Box		eventseed	icon_items.gift_box04_tex
1003057	Common	Common	Common	Caixa inteligente de cetim branco		eventseed	icon_items.gift_box04_tex
1003058	Common	Common	Common	Caixa de acessórios Hat Trick		eventseed	icon_items.gift_box04_tex
1003059	Common	Common	Common	Skin de arma do Espírito Celestial		eventseed	icon_items.gift_box04_tex
1003060	Common	Common	Common	Caixa de acessórios de potência máxima		eventseed	icon_items.gift_box04_tex
1003061	Common	Common	Common	Caixa de marcos do nível 20		eventseed	icon_items.gift_box04_tex
1003062	Common	Common	Common	Caixa de marcos de nível 30		eventseed	icon_items.gift_box04_tex
1003063	Common	Common	Common	Caixa de marco do nível 40		eventseed	icon_items.gift_box04_tex
1003064	Common	Common	Common	Caixa de marco de nível 50		eventseed	icon_items.gift_box04_tex
1003065	Common	Common	Common	Caixa de marco do nível 60		eventseed	icon_items.gift_box04_tex
1003066	Common	Common	Common	Caixa inteligente Summerbloom		eventseed	icon_items.gift_box04_tex
1003067	Common	Common	Common	Caixa de saque Once Cured		eventseed	icon_items.gift_box04_tex
1003068	Common	Common	Common	Caixa de saque Twice Cured		eventseed	icon_items.gift_box04_tex
1003069	Common	Common	Common	Smart Uniform Smart Box		eventseed	icon_items.gift_box04_tex
1003070	Common	Common	Common	A escalação de Scolari		eventseed	icon_items.gift_box04_tex
1003071	Common	Common	Common	Equipe de Hong		eventseed	icon_items.gift_box04_tex
1003072	Common	Common	Common	Presente do mês do status Elite		eventseed	icon_items.gift_box04_tex
1003073	Common	Common	Common	Skin de arma Blackheart		eventseed	icon_items.gift_box04_tex
1003074	Common	Common	Common	Arma movida a vapor		eventseed	icon_items.gift_box04_tex
1003075	Common	Common	Common	Fato de Papai Noel		eventseed	icon_items.gift_box04_tex
1003076	Common	Common	Common	Fato para uma semana		eventseed	icon_items.gift_box04_tex
1003077	Common	Common	Common	Vestido de branco por uma semana		eventseed	icon_items.gift_box04_tex
1003078	Common	Common	Common	Adequado para um fim de semana		eventseed	icon_items.gift_box04_tex
1003079	Common	Common	Common	Terno branco para um fim de semana		eventseed	icon_items.gift_box04_tex
1003080	Common	Common	Common	Adequado para a vida		eventseed	icon_items.gift_box04_tex
1003081	Common	Common	Common	Vestido de branco para toda a vida		eventseed	icon_items.gift_box04_tex
1003082	Common	Common	Common	Caixa inteligente de veludo preto		eventseed	icon_items.gift_box04_tex
1003083	Common	Common	Common	Smart Box with an Angel Diamond Weapon Design (permanent)		eventseed	icon_items.gift_box04_tex
1003084	Common	Common	Common	Smart Box with an Angel Diamond Weapon Design (30 days)		eventseed	icon_items.gift_box04_tex
1003085	Common	Common	Common	Smart Box with an Angel Diamond Weapon Design (7 days)		eventseed	icon_items.gift_box04_tex
1003086	Common	Common	Common	Retro Swimwear Crate		eventseed	icon_items.gift_box04_tex
1003087	Common	Common	Common	Loot Box de cupons de moda		eventseed	icon_items.gift_box04_tex
1003088	Common	Common	Common	Estojo Master Enigmatic Scroll		eventseed	icon_items.gift_box04_tex
1003089	Common	Common	Common	Caixa de saque Alkahest Premium		eventseed	icon_items.gift_box04_tex
1003090	Common	Common	Common	Caixa de Pergaminho Semi-Enigmática		eventseed	icon_items.gift_box04_tex
1003091	Common	Common	Common	Caixa de prêmios Crystalbind completa		eventseed	icon_items.gift_box04_tex
1003092	Common	Common	Common	Caixa de saque da Infusão de Noctênio		eventseed	icon_items.gift_box04_tex
1003093	Common	Common	Common	Blessed Enigmatic Scroll Case		eventseed	icon_items.gift_box04_tex
1003094	Common	Common	Common	Gacha de emergência 118		eventseed	icon_items.gift_box04_tex
1003095	Common	Common	Common	Gacha de emergência 119		eventseed	icon_items.gift_box04_tex
1003096	Common	Common	Common	Smart Box with an Angel Crystal Weapon Design (permanent)		eventseed	icon_items.gift_box04_tex
1003097	Common	Common	Common	Smart Box with an Angel Crystal Weapon Design (30 days)		eventseed	icon_items.gift_box04_tex
1003098	Common	Common	Common	Smart Box with an Angel Crystal Weapon Design (7 days)		eventseed	icon_items.gift_box04_tex
1003099	Common	Common	Common	Acessório para animais		eventseed	icon_items.gift_box04_tex
1003100	Common	Common	Common	Armadura interna BAM-alicious		eventseed	icon_items.gift_box04_tex
1003101	Common	Common	Common	Caixa de conversão de emergência 155		eventseed	icon_items.gift_box04_tex
1003102	Common	Common	Common	Caixa de conversão de emergência 156		eventseed	icon_items.gift_box04_tex
1003103	Common	Common	Common	Caixa de conversão de emergência 157		eventseed	icon_items.gift_box04_tex
1003104	Common	Common	Common	Caixa de conversão de emergência 158		eventseed	icon_items.gift_box04_tex
1003105	Common	Common	Common	Caixa de conversão de emergência 159		eventseed	icon_items.gift_box04_tex
1003106	Common	Common	Common	Skin de arma ninja		eventseed	icon_items.gift_box04_tex
1003107	Common	Common	Common	Rare Ninja Weapon Skin (Arma Ninja Rara)		eventseed	icon_items.gift_box04_tex
1003108	Common	Common	Common	Bloodshadow Ninja por uma semana		eventseed	icon_items.gift_box04_tex
1003109	Common	Common	Common	Nightfall Ninja por uma semana		eventseed	icon_items.gift_box04_tex
1003110	Common	Common	Common	Bloodshadow Ninja por um fim de semana		eventseed	icon_items.gift_box04_tex
1003111	Common	Common	Common	Ninja do anoitecer em um fim de semana		eventseed	icon_items.gift_box04_tex
1003112	Common	Common	Common	Bloodshadow Ninja for Life		eventseed	icon_items.gift_box04_tex
1003113	Common	Common	Common	Nightfall Ninja for Life		eventseed	icon_items.gift_box04_tex
1003114	Common	Common	Common	Smart Box com Cherry Blossom Weapon Skin (Permanente)		eventseed	icon_items.gift_box04_tex
1003115	Common	Common	Common	Smart Box com Cherry Blossom Weapon Skin (30 dias)		eventseed	icon_items.gift_box04_tex
1003116	Common	Common	Common	Smart Box com Cherry Blossom Weapon Skin (7 dias)		eventseed	icon_items.gift_box04_tex
1003117	Common	Common	Common	Smart Box com Snow Blossom Weapon Skin (Permanente)		eventseed	icon_items.gift_box04_tex
1003118	Common	Common	Common	Smart Box com Snow Blossom Weapon Skin (30 dias)		eventseed	icon_items.gift_box04_tex
1003119	Common	Common	Common	Smart Box com Snow Blossom Weapon Skin (7 dias)		eventseed	icon_items.gift_box04_tex
1003120	Common	Common	Common	Smart Box com Moonlight Armor (30 dias)		eventseed	icon_items.gift_box04_tex
1003121	Common	Common	Common	Smart Box com Nightshadow Armor (30 dias)		eventseed	icon_items.gift_box04_tex
1003122	Common	Common	Common	Smart Box com Moonlight Armor (7 dias)		eventseed	icon_items.gift_box04_tex
1003123	Common	Common	Common	Smart Box com Nightshadow Armor (7 dias)		eventseed	icon_items.gift_box04_tex
1003124	Common	Common	Common	Smart Box com Moonlight Armor (Permanente)		eventseed	icon_items.gift_box04_tex
1003125	Common	Common	Common	Caixa inteligente com armadura Nightshadow (permanente)		eventseed	icon_items.gift_box04_tex
1003126	Common	Common	Common	Roupas de banho Fast Summer Fun		eventseed	icon_items.gift_box04_tex
1003127	Common	Common	Common	Rare Summer Fun Swimwear		eventseed	icon_items.gift_box04_tex
1003128	Common	Common	Common	Acessórios para diversão no verão		eventseed	icon_items.gift_box04_tex
1003129	Common	Common	Common	Caixa de conversão de emergência 160		eventseed	icon_items.gift_box04_tex
1003130	Common	Common	Common	Caixa de conversão de emergência 161		eventseed	icon_items.gift_box04_tex
1003131	Common	Common	Common	Caixa de conversão de emergência 162		eventseed	icon_items.gift_box04_tex
1003132	Common	Common	Common	Caixa de conversão de emergência 163		eventseed	icon_items.gift_box04_tex
1003133	Common	Common	Common	Caixa de conversão de emergência 164		eventseed	icon_items.gift_box04_tex
1003134	Common	Common	Common	Bolsa para roupas íntimas		eventseed	icon_items.gift_box04_tex
1003135	Common	Common	Common	Cesto de roupa suja		eventseed	icon_items.gift_box04_tex
1003136	Common	Common	Common	Smart Box com uniforme de empregada doméstica ou mordomo (permanente)		eventseed	icon_items.gift_box04_tex
1003137	Common	Common	Common	Smart Box com uniforme de empregada doméstica ou mordomo (30 dias)		eventseed	icon_items.gift_box04_tex
1003138	Common	Common	Common	Smart Box com uniforme de empregada doméstica ou mordomo (7 dias)		eventseed	icon_items.gift_box04_tex
1003139	Common	Common	Common	Smart Box com traje de empregada doméstica tingível (permanente)		eventseed	icon_items.gift_box04_tex
1003140	Common	Common	Common	Smart Box com traje de empregada doméstica tingível (30 dias)		eventseed	icon_items.gift_box04_tex
1003141	Common	Common	Common	Smart Box com traje de empregada doméstica tingível (7 dias)		eventseed	icon_items.gift_box04_tex
1003142	Common	Common	Common	Smart Box com a skin de arma Arthurian Knight (permanente)		eventseed	icon_items.gift_box04_tex
1003143	Common	Common	Common	Smart Box com Arthurian Knight Weapon Skin (30 dias)		eventseed	icon_items.gift_box04_tex
1003144	Common	Common	Common	Smart Box com a skin de arma Arthurian Knight (7 dias)		eventseed	icon_items.gift_box04_tex
1003145	Common	Common	Common	Smart Box com Arthurian Knight Weapon Skin (permanente; para todas as classes)		eventseed	icon_items.gift_box04_tex
1003146	Common	Common	Common	Smart Box com Arthurian Knight Weapon Skin (30 dias; para todas as classes)		eventseed	icon_items.gift_box04_tex
1003147	Common	Common	Common	Smart Box com Arthurian Knight Weapon Skin (7 dias; para todas as classes)		eventseed	icon_items.gift_box04_tex
1003148	Common	Common	Common	Smart Box com Cherry Blossom Weapon Skin (permanente; para todas as classes)		eventseed	icon_items.gift_box04_tex
1003149	Common	Common	Common	Smart Box com Cherry Blossom Weapon Skin (30 dias; para todas as classes)		eventseed	icon_items.gift_box04_tex
1003150	Common	Common	Common	Smart Box com Cherry Blossom Weapon Skin (7 dias; para todas as classes)		eventseed	icon_items.gift_box04_tex
1003151	Common	Common	Common	Smart Box com a skin de arma Snow Blossom (permanente; para todas as classes)		eventseed	icon_items.gift_box04_tex
1003152	Common	Common	Common	Smart Box com Snow Blossom Weapon Skin (30 dias; para todas as classes)		eventseed	icon_items.gift_box04_tex
1003153	Common	Common	Common	Smart Box com Snow Blossom Weapon Skin (7 dias; para todas as classes)		eventseed	icon_items.gift_box04_tex
1003154	Common	Common	Common	Summerbloom Smart Box (Permanente)		eventseed	icon_items.gift_box04_tex
1003155	Common	Common	Common	Summerbloom Smart Box (7 dias)		eventseed	icon_items.gift_box04_tex
1003156	Common	Common	Common	Summerbloom Smart Box (3 dias)		eventseed	icon_items.gift_box04_tex
1003157	Common	Common	Common	Caixa inteligente para trajes de empregada/ mordomo (permanente)		eventseed	icon_items.gift_box04_tex
1003158	Common	Common	Common	Caixa inteligente de trajes de empregada/ mordomo (7 dias)		eventseed	icon_items.gift_box04_tex
1003159	Common	Common	Common	Caixa inteligente de trajes de empregada/ mordomo (3 dias)		eventseed	icon_items.gift_box04_tex
1003160	Common	Common	Common	Rare Summerbloom Smart Box (Permanente)		eventseed	icon_items.gift_box04_tex
1003161	Common	Common	Common	Rare Summerbloom Smart Box (7 dias)		eventseed	icon_items.gift_box04_tex
1003162	Common	Common	Common	Rare Summerbloom Smart Box (3 dias)		eventseed	icon_items.gift_box04_tex
1003163	Common	Common	Common	Caixa inteligente de uniforme do Dragonfall CC (permanente)		eventseed	icon_items.gift_box04_tex
1003164	Common	Common	Common	Caixa inteligente de uniforme do Dragonfall CC (7 dias)		eventseed	icon_items.gift_box04_tex
1003165	Common	Common	Common	Caixa inteligente de uniforme do Dragonfall CC (3 dias)		eventseed	icon_items.gift_box04_tex
1003166	Common	Common	Common	Caixa inteligente de uniforme Val Kaeli SoC (permanente)		eventseed	icon_items.gift_box04_tex
1003167	Common	Common	Common	Caixa inteligente de uniforme Val Kaeli SoC (7 dias)		eventseed	icon_items.gift_box04_tex
1003168	Common	Common	Common	Caixa inteligente de uniforme Val Kaeli SoC (3 dias)		eventseed	icon_items.gift_box04_tex
1003169	Common	Common	Common	Caixa inteligente de uniforme das Sisters of Frost (permanente)		eventseed	icon_items.gift_box04_tex
1003170	Common	Common	Common	Caixa inteligente de uniforme das Sisters of Frost (7 dias)		eventseed	icon_items.gift_box04_tex
1003171	Common	Common	Common	Caixa inteligente de uniforme das Sisters of Frost (3 dias)		eventseed	icon_items.gift_box04_tex
1003172	Common	Common	Common	Caixa inteligente de uniformes da Arcadian Academy (permanente)		eventseed	icon_items.gift_box04_tex
1003173	Common	Common	Common	Caixa inteligente de uniformes da Arcadian Academy (7 dias)		eventseed	icon_items.gift_box04_tex
1003174	Common	Common	Common	Caixa inteligente de uniformes da Arcadian Academy (3 dias)		eventseed	icon_items.gift_box04_tex
1003175	Common	Common	Common	Caixa inteligente para uniformes Triple-T (permanente)		eventseed	icon_items.gift_box04_tex
1003176	Common	Common	Common	Triple-T Uniform Smart Box (7 dias)		eventseed	icon_items.gift_box04_tex
1003177	Common	Common	Common	Triple-T Uniform Smart Box (3 dias)		eventseed	icon_items.gift_box04_tex
1003178	Common	Common	Common	Smart Box com uniforme de ensino médio (permanente)		eventseed	icon_items.gift_box04_tex
1003179	Common	Common	Common	Smart Box com uniforme de ensino médio (30 dias)		eventseed	icon_items.gift_box04_tex
1003180	Common	Common	Common	Smart Box com uniforme de ensino médio (7 dias)		eventseed	icon_items.gift_box04_tex
1003181	Common	Common	Common	Smart Box com uniforme de ensino médio (permanente)		eventseed	icon_items.gift_box04_tex
1003182	Common	Common	Common	Smart Box com uniforme de ensino médio (30 dias)		eventseed	icon_items.gift_box04_tex
1003183	Common	Common	Common	Smart Box com uniforme de ensino médio (7 dias)		eventseed	icon_items.gift_box04_tex
1003184	Common	Common	Common	Smart Box com uniforme de ensino médio (permanente)		eventseed	icon_items.gift_box04_tex
1003185	Common	Common	Common	Smart Box com uniforme de ensino médio (30 dias)		eventseed	icon_items.gift_box04_tex
1003186	Common	Common	Common	Smart Box com uniforme de ensino médio (7 dias)		eventseed	icon_items.gift_box04_tex
1003187	Common	Common	Common	Smart Box com roupa de colégio (permanente)		eventseed	icon_items.gift_box04_tex
1003188	Common	Common	Common	Smart Box com roupa de escola secundária (30 dias)		eventseed	icon_items.gift_box04_tex
1003189	Common	Common	Common	Smart Box com roupa de escola secundária (7 dias)		eventseed	icon_items.gift_box04_tex
1003190	Common	Common	Common	Smart Box com roupa de colégio (permanente)		eventseed	icon_items.gift_box04_tex
1003191	Common	Common	Common	Smart Box com roupa de escola secundária (30 dias)		eventseed	icon_items.gift_box04_tex
1003192	Common	Common	Common	Smart Box com roupa de escola secundária (7 dias)		eventseed	icon_items.gift_box04_tex
1003193	Common	Common	Common	Caixa Summerbloom		eventseed	icon_items.gift_box04_tex
1003194	Common	Common	Common	Caixa inteligente com um Teddy resistente (Permanente)		eventseed	icon_items.gift_box04_tex
1003195	Common	Common	Common	Caixa inteligente com um resistente Teddy (30 dias)		eventseed	icon_items.gift_box04_tex
1003196	Common	Common	Common	Caixa inteligente com um Teddy resistente (7 dias)		eventseed	icon_items.gift_box04_tex
1003197	Common	Common	Common	Smart Box com um coelhinho saltitante (Permanente)		eventseed	icon_items.gift_box04_tex
1003198	Common	Common	Common	Smart Box com um coelhinho saltitante (30 dias)		eventseed	icon_items.gift_box04_tex
1003199	Common	Common	Common	Smart Box com um coelhinho saltitante (7 dias)		eventseed	icon_items.gift_box04_tex
1003200	Common	Common	Common	Smart Box com um gatinho fofinho (Permanente)		eventseed	icon_items.gift_box04_tex
1003201	Common	Common	Common	Smart Box com um gatinho fofinho (30 dias)		eventseed	icon_items.gift_box04_tex
1003202	Common	Common	Common	Smart Box com um gatinho fofinho (7 dias)		eventseed	icon_items.gift_box04_tex
1003203	Common	Common	Common	Caixa inteligente com um panda alegre (permanente)		eventseed	icon_items.gift_box04_tex
1003204	Common	Common	Common	Smart Box com um panda alegre (30 dias)		eventseed	icon_items.gift_box04_tex
1003205	Common	Common	Common	Caixa inteligente com um panda alegre (7 dias)		eventseed	icon_items.gift_box04_tex
1003206	Common	Common	Common	Caixa inteligente com um guaxinim malandro (Permanente)		eventseed	icon_items.gift_box04_tex
1003207	Common	Common	Common	Caixa inteligente com um guaxinim malandro (30 dias)		eventseed	icon_items.gift_box04_tex
1003208	Common	Common	Common	Caixa inteligente com um guaxinim malandro (7 dias)		eventseed	icon_items.gift_box04_tex
1003209	Common	Common	Common	Smart Box com uma Skin de arma vegetariana (permanente)		eventseed	icon_items.gift_box04_tex
1003210	Common	Common	Common	Smart Box com uma Skin de arma vegetariana (30 dias)		eventseed	icon_items.gift_box04_tex
1003211	Common	Common	Common	Smart Box com uma Skin de arma vegetariana (7 dias)		eventseed	icon_items.gift_box04_tex
1003212	Common	Common	Common	Chubby for Life		eventseed	icon_items.gift_box04_tex
1003213	Common	Common	Common	Gordinho por uma semana		eventseed	icon_items.gift_box04_tex
1003214	Common	Common	Common	Gordinho por um fim de semana		eventseed	icon_items.gift_box04_tex
1003215	Common	Common	Common	Bouncy for Life		eventseed	icon_items.gift_box04_tex
1003216	Common	Common	Common	Saltitante por uma semana		eventseed	icon_items.gift_box04_tex
1003217	Common	Common	Common	Bouncy para um fim de semana		eventseed	icon_items.gift_box04_tex
1003218	Common	Common	Common	Fofura para a vida toda		eventseed	icon_items.gift_box04_tex
1003219	Common	Common	Common	Fofo por uma semana		eventseed	icon_items.gift_box04_tex
1003220	Common	Common	Common	Fofura para um fim de semana		eventseed	icon_items.gift_box04_tex
1003221	Common	Common	Common	Perky for Life		eventseed	icon_items.gift_box04_tex
1003222	Common	Common	Common	Animado por uma semana		eventseed	icon_items.gift_box04_tex
1003223	Common	Common	Common	Animado para um fim de semana		eventseed	icon_items.gift_box04_tex
1003224	Common	Common	Common	Rascal for Life		eventseed	icon_items.gift_box04_tex
1003225	Common	Common	Common	Rascal por uma semana		eventseed	icon_items.gift_box04_tex
1003226	Common	Common	Common	Rascal para um fim de semana		eventseed	icon_items.gift_box04_tex
1003227	Common	Common	Common	Skin da arma Nut Hatch		eventseed	icon_items.gift_box04_tex
1003228	Common	Common	Common	Pele da Arma Nut Hatch (7 dias)		eventseed	icon_items.gift_box04_tex
1003229	Common	Common	Common	Skin da arma Nut Hatch (3 dias)		eventseed	icon_items.gift_box04_tex
1003230	Common	Common	Common	Caixa inteligente de maiô normal 2014 (permanente)		eventseed	icon_items.gift_box04_tex
1003231	Common	Common	Common	Caixa inteligente de maiô normal 2014 (30 dias)		eventseed	icon_items.gift_box04_tex
1003232	Common	Common	Common	Caixa inteligente de maiô normal 2014 (7 dias)		eventseed	icon_items.gift_box04_tex
1003233	Common	Common	Common	Caixa inteligente de maiôs raros 2014 (permanente)		eventseed	icon_items.gift_box04_tex
1003234	Common	Common	Common	Caixa inteligente de maiôs raros 2014 (30 dias)		eventseed	icon_items.gift_box04_tex
1003235	Common	Common	Common	Rare Swimsuit Smart Box 2014 (7 dias)		eventseed	icon_items.gift_box04_tex
1003236	Common	Common	Common	Gacha de emergência 165		eventseed	icon_items.gift_box04_tex
1003237	Common	Common	Common	Gacha de emergência 166		eventseed	icon_items.gift_box04_tex
1003238	Common	Common	Common	Чудесный 'умный' ящик для мечтателей (навсегда)		eventseed	icon_items.gift_box04_tex
1003239	Common	Common	Common	Чудесный 'умный' ящик для мечтателей (30 дней)		eventseed	icon_items.gift_box04_tex
1003240	Common	Common	Common	Чудесный 'умный' ящик для мечтателей (7 дней)		eventseed	icon_items.gift_box04_tex
1003241	Common	Common	Common	Чудесный 'умный' ящик для безумцев (навсегда)		eventseed	icon_items.gift_box04_tex
1003242	Common	Common	Common	Чудесный 'умный' ящик для безумцев (30 дней)		eventseed	icon_items.gift_box04_tex
1003243	Common	Common	Common	Чудесный 'умный' ящик для безумцев (7 дней)		eventseed	icon_items.gift_box04_tex
1003244	Common	Common	Common	'Умный' ящик с Чеширским котом (навсегда)		eventseed	icon_items.gift_box04_tex
1003245	Common	Common	Common	'Умный' ящик с Чеширским котом (30 дней)		eventseed	icon_items.gift_box04_tex
1003246	Common	Common	Common	'Умный' ящик с Чеширским котом (7 дней)		eventseed	icon_items.gift_box04_tex
1003247	Common	Common	Common	'Умный' ящик с обликом оружия 'Фламинго' (навсегда)		eventseed	icon_items.gift_box04_tex
1003248	Common	Common	Common	'Умный' ящик с обликом оружия 'Фламинго' (30 дней)		eventseed	icon_items.gift_box04_tex
1003249	Common	Common	Common	'Умный' ящик с обликом оружия 'Фламинго' (7 дней)		eventseed	icon_items.gift_box04_tex
1003250	Common	Common	Common	'Умный' ящик с элегантным ципао (навсегда)		eventseed	icon_items.gift_box04_tex
1003251	Common	Common	Common	'Умный' ящик с элегантным ципао (30 дней)		eventseed	icon_items.gift_box04_tex
1003252	Common	Common	Common	'Умный' ящик с элегантным ципао (7 дней)		eventseed	icon_items.gift_box04_tex
1003253	Common	Common	Common	'Умный' ящик с окрашиваемым ципао (навсегда)		eventseed	icon_items.gift_box04_tex
1003254	Common	Common	Common	'Умный' ящик с окрашиваемым ципао (30 дней)		eventseed	icon_items.gift_box04_tex
1003255	Common	Common	Common	'Умный' ящик с окрашиваемым ципао (7 дней)		eventseed	icon_items.gift_box04_tex
1003256	Common	Common	Common	'Умный' ящик со старинным костюмом для Хэллоуина (навсегда)		eventseed	icon_items.gift_box04_tex
1003257	Common	Common	Common	'Умный' ящик со старинным костюмом для Хэллоуина (30 дней)		eventseed	icon_items.gift_box04_tex
1003258	Common	Common	Common	'Умный' ящик со старинным костюмом для Хэллоуина (7 дней)		eventseed	icon_items.gift_box04_tex
1003259	Common	Common	Common	'Умный' ящик со окрашиваемым костюмом для Хэллоуина (навсегда)		eventseed	icon_items.gift_box04_tex
1003260	Common	Common	Common	'Умный' ящик со окрашиваемым костюмом для Хэллоуина (30 дней)		eventseed	icon_items.gift_box04_tex
1003261	Common	Common	Common	'Умный' ящик со окрашиваемым костюмом для Хэллоуина (7 дней)		eventseed	icon_items.gift_box04_tex
1003262	Common	Common	Common	'A smart box with a police uniform for Halloween (Permanent)		eventseed	icon_items.gift_box04_tex
1003263	Common	Common	Common	''Smart' box with white Halloween nurse uniform (Permanent)		eventseed	icon_items.gift_box04_tex
1003264	Common	Common	Common	Halloween Pink Nurse 'Smart' Box (Permanent)		eventseed	icon_items.gift_box04_tex
1003265	Common	Common	Common	'Smart' box with black Halloween nurse uniform (Permanent)		eventseed	icon_items.gift_box04_tex
1003266	Common	Common	Common	'Smart' box with white nurse uniform with Halloween (Permanent) inscription		eventseed	icon_items.gift_box04_tex
1003267	Common	Common	Common	'Smart' box with pink nurse uniform with Halloween (Permanent) inscription		eventseed	icon_items.gift_box04_tex
1003268	Common	Common	Common	'Smart' box with black nurse uniform with Halloween (Permanent) inscription		eventseed	icon_items.gift_box04_tex
1003269	Common	Common	Common	'Smart' box with a white nurse uniform with Halloween inscription (30 days)		eventseed	icon_items.gift_box04_tex
1003270	Common	Common	Common	'Smart' box with a white nurse uniform with Halloween inscription (7 days)		eventseed	icon_items.gift_box04_tex
1003271	Common	Common	Common	''Smart' box with a pink nurse uniform with Halloween inscription (30 days)		eventseed	icon_items.gift_box04_tex
1003272	Common	Common	Common	'Smart' box with a pink nurse uniform with Halloween inscription (7 days)		eventseed	icon_items.gift_box04_tex
1003273	Common	Common	Common	'Smart' box with a black nurse uniform with Halloween inscription (30 days)		eventseed	icon_items.gift_box04_tex
1003274	Common	Common	Common	'Smart' box with a black nurse uniform with Halloween inscription (7 days)		eventseed	icon_items.gift_box04_tex
1003275	Common	Common	Common	Caixa de matéria-prima Tier 4		eventseed	icon_items.gift_box04_tex
1003276	Common	Common	Common	Tier 4 Feedstock		eventseed	icon_items.gift_box04_tex
1003277	Common	Common	Common	Relic Weapon Chest I		eventseed	icon_items.gift_box05_tex
1003278	Common	Common	Common	Relic Weapon Chest II		eventseed	icon_items.gift_box05_tex
1003279	Common	Common	Common	Relic Weapon Chest III		eventseed	icon_items.gift_box05_tex
1003280	Common	Common	Common	Relic Weapon Chest IV		eventseed	icon_items.gift_box05_tex
1003281	Common	Common	Common	Relic Weapon Chest V		eventseed	icon_items.gift_box05_tex
1003282	Common	Common	Common	Relic Weapon Chest VI		eventseed	icon_items.gift_box05_tex
1003283	Common	Common	Common	Relic Weapon Chest VII		eventseed	icon_items.gift_box05_tex
1003284	Common	Common	Common	Relic Weapon Chest VIII		eventseed	icon_items.gift_box05_tex
1003285	Common	Common	Common	Caixa de armas Isren		eventseed	icon_items.gift_box05_tex
1003286	Common	Common	Common	Caixa de armas Elinu		eventseed	icon_items.gift_box05_tex
1003287	Common	Common	Common	Caixa de Armas Tita		eventseed	icon_items.gift_box05_tex
1003288	Common	Common	Common	Caixa de armas Amarun		eventseed	icon_items.gift_box05_tex
1003289	Common	Common	Common	Caixa de armas de Zuras		eventseed	icon_items.gift_box05_tex
1003290	Common	Common	Common	Caixa de armas Gidda		eventseed	icon_items.gift_box05_tex
1003291	Common	Common	Common	Caixa de armas de Karas		eventseed	icon_items.gift_box05_tex
1003292	Common	Common	Common	Caixa de armas de Dagon		eventseed	icon_items.gift_box05_tex
1003293	Common	Common	Common	Smart box with a winter suit		eventseed	icon_items.gift_box04_tex
1003294	Common	Common	Common	Baú de reserva 221		eventseed	icon_items.gift_box04_tex
1003295	Common	Common	Common	Baú de reserva 222		eventseed	icon_items.gift_box04_tex
1003296	Common	Common	Common	Baú de reserva 223		eventseed	icon_items.gift_box04_tex
1003297	Common	Common	Common	Baú de reserva 224		eventseed	icon_items.gift_box04_tex
1003298	Common	Common	Common	Baú de reserva 225		eventseed	icon_items.gift_box04_tex
1003299	Common	Common	Common	Baú de reserva 226		eventseed	icon_items.gift_box04_tex
1003300	Common	Common	Common	Baú de reserva 227		eventseed	icon_items.gift_box04_tex
1003301	Common	Common	Common	Baú de reserva 228		eventseed	icon_items.gift_box04_tex
1003302	Common	Common	Common	Baú de reserva 229		eventseed	icon_items.gift_box04_tex
1003303	Common	Common	Common	Baú de reserva 230		eventseed	icon_items.gift_box04_tex
1003304	Common	Common	Common	Baú de reserva 231		eventseed	icon_items.gift_box04_tex
1003305	Common	Common	Common	Baú de reserva 232		eventseed	icon_items.gift_box04_tex
1003306	Common	Common	Common	Baú de reserva 233		eventseed	icon_items.gift_box04_tex
1003307	Common	Common	Common	Baú de reserva 234		eventseed	icon_items.gift_box04_tex
1003308	Common	Common	Common	Baú de reserva 235		eventseed	icon_items.gift_box04_tex
1003309	Common	Common	Common	Baú de reserva 236		eventseed	icon_items.gift_box04_tex
1003310	Common	Common	Common	Baú de reserva 237		eventseed	icon_items.gift_box04_tex
1003311	Common	Common	Common	Baú de reserva 238		eventseed	icon_items.gift_box04_tex
1003312	Common	Common	Common	Baú de reserva 239		eventseed	icon_items.gift_box04_tex
1003313	Common	Common	Common	Baú de reserva 240		eventseed	icon_items.gift_box04_tex
1100001	Common	Common	Common	Crate of Amani Feminina Swimwear		eventseed	icon_items.presentbox1_tex
1100002	Common	Common	Common	Crate of Amani Masculino Swimwear		eventseed	icon_items.presentbox1_tex
1100003	Common	Common	Common	Crate of Baraka Swimwear		eventseed	icon_items.presentbox1_tex
1100004	Common	Common	Common	Crate of Castanic Feminina Swimwear		eventseed	icon_items.presentbox1_tex
1100005	Common	Common	Common	Crate of Castanic Masculino Swimwear		eventseed	icon_items.presentbox1_tex
1100006	Common	Common	Common	Crate of High Elf Feminina Swimwear		eventseed	icon_items.presentbox1_tex
1100007	Common	Common	Common	Crate of High Elf Masculino Swimwear		eventseed	icon_items.presentbox1_tex
1100008	Common	Common	Common	Crate of Humano Feminina Swimwear		eventseed	icon_items.presentbox1_tex
1100009	Common	Common	Common	Crate of Humano Masculino Swimwear		eventseed	icon_items.presentbox1_tex
1100010	Common	Common	Common	Crate of Elin Swimwear		eventseed	icon_items.presentbox1_tex
1100011	Common	Common	Common	Crate of Popori Swimwear		eventseed	icon_items.presentbox1_tex
1100013	Common	Common	Common	Halloween Cake		eventseed	icon_items.holloweencake_tex
1100014	Common	Common	Common	Halloween Candy Basket		eventseed	icon_items.holloweenbasket_tex
1100015	Common	Common	Common	Halloween Cake		eventseed	icon_items.holloweencake_tex
1100681	Common	Common	Common	Summer Treasure		eventseed	icon_items.presentbox1_tex
1100682	Common	Common	Common	Waterlogged Crate of Amani Feminina Swimwear		eventseed	icon_items.presentbox1_tex
1100683	Common	Common	Common	Waterlogged Crate of Amani Masculino Swimwear		eventseed	icon_items.presentbox1_tex
1100684	Common	Common	Common	Waterlogged Crate of Barakan Swimwear		eventseed	icon_items.presentbox1_tex
1100685	Common	Common	Common	Waterlogged Crate of Castanic Feminina Swimwear		eventseed	icon_items.presentbox1_tex
1100686	Common	Common	Common	Waterlogged Crate of Castanic Masculino Swimwear		eventseed	icon_items.presentbox1_tex
1100687	Common	Common	Common	Waterlogged Crate of High Elf Feminina Swimwear		eventseed	icon_items.presentbox1_tex
1100688	Common	Common	Common	Waterlogged Crate of High Elf Masculino Swimwear		eventseed	icon_items.presentbox1_tex
1100689	Common	Common	Common	Waterlogged Crate of Humano Feminina Swimwear		eventseed	icon_items.presentbox1_tex
1100690	Common	Common	Common	Waterlogged Crate of Humano Masculino Swimwear		eventseed	icon_items.presentbox1_tex
1100691	Common	Common	Common	Waterlogged Crate of Elin Swimwear		eventseed	icon_items.presentbox1_tex
1100692	Common	Common	Common	Waterlogged Crate of Popori Swimwear		eventseed	icon_items.presentbox1_tex
1100693	Common	Common	Common	Packaged Summer Shades		eventseed	icon_items.presentbox1_tex
1111231	Common	Common	Common	Montaria: Égua Noturna		mount	icon_skills.horseinferno_tex
1111232	Common	Common	Common	Montaria: Égua Noturna		mount	icon_skills.horseinferno_tex
1111321	Common	Common	Common	Montaria: Regal Frostlion		mount	icon_skills.trans_lion_white_tex
1111322	Common	Common	Common	Montaria: Regal Frostlion		mount	icon_skills.trans_lion_white_tex
1111323	Common	Common	Common	Montaria: Leão Joia		mount	icon_skills.trans_lion_tex
1111324	Common	Common	Common	Montaria: Leão Joia		mount	icon_skills.trans_lion_tex
1111331	Common	Common	Common	Montaria: Sleipnir		mount	icon_skills.horse_ice_tex
1111332	Common	Common	Common	Montaria: Sleipnir		mount	icon_skills.horse_ice_tex
1111361	Common	Common	Common	Montaria: Boneshaker		mount	icon_skills.skeleton_horse_tex
1111362	Common	Common	Common	Montaria: Boneshaker		mount	icon_skills.skeleton_horse_tex
1111363	Common	Common	Common	Montaria: Boneshaker		mount	icon_skills.skeleton_horse_tex
1111371	Common	Common	Common	Montaria: Munchhausen		mount	icon_skills.greengiant_tex
1111381	Common	Common	Common	Montaria: Gourmando		mount	icon_skills.redgiant_tex
1111411	Common	Common	Common	Montaria: Arco-íris		mount	icon_skills.unicon_tex
1111501	Common	Common	Common	Montaria: Nevasca		mount	icon_skills.trans_snowleopard_tex
1111502	Common	Common	Common	Montaria: Nevasca		mount	icon_skills.trans_snowleopard_tex
1111511	Common	Common	Common	Montaria: EX-TRM		mount	icon_skills.steelvehicle_tex
1111512	Common	Common	Common	Montaria: Leão de Luz		mount	icon_skills.trans_lion_tex
1111513	Common	Common	Common	Montaria: Tapete Festivo		mount	icon_skills.vehicle_carpet_tex
1111514	Common	Common	Common	Montaria: Waddles		mount	icon_skills.vehicle_pig_tex
1111515	Common	Common	Common	Montaria: Harry Porker		mount	icon_skills.vehicle_pig_a_tex
1111516	Common	Common	Common	Montaria: Chefe		mount	icon_skills.vehicle_pig_b_tex
1111517	Common	Common	Common	Montaria: Petúnia		mount	icon_skills.vehicle_pig_c_tex
1111518	Common	Common	Common	Montaria: Quackerjack		mount	icon_skills.vehicle_ostrich_a_tex
1111519	Common	Common	Common	Montaria: Duckerberg		mount	icon_skills.vehicle_ostrich_a01_tex
1111520	Common	Common	Common	Montaria: Pato (Punk)		mount	icon_skills.vehicle_ostrich_c_tex
1111521	Common	Common	Common	Montaria: Carmine		mount	icon_skills.vehicle_raptor_a_tex
1111522	Common	Common	Common	Montaria: Carmine		mount	icon_skills.vehicle_raptor_a_tex
1111523	Common	Common	Common	Montaria: Sparky		mount	icon_skills.vehicle_raptor_tex
1111524	Common	Common	Common	Montaria: Sparky		mount	icon_skills.vehicle_raptor_tex
1111525	Common	Common	Common	Montaria: Quacklemore		mount	icon_skills.vehicle_ostrich_c01_tex
1111526	Common	Common	Common	Montaria: Dafi		mount	icon_skills.vehicle_ostrich_c02_tex
1111527	Common	Common	Common	Montaria: Corcel das Sombras		mount	icon_skills.vehicle_horse_black_tex
1111528	Common	Common	Common	Montaria: Carregador da Morte		mount	icon_skills.vehicle_horse_undead_tex
1111529	Common	Common	Common	Montaria: Tapete de porta-enxerto		mount	icon_skills.vehicle_carpet_tex
1111530	Common	Common	Common	Montaria: Tapete Moonsilk		mount	icon_skills.vehicle_carpet_tex
1111531	Common	Common	Common	Montaria: Harley		mount	icon_skills.vehicle_pig_d
1111532	Common	Common	Common	Montaria: Blitz		mount	icon_skills.trans_lion_wolf_tex
1111533	Common	Common	Common	Montaria: Baekho		mount	icon_skills.trans_tiger_a_tex
1111534	Common	Common	Common	Montaria: Khan		mount	icon_skills.trans_tiger_b_tex
1111535	Common	Common	Common	Montaria: Hobbes		mount	icon_skills.trans_tiger_c_tex
1111536	Common	Common	Common	Montaria: Sundarban		mount	icon_skills.trans_tiger_d_tex
1111537	Common	Common	Common	Montaria: Glimmer		mount	icon_skills.trans_lion_wolf_gold_tex
1111538	Common	Common	Common	Montaria: Temperamento		mount	icon_skills.trans_lion_wolf_gold_tex
1111539	Common	Common	Common	Montaria: Cinder		mount	icon_skills.trans_lion_wolf_black_tex
1111540	Common	Common	Common	Montaria: Slash		mount	icon_skills.trans_lion_wolf_metal_tex
1111541	Common	Common	Common	Montaria: Zebra Eólia		mount	icon_skills.vehicle_horse_zebra_tex
1111542	Common	Common	Common	[Evento] Invocação: Glimmer		mount	icon_skills.trans_lion_wolf_gold_tex
1111543	Common	Common	Common	Montaria: o Tigre Branco		mount	icon_skills.trans_tiger_a_tex
1111544	Common	Common	Common	Invocação do Tigre Branco com Armadura Rugidora		mount	icon_skills.trans_tiger_b_tex
1111545	Common	Common	Common	Montaria: o Tigre Feroz		mount	icon_skills.trans_tiger_c_tex
1111546	Common	Common	Common	Montaria: o Tigre Feroz com Armadura Rugidora		mount	icon_skills.trans_tiger_d_tex
1111547	Common	Common	Common	Montaria: Tigre Mascote do Futebol		mount	icon_skills.worldcupgiant_kor_tex
1111548	Common	Common	Common	Montaria: Tigre Branco Mascote do Futebol		mount	icon_skills.worldcupgiant_kor_w_tex
1111549	Common	Common	Common	Montaria: Giant Korean Tiger Mascote do Futebol		mount	icon_skills.worldcupgiant_kor_us_tex
1111550	Common	Common	Common	Montaria: Giant Korean White Mascote do Futebol		mount	icon_skills.worldcupgiant_kor_w_us_tex
1111551	Common	Common	Common	Montaria: Corcel Negro Arbóreo Domado		mount	icon_skills.vehicle_horse_black_tex
1111552	Common	Common	Common	Montaria: Quackerjack		mount	icon_skills.vehicle_ostrich_a_tex
1111553	Common	Common	Common	Montaria: Duckerberg		mount	icon_skills.vehicle_ostrich_a01_tex
1111554	Common	Common	Common	Montaria: Quacklemore		mount	icon_skills.vehicle_ostrich_c01_tex
1111555	Common	Common	Common	Montaria: Dafi		mount	icon_skills.vehicle_ostrich_c02_tex
1111651	Common	Common	Common	Montaria: Ember		mount	icon_skills.vehicle_ostrich_b_tex
1111911	Common	Common	Common	Montaria: Corcel das Sombras		mount	icon_skills.vehicle_horse_black_tex
1111921	Common	Common	Common	Montaria: Vento Elétrico		mount	icon_skills.vehicle_horse_glod_tex
1111961	Common	Common	Common	Montaria: Carregador da Morte		mount	icon_skills.vehicle_horse_undead_tex
1111981	Common	Common	Common	Montaria: Caçadora Escarlate		mount	
1112001	Common	Common	Common	Montaria: Southern Tiger Mascote do Futebol		mount	icon_skills.worldcupgiant_bra_tex
1112002	Common	Common	Common	Montaria: Southern White Tiger Mascote do Futebol		mount	icon_skills.worldcupgiant_bra_w_tex
1112003	Common	Common	Common	Montaria: Giant Brazilian Tiger Mascote do Futebol		mount	icon_skills.worldcupgiant_bra_us_tex
1112004	Common	Common	Common	Montaria: Tigre Branco Gigante Brasileiro		mount	icon_skills.worldcupgiant_bra_w_us_tex
1701270	Common	Common	Common	Montaria: Glória		mount	icon_skills.ookami_tex
1701271	Common	Common	Common	Montaria: Snarl		mount	icon_skills.ookami_red_tex
1701272	Common	Common	Common	Montaria: Carro de polícia		mount	icon_skills.vehicle_policecar_tex
1701273	Common	Common	Common	Montaria: Dragão oriental		mount	icon_skills.vehicle_kirin_tex
2222537	Common	Common	Common	Montaria: Glimmer		mount	icon_skills.trans_lion_wolf_gold_tex
2222538	Common	Common	Common	Montaria: Temperamento		mount	icon_skills.trans_lion_wolf_gold_tex
2222539	Common	Common	Common	Montaria: Cinder		mount	icon_skills.trans_lion_wolf_black_tex
2222540	Common	Common	Common	Montaria: Slash		mount	icon_skills.trans_lion_wolf_metal_tex
2222541	Common	Common	Common	Montaria: Slashburn		mount	icon_skills.trans_lion_wolf_metal_tex
2222542	Common	Common	Common	Montaria: Blitz		mount	icon_skills.trans_lion_wolf_tex
2222543	Common	Common	Common	Montaria: Glimmer		mount	icon_skills.trans_lion_wolf_gold_tex
2222544	Common	Common	Common	Montaria: Temperamento		mount	icon_skills.trans_lion_wolf_gold_tex
2222545	Common	Common	Common	Montaria: Cinder		mount	icon_skills.trans_lion_wolf_black_tex
2222546	Common	Common	Common	Montaria: Slash		mount	icon_skills.trans_lion_wolf_metal_tex
2222547	Common	Common	Common	Montaria: Glimmerforce		mount	icon_skills.trans_lion_wolf_gold_tex
2222548	Common	Common	Common	Montaria: Glimmerforce		mount	icon_skills.trans_lion_wolf_gold_tex
2222549	Common	Common	Common	Montaria: Glimmershine		mount	icon_skills.trans_lion_wolf_gold_tex
2222550	Common	Common	Common	Montaria: Glimmershine		mount	icon_skills.trans_lion_wolf_gold_tex
2222551	Common	Common	Common	Montaria: Glimmerheart		mount	icon_skills.trans_lion_wolf_gold_tex
2222552	Common	Common	Common	Montaria: Glimmerheart		mount	icon_skills.trans_lion_wolf_gold_tex
2222553	Common	Common	Common	Montaria: Cinderstorm		mount	icon_skills.trans_lion_wolf_black_tex
2222554	Common	Common	Common	Montaria: Cinderstorm		mount	icon_skills.trans_lion_wolf_black_tex
2222555	Common	Common	Common	Montaria: Cinderglow		mount	icon_skills.trans_lion_wolf_black_tex
2222556	Common	Common	Common	Montaria: Cinderglow		mount	icon_skills.trans_lion_wolf_black_tex
2222557	Common	Common	Common	Montaria: Cinderheart		mount	icon_skills.trans_lion_wolf_black_tex
2222558	Common	Common	Common	Montaria: Cinderheart		mount	icon_skills.trans_lion_wolf_black_tex
2222559	Common	Common	Common	Montaria: Lupus Obscurus		mount	icon_skills.trans_lion_wolf_tex
2222560	Common	Common	Common	Montaria: Cavalo de Guerra do Nexus		mount	icon_skills.vehicle_horse_red_tex
2222561	Common	Common	Common	Montaria: Zebra Eólia		mount	icon_skills.vehicle_horse_zebra_tex
2222562	Common	Common	Common	Montaria: Carregador da Morte		mount	icon_skills.vehicle_horse_undead_tex
2222563	Common	Common	Common	Montaria: Blitzheart		mount	icon_skills.trans_lion_wolf_tex
2222564	Common	Common	Common	Montaria: Blitzheart		mount	icon_skills.trans_lion_wolf_tex
2222565	Common	Common	Common	Montaria: Temperheart		mount	icon_skills.trans_lion_wolf_gold_tex
2222566	Common	Common	Common	Montaria: Temperheart		mount	icon_skills.trans_lion_wolf_gold_tex
2222567	Common	Common	Common	Montaria: Slasheart		mount	icon_skills.trans_lion_wolf_metal_tex
2222568	Common	Common	Common	Montaria: Slasheart		mount	icon_skills.trans_lion_wolf_metal_tex
2222569	Common	Common	Common	Montaria: Moonglow		mount	icon_skills.trans_tiger_a_tex
2222570	Common	Common	Common	Montaria: Shimmer		mount	icon_skills.trans_tiger_b_tex
2222571	Common	Common	Common	Montaria: Sunchaser		mount	icon_skills.trans_tiger_c_tex
2222572	Common	Common	Common	Montaria: Tinder		mount	icon_skills.trans_tiger_d_tex
2222573	Common	Common	Common	Montaria: Shimmersoul		mount	icon_skills.trans_tiger_b_tex
2222574	Common	Common	Common	Montaria: Shimmersoul		mount	icon_skills.trans_tiger_b_tex
2222575	Common	Common	Common	Montaria: Shimmerclaw		mount	icon_skills.trans_tiger_b_tex
2222576	Common	Common	Common	Montaria: Shimmerclaw		mount	icon_skills.trans_tiger_b_tex
2222577	Common	Common	Common	Montaria: Shimmerheart		mount	icon_skills.trans_tiger_b_tex
2222578	Common	Common	Common	Montaria: Shimmerheart		mount	icon_skills.trans_tiger_b_tex
2222579	Common	Common	Common	Montaria: Tindersoul		mount	icon_skills.trans_tiger_d_tex
2222580	Common	Common	Common	Montaria: Tindersoul		mount	icon_skills.trans_tiger_d_tex
2222581	Common	Common	Common	Montaria: Tindersoul		mount	icon_skills.trans_tiger_d_tex
2222582	Common	Common	Common	Montaria: Tinderclaw		mount	icon_skills.trans_tiger_d_tex
2222583	Common	Common	Common	Montaria: Tinderheart		mount	icon_skills.trans_tiger_d_tex
2222584	Common	Common	Common	Montaria: Tinderheart		mount	icon_skills.trans_tiger_d_tex
2222585	Common	Common	Common	Montaria: Silva		mount	icon_skills.worldcupgiant_bra_us_tex
2222586	Common	Common	Common	Montaria: Dante		mount	icon_skills.worldcupgiant_bra_us_tex
2222587	Common	Common	Common	Montaria: Cesar		mount	icon_skills.worldcupgiant_bra_us_tex
2222588	Common	Common	Common	Montaria: Oscar		mount	icon_skills.worldcupgiant_bra_us_tex
2222589	Common	Common	Common	Montaria: Silva		mount	icon_skills.worldcupgiant_bra_us_tex
2222590	Common	Common	Common	Montaria: Dante		mount	icon_skills.worldcupgiant_bra_us_tex
2222591	Common	Common	Common	Montaria: Cesar		mount	icon_skills.worldcupgiant_bra_us_tex
2222592	Common	Common	Common	Montaria: Oscar		mount	icon_skills.worldcupgiant_bra_us_tex
2222593	Common	Common	Common	Montaria: Ronaldo		mount	icon_skills.worldcupgiant_bra_w_us_tex
2222594	Common	Common	Common	Montaria: Lucio		mount	icon_skills.worldcupgiant_bra_w_us_tex
2222595	Common	Common	Common	Montaria: Neymar		mount	icon_skills.worldcupgiant_bra_w_us_tex
2222596	Common	Common	Common	Montaria: Pelé		mount	icon_skills.worldcupgiant_bra_w_us_tex
2222597	Common	Common	Common	Montaria: Ronaldo		mount	icon_skills.worldcupgiant_bra_w_us_tex
2222598	Common	Common	Common	Montaria: Lucio		mount	icon_skills.worldcupgiant_bra_w_us_tex
2222599	Common	Common	Common	Montaria: Neymar		mount	icon_skills.worldcupgiant_bra_w_us_tex
2222600	Common	Common	Common	Montaria: Pelé		mount	icon_skills.worldcupgiant_bra_w_us_tex
2222601	Common	Common	Common	Montaria: Kwak		mount	icon_skills.worldcupgiant_kor_us_tex
2222602	Common	Common	Common	Montaria: Jung		mount	icon_skills.worldcupgiant_kor_us_tex
2222603	Common	Common	Common	Montaria: Ji		mount	icon_skills.worldcupgiant_kor_us_tex
2222604	Common	Common	Common	Montaria: Koo		mount	icon_skills.worldcupgiant_kor_us_tex
2222605	Common	Common	Common	Montaria: Kwak		mount	icon_skills.worldcupgiant_kor_us_tex
2222606	Common	Common	Common	Montaria: Jung		mount	icon_skills.worldcupgiant_kor_us_tex
2222607	Common	Common	Common	Montaria: Ji		mount	icon_skills.worldcupgiant_kor_us_tex
2222608	Common	Common	Common	Montaria: Koo		mount	icon_skills.worldcupgiant_kor_us_tex
2222609	Common	Common	Common	Montaria: Parque		mount	icon_skills.worldcupgiant_kor_w_us_tex
2222610	Common	Common	Common	Montaria: Lee		mount	icon_skills.worldcupgiant_kor_w_us_tex
2222611	Common	Common	Common	Montaria: Ki		mount	icon_skills.worldcupgiant_kor_w_us_tex
2222612	Common	Common	Common	Montaria: Hong		mount	icon_skills.worldcupgiant_kor_w_us_tex
2222613	Common	Common	Common	Montaria: Parque		mount	icon_skills.worldcupgiant_kor_w_us_tex
2222614	Common	Common	Common	Montaria: Lee		mount	icon_skills.worldcupgiant_kor_w_us_tex
2222615	Common	Common	Common	Montaria: Ki		mount	icon_skills.worldcupgiant_kor_w_us_tex
2222616	Common	Common	Common	Montaria: Hong		mount	icon_skills.worldcupgiant_kor_w_us_tex
2222617	Common	Common	Common	Montaria: Glória		mount	icon_skills.ookami_tex
2222618	Common	Common	Common	Montaria: Glória		mount	icon_skills.ookami_tex
2222619	Common	Common	Common	Montaria: Gloryshine		mount	icon_skills.ookami_tex
2222620	Common	Common	Common	Montaria: Gloryshine		mount	icon_skills.ookami_tex
2222621	Common	Common	Common	Montaria: Gloryforce		mount	icon_skills.ookami_tex
2222622	Common	Common	Common	Montaria: Gloryforce		mount	icon_skills.ookami_tex
2222623	Common	Common	Common	Montaria: Gloryheart		mount	icon_skills.ookami_tex
2222624	Common	Common	Common	Montaria: Gloryheart		mount	icon_skills.ookami_tex
2222625	Common	Common	Common	Montaria: Leão Joia		mount	icon_skills.trans_lion_tex
2222626	Common	Common	Common	Montaria: Snarl		mount	icon_skills.ookami_red_tex
2222627	Common	Common	Common	Montaria: Snarl		mount	icon_skills.ookami_red_tex
2222628	Common	Common	Common	Montaria: Snarlspring		mount	icon_skills.ookami_red_tex
2222629	Common	Common	Common	Montaria: Snarlspring		mount	icon_skills.ookami_red_tex
2222630	Common	Common	Common	Montaria: Snarlstorm		mount	icon_skills.ookami_red_tex
2222631	Common	Common	Common	Montaria: Snarlstorm		mount	icon_skills.ookami_red_tex
2222632	Common	Common	Common	Montaria: Snarlheart		mount	icon_skills.ookami_red_tex
2222633	Common	Common	Common	Montaria: Snarlheart		mount	icon_skills.ookami_red_tex
2222634	Common	Common	Common	Montaria: Carro de polícia		mount	icon_skills.vehicle_policecar_tex
2222635	Common	Common	Common	Montaria: Carro de polícia		mount	icon_skills.vehicle_policecar_tex
2222636	Common	Common	Common	Montaria: Carro de polícia (MP)		mount	icon_skills.vehicle_policecar_tex
2222637	Common	Common	Common	Montaria: Carro de polícia (MP)		mount	icon_skills.vehicle_policecar_tex
2222638	Common	Common	Common	Montaria: Carro de polícia (HP)		mount	icon_skills.vehicle_policecar_tex
2222639	Common	Common	Common	Montaria: Carro de polícia (HP)		mount	icon_skills.vehicle_policecar_tex
2222640	Common	Common	Common	Montaria: Carro de polícia (Stam.)		mount	icon_skills.vehicle_policecar_tex
2222641	Common	Common	Common	Montaria: Carro de polícia (Stam.)		mount	icon_skills.vehicle_policecar_tex
2222642	Common	Common	Common	Montaria: Arco-íris (Stam.)		mount	icon_skills.unicon_tex
2222643	Common	Common	Common	Montaria: Sleipnir (PM)		mount	icon_skills.horse_ice_tex
2222644	Common	Common	Common	Montaria: Night Mare (HP)		mount	icon_skills.horseinferno_tex
2222645	Common	Common	Common	Montaria: Boneshaker (Stam.)		mount	icon_skills.skeleton_horse_tex
2222646	Common	Common	Common	Montaria: leopardo-das-neves (MP)		mount	icon_skills.trans_snowleopard_tex
2222647	Common	Common	Common	Montaria: Scarlet Huntress (HP)		mount	icon_skills.trans_lioness_tex
2222648	Common	Common	Common	Montaria: Dragão oriental		mount	icon_skills.vehicle_kirin_tex
2222649	Common	Common	Common	Montaria: Dragão oriental		mount	icon_skills.vehicle_kirin_tex
2222650	Common	Common	Common	Montaria: Dragão oriental (PM)		mount	icon_skills.vehicle_kirin_tex
2222651	Common	Common	Common	Montaria: Dragão oriental (PM)		mount	icon_skills.vehicle_kirin_tex
2222652	Common	Common	Common	Montaria: Dragão oriental (HP)		mount	icon_skills.vehicle_kirin_tex
2222653	Common	Common	Common	Montaria: Dragão oriental (HP)		mount	icon_skills.vehicle_kirin_tex
2222654	Common	Common	Common	Montaria: Dragão oriental (Stam.)		mount	icon_skills.vehicle_kirin_tex
2222655	Common	Common	Common	Montaria: Dragão oriental (Stam.)		mount	icon_skills.vehicle_kirin_tex
2222656	Common	Common	Common	Montaria: Guardião da floresta kumas		mount	icon_skills.vehicle_kumas_b_tex
2222657	Common	Common	Common	Montaria: Guardião da floresta kumas		mount	icon_skills.vehicle_kumas_b_tex
2222658	Common	Common	Common	Montaria: Guardião da floresta kumas (MP)		mount	icon_skills.vehicle_kumas_b_tex
2222659	Common	Common	Common	Montaria: Guardião da floresta kumas (MP)		mount	icon_skills.vehicle_kumas_b_tex
2222660	Common	Common	Common	Montaria: Guardião da floresta kumas (HP)		mount	icon_skills.vehicle_kumas_b_tex
2222661	Common	Common	Common	Montaria: Guardião da floresta kumas (HP)		mount	icon_skills.vehicle_kumas_b_tex
2222662	Common	Common	Common	Montaria: Guardião da floresta kumas (Stam.)		mount	icon_skills.vehicle_kumas_b_tex
2222663	Common	Common	Common	Montaria: Guardião da floresta kumas (Stam.)		mount	icon_skills.vehicle_kumas_b_tex
2222664	Common	Common	Common	Montaria: Wintera christmas kumas		mount	icon_skills.vehicle_kumas_a_tex
2222665	Common	Common	Common	Montaria: Wintera christmas kumas		mount	icon_skills.vehicle_kumas_a_tex
2222666	Common	Common	Common	Montaria: cumas do Natal do Inverno (MP)		mount	icon_skills.vehicle_kumas_a_tex
2222667	Common	Common	Common	Montaria: cumas do Natal do Inverno (MP)		mount	icon_skills.vehicle_kumas_a_tex
2222668	Common	Common	Common	Montaria: Winter's christmas kumas (HP)		mount	icon_skills.vehicle_kumas_a_tex
2222669	Common	Common	Common	Montaria: Winter's christmas kumas (HP)		mount	icon_skills.vehicle_kumas_a_tex
2222670	Common	Common	Common	Montaria: Kumas de Natal do Inverno (Stam.)		mount	icon_skills.vehicle_kumas_a_tex
2222671	Common	Common	Common	Montaria: Kumas de Natal do Inverno (Stam.)		mount	icon_skills.vehicle_kumas_a_tex
2222672	Common	Common	Common	Montaria: Wintera snowbite		mount	icon_skills.vehicle_snowman_tex
2222673	Common	Common	Common	Montaria: Wintera snowbite		mount	icon_skills.vehicle_snowman_tex
2222674	Common	Common	Common	Montaria: Wintera snowbite (MP)		mount	icon_skills.vehicle_snowman_tex
2222675	Common	Common	Common	Montaria: Wintera snowbite (MP)		mount	icon_skills.vehicle_snowman_tex
2222676	Common	Common	Common	Montaria: Wintera snowbite (HP)		mount	icon_skills.vehicle_snowman_tex
2222677	Common	Common	Common	Montaria: Wintera snowbite (HP)		mount	icon_skills.vehicle_snowman_tex
2222678	Common	Common	Common	Montaria: Wintera snowbite (Stam.)		mount	icon_skills.vehicle_snowman_tex
2222679	Common	Common	Common	Montaria: Wintera snowbite (Stam.)		mount	icon_skills.vehicle_snowman_tex
2222680	Common	Common	Common	Montaria: Carinhos de Natal		mount	icon_skills.vehicle_kumas_a_tex
2222681	Common	Common	Common	Montaria: Carinhos de Natal		mount	icon_skills.vehicle_kumas_a_tex
2222682	Common	Common	Common	Montaria: Chiclete de Natal (MP)		mount	icon_skills.vehicle_kumas_a_tex
2222683	Common	Common	Common	Montaria: Chiclete de Natal (MP)		mount	icon_skills.vehicle_kumas_a_tex
2222684	Common	Common	Common	Montaria: Chiclete de Natal (HP)		mount	icon_skills.vehicle_kumas_a_tex
2222685	Common	Common	Common	Montaria: Chiclete de Natal (HP)		mount	icon_skills.vehicle_kumas_a_tex
2222686	Common	Common	Common	Montaria: kumas de Natal (Stam.)		mount	icon_skills.vehicle_kumas_a_tex
2222687	Common	Common	Common	Montaria: kumas de Natal (Stam.)		mount	icon_skills.vehicle_kumas_a_tex
2222688	Common	Common	Common	Montaria: Snowbite		mount	icon_skills.vehicle_snowman_tex
2222689	Common	Common	Common	Montaria: Snowbite		mount	icon_skills.vehicle_snowman_tex
2222690	Common	Common	Common	Montaria: Snowbite (MP)		mount	icon_skills.vehicle_snowman_tex
2222691	Common	Common	Common	Montaria: Snowbite (MP)		mount	icon_skills.vehicle_snowman_tex
2222692	Common	Common	Common	Montaria: Snowbite (HP)		mount	icon_skills.vehicle_snowman_tex
2222693	Common	Common	Common	Montaria: Snowbite (HP)		mount	icon_skills.vehicle_snowman_tex
2222694	Common	Common	Common	Montaria: Snowbite (Stam.)		mount	icon_skills.vehicle_snowman_tex
2222695	Common	Common	Common	Montaria: Snowbite (Stam.)		mount	icon_skills.vehicle_snowman_tex
2222696	Common	Common	Common	Montaria: Dragão oriental dourado		mount	icon_skills.vehicle_kirin_gold_tex
2222697	Common	Common	Common	Montaria: Dragão oriental dourado		mount	icon_skills.vehicle_kirin_gold_tex
2222698	Common	Common	Common	Montaria: Dragão oriental dourado (PM)		mount	icon_skills.vehicle_kirin_gold_tex
2222699	Common	Common	Common	Montaria: Dragão oriental dourado (PM)		mount	icon_skills.vehicle_kirin_gold_tex
2222700	Common	Common	Common	Montaria: Dragão oriental dourado (HP)		mount	icon_skills.vehicle_kirin_gold_tex
2222701	Common	Common	Common	Montaria: Dragão oriental dourado (HP)		mount	icon_skills.vehicle_kirin_gold_tex
2222702	Common	Common	Common	Montaria: Dragão oriental dourado (Stam.)		mount	icon_skills.vehicle_kirin_gold_tex
2222703	Common	Common	Common	Montaria: Dragão oriental dourado (Stam.)		mount	icon_skills.vehicle_kirin_gold_tex
3333001	Common	Common	Common	Poção de revelação: Para todos (1 dia)			icon_items.portion_underwear2_tex
3333002	Common	Common	Common	Poção de revelação: Para todos (2 dias)			icon_items.portion_underwear2_tex
3333003	Common	Common	Common	Poção de revelação: Para todos (3 dias)			icon_items.portion_underwear2_tex
3333004	Common	Common	Common	Poção de revelação: Para todos (4 dias)			icon_items.portion_underwear2_tex
3333005	Common	Common	Common	Poção de revelação: Para todos (5 dias)			icon_items.portion_underwear2_tex
3333006	Common	Common	Common	Poção de revelação: Para todos (6 dias)			icon_items.portion_underwear2_tex
3333007	Common	Common	Common	Poção de revelação: Para todos (7 dias)			icon_items.portion_underwear2_tex
3333008	Common	Common	Common	Poção de revelação: Para mim (1 dia)			icon_items.portion_underwear1_tex
3333009	Common	Common	Common	Poção de revelação: For Me (2 dias)			icon_items.portion_underwear1_tex
3333010	Common	Common	Common	Poção de revelação: For Me (3 dias)			icon_items.portion_underwear1_tex
3333011	Common	Common	Common	Poção de revelação: For Me (4 dias)			icon_items.portion_underwear1_tex
3333012	Common	Common	Common	Poção de revelação: For Me (5 dias)			icon_items.portion_underwear1_tex
3333013	Common	Common	Common	Poção de revelação: For Me (6 dias)			icon_items.portion_underwear1_tex
3333014	Common	Common	Common	Poção de revelação: For Me (7 dias)			icon_items.portion_underwear1_tex
3333015	Common	Common	Common	Aditivo Artisan (embalagem com 3 unidades)		eventseed	icon_items.gift_box04_tex
3333016	Common	Common	Common	Aditivo do mestre: (embalagem com 3 unidades)		eventseed	icon_items.gift_box04_tex
3333017	Common	Common	Common	Aditivo Artisan (embalagem com 3 unidades)		eventseed	icon_items.gift_box04_tex
3333018	Common	Common	Common	Aditivo do mestre: (embalagem com 3 unidades)		eventseed	icon_items.gift_box04_tex
3333019	Common	Common	Common	Invocar Pet: Addams			icon_items.petskillbook_tex
3333020	Common	Common	Common	Invocar Pet: Bonzai			icon_items.petskillbook_tex
3333021	Common	Common	Common	Invocar Pet: Addams			icon_items.petskillbook_tex
3333022	Common	Common	Common	Invocar Pet: Bonzai			icon_items.petskillbook_tex
3333023	Common	Common	Common	Invocar Pet: Addams			icon_items.petskillbook_tex
3333024	Common	Common	Common	Invocar Pet: Rusty			icon_items.petskillbook_tex
3333025	Common	Common	Common	Invocar Pet: Rainie			icon_items.petskillbook_tex
3333026	Common	Common	Common	Invocar Pet: Bonzai			icon_items.petskillbook_tex
3333027	Common	Common	Common	Invocar Pet: Addams			icon_items.petskillbook_tex
3333028	Common	Common	Common	Invocar Pet: Rusty			icon_items.petskillbook_tex
3333029	Common	Common	Common	Invocar Pet: Rainie			icon_items.petskillbook_tex
3366000	Common	Common	Common	Montaria: Paolo		mount	icon_skills.worldcupgiant_bra_w_tex
3366001	Common	Common	Common	Montaria: Tigeraldo		mount	icon_skills.worldcupgiant_kor_w_tex
3366002	Common	Common	Common	Premium: Caixa do Glyph do Guerreiro		eventseed	icon_items.warrior_tresurebox_tex
3366003	Common	Common	Common	Premium: Caixa com o símbolo do cavaleiro		eventseed	icon_items.lancer_tresurebox_tex
3366004	Common	Common	Common	Premium: Caixa de Glyph do Assassino		eventseed	icon_items.slayer_tresurebox_tex
3366005	Common	Common	Common	Premium: caixa de glyphs do Berserker		eventseed	icon_items.berserker_tresurebox_tex
3366006	Common	Common	Common	Prêmio: Caixa de glyphs de mago		eventseed	icon_items.sorcerer_tresurebox_tex
3366007	Common	Common	Common	Premium: Caixa de glyphs do arqueiro		eventseed	icon_items.archer_tresurebox_tex
3366008	Common	Common	Common	Premium: Caixa de glyphs do sacerdote		eventseed	icon_items.priest_tresurebox_tex
3366009	Common	Common	Common	Premium: Caixa de Glyph Místico		eventseed	icon_items.elementalist_tresurebox_tex
3366010	Common	Common	Common	Premium: Caixa de recompensa Warrior Glyph		eventseed	icon_items.warrior_tresurebox_silyuka_tex
3366011	Common	Common	Common	Premium: Caixa de Recompensa Knight Glyph		eventseed	icon_items.lancer_tresurebox_silyuka_tex
3366012	Common	Common	Common	Premium: Caixa de Recompensa do Glyph do Assassino		eventseed	icon_items.slayer_tresurebox_silyuka_tex
3366013	Common	Common	Common	Prêmio: Caixa de recompensa com Glyph do Berserker		eventseed	icon_items.berserker_tresurebox_silyuka_tex
3366014	Common	Common	Common	Prêmio: Caixa de recompensa do Glyph de Mago		eventseed	icon_items.sorcerer_tresurebox_silyuka_tex
3366015	Common	Common	Common	Prêmio: Caixa de recompensa do Glyph do Arqueiro		eventseed	icon_items.archer_tresurebox_silyuka_tex
3366016	Common	Common	Common	Premium: Caixa de recompensa do glyph do sacerdote		eventseed	icon_items.priest_tresurebox_silyuka_tex
3366017	Common	Common	Common	Premium: Caixa de recompensa Mystic Glyph		eventseed	icon_items.elementalist_tresurebox_silyuka_tex
3366018	Common	Common	Common	Prêmio: Caixa de gemas do glyph do guerreiro		eventseed	icon_items.warrior_tresurebox_silyuka_tex
3366019	Common	Common	Common	Prêmio: Caixa de gemas do glyph do cavaleiro		eventseed	icon_items.lancer_tresurebox_silyuka_tex
3366020	Common	Common	Common	Prêmio: Caixa de gemas do glyph do assassino		eventseed	icon_items.slayer_tresurebox_silyuka_tex
3366021	Common	Common	Common	Premium: Caixa de gemas do glyph do berserker		eventseed	icon_items.berserker_tresurebox_silyuka_tex
3366022	Common	Common	Common	Premium: Caixa de Gemas do Glyph do Mago		eventseed	icon_items.sorcerer_tresurebox_silyuka_tex
3366023	Common	Common	Common	Premium: Caixa de gemas do glyph do arqueiro		eventseed	icon_items.archer_tresurebox_silyuka_tex
3366024	Common	Common	Common	Premium: Caixa de gemas do glyph do sacerdote		eventseed	icon_items.priest_tresurebox_silyuka_tex
3366025	Common	Common	Common	Prêmio: Mystic Glyph Gem Box		eventseed	icon_items.elementalist_tresurebox_silyuka_tex
3366026	Common	Common	Common	Montaria: Dragão oriental		mount	icon_skills.vehicle_kirin_tex
3366027	Common	Common	Common	Montaria: Dragão oriental (PM)		mount	icon_skills.vehicle_kirin_tex
3366028	Common	Common	Common	Montaria: Dragão oriental (HP)		mount	icon_skills.vehicle_kirin_tex
3366029	Common	Common	Common	Montaria: Dragão oriental (Stam.)		mount	icon_skills.vehicle_kirin_tex
3366030	Common	Common	Common	Baú de glyphs		eventseed	icon_items.gift_box03_tex
3366031	Common	Common	Common	Baú de glyphs nobres		eventseed	icon_items.gift_box03_tex
3366032	Common	Common	Common	Precious Glyph Chest (Baú de Glyphs Preciosos)		eventseed	icon_items.gift_box03_tex
3366033	Common	Common	Common	Montaria: Boneshaker (MP)		mount	icon_skills.skeleton_horse_tex
3366034	Common	Common	Common	Montaria: Boneshaker (HP)		mount	icon_skills.skeleton_horse_tex
3366035	Common	Common	Common	Montaria: Boneshaker (Stam.)		mount	icon_skills.skeleton_horse_tex
3366036	Common	Common	Common	Montaria: EX-TERM (MP)		mount	icon_skills.steelvehicle_tex
3366037	Common	Common	Common	Montaria: EX-TERM (HP)		mount	icon_skills.steelvehicle_tex
3366038	Common	Common	Common	Montaria: EX-TERM (Stam.)		mount	icon_skills.steelvehicle_tex
3366039	Common	Common	Common	Caixa "inteligente": Rare Steampunk Weapon Skin (Arma Rara Steampunk)		eventseed	icon_items.gift_box04_tex
3366040	Common	Common	Common	Caixa "inteligente": Roupa Steampunk Pintável		eventseed	icon_items.gift_box04_tex
3366041	Common	Common	Common	Caixa "inteligente": Armadura do luar		eventseed	icon_items.gift_box04_tex
3366042	Common	Common	Common	Caixa "inteligente": Armadura da Noite Escura		eventseed	icon_items.gift_box04_tex
3366043	Common	Common	Common	Caixa "inteligente": Skin da arma da Branca de Neve		eventseed	icon_items.gift_box04_tex
3366044	Common	Common	Common	Caixa "inteligente": Pele da Arma Flor de Cerejeira		eventseed	icon_items.gift_box04_tex
3366045	Common	Common	Common	Caixa "inteligente": Skin de arma Frostbreath		eventseed	icon_items.gift_box04_tex
3366046	Common	Common	Common	Caixa "inteligente": Skin de arma Frostgrip		eventseed	icon_items.gift_box04_tex
3366047	Common	Common	Common	Caixa "inteligente": Uniforme branco de cadete		eventseed	icon_items.gift_box04_tex
3366048	Common	Common	Common	Caixa "inteligente": Uniforme de cadete vermelho		eventseed	icon_items.gift_box04_tex
3366049	Common	Common	Common	Caixa "inteligente": Uniforme de cadete azul		eventseed	icon_items.gift_box04_tex
3366050	Common	Common	Common	Caixa "inteligente": Uniforme cinza de cadete.		eventseed	icon_items.gift_box04_tex
3366051	Common	Common	Common	Caixa "inteligente": Fato de Gangster		eventseed	icon_items.gift_box04_tex
3366052	Common	Common	Common	Caixa com brindes VIP		eventseed	icon_items.gift_box03_tex
3366053	Common	Common	Common	Caixa "inteligente": Roupa de pirata (1 dia)		eventseed	icon_items.gift_box04_tex
3366054	Common	Common	Common	Caixa "inteligente": Morte e magia negra (1 dia)		eventseed	icon_items.gift_box04_tex
3366055	Common	Common	Common	Caixa "inteligente": Skin da arma Blackheart (Dia 1)		eventseed	icon_items.gift_box04_tex
3366056	Common	Common	Common	Caixa "inteligente": Skin de arma do lado escuro (1 dia)		eventseed	icon_items.gift_box04_tex
3366057	Common	Common	Common	Caixa "inteligente": Skin de arma de dragão negro (1 dia)		eventseed	icon_items.gift_box04_tex
3366058	Common	Common	Common	Caixa "inteligente": Legacy Ancient Weapon Skin (1 dia)		eventseed	icon_items.gift_box04_tex
3366059	Common	Common	Common	Caixa "inteligente": Skin de arma Angelic Crystal		eventseed	icon_items.gift_box04_tex
3366060	Common	Common	Common	Caixa "inteligente": Skin da arma Angelic Diamond		eventseed	icon_items.gift_box04_tex
3366061	Common	Common	Common	Confissão de Valkyon I		eventseed	icon_items.presentbox1_tex
3366062	Common	Common	Common	Confissão de Valkyon II		eventseed	icon_items.presentbox1_tex
3366063	Common	Common	Common	Confissão de Valkyon III		eventseed	icon_items.presentbox1_tex
3366064	Common	Common	Common	Confissão de Valkyon IV		eventseed	icon_items.presentbox1_tex
3366065	Common	Common	Common	Recompensa por economizar		eventseed	icon_items.presentbox2_tex
3366066	Common	Common	Common	Ovo de ouro com uma surpresa		eventseed	icon_items.event_egg_gold_tex
3366067	Common	Common	Common	Ovo Surpresa de Platina		eventseed	icon_items.event_egg_silver_tex
3366068	Common	Common	Common	Ovo surpresa de bronze		eventseed	icon_items.event_egg_bronze_tex
3366069	Common	Common	Common	Caixa de eventos (Nível 20)		eventseed	icon_items.presentbox1_tex
3366070	Common	Common	Common	Caixa de eventos (Nível 30)		eventseed	icon_items.presentbox1_tex
3366071	Common	Common	Common	Caixa de eventos (Nível 40)		eventseed	icon_items.presentbox1_tex
3366072	Common	Common	Common	Caixa de eventos (Nível 50)		eventseed	icon_items.presentbox1_tex
3366073	Common	Common	Common	Caixa de eventos (Nível 60)		eventseed	icon_items.presentbox1_tex
6001000	Common	Common	Common	Invocar Pet: Miss Kitty			icon_items.petskillbook_tex
6002000	Common	Common	Common	Invocar Pet: Willoe			icon_items.petskillbook_tex
6003000	Common	Common	Common	Invocar Pet: Dundee			icon_items.petskillbook_tex
6004000	Common	Common	Common	Invocar Pet: Chefe			icon_items.petskillbook_tex
6005000	Common	Common	Common	Invocar Pet: Rocky			icon_items.petskillbook_tex
6006000	Common	Common	Common	Invocar Pet: Madmartigan			icon_items.petskillbook_tex
6007000	Common	Common	Common	Invocar Pet: Bam Bam			icon_items.petskillbook_tex
6008000	Common	Common	Common	Invocar Pet: Bonzai			icon_items.petskillbook_tex
6009000	Common	Common	Common	Invocar Pet: Addams			icon_items.petskillbook_tex
6010000	Common	Common	Common	Invocar Pet: Clawd			icon_items.petskillbook_tex
6011000	Common	Common	Common	Invocar Pet: Juicy			icon_items.petskillbook_tex
6012000	Common	Common	Common	Invocar Pet: Flaps			icon_items.petskillbook_tex
7001000	Common	Common	Common	Invocar Pet: Zero (1 dia)			icon_items.petskillbook_tex
7001001	Common	Common	Common	Invocar Pet: Senhorita Katônica (1 dia)			icon_items.petskillbook_tex
7001002	Common	Common	Common	Invocar Pet: Pinkie (1 dia)			icon_items.petskillbook_tex
7001003	Common	Common	Common	Invocar Pet: Rusty (1 dia)			icon_items.petskillbook_tex
7001004	Common	Common	Common	Invocar Pet: Rainie (1 dia)			icon_items.petskillbook_tex
7001005	Common	Common	Common	Invocar Pet: Pinkie			icon_items.petskillbook_tex
7001006	Common	Common	Common	Invocar Pet: Rusty			icon_items.petskillbook_tex
7001007	Common	Common	Common	Invocar Pet: Rainie			icon_items.petskillbook_tex
7004700	Common	Common	Common	Sarberry Ice			icon_items.bluesmoothie_tex
7004701	Common	Common	Common	Sarberry Deliciousness			icon_items.bluesmoothie_tex
7007000	Common	Common	Common	Summer Wine			icon_items.q_bottlewine_tex
8400010	Common	Common	Common	Infusão de Noctênio			icon_items.union_supplies5_tex
8400020	Common	Common	Common	Montaria: Fortuna		mount	icon_skills.horse_lord_c_tex
8400030	Common	Common	Common	Montaria: Fides		mount	icon_skills.horse_lord_a_tex
8400040	Common	Common	Common	Montaria: Virtus		mount	icon_skills.horse_lord_b_tex
8400050	Common	Common	Common	Infusão de Noctênio Superior			icon_items.union_supplies5_tex
8400070	Common	Common	Common	Infusão de Noctênio da Aliança			icon_items.union_supplies5_tex
8400090	Common	Common	Common	Infusão de Vault Noctenium			icon_items.union_supplies5_tex
8400110	Common	Common	Common	Infusão de Noctênio adaptada			icon_items.union_supplies5_tex
9010100	Baraka	Common	Common	Core's Resonance			icon_skills.returnofcore_tex
9010100	Castanic	Common	Common	Kaiator's Drums			icon_skills.returnofkaiator_tex
9010100	Highelf	Common	Common	Core's Resonance			icon_skills.returnofcore_tex
9010100	Human	Common	Common	Velik's Horn			icon_skills.returnofvelica_tex
9010100	Popori	Common	Common	Velik's Horn			icon_skills.returnofvelica_tex
9010100	Aman	Common	Common	Kaiator's Drums			icon_skills.returnofkaiator_tex
9020100	Highelf	Common	Common	Core Infusion			icon_skills.activatelink_tex
9020100	Aman	Common	Common	Last Aman Standing			icon_skills.expertfighter_tex
9020100	Baraka	Common	Common	Ancient Wellspring			icon_skills.earthmeld_tex
9020100	Popori	Common	Common	Soothing Presence			icon_skills.naturesfriend_tex
9020100	Human	Common	Common	Deft Footwork			icon_skills.duelmastery_tex
9020100	Castanic	Common	Common	Skirmish Running			icon_skills.markoflok_tex
9030100	Popori	Common	Common	Horizon Run			icon_skills.journeyman_tex
9876543	Common	Common	Common	Vanarch Flag			icon_items.politics_flag_tex
10030211	Common	Common	Common	Lucky Chest: Steampunk		eventseed	icon_items.gift_box01_tex
10030212	Common	Common	Common	Lucky Chest: Steampunk (Tingível.)		eventseed	icon_items.gift_box01_tex
10030213	Common	Common	Common	Lucky Chest: White Night Dress		eventseed	icon_items.gift_box01_tex
10030214	Common	Common	Common	Lucky Chest: Black Night Dress		eventseed	icon_items.gift_box01_tex
10030215	Common	Common	Common	Lucky Chest: Gangster Attire		eventseed	icon_items.gift_box01_tex
10030216	Common	Common	Common	Lucky Chest: Raccoon Costume		eventseed	icon_items.gift_box01_tex
10030217	Common	Common	Common	Lucky Suit Chest I		eventseed	icon_items.gachabox_tex
10030218	Common	Common	Common	Lucky Suit Chest II		eventseed	icon_items.gachabox_tex
10030219	Common	Common	Common	Lucky Suit Chest III		eventseed	icon_items.gachabox_tex
10030220	Common	Common	Common	Lucky Suit Chest IV		eventseed	icon_items.gachabox_tex
10030221	Common	Common	Common	Lucky Suit Chest V		eventseed	icon_items.gachabox_tex
10030222	Common	Common	Common	Special Lucky Suit Chest I		eventseed	icon_items.gachabox_tex
10030223	Common	Common	Common	Chest with World Boss outfit		eventseed	icon_items.gift_box01_tex
10030224	Common	Common	Common	'Smart' Costume box with 'Sweet Beats Outfit (Tingível)'		eventseed	icon_items.gift_box01_tex
11117100	Common	Common	Common	Montaria: Regulus (Lendário)		mount	icon_skills.trans_lion_lord_tex
14300016	Common	Common	Common	Darkan's Wings			icon_status.descentofdarkness_tex
16000001	Common	Common	Common	Montaria: Lupus Obscurus (PM)		mount	icon_skills.trans_lion_wolf_tex
16000002	Common	Common	Common	Montaria: Lupus Obscurus (PV)		mount	icon_skills.trans_lion_wolf_tex
16000003	Common	Common	Common	Montaria: Lupus Obscurus (Stam.)		mount	icon_skills.trans_lion_wolf_tex
16000004	Common	Common	Common	Montaria: Lupus Aurum (PM)		mount	icon_skills.trans_lion_wolf_gold_tex
16000005	Common	Common	Common	Montaria: Lupus Aurum (HP)		mount	icon_skills.trans_lion_wolf_gold_tex
16000006	Common	Common	Common	Montaria: Lupus Aurum (Stam.)		mount	icon_skills.trans_lion_wolf_gold_tex
16000007	Common	Common	Common	Montaria: Lupus Aeris (PM)		mount	icon_skills.trans_lion_wolf_gold_tex
16000008	Common	Common	Common	Montaria: Lupus Aeris (PV)		mount	icon_skills.trans_lion_wolf_gold_tex
16000009	Common	Common	Common	Montaria: Lupus Quaticus (Lenda).		mount	icon_skills.trans_lion_wolf_gold_tex
16000010	Common	Common	Common	Montaria: Lupus Noctus (PM)		mount	icon_skills.trans_lion_wolf_black_tex
16000011	Common	Common	Common	Montaria: Lupus Noctus (PV)		mount	icon_skills.trans_lion_wolf_black_tex
16000012	Common	Common	Common	Montaria: Lupus Noctus (Stam.)		mount	icon_skills.trans_lion_wolf_black_tex
16000013	Common	Common	Common	Montaria: Lupus Argentum (PM)		mount	icon_skills.trans_lion_wolf_metal_tex
16000014	Common	Common	Common	Montaria: Lupus Argentum (PV)		mount	icon_skills.trans_lion_wolf_metal_tex
16000015	Common	Common	Common	Montaria: Lupus Argentum (Stam.)		mount	icon_skills.trans_lion_wolf_metal_tex
16000016	Common	Common	Common	Montaria: Okami (MP)		mount	icon_skills.ookami_tex
16000017	Common	Common	Common	Montaria: Okami (HP)		mount	icon_skills.ookami_tex
16000018	Common	Common	Common	Montaria: Okami Vermelho (MP)		mount	icon_skills.ookami_red_tex
16000019	Common	Common	Common	Montaria: Okami Vermelho (HP)		mount	icon_skills.ookami_red_tex
16000020	Common	Common	Common	Montaria: Urso da Neve		mount	icon_skills.vehicle_bear_a_tex
16000021	Common	Common	Common	Montaria: Urso da Neve (PM)		mount	icon_skills.vehicle_bear_a_tex
16000022	Common	Common	Common	Montaria: Urso da Neve (HP)		mount	icon_skills.vehicle_bear_a_tex
16000023	Common	Common	Common	Montaria: Urso da Neve (Stam.)		mount	icon_skills.vehicle_bear_a_tex
16000024	Common	Common	Common	Montaria: Sr. Urso Marrom		mount	icon_skills.vehicle_bear_b_tex
16000025	Common	Common	Common	Montaria: Sr. Urso Marrom (MP)		mount	icon_skills.vehicle_bear_b_tex
16000026	Common	Common	Common	Montaria: Sr. Urso Marrom (HP)		mount	icon_skills.vehicle_bear_b_tex
16000027	Common	Common	Common	Montaria: Sr. Urso Marrom (Stam.)		mount	icon_skills.vehicle_bear_b_tex
16000028	Common	Common	Common	Montaria: Panda		mount	icon_skills.vehicle_bear_c_tex
16000029	Common	Common	Common	Montaria: Panda (PM)		mount	icon_skills.vehicle_bear_c_tex
16000030	Common	Common	Common	Montaria: Panda (HP)		mount	icon_skills.vehicle_bear_c_tex
16000031	Common	Common	Common	Montaria: Panda (Stam.)		mount	icon_skills.vehicle_bear_c_tex
16000032	Common	Common	Common	Montaria: Porco da Sorte		mount	icon_skills.vehicle_pig_d_gold_tex
16000033	Common	Common	Common	Montaria: Lucky Pig (MP)		mount	icon_skills.vehicle_pig_d_gold_tex
16000034	Common	Common	Common	Montaria: Lucky Pig (HP)		mount	icon_skills.vehicle_pig_d_gold_tex
16000035	Common	Common	Common	Montaria: Lucky Pig (Stam.)		mount	icon_skills.vehicle_pig_d_gold_tex
16000036	Common	Common	Common	Montaria: Dragão Oriental Verde		mount	icon_skills.vehicle_kirin_green_tex
16000037	Common	Common	Common	Montaria: Dragão Oriental Verde (PM)		mount	icon_skills.vehicle_kirin_green_tex
16000038	Common	Common	Common	Montaria: Dragão Oriental Verde (HP)		mount	icon_skills.vehicle_kirin_green_tex
16000039	Common	Common	Common	Montaria: Dragão Oriental Brilhante (Lenda).		mount	icon_skills.vehicle_kirin_green_tex
16000040	Common	Common	Common	Montaria: Dragão oriental negro		mount	icon_skills.vehicle_kirin_black_tex
16000041	Common	Common	Common	Montaria: Dragão Oriental Negro (PM)		mount	icon_skills.vehicle_kirin_black_tex
16000042	Common	Common	Common	Montaria: Dragão oriental negro (HP)		mount	icon_skills.vehicle_kirin_black_tex
16000043	Common	Common	Common	Montaria: Dragão oriental negro (Stam.)		mount	icon_skills.vehicle_kirin_black_tex
16000044	Common	Common	Common	Montaria: Dragão oriental prateado		mount	icon_skills.vehicle_kirin_silver_tex
16000045	Common	Common	Common	Montaria: Dragão Oriental Prateado (PM)		mount	icon_skills.vehicle_kirin_silver_tex
16000046	Common	Common	Common	Montaria: Dragão oriental prateado (HP)		mount	icon_skills.vehicle_kirin_silver_tex
16000047	Common	Common	Common	Montaria: Dragão oriental prateado (Stam.)		mount	icon_skills.vehicle_kirin_silver_tex
16000048	Common	Common	Common	Montaria: Arco-íris (PM)		mount	icon_skills.unicon_tex
16000049	Common	Common	Common	Montaria: Rainbow (HP)		mount	icon_skills.unicon_tex
16000050	Common	Common	Common	Montaria: Arco-íris (Stam.)		mount	icon_skills.unicon_tex
16000051	Common	Common	Common	Montaria: Carro Esportivo Amarelo 2.8		mount	icon_skills.vehicle_sportcar_b_tex
16000052	Common	Common	Common	Montaria: Carro Esportivo Amarelo 2.8 (MP)		mount	icon_skills.vehicle_sportcar_b_tex
16000053	Common	Common	Common	Montaria: Carro esportivo amarelo 2.8 (HP)		mount	icon_skills.vehicle_sportcar_b_tex
16000054	Common	Common	Common	Montaria: Carro esportivo amarelo 2.8 (Stam.)		mount	icon_skills.vehicle_sportcar_b_tex
16000055	Common	Common	Common	Montaria: Carro Esportivo Vermelho 2.8		mount	icon_skills.vehicle_sportcar_a_tex
16000056	Common	Common	Common	Montaria: Carro Esportivo Vermelho 2.8 (MP)		mount	icon_skills.vehicle_sportcar_a_tex
16000057	Common	Common	Common	Montaria: Carro esportivo vermelho 2.8 (HP)		mount	icon_skills.vehicle_sportcar_a_tex
16000058	Common	Common	Common	Montaria: Carro esportivo vermelho 2.8 (Stam.)		mount	icon_skills.vehicle_sportcar_a_tex
16000059	Common	Common	Common	Montaria: Carro Esportivo Preto 2.8		mount	icon_skills.vehicle_sportcar_tex
16000060	Common	Common	Common	Montaria: Carro Esportivo Preto 2.8 (MP)		mount	icon_skills.vehicle_sportcar_tex
16000061	Common	Common	Common	Montaria: Carro esportivo preto 2.8 (HP)		mount	icon_skills.vehicle_sportcar_tex
16000062	Common	Common	Common	Montaria: Carro Esportivo Preto 2.8 (Stam.)		mount	icon_skills.vehicle_sportcar_tex
16000063	Common	Common	Common	Montaria: Carro Esportivo Amarelo 2.85		mount	icon_skills.vehicle_sportcar_b_tex
16000064	Common	Common	Common	Montaria: Carro Esportivo Vermelho 2.85		mount	icon_skills.vehicle_sportcar_a_tex
16000065	Common	Common	Common	Montaria: Carro Esportivo Preto 2.85		mount	icon_skills.vehicle_sportcar_tex
16000066	Common	Common	Common	Montaria: Égua Noturna (PM)		mount	icon_skills.horseinferno_tex
16000067	Common	Common	Common	Montaria: Night Mare (HP)		mount	icon_skills.horseinferno_tex
16000068	Common	Common	Common	Montaria: Égua Noturna Aprimorada (Lenda).		mount	icon_skills.horseinferno_tex
16000069	Common	Common	Common	Montaria: Dragão oriental negro raro		mount	icon_skills.vehicle_kirin_black_tex
16000070	Common	Common	Common	Montaria: Waddles (MP)		mount	icon_skills.vehicle_pig_tex
16000071	Common	Common	Common	Montaria: Waddles (HP)		mount	icon_skills.vehicle_pig_tex
16000072	Common	Common	Common	Montaria: Waddles (Stam.)		mount	icon_skills.vehicle_pig_tex
16000073	Common	Common	Common	Montaria: Harry Porker (PM)		mount	icon_skills.vehicle_pig_a_tex
16000074	Common	Common	Common	Montaria: Harry Porker (HP)		mount	icon_skills.vehicle_pig_a_tex
16000075	Common	Common	Common	Montaria: Harry Porker (Stam.)		mount	icon_skills.vehicle_pig_a_tex
16000076	Common	Common	Common	Montaria: Harry Porker		mount	icon_skills.vehicle_pig_a_tex
16000077	Common	Common	Common	Montaria: Chefe (MP)		mount	icon_skills.vehicle_pig_b_tex
16000078	Common	Common	Common	Montaria: Chefe (HP)		mount	icon_skills.vehicle_pig_b_tex
16000079	Common	Common	Common	Montaria: Chefe (Stam.)		mount	icon_skills.vehicle_pig_b_tex
16000080	Common	Common	Common	Montaria: Petúnia (MP)		mount	icon_skills.vehicle_pig_c_tex
16000081	Common	Common	Common	Montaria: Petúnia (HP)		mount	icon_skills.vehicle_pig_c_tex
16000082	Common	Common	Common	Montaria: Petúnia (Stam.)		mount	icon_skills.vehicle_pig_c_tex
16000083	Common	Common	Common	Montaria: Harley (MP)		mount	icon_skills.vehicle_pig_d
16000084	Common	Common	Common	Montaria: Harley (HP)		mount	icon_skills.vehicle_pig_d
16000085	Common	Common	Common	Montaria: Harley (Stam.)		mount	icon_skills.vehicle_pig_d
16000086	Common	Common	Common	Montaria: Chama Mágica		mount	icon_skills.vehicle_ostrich_b_tex
16300000	Common	Common	Common	Peitos grandes (10 minutos)			icon_items.icon_poongu_item_tex
16300001	Common	Common	Common	Seios pequenos (10 minutos)			icon_items.icon_poongu_item_tex_minus
16300002	Common	Common	Common	Giant Candy (10 minutos)			icon_items.icon_jangshin_item_tex
16300003	Common	Common	Common	Doces liliputianos (10 minutos)			icon_items.icon_jangshin_item_tex_minus
16300004	Common	Common	Common	Quadris largos (10 minutos)			icon_items.icon_yookduk00_item_tex
16300005	Common	Common	Common	Quadris estreitos (10 minutos)			icon_items.icon_yookduk00_item_tex_mnius
16300014	Common	Common	Common	Coragem do Leão			icon_items.potion10_tex
16300016	Common	Common	Common	Poção da Destruição			icon_items.potion10_tex
16300018	Common	Common	Common	Pergaminho de Teleporte: Saleron's Sky Garden (PVP-Tournament)			icon_items.townrecall_tex
16600000	Common	Common	Common	Baú de Armas Relíquias I		eventseed	icon_items.gift_box05_tex
16600001	Common	Common	Common	Baú de Armas Relíquias II		eventseed	icon_items.gift_box05_tex
16600002	Common	Common	Common	Baú de Armas Relíquias III		eventseed	icon_items.gift_box05_tex
16600003	Common	Common	Common	Baú de Armas Relíquias IV		eventseed	icon_items.gift_box05_tex
16600004	Common	Common	Common	Baú de Armas Relíquias V		eventseed	icon_items.gift_box05_tex
16600005	Common	Common	Common	Baú de Armas Relíquias VI		eventseed	icon_items.gift_box05_tex
16600006	Common	Common	Common	Baú de Armas Relíquias VII		eventseed	icon_items.gift_box05_tex
16600007	Common	Common	Common	Baú de Armas Relíquias VIII		eventseed	icon_items.gift_box05_tex
16600008	Common	Common	Common	Caixa "inteligente": Skin de arma Steampunk		eventseed	icon_items.gift_box04_tex
16600009	Common	Common	Common	Caixa "inteligente": Roupa Steampunk		eventseed	icon_items.gift_box04_tex
16600010	Common	Common	Common	Caixa "inteligente": Fato de Gangster		eventseed	icon_items.gift_box04_tex
16600011	Common	Common	Common	Conjunto de matérias-primas do estágio 4		eventseed	icon_items.gift_box04_tex
16600012	Common	Common	Common	Caixa "inteligente": Pele da Arma Flor de Cerejeira		eventseed	icon_items.gift_box04_tex
16600013	Common	Common	Common	Caixa "inteligente": Armadura da Noite Escura		eventseed	icon_items.gift_box04_tex
16600014	Common	Common	Common	Caixa "inteligente": traje de pirata		eventseed	icon_items.gift_box04_tex
16600015	Common	Common	Common	Caixa "inteligente": Roupa de pirata com uma perna só		eventseed	icon_items.gift_box04_tex
16600016	Common	Common	Common	'Smart Box': Fato de festa na praia		eventseed	icon_items.gift_box04_tex
16600017	Common	Common	Common	'Smart Box': Raro traje de festa na praia		eventseed	icon_items.gift_box04_tex
16600018	Common	Common	Common	Smart Box': Traje de festa na praia (Humano, Masculino)		eventseed	icon_items.gift_box04_tex
16600019	Common	Common	Common	'Smart Box': Traje de festa na praia (Humano, Feminino)		eventseed	icon_items.gift_box04_tex
16600020	Common	Common	Common	'Smart Box': Roupa de festa na praia (High Elf, Homem)		eventseed	icon_items.gift_box04_tex
16600021	Common	Common	Common	'Smart Box': Traje de festa na praia (Elfo alto, Feminino)		eventseed	icon_items.gift_box04_tex
16600022	Common	Common	Common	'Caixa inteligente': Traje de festa na praia (castanho, Masculino)		eventseed	icon_items.gift_box04_tex
16600023	Common	Common	Common	'Smart Box': Traje de festa na praia (Castanic, Feminino)		eventseed	icon_items.gift_box04_tex
16600024	Common	Common	Common	'Caixa inteligente': Traje para festa na praia (aman, homem)		eventseed	icon_items.gift_box04_tex
16600025	Common	Common	Common	'Smart Box': Traje de festa na praia (Aman, Feminino)		eventseed	icon_items.gift_box04_tex
16600026	Common	Common	Common	'Caixa inteligente': Traje de festa na praia (popori)		eventseed	icon_items.gift_box04_tex
16600027	Common	Common	Common	'Caixa inteligente': Traje para festa na praia (elin)		eventseed	icon_items.gift_box04_tex
16600028	Common	Common	Common	'Smart Box': Traje de festa na praia (baraka)		eventseed	icon_items.gift_box04_tex
16600029	Common	Common	Common	'Caixa inteligente': Rare Beach Party Costume (Humano, Masculino)		eventseed	icon_items.gift_box04_tex
16600030	Common	Common	Common	'Caixa inteligente': Rare Beach Party Costume (Humano, Feminino)		eventseed	icon_items.gift_box04_tex
16600031	Common	Common	Common	'Smart Box': Rare Beach Party Outfit (High Elf, Masculino)		eventseed	icon_items.gift_box04_tex
16600032	Common	Common	Common	'Caixa inteligente': Rare Beach Party Costume (High Elf, Feminino)		eventseed	icon_items.gift_box04_tex
16600033	Common	Common	Common	'Caixa inteligente': Rare Beach Party Costume (Castanik, Masculino)		eventseed	icon_items.gift_box04_tex
16600034	Common	Common	Common	'Caixa inteligente': Rare Beach Party Costume (Castanic, Feminino)		eventseed	icon_items.gift_box04_tex
16600035	Common	Common	Common	'Caixa inteligente': Rare Beach Party Costume (Aman, Masculino)		eventseed	icon_items.gift_box04_tex
16600036	Common	Common	Common	'Caixa inteligente': Rare Beach Party Costume (Aman, Feminino)		eventseed	icon_items.gift_box04_tex
16600037	Common	Common	Common	'Smart Box': Raro traje de festa na praia (Popori)		eventseed	icon_items.gift_box04_tex
16600038	Common	Common	Common	'Smart Box': Raro traje de festa na praia (Elin)		eventseed	icon_items.gift_box04_tex
16600039	Common	Common	Common	'Smart Box': Raro traje de festa na praia (Barrack)		eventseed	icon_items.gift_box04_tex
16600040	Common	Common	Common	Caixa "inteligente": Skin de arma Frostbreath (Dia 1)		eventseed	icon_items.gift_box04_tex
16600041	Common	Common	Common	Caixa "inteligente": Traje de Gangster (1 dia)		eventseed	icon_items.gift_box04_tex
16600042	Common	Common	Common	Smart Box: Roupa Steampunk (1 dia)		eventseed	icon_items.gift_box04_tex
16600043	Common	Common	Common	Caixa "inteligente": Skin de arma Steampunk		eventseed	icon_items.gift_box04_tex
16600044	Common	Common	Common	Caixa "inteligente": Roupa Steampunk		eventseed	icon_items.gift_box04_tex
16600045	Common	Common	Common	Caixa "inteligente": Rare Steampunk Weapon Skin (Arma Rara Steampunk)		eventseed	icon_items.gift_box04_tex
16600046	Common	Common	Common	Caixa "inteligente": Roupa Steampunk Pintável		eventseed	icon_items.gift_box04_tex
16600047	Common	Common	Common	Caixa "inteligente": Skin de arma de dragão dourado		eventseed	icon_items.gift_box04_tex
16600048	Common	Common	Common	Caixa "inteligente": Skin de arma de dragão negro		eventseed	icon_items.gift_box04_tex
16600049	Common	Common	Common	Caixa "inteligente": Skin da arma do Dragão Dourado Ardente		eventseed	icon_items.gift_box04_tex
16600050	Common	Common	Common	Caixa "inteligente": Skin de arma de dragão prateado gelado		eventseed	icon_items.gift_box04_tex
16600051	Common	Common	Common	Caixa "inteligente": Vestido de noite branco		eventseed	icon_items.gift_box04_tex
16600052	Common	Common	Common	Caixa "inteligente": Vestido de noite preto		eventseed	icon_items.gift_box04_tex
16600053	Common	Common	Common	Caixa "inteligente": Roupa para a Festa Lunar		eventseed	icon_items.gift_box04_tex
16600054	Common	Common	Common	Caixa "inteligente": Roupa de festa à meia-noite		eventseed	icon_items.gift_box04_tex
16600055	Common	Common	Common	Caixa "inteligente": Skin de arma Frostbreath (14 dias)		eventseed	icon_items.gift_box04_tex
16600056	Common	Common	Common	Presente: habilidade de cavaleiro do tigre de Bengala		eventseed	icon_items.gift_box04_tex
16600065	Common	Common	Common	Caixa "inteligente": Urso Muscular		eventseed	icon_items.gift_box04_tex
16600066	Common	Common	Common	Caixa "inteligente": Perky Bunny		eventseed	icon_items.gift_box04_tex
16600067	Common	Common	Common	Caixa "inteligente": Flirty Kitten		eventseed	icon_items.gift_box04_tex
16600068	Common	Common	Common	Caixa "inteligente": O panda saltitante		eventseed	icon_items.gift_box04_tex
16600069	Common	Common	Common	Caixa "inteligente": Guaxinim sorrateiro		eventseed	icon_items.gift_box04_tex
16600070	Common	Common	Common	Caixa "inteligente": Nature Weapon Skin.		eventseed	icon_items.gift_box04_tex
16600071	Common	Common	Common	Caixa "inteligente": roupa de empregada / mordomo		eventseed	icon_items.gift_box04_tex
16600072	Common	Common	Common	Caixa "inteligente": fantasia de empregada doméstica (pode ser tingida)		eventseed	icon_items.gift_box04_tex
16600073	Common	Common	Common	Caixa "inteligente": Armas de Skin do cavaleiro do Rei Arthur		eventseed	icon_items.gift_box04_tex
16600074	Common	Common	Common	Caixa "inteligente": Traje da coleção Black Magic		eventseed	icon_items.gift_box04_tex
16600075	Common	Common	Common	Caixa "inteligente": Traje da coleção Lady in Red		eventseed	icon_items.gift_box04_tex
16600076	Common	Common	Common	Caixa "inteligente": Fato de gato		eventseed	icon_items.gift_box04_tex
16600077	Common	Common	Common	Caixa "inteligente": Meias-calças Leopardo		eventseed	icon_items.gift_box04_tex
16600078	Common	Common	Common	Caixa "inteligente": máscara da coleção.oft toys		eventseed	icon_items.gift_box04_tex
16600079	Common	Common	Common	Caixa "inteligente": fantasia da coleção.oft toys		eventseed	icon_items.gift_box04_tex
16600080	Common	Common	Common	Baú do cavaleiro: Waddles		eventseed	icon_items.gift_box04_tex
16600081	Common	Common	Common	Peito de cavaleiro: Harry Porker		eventseed	icon_items.gift_box04_tex
16600082	Common	Common	Common	Baú do cavaleiro: Chefe		eventseed	icon_items.gift_box04_tex
16600083	Common	Common	Common	Peito de Cavalo: Petúnia		eventseed	icon_items.gift_box04_tex
16600084	Common	Common	Common	Peito do motociclista: Harley		eventseed	icon_items.gift_box04_tex
60010100	Common	Common	Common	Rejuvenation Potion			icon_items.potion1_tex
60020100	Common	Common	Common	Holy Potion of Protection			icon_items.potion2_tex
60020206	Common	Common	Common	Manxome Draught			icon_items.potion2_tex
60030100	Common	Common	Common	Kaia's Binding			icon_items.petrolbomb_tex
60060100	Common	Common	Common	Valkyon Health Potion			icon_items.potion5_tex
60070100	Common	Common	Common	Orbe regeneração de HP I			icon_items.potion1_tex
60080100	Common	Common	Common	Orbe regeneração de MP I			icon_items.potion3_tex
60090100	Common	Common	Common	Orbe regeneração de MP II			icon_items.potion4_tex
60100100	Common	Common	Common	Orbe regeneração de HP II			icon_items.potion2_tex
60110100	Common	Common	Common	Orbe de resistência forte			icon_items.potion4_tex
60110130	Common	Common	Common	Bounty of the Fray		eventseed	icon_items.homonegg5_tex
60120100	Common	Common	Common	Orbe de cura			icon_items.potion6_tex
60120200	Common	Common	Common	Triple Nexus Boon			icon_items.potion2_tex
60120300	Common	Common	Common	Nexus Boon			icon_items.potion2_tex
60130100	Common	Common	Common	Pergaminho de Teleporte: Local Seguro			icon_items.townrecall_tex
60130101	Common	Common	Common	Pergaminho de Teleporte: Tower Base			icon_items.townrecall_tex
60130102	Common	Common	Common	Pergaminho de Teleporte: Lumbertown			icon_items.townrecall_tex
60130103	Common	Common	Common	Pergaminho de Teleporte: Crescentia			icon_items.townrecall_tex
60130104	Common	Common	Common	Pergaminho de Teleporte: Popolion			icon_items.townrecall_tex
60130105	Common	Common	Common	Pergaminho de Teleporte: Pora Elinu			icon_items.townrecall_tex
60130106	Common	Common	Common	Pergaminho de Teleporte: Chebika			icon_items.townrecall_tex
60130107	Common	Common	Common	Pergaminho de Teleporte: Tulufan			icon_items.townrecall_tex
60130108	Common	Common	Common	Pergaminho de Teleporte: Cutthroat Harbor			icon_items.townrecall_tex
60130109	Common	Common	Common	Pergaminho de Teleporte: Castanica			icon_items.townrecall_tex
60130110	Common	Common	Common	Pergaminho de Teleporte: Balderon			icon_items.townrecall_tex
60130111	Common	Common	Common	Pergaminho de Teleporte: Velika			icon_items.cityrecall_tex
60130112	Common	Common	Common	Pergaminho de Teleporte: Frontera			icon_items.townrecall_tex
60130113	Common	Common	Common	Pergaminho de Teleporte: Tria			icon_items.townrecall_tex
60130114	Common	Common	Common	Pergaminho de Teleporte: Tralion			icon_items.townrecall_tex
60130115	Common	Common	Common	Pergaminho de Teleporte: Acarum			icon_items.townrecall_tex
60130116	Common	Common	Common	Pergaminho de Teleporte: Bleakrock			icon_items.townrecall_tex
60130117	Common	Common	Common	Pergaminho de Teleporte: Elenea			icon_items.townrecall_tex
60130118	Common	Common	Common	Pergaminho de Teleporte: Unyielding Bastion			icon_items.townrecall_tex
60130119	Common	Common	Common	Pergaminho de Teleporte: Allemantheia			icon_items.cityrecall_tex
60130120	Common	Common	Common	Pergaminho de Teleporte: Dragonfall			icon_items.townrecall_tex
60130121	Common	Common	Common	Pergaminho de Teleporte: Scythera Fae			icon_items.townrecall_tex
60130125	Common	Common	Common	Pergaminho de Teleporte: Davarn's Refuge			icon_items.townrecall_tex
60130126	Common	Common	Common	Pergaminho de Teleporte: Habere			icon_items.townrecall_tex
60130127	Common	Common	Common	Pergaminho de Teleporte: Kaiator			icon_items.cityrecall_tex
60130128	Common	Common	Common	Pergaminho de Teleporte: Bastion			icon_items.townrecall_tex
60130129	Common	Common	Common	Pergaminho de Teleporte: Kanstria			icon_items.townrecall_tex
60130130	Common	Common	Common	Pergaminho de Teleporte: Pathfinder Post			icon_items.townrecall_tex
60130131	Common	Common	Common	Pergaminho de Teleporte: Zulfikar Fortress			icon_items.townrecall_tex
60130132	Common	Common	Common	Pergaminho de Teleporte: Sirjuka Gallery			icon_items.dungeon_recall_tex
60130133	Common	Common	Common	Pergaminho de Teleporte: Argon Corpus/Manaya's Core			icon_items.dungeon_recall_tex
60130134	Common	Common	Common	Diário de viagem			icon_items.travelbook_village_tex
60130135	Common	Common	Common	Pergaminho de Teleporte: Airship Platform			icon_items.townrecall_tex
60130136	Common	Common	Common	Pergaminho de Teleporte: Highwatch			icon_items.cityrecall_tex
60130150	Common	Common	Common	Pergaminho de Teleporte: Necromancer Tomb			icon_items.dungeon_recall_tex
60130151	Common	Common	Common	Pergaminho de Teleporte: Golden Labyrinth			icon_items.dungeon_recall_tex
60130152	Common	Common	Common	Pergaminho de Teleporte: Bastion of Lok			icon_items.dungeon_recall_tex
60130153	Common	Common	Common	Pergaminho de Teleporte: Sinestral Manor			icon_items.dungeon_recall_tex
60130154	Common	Common	Common	Pergaminho de Teleporte: Cultists' Refuge			icon_items.dungeon_recall_tex
60130155	Common	Common	Common	Pergaminho de Teleporte: Akasha's Hideout			icon_items.dungeon_recall_tex
60130156	Common	Common	Common	Pergaminho de Teleporte: Saleron's Sky Garden			icon_items.dungeon_recall_tex
60130157	Common	Common	Common	Pergaminho de Teleporte: Kelsaik's Nest			icon_items.dungeon_recall_tex
60130158	Common	Common	Common	Pergaminho de Teleporte: Ebon Tower			icon_items.dungeon_recall_tex
60130159	Common	Common	Common	Pergaminho de Teleporte: Labyrinth of Terror			icon_items.dungeon_recall_tex
60130160	Common	Common	Common	Pergaminho de Teleporte: Suryati's Peak			icon_items.dungeon_recall_tex
60130161	Common	Common	Common	Pergaminho de Teleporte: Ascent of Saravash			icon_items.dungeon_recall_tex
60130162	Common	Common	Common	Pergaminho de Teleporte: Sigil Adstringo			icon_items.dungeon_recall_tex
60130163	Common	Common	Common	Pergaminho de Teleporte: Balder's Temple			icon_items.dungeon_recall_tex
60130164	Common	Common	Common	Pergaminho de Teleporte: Fane of Kaprima			icon_items.dungeon_recall_tex
60130165	Common	Common	Common	Pergaminho de Teleporte: Crucible of Flame			icon_items.dungeon_recall_tex
60130170	Common	Common	Common	Pergaminho de Teleporte: Festival do Sol			icon_items.dungeon_recall_tex
60130171	Common	Common	Common	Pergaminho de Teleporte: Festa na Praia			icon_items.dungeon_recall_tex
60130172	Common	Common	Common	Pergaminho de Teleporte: Rootstock			icon_items.dungeon_recall_tex
60130173	Common	Common	Common	Pergaminho de Teleporte: Pond Faire			icon_items.dungeon_recall_tex
60130174	Common	Common	Common	Pergaminho de Teleporte: Bamarama			icon_items.dungeon_recall_tex
60130176	Common	Common	Common	Pergaminho de Teleporte: Shattered Fleet			icon_items.dungeon_recall_tex
60130177	Common	Common	Common	Pergaminho de Teleporte: Channelworks			icon_items.dungeon_recall_tex
60130178	Common	Common	Common	Pergaminho de Teleporte: Wonderholme			icon_items.dungeon_recall_tex
60130179	Common	Common	Common	Pergaminho de Teleporte: Kezzel's Gorge			icon_items.dungeon_recall_tex
60130180	Common	Common	Common	Pergaminho de Teleporte: The Abscess			icon_items.dungeon_recall_tex
60130181	Common	Common	Common	Pergaminho de Teleporte: Rift's Edge			icon_items.dungeon_recall_tex
60130182	Common	Common	Common	Pergaminho de Teleporte: Lakan's Prison			icon_items.dungeon_recall_tex
60130183	Common	Common	Common	Pergaminho de Teleporte: Ghillieglade			icon_items.dungeon_recall_tex
60130184	Common	Common	Common	Pergaminho de Teleporte: Sabex Armory			icon_items.dungeon_recall_tex
60130185	Common	Common	Common	Pergaminho de Teleporte: Ravenous Gorge			icon_items.dungeon_recall_tex
60130186	Common	Common	Common	Pergaminho de Teleporte: Macellarius Catacombs			icon_items.dungeon_recall_tex
60130187	Common	Common	Common	Pergaminho de Teleporte: Bathysmal Rise			icon_items.dungeon_recall_tex
60130190	Common	Common	Common	Self-Confidence			icon_items.portion_underwear1_tex
60130191	Common	Common	Common	False Modesty			icon_items.portion_underwear1_tex
60130194	Common	Common	Common	Poção de velamento			icon_items.potion18_tex
60131100	Common	Common	Common	Veteran Instance Reset Scroll			icon_items.dungeonresetscroll_tex
60131110	Common	Common	Common	Complete Veteran Crystalbind			icon_items.weapon_scrolla12_tex
60131120	Common	Common	Common	Valsekyr Crafter's Scroll			icon_items.scroll_produce_speedup_tex
60131121	Common	Common	Common	Dedicated Crafter's Scroll			icon_items.scroll_produce_speedup_tex
60131130	Common	Common	Common	Valsekyr Gatherer's Scroll			icon_items.scroll_collection_expup_tex
60131140	Common	Common	Common	Battle-Touched Scroll			icon_items.scroll_seren_blessing_tex
60131150	Common	Common	Common	Gatherfaster Scroll			icon_items.scroll_collect_speedup_tex
60140100	Common	Common	Common	Poção de velocidade			icon_items.potion6_tex
60150100	Common	Common	Common	Lenha			icon_items.q_torch_tex
60160100	Common	Common	Common	Campfire [Fogueira]			icon_items.campfire_tex
60160110	Common	Common	Common	Santa Candle			icon_items.christmastree_tex
60160111	Common	Common	Common	Fogueira apressada			icon_items.campfire02_tex
60160112	Common	Common	Common	Fogueira encantadora			icon_items.campfire03_tex
60193023	Common	Common	Common	Anniversary Gift		eventseed	icon_items.gift_box03_tex
60193024	Common	Common	Common	Anniversary Gift		eventseed	icon_items.gift_box03_tex
60193025	Common	Common	Common	Tossed Explosive for Skill Testing			icon_items.petrolbomb_tex
60193026	Common	Common	Common	Pig Pheromone			icon_equipments.acc_025a_tex
60193027	Common	Common	Common	Drum Beat			icon_equipments.acc_025a_tex
60220100	Common	Common	Common	Healing Potion I			icon_items.hp_potion_level_1_tex
60220101	Common	Common	Common	Healing Potion II			icon_items.hp_potion_level_9_tex
60220102	Common	Common	Common	Healing Potion III			icon_items.hp_potion_level_17_tex
60220103	Common	Common	Common	Healing Potion IV			icon_items.hp_potion_level_25_tex
60220104	Common	Common	Common	Healing Potion V			icon_items.hp_potion_level_33_tex
60220105	Common	Common	Common	Healing Potion VI			icon_items.hp_potion_level_41_tex
60220106	Common	Common	Common	Healing Potion VII			icon_items.hp_potion_level_49_tex
60220107	Common	Common	Common	Healing Potion VIII			icon_items.hp_potion_level_57_tex
60220108	Common	Common	Common	Healing Potion IX			icon_items.hp_potion_level_60_tex
60220109	Common	Common	Common	Healing Potion X			icon_items.hp_potion_level_65_tex
60220150	Common	Common	Common	Major Healing Potion I			icon_items.hp_potion_level_1_tex
60220151	Common	Common	Common	Major Healing Potion II			icon_items.hp_potion_level_9_tex
60220152	Common	Common	Common	Major Healing Potion III			icon_items.hp_potion_level_17_tex
60220153	Common	Common	Common	Major Healing Potion IV			icon_items.hp_potion_level_25_tex
60220154	Common	Common	Common	Major Healing Potion V			icon_items.hp_potion_level_33_tex
60220155	Common	Common	Common	Major Healing Potion VI			icon_items.hp_potion_level_41_tex
60220156	Common	Common	Common	Major Healing Potion VII			icon_items.hp_potion_level_49_tex
60220157	Common	Common	Common	Major Healing Potion VIII			icon_items.hp_potion_level_57_tex
60220200	Common	Common	Common	Mana Potion I			icon_items.mp_potion_level_1_tex
60220201	Common	Common	Common	Mana Potion II			icon_items.mp_potion_level_9_tex
60220202	Common	Common	Common	Mana Potion III			icon_items.mp_potion_level_17_tex
60220203	Common	Common	Common	Mana Potion IV			icon_items.mp_potion_level_25_tex
60220204	Common	Common	Common	Mana Potion V			icon_items.mp_potion_level_33_tex
60220205	Common	Common	Common	Mana Potion VI			icon_items.mp_potion_level_41_tex
60220206	Common	Common	Common	Mana Potion VII			icon_items.mp_potion_level_49_tex
60220207	Common	Common	Common	Mana Potion VIII			icon_items.mp_potion_level_57_tex
60220208	Common	Common	Common	Mana Potion IX			icon_items.mp_potion_level_60_tex
60220209	Common	Common	Common	Mana Potion X			icon_items.mp_potion_level_65_tex
60220250	Common	Common	Common	Major Mana Potion I			icon_items.mp_potion_level_1_tex
60220251	Common	Common	Common	Major Mana Potion II			icon_items.mp_potion_level_9_tex
60220252	Common	Common	Common	Expedition Mana Potion			icon_items.mp_potion_level_17_tex
60220253	Common	Common	Common	Major Mana Potion IV			icon_items.mp_potion_level_25_tex
60220254	Common	Common	Common	Major Mana Potion V			icon_items.mp_potion_level_33_tex
60220255	Common	Common	Common	Major Mana Potion VI			icon_items.mp_potion_level_41_tex
60220256	Common	Common	Common	Major Mana Potion VII			icon_items.mp_potion_level_49_tex
60220257	Common	Common	Common	Major Mana Potion VIII			icon_items.mp_potion_level_57_tex
60220300	Common	Common	Common	Holism Potion I			icon_items.hmp_potion_level_1_tex
60220301	Common	Common	Common	Holism Potion II			icon_items.hmp_potion_level_9_tex
60220302	Common	Common	Common	Holism Potion III			icon_items.hmp_potion_level_17_tex
60220303	Common	Common	Common	Holism Potion IV			icon_items.hmp_potion_level_25_tex
60220304	Common	Common	Common	Holism Potion V			icon_items.hmp_potion_level_33_tex
60220305	Common	Common	Common	Holism Potion VI			icon_items.hmp_potion_level_41_tex
60220306	Common	Common	Common	Holism Potion VII			icon_items.hmp_potion_level_49_tex
60220307	Common	Common	Common	Holism Potion VIII			icon_items.hmp_potion_level_57_tex
60220350	Common	Common	Common	Major Holism Potion I			icon_items.hmp_potion_level_1_tex
60220351	Common	Common	Common	Major Holism Potion II			icon_items.hmp_potion_level_9_tex
60220352	Common	Common	Common	Major Holism Potion III			icon_items.hmp_potion_level_17_tex
60220353	Common	Common	Common	Major Holism Potion IV			icon_items.hmp_potion_level_25_tex
60220354	Common	Common	Common	Major Holism Potion V			icon_items.hmp_potion_level_33_tex
60220355	Common	Common	Common	Major Holism Potion VI			icon_items.hmp_potion_level_41_tex
60220356	Common	Common	Common	Major Holism Potion VII			icon_items.hmp_potion_level_49_tex
60220357	Common	Common	Common	Major Holism Potion VIII			icon_items.hmp_potion_level_57_tex
60220400	Common	Common	Common	Healing Elixir I			icon_items.hp_durable_potion_level_1_tex
60220401	Common	Common	Common	Healing Elixir II			icon_items.hp_durable_potion_level_9_tex
60220402	Common	Common	Common	Healing Elixir III			icon_items.hp_durable_potion_level_17_tex
60220403	Common	Common	Common	Healing Elixir IV			icon_items.hp_durable_potion_level_25_tex
60220404	Common	Common	Common	Healing Elixir V			icon_items.hp_durable_potion_level_33_tex
60220405	Common	Common	Common	Healing Elixir VI			icon_items.hp_durable_potion_level_41_tex
60220406	Common	Common	Common	Healing Elixir VII			icon_items.hp_durable_potion_level_49_tex
60220407	Common	Common	Common	Healing Elixir VIII			icon_items.hp_durable_potion_level_57_tex
60220408	Common	Common	Common	Healing Elixir IX			icon_items.hp_durable_potion_level_60_tex
60220409	Common	Common	Common	Healing Elixir X			icon_items.hp_durable_potion_level_65_tex
60220450	Common	Common	Common	Major Healing Elixir I			icon_items.hp_durable_potion_level_1_tex
60220451	Common	Common	Common	Major Healing Elixir II			icon_items.hp_durable_potion_level_9_tex
60220452	Common	Common	Common	Expedition Healing Potion			icon_items.hp_durable_potion_level_17_tex
60220453	Common	Common	Common	Major Healing Elixir IV			icon_items.hp_durable_potion_level_25_tex
60220454	Common	Common	Common	Major Healing Elixir V			icon_items.hp_durable_potion_level_33_tex
60220455	Common	Common	Common	Major Healing Elixir VI			icon_items.hp_durable_potion_level_41_tex
60220456	Common	Common	Common	Major Healing Elixir VII			icon_items.hp_durable_potion_level_49_tex
60220457	Common	Common	Common	Major Healing Elixir VIII			icon_items.hp_durable_potion_level_57_tex
60220500	Common	Common	Common	Mana Elixir I			icon_items.mp_durable_potion_level_1_tex
60220501	Common	Common	Common	Mana Elixir II			icon_items.mp_durable_potion_level_9_tex
60220502	Common	Common	Common	Mana Elixir III			icon_items.mp_durable_potion_level_17_tex
60220503	Common	Common	Common	Mana Elixir IV			icon_items.mp_durable_potion_level_25_tex
60220504	Common	Common	Common	Mana Elixir V			icon_items.mp_durable_potion_level_33_tex
60220505	Common	Common	Common	Mana Elixir VI			icon_items.mp_durable_potion_level_41_tex
60220506	Common	Common	Common	Mana Elixir VII			icon_items.mp_durable_potion_level_49_tex
60220507	Common	Common	Common	Mana Elixir VIII			icon_items.mp_durable_potion_level_57_tex
60220508	Common	Common	Common	Mana Elixir IX			icon_items.mp_durable_potion_level_60_tex
60220509	Common	Common	Common	Mana Elixir X			icon_items.mp_durable_potion_level_65_tex
60220550	Common	Common	Common	Major Mana Elixir I			icon_items.mp_durable_potion_level_1_tex
60220551	Common	Common	Common	Major Mana Elixir II			icon_items.mp_durable_potion_level_9_tex
60220552	Common	Common	Common	Major Mana Elixir III			icon_items.mp_durable_potion_level_17_tex
60220553	Common	Common	Common	Major Mana Elixir IV			icon_items.mp_durable_potion_level_25_tex
60220554	Common	Common	Common	Major Mana Elixir V			icon_items.mp_durable_potion_level_33_tex
60220555	Common	Common	Common	Major Mana Elixir VI			icon_items.mp_durable_potion_level_41_tex
60220556	Common	Common	Common	Major Mana Elixir VII			icon_items.mp_durable_potion_level_49_tex
60220557	Common	Common	Common	Major Mana Elixir VIII			icon_items.mp_durable_potion_level_57_tex
60220600	Common	Common	Common	Holism Elixir I			icon_items.hmp_durable_potion_level_1_tex
60220601	Common	Common	Common	Holism Elixir II			icon_items.hmp_durable_potion_level_9_tex
60220602	Common	Common	Common	Holism Elixir III			icon_items.hmp_durable_potion_level_17_tex
60220603	Common	Common	Common	Holism Elixir IV			icon_items.hmp_durable_potion_level_25_tex
60220604	Common	Common	Common	Holism Elixir V			icon_items.hmp_durable_potion_level_33_tex
60220605	Common	Common	Common	Holism Elixir VI			icon_items.hmp_durable_potion_level_41_tex
60220606	Common	Common	Common	Holism Elixir VII			icon_items.hmp_durable_potion_level_49_tex
60220607	Common	Common	Common	Holism Elixir VIII			icon_items.hmp_durable_potion_level_57_tex
60220650	Common	Common	Common	Major Holism Elixir I			icon_items.hmp_durable_potion_level_1_tex
60220651	Common	Common	Common	Major Holism Elixir II			icon_items.hmp_durable_potion_level_9_tex
60220652	Common	Common	Common	Major Holism Elixir III			icon_items.hmp_durable_potion_level_17_tex
60220653	Common	Common	Common	Major Holism Elixir IV			icon_items.hmp_durable_potion_level_25_tex
60220654	Common	Common	Common	Major Holism Elixir V			icon_items.hmp_durable_potion_level_33_tex
60220655	Common	Common	Common	Major Holism Elixir VI			icon_items.hmp_durable_potion_level_41_tex
60220656	Common	Common	Common	Major Holism Elixir VII			icon_items.hmp_durable_potion_level_49_tex
60220657	Common	Common	Common	Major Holism Elixir VIII			icon_items.hmp_durable_potion_level_57_tex
60221100	Common	Common	Common	Healing Draught I			icon_items.hp_drug_level_1_tex
60221101	Common	Common	Common	Healing Draught II			icon_items.hp_drug_level_9_tex
60221102	Common	Common	Common	Healing Draught III			icon_items.hp_drug_level_17_tex
60221103	Common	Common	Common	Healing Draught IV			icon_items.hp_drug_level_25_tex
60221104	Common	Common	Common	Healing Draught V			icon_items.hp_drug_level_33_tex
60221105	Common	Common	Common	Healing Draught VI			icon_items.hp_drug_level_41_tex
60221106	Common	Common	Common	Healing Draught VII			icon_items.hp_drug_level_49_tex
60221107	Common	Common	Common	Healing Draught VIII			icon_items.hp_drug_level_57_tex
60221108	Common	Common	Common	Healing Draught IX			icon_items.hp_drug_level_60_tex
60221109	Common	Common	Common	Healing Draught X			icon_items.hp_drug_level_65_tex
60221150	Common	Common	Common	Major Healing Draught I			icon_items.hp_drug_level_1_tex
60221151	Common	Common	Common	Major Healing Draught II			icon_items.hp_drug_level_9_tex
60221152	Common	Common	Common	Major Healing Draught III			icon_items.hp_drug_level_17_tex
60221153	Common	Common	Common	Major Healing Draught IV			icon_items.hp_drug_level_25_tex
60221154	Common	Common	Common	Major Healing Draught V			icon_items.hp_drug_level_33_tex
60221155	Common	Common	Common	Major Healing Draught VI			icon_items.hp_drug_level_41_tex
60221156	Common	Common	Common	Major Healing Draught VII			icon_items.hp_drug_level_49_tex
60221157	Common	Common	Common	Major Healing Draught VIII			icon_items.hp_drug_level_57_tex
60221200	Common	Common	Common	Mana Draught I			icon_items.mp_drug_level_1_tex
60221201	Common	Common	Common	Mana Draught II			icon_items.mp_drug_level_9_tex
60221202	Common	Common	Common	Mana Draught III			icon_items.mp_drug_level_17_tex
60221203	Common	Common	Common	Mana Draught IV			icon_items.mp_drug_level_25_tex
60221204	Common	Common	Common	Mana Draught V			icon_items.mp_drug_level_33_tex
60221205	Common	Common	Common	Mana Draught VI			icon_items.mp_drug_level_41_tex
60221206	Common	Common	Common	Mana Draught VII			icon_items.mp_drug_level_49_tex
60221207	Common	Common	Common	Mana Draught VIII			icon_items.mp_drug_level_57_tex
60221208	Common	Common	Common	Mana Draught IX			icon_items.mp_drug_level_60_tex
60221209	Common	Common	Common	Mana Draught X			icon_items.mp_drug_level_65_tex
60221250	Common	Common	Common	Major Mana Draught I			icon_items.mp_drug_level_1_tex
60221251	Common	Common	Common	Major Mana Draught II			icon_items.mp_drug_level_9_tex
60221252	Common	Common	Common	Major Mana Draught III			icon_items.mp_drug_level_17_tex
60221253	Common	Common	Common	Major Mana Draught IV			icon_items.mp_drug_level_25_tex
60221254	Common	Common	Common	Major Mana Draught V			icon_items.mp_drug_level_33_tex
60221255	Common	Common	Common	Major Mana Draught VI			icon_items.mp_drug_level_41_tex
60221256	Common	Common	Common	Major Mana Draught VII			icon_items.mp_drug_level_49_tex
60221257	Common	Common	Common	Major Mana Draught VIII			icon_items.mp_drug_level_57_tex
60221300	Common	Common	Common	Holism Draught I			icon_items.hmp_drug_level_1_tex
60221301	Common	Common	Common	Holism Draught II			icon_items.hmp_drug_level_9_tex
60221302	Common	Common	Common	Holism Draught III			icon_items.hmp_drug_level_17_tex
60221303	Common	Common	Common	Holism Draught IV			icon_items.hmp_drug_level_25_tex
60221304	Common	Common	Common	Holism Draught V			icon_items.hmp_drug_level_33_tex
60221305	Common	Common	Common	Holism Draught VI			icon_items.hmp_drug_level_41_tex
60221306	Common	Common	Common	Holism Draught VII			icon_items.hmp_drug_level_49_tex
60221307	Common	Common	Common	Holism Draught VIII			icon_items.hmp_drug_level_57_tex
60221350	Common	Common	Common	Major Holism Draught I			icon_items.hmp_drug_level_1_tex
60221351	Common	Common	Common	Major Holism Draught II			icon_items.hmp_drug_level_9_tex
60221352	Common	Common	Common	Major Holism Draught III			icon_items.hmp_drug_level_17_tex
60221353	Common	Common	Common	Major Holism Draught IV			icon_items.hmp_drug_level_25_tex
60221354	Common	Common	Common	Major Holism Draught V			icon_items.hmp_drug_level_33_tex
60221355	Common	Common	Common	Major Holism Draught VI			icon_items.hmp_drug_level_41_tex
60221356	Common	Common	Common	Major Holism Draught VII			icon_items.hmp_drug_level_49_tex
60221357	Common	Common	Common	Major Holism Draught VIII			icon_items.hmp_drug_level_57_tex
60221400	Common	Common	Common	Health Restorative I			icon_items.hp_durable_drug_level_1_tex
60221401	Common	Common	Common	Health Restorative II			icon_items.hp_durable_drug_level_9_tex
60221402	Common	Common	Common	Health Restorative III			icon_items.hp_durable_drug_level_17_tex
60221403	Common	Common	Common	Health Restorative IV			icon_items.hp_durable_drug_level_25_tex
60221404	Common	Common	Common	Health Restorative V			icon_items.hp_durable_drug_level_33_tex
60221405	Common	Common	Common	Health Restorative VI			icon_items.hp_durable_drug_level_41_tex
60221406	Common	Common	Common	Health Restorative VII			icon_items.hp_durable_drug_level_49_tex
60221407	Common	Common	Common	Health Restorative VIII			icon_items.hp_durable_drug_level_57_tex
60221408	Common	Common	Common	Health Restorative IX			icon_items.hp_durable_drug_level_60_tex
60221409	Common	Common	Common	Health Restorative X			icon_items.hp_durable_drug_level_60_tex
60221450	Common	Common	Common	Major Health Restorative I			icon_items.hp_durable_drug_level_1_tex
60221451	Common	Common	Common	Major Health Restorative II			icon_items.hp_durable_drug_level_9_tex
60221452	Common	Common	Common	Major Health Restorative III			icon_items.hp_durable_drug_level_17_tex
60221453	Common	Common	Common	Major Health Restorative IV			icon_items.hp_durable_drug_level_25_tex
60221454	Common	Common	Common	Major Health Restorative V			icon_items.hp_durable_drug_level_33_tex
60221455	Common	Common	Common	Major Health Restorative VI			icon_items.hp_durable_drug_level_41_tex
60221456	Common	Common	Common	Major Health Restorative VII			icon_items.hp_durable_drug_level_49_tex
60221457	Common	Common	Common	Major Health Restorative VIII			icon_items.hp_durable_drug_level_57_tex
60221500	Common	Common	Common	Mana Restorative I			icon_items.mp_durable_drug_level_1_tex
60221501	Common	Common	Common	Mana Restorative II			icon_items.mp_durable_drug_level_9_tex
60221502	Common	Common	Common	Mana Restorative III			icon_items.mp_durable_drug_level_17_tex
60221503	Common	Common	Common	Mana Restorative IV			icon_items.mp_durable_drug_level_25_tex
60221504	Common	Common	Common	Mana Restorative V			icon_items.mp_durable_drug_level_33_tex
60221505	Common	Common	Common	Mana Restorative VI			icon_items.mp_durable_drug_level_41_tex
60221506	Common	Common	Common	Mana Restorative VII			icon_items.mp_durable_drug_level_49_tex
60221507	Common	Common	Common	Mana Restorative VIII			icon_items.mp_durable_drug_level_57_tex
60221508	Common	Common	Common	Mana Restorative IX			icon_items.mp_durable_drug_level_60_tex
60221509	Common	Common	Common	Mana Restorative X			icon_items.mp_durable_drug_level_60_tex
60221550	Common	Common	Common	Major Mana Restorative I			icon_items.mp_durable_drug_level_1_tex
60221551	Common	Common	Common	Major Mana Restorative II			icon_items.mp_durable_drug_level_9_tex
60221552	Common	Common	Common	Major Mana Restorative III			icon_items.mp_durable_drug_level_17_tex
60221553	Common	Common	Common	Major Mana Restorative IV			icon_items.mp_durable_drug_level_25_tex
60221554	Common	Common	Common	Major Mana Restorative V			icon_items.mp_durable_drug_level_33_tex
60221555	Common	Common	Common	Major Mana Restorative VI			icon_items.mp_durable_drug_level_41_tex
60221556	Common	Common	Common	Major Mana Restorative VII			icon_items.mp_durable_drug_level_49_tex
60221557	Common	Common	Common	Major Mana Restorative VIII			icon_items.mp_durable_drug_level_57_tex
60221600	Common	Common	Common	Holism Restorative I			icon_items.hmp_durable_drug_level_1_tex
60221601	Common	Common	Common	Holism Restorative II			icon_items.hmp_durable_drug_level_9_tex
60221602	Common	Common	Common	Holism Restorative III			icon_items.hmp_durable_drug_level_17_tex
60221603	Common	Common	Common	Holism Restorative IV			icon_items.hmp_durable_drug_level_25_tex
60221604	Common	Common	Common	Holism Restorative V			icon_items.hmp_durable_drug_level_33_tex
60221605	Common	Common	Common	Holism Restorative VI			icon_items.hmp_durable_drug_level_41_tex
60221606	Common	Common	Common	Holism Restorative VII			icon_items.hmp_durable_drug_level_49_tex
60221607	Common	Common	Common	Holism Restorative VIII			icon_items.hmp_durable_drug_level_57_tex
60221650	Common	Common	Common	Major Holism Restorative I			icon_items.hmp_durable_drug_level_1_tex
60221651	Common	Common	Common	Major Holism Restorative II			icon_items.hmp_durable_drug_level_9_tex
60221652	Common	Common	Common	Major Holism Restorative III			icon_items.hmp_durable_drug_level_17_tex
60221653	Common	Common	Common	Major Holism Restorative IV			icon_items.hmp_durable_drug_level_25_tex
60221654	Common	Common	Common	Major Holism Restorative V			icon_items.hmp_durable_drug_level_33_tex
60221655	Common	Common	Common	Major Holism Restorative VI			icon_items.hmp_durable_drug_level_41_tex
60221656	Common	Common	Common	Major Holism Restorative VII			icon_items.hmp_durable_drug_level_49_tex
60221657	Common	Common	Common	Major Holism Restorative VIII			icon_items.hmp_durable_drug_level_57_tex
60221700	Common	Common	Common	Innervation Elixir			icon_items.potion21_tex
60221750	Common	Common	Common	Crystalbind			icon_items.weapon_scrolla12_tex
60221800	Common	Common	Common	Transference Serum			icon_items.potion13_tex
60221900	Common	Common	Common	Fine Game Hunter's Boon			icon_items.potion2_tex
60225100	Common	Common	Common	Onslaught Scroll of Carving I			icon_items.scroll_cri_rate_level_1_tex
60225101	Common	Common	Common	Onslaught Scroll of Carving II			icon_items.scroll_cri_rate_level_23_tex
60225102	Common	Common	Common	Onslaught Scroll of Carving III			icon_items.scroll_cri_rate_level_35_tex
60225103	Common	Common	Common	Onslaught Scroll of Carving IV			icon_items.scroll_cri_rate_level_47_tex
60225104	Common	Common	Common	Onslaught Scroll of Carving V			icon_items.scroll_cri_rate_level_59_tex
60225105	Common	Common	Common	Onslaught Scroll of Carving VI			icon_items.scroll_cri_rate_level_60_tex
60225106	Common	Common	Common	Onslaught Scroll of Carving VII			icon_items.scroll_cri_rate_level_65_tex
60225200	Common	Common	Common	Onslaught Scroll of Savagery I			icon_items.scroll_cri_power_level_1_tex
60225201	Common	Common	Common	Onslaught Scroll of Savagery II			icon_items.scroll_cri_power_level_23_tex
60225202	Common	Common	Common	Onslaught Scroll of Savagery III			icon_items.scroll_cri_power_level_35_tex
60225203	Common	Common	Common	Onslaught Scroll of Savagery IV			icon_items.scroll_cri_power_level_47_tex
60225204	Common	Common	Common	Onslaught Scroll of Savagery V			icon_items.scroll_cri_power_level_59_tex
60225205	Common	Common	Common	Onslaught Scroll of Savagery VI			icon_items.scroll_cri_power_level_60_tex
60225206	Common	Common	Common	Onslaught Scroll of Savagery VII			icon_items.scroll_cri_power_level_65_tex
60225300	Common	Common	Common	Onslaught Scroll of Impact I			icon_items.scroll_impact_power_level_1_tex
60225301	Common	Common	Common	Onslaught Scroll of Impact II			icon_items.scroll_impact_power_level_23_tex
60225302	Common	Common	Common	Onslaught Scroll of Impact III			icon_items.scroll_impact_power_level_35_tex
60225303	Common	Common	Common	Onslaught Scroll of Impact IV			icon_items.scroll_impact_power_level_47_tex
60225304	Common	Common	Common	Onslaught Scroll of Impact V			icon_items.scroll_impact_power_level_59_tex
60225400	Common	Common	Common	Onslaught Scroll of Swiftness I			icon_items.scroll_atk_speed_level_1_tex
60225401	Common	Common	Common	Onslaught Scroll of Swiftness II			icon_items.scroll_atk_speed_level_23_tex
60225402	Common	Common	Common	Onslaught Scroll of Swiftness III			icon_items.scroll_atk_speed_level_35_tex
60225403	Common	Common	Common	Onslaught Scroll of Swiftness IV			icon_items.scroll_atk_speed_level_47_tex
60225404	Common	Common	Common	Onslaught Scroll of Swiftness V			icon_items.scroll_atk_speed_level_59_tex
60225405	Common	Common	Common	Onslaught Scroll of Swiftness VI			icon_items.scroll_atk_speed_level_60_tex
60225406	Common	Common	Common	Onslaught Scroll of Swiftness VII			icon_items.scroll_atk_speed_level_60_tex
60225500	Common	Common	Common	Fleetfoot Scroll I			icon_items.scroll_move_speed_level_1_tex
60225501	Common	Common	Common	Fleetfoot Scroll II			icon_items.scroll_move_speed_level_23_tex
60225502	Common	Common	Common	Fleetfoot Scroll III			icon_items.scroll_move_speed_level_35_tex
60225503	Common	Common	Common	Fleetfoot Scroll IV			icon_items.scroll_move_speed_level_47_tex
60225504	Common	Common	Common	Fleetfoot Scroll V			icon_items.scroll_move_speed_level_59_tex
60225600	Common	Common	Common	Warding Scroll I			icon_items.scroll_def_protect_level_1_tex
60225601	Common	Common	Common	Warding Scroll II			icon_items.scroll_def_protect_level_23_tex
60225602	Common	Common	Common	Warding Scroll III			icon_items.scroll_def_protect_level_35_tex
60225603	Common	Common	Common	Warding Scroll IV			icon_items.scroll_def_protect_level_47_tex
60225604	Common	Common	Common	Warding Scroll V			icon_items.scroll_def_protect_level_59_tex
60225605	Common	Common	Common	Warding Scroll VI			icon_items.scroll_def_protect_level_60_tex
60225606	Common	Common	Common	Warding Scroll VII			icon_items.scroll_def_protect_level_65_tex
60225700	Common	Common	Common	Curative Scroll I			icon_items.scroll_debuff_protect_level_1_tex
60225701	Common	Common	Common	Curative Scroll II			icon_items.scroll_debuff_protect_level_23_tex
60225702	Common	Common	Common	Curative Scroll III			icon_items.scroll_debuff_protect_level_35_tex
60225703	Common	Common	Common	Curative Scroll IV			icon_items.scroll_debuff_protect_level_47_tex
60225704	Common	Common	Common	Curative Scroll V			icon_items.scroll_debuff_protect_level_59_tex
60225750	Common	Common	Common	Curative Burst I			icon_items.scroll_debuff_protect_level_1_tex
60225751	Common	Common	Common	Curative Burst II			icon_items.scroll_debuff_protect_level_23_tex
60225752	Common	Common	Common	Curative Burst III			icon_items.scroll_debuff_protect_level_35_tex
60225753	Common	Common	Common	Curative Burst IV			icon_items.scroll_debuff_protect_level_47_tex
60225754	Common	Common	Common	Curative Burst V			icon_items.scroll_debuff_protect_level_59_tex
60225800	Common	Common	Common	Caduceus Scroll I			icon_items.scroll_dot_protect_level_1_tex
60225801	Common	Common	Common	Caduceus Scroll II			icon_items.scroll_dot_protect_level_23_tex
60225802	Common	Common	Common	Caduceus Scroll III			icon_items.scroll_dot_protect_level_35_tex
60225803	Common	Common	Common	Caduceus Scroll IV			icon_items.scroll_dot_protect_level_47_tex
60225804	Common	Common	Common	Caduceus Scroll V			icon_items.scroll_dot_protect_level_59_tex
60225850	Common	Common	Common	Caduceus Burst I			icon_items.scroll_dot_protect_level_1_tex
60225851	Common	Common	Common	Caduceus Burst II			icon_items.scroll_dot_protect_level_23_tex
60225852	Common	Common	Common	Caduceus Burst III			icon_items.scroll_dot_protect_level_35_tex
60225853	Common	Common	Common	Caduceus Burst IV			icon_items.scroll_dot_protect_level_47_tex
60225854	Common	Common	Common	Caduceus Burst V			icon_items.scroll_dot_protect_level_59_tex
60225900	Common	Common	Common	Scroll of Tenacity I			icon_items.scroll_sleep_protect_level_1_tex
60225901	Common	Common	Common	Scroll of Tenacity II			icon_items.scroll_sleep_protect_level_23_tex
60225902	Common	Common	Common	Scroll of Tenacity III			icon_items.scroll_sleep_protect_level_35_tex
60225903	Common	Common	Common	Scroll of Tenacity IV			icon_items.scroll_sleep_protect_level_47_tex
60225904	Common	Common	Common	Scroll of Tenacity V			icon_items.scroll_sleep_protect_level_59_tex
60225950	Common	Common	Common	Burst of Tenacity I			icon_items.scroll_sleep_protect_level_1_tex
60225951	Common	Common	Common	Burst of Tenacity II			icon_items.scroll_sleep_protect_level_23_tex
60225952	Common	Common	Common	Burst of Tenacity III			icon_items.scroll_sleep_protect_level_35_tex
60225953	Common	Common	Common	Burst of Tenacity IV			icon_items.scroll_sleep_protect_level_47_tex
60225954	Common	Common	Common	Burst of Tenacity V			icon_items.scroll_sleep_protect_level_59_tex
60226000	Common	Common	Common	Scroll of Dash I			icon_items.scroll_run_speed_level_1_tex
60226001	Common	Common	Common	Scroll of Dash II			icon_items.scroll_run_speed_level_31_tex
60226002	Common	Common	Common	Scroll of Dash III			icon_items.scroll_run_speed_level_51_tex
60226100	Common	Common	Common	Heart Potion I			icon_items.scroll_heal_powerup_level_1_tex
60226101	Common	Common	Common	Heart Potion II			icon_items.scroll_heal_powerup_level_31_tex
60226102	Common	Common	Common	Heart Potion III			icon_items.scroll_heal_powerup_level_51_tex
60226200	Common	Common	Common	Unfocusing Bomb			icon_items.cancel_lockon_potion_level_51_tex
60226300	Common	Common	Common	Bramblefoot Bomb			icon_items.cancel_evade_potion_level_51_tex
60226400	Common	Common	Common	Eclipse Potion I			icon_items.decrease_aggro_potion_level_1_tex
60226401	Common	Common	Common	Eclipse Potion II			icon_items.decrease_aggro_potion_level_23_tex
60226402	Common	Common	Common	Eclipse Potion III			icon_items.decrease_aggro_potion_level_35_tex
60226403	Common	Common	Common	Eclipse Potion IV			icon_items.decrease_aggro_potion_level_47_tex
60226404	Common	Common	Common	Eclipse Potion V			icon_items.decrease_aggro_potion_level_59_tex
60226500	Common	Common	Common	Panaceaic Bolster I			icon_items.condition_safe_potion_level_11_tex
60226501	Common	Common	Common	Panaceaic Bolster II			icon_items.condition_safe_potion_level_31_tex
60226502	Common	Common	Common	Panaceaic Bolster III			icon_items.condition_safe_potion_level_51_tex
60226600	Common	Common	Common	Ranger's Nostrum I			icon_items.eagles_potion_level_1_tex
60226601	Common	Common	Common	Ranger's Nostrum II			icon_items.eagles_potion_level_23_tex
60226602	Common	Common	Common	Ranger's Nostrum III			icon_items.eagles_potion_level_35_tex
60226603	Common	Common	Common	Ranger's Nostrum IV			icon_items.eagles_potion_level_47_tex
60226604	Common	Common	Common	Ranger's Nostrum V			icon_items.eagles_potion_level_59_tex
60226605	Common	Common	Common	Ranger's Nostrum VI			icon_items.eagles_potion_level_60_tex
60226606	Common	Common	Common	Jacque Fresco's Riddle			new_icons_skills.zagadka
60226700	Common	Common	Common	Nostrum of Energy I			icon_items.lions_potion_level_1_tex
60226701	Common	Common	Common	Nostrum of Energy II			icon_items.lions_potion_level_23_tex
60226702	Common	Common	Common	Nostrum of Energy III			icon_items.lions_potion_level_35_tex
60226703	Common	Common	Common	Nostrum of Energy IV			icon_items.lions_potion_level_47_tex
60226704	Common	Common	Common	Nostrum of Energy V			icon_items.lions_potion_level_59_tex
60226705	Common	Common	Common	Nostrum of Energy VI			icon_items.lions_potion_level_60_tex
60226800	Common	Common	Common	Heaven's Elixir			icon_items.drug_all_stats_up_tex
60240200	Common	Common	Common	Onslaught Charm I			icon_items.mysterypaper1_tex
60240300	Common	Common	Common	Onslaught Charm II			icon_items.mysterypaper2_tex
60240400	Common	Common	Common	Onslaught Charm III			icon_items.mysterypaper3_tex
60240500	Common	Common	Common	Onslaught Charm IV			icon_items.mysterypaper4_tex
60240600	Common	Common	Common	Ethereal Charm I			icon_items.magicalpaper1_tex
60240700	Common	Common	Common	Ethereal Charm II			icon_items.magicalpaper2_tex
60240800	Common	Common	Common	Ethereal Charm III			icon_items.magicalpaper3_tex
60240900	Common	Common	Common	Ethereal Charm IV			icon_items.magicalpaper4_tex
60241000	Common	Common	Common	Sanguine Charm I			icon_items.abnormalpaper1_tex
60241100	Common	Common	Common	Sanguine Charm II			icon_items.abnormalpaper2_tex
60241200	Common	Common	Common	Sanguine Charm III			icon_items.abnormalpaper3_tex
60241300	Common	Common	Common	Sanguine Charm IV			icon_items.abnormalpaper4_tex
60241400	Common	Common	Common	Amuleto de Ataque maior (vinculado)			icon_items.shine_mysterypaper1_tex
60241500	Common	Common	Common	Amuleto de Defesa maior (vinculado)			icon_items.shine_mysterypaper2_tex
60241600	Common	Common	Common	Amuleto de Auxílio maior (vinculado)			icon_items.shine_mysterypaper3_tex
60245100	Common	Common	Common	Power Charm			icon_items.rare_mysterypaper1_tex
60245110	Common	Common	Common	Keen Charm			icon_items.rare_mysterypaper1_tex
60245120	Common	Common	Common	Speed Charm			icon_items.rare_mysterypaper1_tex
60245130	Common	Common	Common	Strength Charm			icon_items.rare_mysterypaper1_tex
60245200	Common	Common	Common	Enduring Charm			icon_items.rare_mysterypaper2_tex
60245210	Common	Common	Common	Unyielding Charm			icon_items.rare_mysterypaper2_tex
60245220	Common	Common	Common	Rigid Charm			icon_items.rare_mysterypaper2_tex
60245230	Common	Common	Common	Robust Charm			icon_items.rare_mysterypaper2_tex
60245240	Common	Common	Common	Caduceus Charm			icon_items.rare_mysterypaper2_tex
60245250	Common	Common	Common	Tenacity Charm			icon_items.rare_mysterypaper2_tex
60245260	Common	Common	Common	Mirror Charm			icon_items.rare_mysterypaper2_tex
60245300	Common	Common	Common	Relentless Charm			icon_items.rare_mysterypaper3_tex
60245310	Common	Common	Common	Cunning Charm			icon_items.rare_mysterypaper3_tex
60245320	Common	Common	Common	Vigorous Charm			icon_items.rare_mysterypaper3_tex
60245330	Common	Common	Common	Infused Charm			icon_items.rare_mysterypaper3_tex
60245340	Common	Common	Common	Swift Charm			icon_items.rare_mysterypaper3_tex
60246100	Common	Common	Common	Handmade Onslaught Charm - Greater Power Charm			icon_items.scroll_mysterypaper1_tex
60246110	Common	Common	Common	Handmade Onslaught Charm - Greater Keen Charm			icon_items.scroll_mysterypaper1_tex
60246120	Common	Common	Common	Handmade Onslaught Charm - Greater Speed Charm			icon_items.scroll_mysterypaper1_tex
60246130	Common	Common	Common	Greater Strength Charm			icon_items.rare_mysterypaper1_tex
60246200	Common	Common	Common	Handmade Ethereal Charm - Greater Enduring Charm			icon_items.scroll_mysterypaper2_tex
60246210	Common	Common	Common	Greater Unyielding Charm			icon_items.rare_mysterypaper2_tex
60246220	Common	Common	Common	Greater Rigid Charm			icon_items.rare_mysterypaper2_tex
60246230	Common	Common	Common	Greater Robust Charm			icon_items.rare_mysterypaper2_tex
60246240	Common	Common	Common	Greater Caduceus Charm			icon_items.rare_mysterypaper2_tex
60246250	Common	Common	Common	Greater Tenacity Charm			icon_items.rare_mysterypaper2_tex
60246260	Common	Common	Common	Handmade Ethereal Charm - Greater Mirror Charm			icon_items.scroll_mysterypaper2_tex
60246300	Common	Common	Common	Greater Relentless Charm			icon_items.rare_mysterypaper3_tex
60246310	Common	Common	Common	Greater Cunning Charm			icon_items.rare_mysterypaper3_tex
60246320	Common	Common	Common	Greater Vigorous Charm			icon_items.rare_mysterypaper3_tex
60246330	Common	Common	Common	Handmade Infused Charm - MP Regeneration IV Charm			icon_items.scroll_mysterypaper3_tex
60246340	Common	Common	Common	Greater Swift Charm			icon_items.rare_mysterypaper3_tex
60251200	Common	Common	Common	{@RawItem:45292}			icon_skills.howitzer_tex
60251300	Common	Common	Common	{@RawItem:45293}			icon_skills.howitzer_tex
60251400	Common	Common	Common	{@RawItem:45294}			icon_skills.howitzer_tex
60251700	Common	Common	Common	{@RawItem:45299}			icon_skills.howitzer_tex
60300100	Common	Common	Common	Potion of Cultural Opportunity			icon_items.potion12_tex
60300101	Common	Common	Common	Federation Supply: Major Potion of Cultural Opportunity			icon_items.potion12_tex
60310100	Common	Common	Common	Vigorous Renewal Draught			icon_items.potion14_tex
60310101	Common	Common	Common	Veteran Vigorous Renewal Draught			icon_items.potion14_tex
60320100	Common	Common	Common	Infused Renewal Draught			icon_items.potion15_tex
60320101	Common	Common	Common	Veteran Infused Renewal Draught			icon_items.potion15_tex
60330100	Common	Common	Common	Federation Savage Draught			icon_items.rare_potion11_tex
60330101	Common	Common	Common	Barbarian Violent Potion			icon_items.potion11_tex
60340100	Common	Common	Common	Tenacious Savage Draught			icon_items.potion17_tex
60340101	Common	Common	Common	Barbarian Relentless Potion			icon_items.potion17_tex
60340102	Common	Common	Common	Montaria: Besouro Ágil		mount	new_icons_skills.vehicle_beetle_a_tex
60340103	Common	Common	Common	Montaria: Gatinho Preto Todo-Poderoso		mount	new_icons_skills.vehicle_cat_a_tex
60340104	Common	Common	Common	Montaria: Cavalo Fantasma		mount	new_icons_skills.vehicle_ghosthorse_a_tex
60340105	Common	Common	Common	Montaria: Carro de corrida		mount	new_icons_skills.vehicle_nx_kart_a_01_tex
60340106	Common	Common	Common	Montaria: Hello Kitty Snuffles		mount	new_icons_skills.vehicle_pig_kitty_tex
60340107	Common	Common	Common	Montaria: Alpaca de orelhas brancas		mount	new_icons_skills.vehicle_llama_a_tex
60340108	Common	Common	Common	Montaria: Dragão Negro Exclusivo		mount	new_icons_skills.vehicle_dragon_a_tex
60340109	Common	Common	Common	Montaria: Bicicleta mecânica		mount	new_icons_skills.vehicle_mechanic_a_tex
60340110	Common	Common	Common	Montaria: Wyvern exclusivo		mount	new_icons_skills.vehicle_bonedragon_a_tex
60340111	Common	Common	Common	Montaria: Moonbunny		mount	new_icons_skills.vehicle_bunnyinthemoon_a_tex
60340112	Common	Common	Common	Montaria: Fênix azul exclusiva		mount	new_icons_skills.vehicle_phoenix_blue_tex
60340113	Common	Common	Common	Montaria: Mastodon		mount	new_icons_skills.vehicle_elephant_tex
60340114	Common	Common	Common	Montaria: Pássaro Azul da Felicidade raro		mount	new_icons_skills.vehicle_bluebird_a_tex
60340115	Common	Common	Common	Montaria: Lagarto Raro da Nevasca		mount	new_icons_skills.vehicle_corruptiondragon_a_tex
60340116	Common	Common	Common	Montaria: Garnet exclusiva		mount	new_icons_skills.vehicle_statdragon_a_tex
60340117	Common	Common	Common	Montaria: Bando de carpas vermelhas		mount	new_icons_skills.vehicle_koinobori_a_tex
60340118	Common	Common	Common	Montaria: Barco-Dragão		mount	new_icons_skills.vehicle_dragonship_a_tex
60340119	Common	Common	Common	Montaria: Marvel-Wonder		mount	new_icons_skills.vehicle_halloween_a_tex
60340120	Common	Common	Common	Montaria: Dragão de Gelo		mount	new_icons_skills.vehicle_winterdragon_a_tex
60340121	Common	Common	Common	Montaria: Bando de carpas vermelhas		mount	new_icons_skills.vehicle_koinobori_a_tex
60340122	Common	Common	Common	Montaria: Black Okami		mount	new_icons_skills.ookami_black_tex
60340123	Common	Common	Common	Montaria: Carpete Sunsilk		mount	icon_skills.vehicle_carpet_tex
60370100	Common	Common	Common	Keener's Bandage			icon_items.bandage1_tex
60370101	Common	Common	Common	Keener's Medicated Bandage			icon_items.bandage1_rare_tex
60370200	Common	Common	Common	Verdra Bandage			icon_items.bandage2_tex
60370201	Common	Common	Common	Verdra Medicated Bandage			icon_items.bandage2_rare_tex
60370300	Common	Common	Common	Sylva Bandage			icon_items.bandage3_tex
60370301	Common	Common	Common	Sylva Medicated Bandage			icon_items.bandage3_rare_tex
60370400	Common	Common	Common	Shetla Bandage			icon_items.bandage4_tex
60370401	Common	Common	Common	Shetla Medicated Bandage			icon_items.bandage4_rare_tex
60370500	Common	Common	Common	Bandagem de Lelyn (vinculado)			icon_items.perfect_bandage_tex
60370501	Common	Common	Common	Comfort Food			icon_items.ricecake_tex
60370502	Common	Common	Common	Tertas Fruit Candy			icon_items.candyapple_tex
60370600	Common	Common	Common	Toira Bandage			icon_items.bandage5_tex
60370601	Common	Common	Common	Toira Medicated Bandage			icon_items.bandage5_rare_tex
60370700	Common	Common	Common	Luria Bandage			icon_items.bandage6_tex
60370701	Common	Common	Common	Luria Medicated Bandage			icon_items.bandage6_rare_tex
60380100	Common	Common	Common	Battle Panacea			icon_items.potion7_rare_tex
60380101	Common	Common	Common	Combat Panacea			icon_items.potion7_rare_tex
60390100	Common	Common	Common	Divine Infusion			icon_items.potion19_tex
60400100	Common	Common	Common	Bomb I			icon_items.bomb1_tex
60400101	Common	Common	Common	Bomb II			icon_items.bomb2_tex
60400102	Common	Common	Common	Bomb III			icon_items.bomb3_tex
60400103	Common	Common	Common	Bomb IV			icon_items.bomb4_tex
60400104	Common	Common	Common	Bomb V			icon_items.bomb5_tex
60400105	Common	Common	Common	Bomb VI			icon_items.bomb6_tex
60400106	Common	Common	Common	Bomb VII			icon_items.bomb7_tex
60400107	Common	Common	Common	Bomb VIII			icon_items.bomb8_tex
60400108	Common	Common	Common	Bomb IX			icon_items.bomb9_tex
60400109	Common	Common	Common	Bomb X			icon_items.bomb10_tex
60400110	Common	Common	Common	Bomb XI			icon_items.bomb11_tex
60400111	Common	Common	Common	Bomb XII			icon_items.bomb12_tex
60400112	Common	Common	Common	Bomb XIII			icon_items.bomb13_tex
60400113	Common	Common	Common	Bomb XIV			icon_items.bomb14_tex
60400200	Common	Common	Common	Stun Bomb			icon_items.bomb1_tex
60401100	Common	Common	Common	Firesnap			icon_items.small_firecracker_tex
60401201	Common	Common	Common	Firecracker String			icon_items.medium_firecracker_tex
60401300	Common	Common	Common	Smilecracker			icon_items.smile_firecracker_tex
60401400	Common	Common	Common	Fogo de artifício (ponto de exclamação)			icon_items.fireworks_ding_exclam_tex
60401401	Common	Common	Common	Fogo de artifício (coração)			icon_items.fireworks_ding_heart_tex
60401402	Common	Common	Common	Fogos de artifício (ponto de interrogação)			icon_items.fireworks_ding_question_tex
60401403	Common	Common	Common	Fogos de artifício (estrela)			icon_items.fireworks_ding_star_tex
60401404	Common	Common	Common	Fogos de artifício (A)			icon_items.fireworks_eng_a_tex
60401405	Common	Common	Common	Fogos de artifício (B)			icon_items.fireworks_eng_b_tex
60401406	Common	Common	Common	Fogo de artifício (C)			icon_items.fireworks_eng_c_tex
60401407	Common	Common	Common	Fogo de artifício (D)			icon_items.fireworks_eng_d_tex
60401408	Common	Common	Common	Fogo de artifício (E)			icon_items.fireworks_eng_e_tex
60401409	Common	Common	Common	Fogos de artifício (F)			icon_items.fireworks_eng_f_tex
60401410	Common	Common	Common	Fogo de artifício (G)			icon_items.fireworks_eng_g_tex
60401411	Common	Common	Common	Fogo de artifício (H)			icon_items.fireworks_eng_h_tex
60401412	Common	Common	Common	Fogos de artifício (I)			icon_items.fireworks_eng_i_tex
60401413	Common	Common	Common	Fogo de artifício (J)			icon_items.fireworks_eng_j_tex
60401414	Common	Common	Common	Fogos de artifício (K)			icon_items.fireworks_eng_k_tex
60401415	Common	Common	Common	Fogos de artifício (L)			icon_items.fireworks_eng_l_tex
60401416	Common	Common	Common	Fogos de artifício (M)			icon_items.fireworks_eng_m_tex
60401417	Common	Common	Common	Fogos de artifício (N)			icon_items.fireworks_eng_n_tex
60401418	Common	Common	Common	Fogo de artifício (O)			icon_items.fireworks_eng_o_tex
60401419	Common	Common	Common	Fogo de artifício (P)			icon_items.fireworks_eng_p_tex
60401420	Common	Common	Common	Fogo de artifício (Q)			icon_items.fireworks_eng_q_tex
60401421	Common	Common	Common	Fogo de artifício (R)			icon_items.fireworks_eng_r_tex
60401422	Common	Common	Common	Fogos de artifício (S)			icon_items.fireworks_eng_s_tex
60401423	Common	Common	Common	Fogos de artifício (T)			icon_items.fireworks_eng_t_tex
60401424	Common	Common	Common	Fogo de artifício (U)			icon_items.fireworks_eng_u_tex
60401425	Common	Common	Common	Fogo de artifício (V)			icon_items.fireworks_eng_v_tex
60401426	Common	Common	Common	Fogo de artifício (W)			icon_items.fireworks_eng_w_tex
60401427	Common	Common	Common	Fogos de artifício (X)			icon_items.fireworks_eng_x_tex
60401428	Common	Common	Common	Fogos de artifício (Y)			icon_items.fireworks_eng_y_tex
60401429	Common	Common	Common	Fogos de artifício (Z)			icon_items.fireworks_eng_z_tex
60401430	Common	Common	Common	Fogo de artifício (2013)			icon_items.firecracker_letter_tex
60401431	Common	Common	Common	Fogos de artifício (HAPPY)			icon_items.firework1_tex
60401432	Common	Common	Common	Fogo de artifício (NOVO)			icon_items.firework2_tex
60401433	Common	Common	Common	Fogos de artifício (ANO)			icon_items.firework3_tex
60401434	Common	Common	Common	Fogos de artifício (0)			icon_items.fireworks_num_0_tex
60401435	Common	Common	Common	Fogos de artifício (1)			icon_items.fireworks_num_1_tex
60401436	Common	Common	Common	Fogos de artifício (2)			icon_items.fireworks_num_2_tex
60401437	Common	Common	Common	Fogos de artifício (3)			icon_items.fireworks_num_3_tex
60401438	Common	Common	Common	Fogos de artifício (4)			icon_items.fireworks_num_4_tex
60401439	Common	Common	Common	Fogos de artifício (5)			icon_items.fireworks_num_5_tex
60401440	Common	Common	Common	Fogos de artifício (6)			icon_items.fireworks_num_6_tex
60401441	Common	Common	Common	Fogos de artifício (7)			icon_items.fireworks_num_7_tex
60401442	Common	Common	Common	Fogos de artifício (8)			icon_items.fireworks_num_8_tex
60401443	Common	Common	Common	Fogos de artifício (9)			icon_items.fireworks_num_9_tex
60410100	Common	Common	Common	Scroll of Resurrection			icon_items.revival_tex
60410101	Common	Common	Common	Pergaminho da Ressurreição Completa (vinculado)			icon_items.perfect_revival_tex
60410102	Common	Common	Common	Scroll of Rapid Resurrection			icon_items.rare_revival_tex
60410200	Common	Common	Common	Confete de biscoito (vinculado)			icon_items.exp_buff_potion1_tex
60410201	Common	Common	Common	Fogos de artifício (vinculado)			icon_items.exp_buff_potion2_tex
60410202	Common	Common	Common	[Binding] Cracker Confetti II			icon_items.exp_buff_potion1_tex
60410203	Common	Common	Common	Bravery Potion			icon_items.potion10_tex
60410206	Common	Common	Common	Strong Potion of Courage			icon_items.potion10_tex
60410300	Common	Common	Common	Hidromel de Kaia (vinculado)			icon_items.hp_recovery_potion_tex
60410400	Common	Common	Common	Perfume de Seren (vinculado)			icon_items.mp_recovery_potion_tex
60410500	Common	Common	Common	Óleo da meia noite de Velika			icon_items.artisan_potion_tex
60410501	Common	Common	Common	Kaiator Midnight Oil			icon_items.artisan_lamp_tex
60410502	Common	Common	Common	Castanica Midnight Oil			icon_items.eviloflight_tex
60410600	Common	Common	Common	Gold Surprise Egg		eventseed	icon_items.event_egg_gold_tex
60410610	Common	Common	Common	Platinum Surprise Egg		eventseed	icon_items.event_egg_silver_tex
60410620	Common	Common	Common	Bronze Surprise Egg		eventseed	icon_items.event_egg_bronze_tex
60410630	Common	Common	Common	Lucky Egg I		eventseed	icon_items.homonegg1_tex
60410631	Common	Common	Common	Lucky Egg II		eventseed	icon_items.homonegg1_tex
60410632	Common	Common	Common	Lucky Egg III		eventseed	icon_items.homonegg1_tex
60410633	Common	Common	Common	Lucky Egg IV		eventseed	icon_items.homonegg1_tex
60410634	Common	Common	Common	Destiny Egg I		eventseed	icon_items.homonegg2_tex
60410635	Common	Common	Common	Destiny Egg II		eventseed	icon_items.homonegg2_tex
60410636	Common	Common	Common	Destiny Egg III		eventseed	icon_items.homonegg2_tex
60410637	Common	Common	Common	Destiny Egg IV		eventseed	icon_items.homonegg2_tex
60410638	Common	Common	Common	Fortune Egg I		eventseed	icon_items.homonegg5_tex
60410639	Common	Common	Common	Fortune Egg II		eventseed	icon_items.homonegg5_tex
60410640	Common	Common	Common	Fortune Egg III		eventseed	icon_items.homonegg5_tex
60410641	Common	Common	Common	Fortune Egg IV		eventseed	icon_items.homonegg5_tex
60410670	Common	Common	Common	Spirit Favor		eventseed	icon_items.presentbox1_tex
60410671	Common	Common	Common	Princess Rida's Charm Bundle		eventseed	icon_items.presentbox2_tex
60410672	Common	Common	Common	Old Treasure Chest		eventseed	icon_items.tresurebox1_tex
60410673	Common	Common	Common	Ancient Treasure Chest		eventseed	icon_items.tresurebox1_tex
60410674	Common	Common	Common	Kaia's Gift Box		eventseed	icon_items.presentbox1_tex
60410675	Common	Common	Common	Valkyon's Response I		eventseed	icon_items.presentbox1_tex
60410676	Common	Common	Common	Valkyon's Response II		eventseed	icon_items.presentbox1_tex
60410677	Common	Common	Common	Valkyon's Response III		eventseed	icon_items.presentbox1_tex
60410678	Common	Common	Common	Valkyon's Response IV		eventseed	icon_items.presentbox1_tex
60410679	Common	Common	Common	Clipe da Federação		eventseed	icon_items.gold_tcat_pocket_tex
60410680	Common	Common	Common	Caixa de presente dourada de Velik		eventseed	icon_items.gold_kaia_presentbox_tex
60410681	Common	Common	Common	Carteira da Federação		eventseed	icon_items.mystic_tcat_pocket_tex
60410682	Common	Common	Common	Caixa de coleta do pesquisador		eventseed	icon_items.q_arogonnbox_tex
60410683	Common	Common	Common	Presente de aniversário		eventseed	icon_items.gift_box03_tex
60410684	Common	Common	Common	Ovo de prata		eventseed	icon_items.gift_box04_tex
60410685	Common	Common	Common	Ovo de Bronze		eventseed	icon_items.gift_box05_tex
60410686	Common	Common	Common	Carteira da Federação		eventseed	icon_items.gold_tcat_pocket_tex
60410687	Common	Common	Common	Federação com três dobras		eventseed	icon_items.mystic_tcat_pocket_tex
60410688	Common	Common	Common	Caixa de presente da Kaia II		eventseed	icon_items.presentbox1_tex
60410689	Common	Common	Common	Os despojos de Victor		eventseed	icon_items.gift_box03_tex
60410690	Common	Common	Common	Ajudante do desafiante		eventseed	icon_items.gift_box04_tex
60410691	Common	Common	Common	Halloween Treat Basket		eventseed	icon_items.holloweenbasket_tex
60410692	Common	Common	Common	Victor's Box		eventseed	icon_items.gift_box03_tex
60410693	Common	Common	Common	Challenger's Box		eventseed	icon_items.gift_box04_tex
60410700	Common	Common	Common	Warrior Glyph Box		eventseed	icon_items.warrior_tresurebox_tex
60410701	Common	Common	Common	Warrior's Reward Glyph Box		eventseed	icon_items.warrior_tresurebox_silyuka_tex
60410702	Common	Common	Common	Coveted Warrior Glyph Box		eventseed	icon_items.warrior_tresurebox_silyuka_tex
60410710	Common	Common	Common	Lancer Glyph Box		eventseed	icon_items.lancer_tresurebox_tex
60410711	Common	Common	Common	Lancer's Reward Glyph Box		eventseed	icon_items.lancer_tresurebox_silyuka_tex
60410712	Common	Common	Common	Coveted Lancer Glyph Box		eventseed	icon_items.lancer_tresurebox_silyuka_tex
60410720	Common	Common	Common	Slayer Glyph Box		eventseed	icon_items.slayer_tresurebox_tex
60410721	Common	Common	Common	Slayer's Reward Glyph Box		eventseed	icon_items.slayer_tresurebox_silyuka_tex
60410722	Common	Common	Common	Coveted Slayer Glyph Box		eventseed	icon_items.slayer_tresurebox_silyuka_tex
60410730	Common	Common	Common	Berserker Glyph Box		eventseed	icon_items.berserker_tresurebox_tex
60410731	Common	Common	Common	Berserker's Reward Glyph Box		eventseed	icon_items.berserker_tresurebox_silyuka_tex
60410732	Common	Common	Common	Coveted Berserker Glyph Box		eventseed	icon_items.berserker_tresurebox_silyuka_tex
60410740	Common	Common	Common	Sorcerer Glyph Box		eventseed	icon_items.sorcerer_tresurebox_tex
60410741	Common	Common	Common	Sorcerer's Reward Glyph Box		eventseed	icon_items.sorcerer_tresurebox_silyuka_tex
60410742	Common	Common	Common	Coveted Sorcerer Glyph Box		eventseed	icon_items.sorcerer_tresurebox_silyuka_tex
60410750	Common	Common	Common	Archer Glyph Box		eventseed	icon_items.archer_tresurebox_tex
60410751	Common	Common	Common	Archer's Reward Glyph Box		eventseed	icon_items.archer_tresurebox_silyuka_tex
60410752	Common	Common	Common	Coveted Archer Glyph Box		eventseed	icon_items.archer_tresurebox_silyuka_tex
60410760	Common	Common	Common	Priest Glyph Box		eventseed	icon_items.priest_tresurebox_tex
60410761	Common	Common	Common	Priest's Reward Glyph Box		eventseed	icon_items.priest_tresurebox_silyuka_tex
60410762	Common	Common	Common	Coveted Priest Glyph Box		eventseed	icon_items.priest_tresurebox_silyuka_tex
60410770	Common	Common	Common	Mystic Glyph Box		eventseed	icon_items.elementalist_tresurebox_tex
60410771	Common	Common	Common	Mystic's Reward Glyph Box		eventseed	icon_items.elementalist_tresurebox_silyuka_tex
60410772	Common	Common	Common	Coveted Mystic Glyph Box		eventseed	icon_items.elementalist_tresurebox_silyuka_tex
60410900	Common	Common	Common	Luminous Gold Egg		eventseed	icon_items.event_egg_gold_tex
60410901	Common	Common	Common	Rescue Supplies		eventseed	icon_items.presentbox2_tex
60410902	Common	Common	Common	Fat Loot		eventseed	icon_items.gift_box01_tex
60410903	Common	Common	Common	Tiny Treasure		eventseed	icon_items.gift_box02_tex
60410918	Common	Common	Common	Geren's Lunch Hour Box		eventseed	icon_items.presentbox3_tex
60411000	Common	Common	Common	Crystal Ore		eventseed	icon_items.q_stonefrag_tex
60411100	Common	Common	Common	Heart Candy Cane			icon_items.heartlollipop_tex
60411110	Common	Common	Common	Heart Chocolate			icon_items.heartchocolate_tex
60411120	Common	Common	Common	Love Letter			icon_items.loveletter_tex
60411200	Common	Common	Common	Bênção da Deusa			icon_items.revivenow_tex
60411210	Common	Common	Common	Invocar NPC: Monti			icon_items.premium_summonnpc_01_tex
60411211	Common	Common	Common	Invocar NPC: Dimon			icon_items.premium_summonnpc_02_tex
60411212	Common	Common	Common	Invocar NPC: Phargo			icon_items.premium_summonnpc_03_tex
60411213	Common	Common	Common	Invocar NPC: Schwab			icon_items.premium_summonnpc_04_tex
60411919	Common	Common	Common	Kick-Bale Gift Box		eventseed	icon_items.presentbox1_tex
60411920	Common	Common	Common	Pigling Rodeo Gift Box		eventseed	icon_items.presentbox2_tex
60411921	Common	Common	Common	Colorful Frogspawn		eventseed	icon_items.homonegg5_tex
60411922	Common	Common	Common	Bamarama Box		eventseed	icon_items.kaia_presentbox_tex
60411923	Common	Common	Common	Wonderous Keen Weapon Chest		eventseed	icon_items.gift_box04_tex
60411924	Common	Common	Common	Wonderous Intense Weapon Chest		eventseed	icon_items.gift_box04_tex
60411925	Common	Common	Common	Wonderous Quick Weapon Chest		eventseed	icon_items.gift_box04_tex
60411926	Common	Common	Common	Wonderous Cuirass Chest		eventseed	icon_items.gift_box04_tex
60411927	Common	Common	Common	Wonderous Hauberk Chest		eventseed	icon_items.gift_box04_tex
60411928	Common	Common	Common	Wonderous Robe Chest		eventseed	icon_items.gift_box04_tex
60411930	Common	Common	Common	Steadfast Weapon Chest		eventseed	icon_items.gift_box04_tex
60411931	Common	Common	Common	Oculus Weapon Chest		eventseed	icon_items.gift_box04_tex
60411932	Common	Common	Common	Oculus Armor Chest		eventseed	icon_items.gift_box04_tex
60411933	Common	Common	Common	Oculus Shoe Box		eventseed	icon_items.gift_box04_tex
60650100	Common	Common	Common	Potion of Will			icon_items.q_blackbottle_tex
60650300	Common	Common	Common	Purification Totem			icon_items.summonstone_tex
60950510	Common	Common	Common	Mutate (Balder's Gift)			icon_status.curse_tex
60950511	Common	Common	Common	Stun (Balder's Gift)			icon_status.staminaup_tex
60950512	Common	Common	Common	Fear (Balder's Gift)			icon_status.staminadown_tex
60950513	Common	Common	Common	Light (Balder's Gift)			icon_status.lighteffect_tex
60950514	Common	Common	Common	Punish (Balder's Gift)			icon_status.laxyarcher_tex
60950515	Common	Common	Common	Quake (Balder's Gift)			icon_status.pluswill_tex
60950521	Common	Common	Common	Popped Cobseed			icon_items.fallfestival_popcorn_tex
60950522	Common	Common	Common	Mudroot Salad			icon_items.fallfestival_potatosalad_tex
60950523	Common	Common	Common	Grilled Pigling			icon_items.q_roastmeat_tex
60950524	Common	Common	Common	Floretta Soup			icon_items.fallfestival_broccolisoup_tex
60950525	Common	Common	Common	Moongourd Muffin			icon_items.fallfestival_pumpkinmuffin_tex
60950526	Common	Common	Common	Shevranberry Cookie			icon_items.fallfestival_cookies_tex
60950527	Common	Common	Common	Lamb Bulgogi			icon_items.fallfestival_bulgogi_tex
60950528	Common	Common	Common	Struthio Breast Salad			icon_items.fallfestival_salad_tex
60950529	Common	Common	Common	Half-Moon Croquette			icon_items.fallfestival_croquette_tex
60950530	Common	Common	Common	Freeholds Flame Salad			icon_items.fallfestival_rikanosalad_tex
60950531	Common	Common	Common	Bleak Wings			icon_items.fallfestival_wing_tex
60950532	Common	Common	Common	Traditional Bleakfields BBQ			icon_items.pigling_ribs_tex
60950534	Common	Common	Common	Freeholds Root Beer			icon_items.solventd15_tex
60950535	Common	Common	Common	Shevranberry Wine			icon_items.solventa12_tex
60950536	Common	Common	Common	Sky Lotus Drink			icon_items.solventf16_tex
60950537	Common	Common	Common	Lein's Dark Root Beer			icon_items.solventc15_tex
60950538	Common	Common	Common	Digory's Honey Moongourd Drink			icon_items.solventd5_tex
60950543	Common	Common	Common	Old Invisibility Potion			icon_items.solventf16_tex
60953900	Common	Common	Common	Grilled Pigling			icon_items.q_roastmeat_tex
61000100	Common	Common	Common	Collectivist			icon_skills.union_skillicon1_tex
61000200	Common	Common	Common	Adiar's Request			icon_skills.union_skillicon2_tex
61000300	Common	Common	Common	Union Mission			icon_skills.union_skillicon3_tex
61000400	Common	Common	Common	Derene's Request			icon_skills.union_skillicon12_tex
61000500	Common	Common	Common	Hard Core			icon_skills.union_skillicon4_tex
61000600	Common	Common	Common	Frateko's Request			icon_skills.union_skillicon13_tex
61001300	Common	Common	Common	Montaria: Loja do Intendente			icon_skills.spawnunionmerchant_tex
61001400	Common	Common	Common	Montaria: Farol de Infiltração			icon_skills.spawnteleportward_tex
61001500	Common	Common	Common	Montaria: Guarda			icon_skills.spawnunionguard_tex
61001510	Common	Common	Common	Montaria: Guarda dos Comerciantes Livres			icon_skills.spawnunionguard_tex
61001520	Common	Common	Common	Montaria: Guarda da União Iluminada			icon_skills.spawnunionguard_tex
61001530	Common	Common	Common	Montaria: Guarda da Ordem de Ferro			icon_skills.spawnunionguard_tex
61001600	Common	Common	Common	Montaria: Barricada			icon_skills.spawnunionbarricade_tex
61001700	Common	Common	Common	Montaria: Canhão			icon_skills.spawnunioncannon_tex
61001800	Common	Common	Common	Tenacious Aura			icon_skills.armor_passivity_tex
61001900	Common	Common	Common	Enduring Aura			icon_skills.defenceup_tex
61002000	Common	Common	Common	Wholehearted Aura			icon_skills.adventgoddess_tex
61010700	Common	Common	Common	Gift of Resurrection		eventseed	icon_items.presentbox1_tex
61010701	Common	Common	Common	Gift of Mead		eventseed	icon_items.presentbox1_tex
61010702	Common	Common	Common	Gift of Perfume		eventseed	icon_items.presentbox1_tex
61010703	Common	Common	Common	Gift of Panacea		eventseed	icon_items.presentbox1_tex
61010704	Common	Common	Common	Traveler's Insurance		eventseed	icon_items.presentbox1_tex
61010705	Common	Common	Common	Crystal Collection		eventseed	icon_items.presentbox1_tex
61010706	Common	Common	Common	Sovereign's Treasure		eventseed	icon_items.gift_box03_tex
61010707	Common	Common	Common	Sovereign's Trinket		eventseed	icon_items.presentbox1_tex
61010708	Common	Common	Common	EU Sovereign's Treasure		eventseed	icon_items.gift_box03_tex
61010709	Common	Common	Common	EU Sovereign's Trinket		eventseed	icon_items.presentbox1_tex
61180100	Common	Common	Common	Orbe Arun's Vitae I			icon_items.potion1_tex
61180200	Common	Common	Common	Orbe Arun's Vitae II			icon_items.potion1_tex
61180300	Common	Common	Common	Orbe Arun's Vitae III			icon_items.potion1_tex
61180400	Common	Common	Common	Orbe Arun's Vitae IV			icon_items.potion1_tex
61180500	Common	Common	Common	Orbe Arun's Vitae V			icon_items.potion1_tex
61180600	Common	Common	Common	Orbe Arun's Vitae VI			icon_items.potion1_tex
61180700	Common	Common	Common	Orbe Arun's Vitae VII			icon_items.potion1_tex
61180800	Common	Common	Common	Orbe Arun's Vitae VIII			icon_items.potion1_tex
61180900	Common	Common	Common	Orbe Arun's Vitae IX			icon_items.potion1_tex
61181000	Common	Common	Common	Orbe Arun's Vitae X			icon_items.potion1_tex
61181100	Common	Common	Common	Orbe Arun's Vitae XI			icon_items.potion1_tex
61181200	Common	Common	Common	Orbe Arun's Vitae XII			icon_items.potion1_tex
61181300	Common	Common	Common	Orbe Arun's Vitae XIII			icon_items.potion1_tex
61181400	Common	Common	Common	Orbe Arun's Vitae XIV			icon_items.potion1_tex
61181500	Common	Common	Common	Orbe Arun's Vitae XV			icon_items.potion1_tex
61190100	Common	Common	Common	Orbe Arun's Tear			icon_items.potion1_tex
61900000	Common	Common	Common	Snowball			icon_items.snowball_tex
61900002	Common	Common	Common	Flameball			icon_skills.fireball_tex
61900004	Common	Common	Common	Ice Trap			icon_items.snowball_large_tex
61900007	Common	Common	Common	Cachecol verde Wintera		mount	icon_items.snowmangreen_scroll_tex
61900008	Common	Common	Common	Cachecol amarelo Wintera		mount	icon_items.snowmanyellow_scroll_tex
61900009	Common	Common	Common	Cachecol azul Wintera		mount	icon_items.snowmanblue_scroll_tex
61900010	Common	Common	Common	Cachecol vermelho Wintera		mount	icon_items.snowman_scroll_tex
61900011	Common	Common	Common	30% de aumento de XP (5 horas)			icon_items.f2p_xpbooster_tex
61900012	Common	Common	Common	30% de aumento de XP (10 horas)			icon_items.f2p_xpbooster_tex
61900013	Common	Common	Common	Aumento de 30% no XP (30 horas)			icon_items.f2p_xpbooster_tex
61900014	Common	Common	Common	30% de aumento de XP (1 dia)			icon_items.f2p_xpbooster_tex
61900015	Common	Common	Common	Aumento de 30% no XP (7 dias)			icon_items.f2p_xpbooster_tex
61900016	Common	Common	Common	Aumento de 30% no XP (30 dias)			icon_items.f2p_xpbooster_tex
61900017	Common	Common	Common	50% de aumento de XP (5 horas)			icon_items.f2p_xpbooster_tex
61900018	Common	Common	Common	50% de aumento de XP (10 horas)			icon_items.f2p_xpbooster_tex
61900019	Common	Common	Common	50% de aumento de XP (30 horas)			icon_items.f2p_xpbooster_tex
61900020	Common	Common	Common	50% de aumento de XP (1 dia)			icon_items.f2p_xpbooster_tex
61900021	Common	Common	Common	50% de aumento de XP (7 dias)			icon_items.f2p_xpbooster_tex
61900022	Common	Common	Common	Aumento de 50% no XP (30 dias)			icon_items.f2p_xpbooster_tex
61900023	Common	Common	Common	Aumento de 100% no XP (5 horas)			icon_items.f2p_xpbooster_tex
61900024	Common	Common	Common	Aumento de 100% no XP (10 horas)			icon_items.f2p_xpbooster_tex
61900025	Common	Common	Common	Aumento de 100% no XP (30 horas)			icon_items.f2p_xpbooster_tex
61900026	Common	Common	Common	Aumento de 100% no XP (1 dia)			icon_items.f2p_xpbooster_tex
61900027	Common	Common	Common	Aumento de 100% no XP (7 dias)			icon_items.f2p_xpbooster_tex
61900028	Common	Common	Common	100% XP Boost (30 dias)			icon_items.f2p_xpbooster_tex
61900029	Common	Common	Common	30% de bônus de ouro do caçador (5 horas)			icon_items.f2p_dropgoldbooster_tex
61900030	Common	Common	Common	30% de bônus de ouro para caçadores (10 horas)			icon_items.f2p_dropgoldbooster_tex
61900031	Common	Common	Common	30% de bônus de ouro para caçadores (30 horas)			icon_items.f2p_dropgoldbooster_tex
61900032	Common	Common	Common	30% de bônus de ouro para caçadores (1 dia)			icon_items.f2p_dropgoldbooster_tex
61900033	Common	Common	Common	30% de aumento de ouro para o caçador (7 dias)			icon_items.f2p_dropgoldbooster_tex
61900034	Common	Common	Common	30% de aumento no Gold Hunter (30 dias)			icon_items.f2p_dropgoldbooster_tex
61900035	Common	Common	Common	50% de bônus de caçador de ouro (5 horas)			icon_items.f2p_dropgoldbooster_tex
61900036	Common	Common	Common	50% de bônus de caçador de ouro (10 horas)			icon_items.f2p_dropgoldbooster_tex
61900037	Common	Common	Common	50% de bônus de caçador de ouro (30 horas)			icon_items.f2p_dropgoldbooster_tex
61900038	Common	Common	Common	50% de aumento de ouro para o caçador (1 dia)			icon_items.f2p_dropgoldbooster_tex
61900039	Common	Common	Common	50% de aumento de ouro para o caçador (7 dias)			icon_items.f2p_dropgoldbooster_tex
61900040	Common	Common	Common	50% de aumento no Gold Hunter (30 dias)			icon_items.f2p_dropgoldbooster_tex
61900041	Common	Common	Common	100% de impulso do Gold Hunter (5 horas)			icon_items.f2p_dropgoldbooster_tex
61900042	Common	Common	Common	100% de impulso do Gold Hunter (10 horas)			icon_items.f2p_dropgoldbooster_tex
61900043	Common	Common	Common	100% de impulso do Gold Hunter (30 horas)			icon_items.f2p_dropgoldbooster_tex
61900044	Common	Common	Common	100% de impulso do Gold Hunter (1 dia)			icon_items.f2p_dropgoldbooster_tex
61900045	Common	Common	Common	100% de impulso do Gold Hunter (7 dias)			icon_items.f2p_dropgoldbooster_tex
61900046	Common	Common	Common	100% de aumento no Gold Hunter (30 dias)			icon_items.f2p_dropgoldbooster_tex
61900047	Common	Common	Common	30% de aumento de ouro do Quester (5 horas)			icon_items.f2p_questrewardbooster_tex
61900048	Common	Common	Common	30% de aumento de ouro do Quester (10 horas)			icon_items.f2p_questrewardbooster_tex
61900049	Common	Common	Common	30% de aumento de ouro do Quester (30 horas)			icon_items.f2p_questrewardbooster_tex
61900050	Common	Common	Common	30% de aumento de ouro do Quester (1 dia)			icon_items.f2p_questrewardbooster_tex
61900051	Common	Common	Common	30% de aumento de ouro do Quester (7 dias)			icon_items.f2p_questrewardbooster_tex
61900052	Common	Common	Common	30% de aumento de ouro do Quester (30 dias)			icon_items.f2p_questrewardbooster_tex
61900053	Common	Common	Common	50% de aumento de ouro do Quester (5 horas)			icon_items.f2p_questrewardbooster_tex
61900054	Common	Common	Common	50% de aumento de ouro do Quester (10 horas)			icon_items.f2p_questrewardbooster_tex
61900055	Common	Common	Common	50% de aumento de ouro do Quester (30 horas)			icon_items.f2p_questrewardbooster_tex
61900056	Common	Common	Common	50% de aumento de ouro do Quester (1 dia)			icon_items.f2p_questrewardbooster_tex
61900057	Common	Common	Common	50% de aumento de ouro do Quester (7 dias)			icon_items.f2p_questrewardbooster_tex
61900058	Common	Common	Common	50% de aumento de ouro do Quester (30 dias)			icon_items.f2p_questrewardbooster_tex
61900059	Common	Common	Common	Aumento de 100% do ouro do Quester (5 horas)			icon_items.f2p_questrewardbooster_tex
61900060	Common	Common	Common	Aumento de 100% do ouro do Quester (10 horas)			icon_items.f2p_questrewardbooster_tex
61900061	Common	Common	Common	Aumento de 100% do ouro do Quester (30 horas)			icon_items.f2p_questrewardbooster_tex
61900062	Common	Common	Common	100% de aumento de ouro do Quester (1 dia)			icon_items.f2p_questrewardbooster_tex
61900063	Common	Common	Common	Aumento de 100% do ouro do Quester (7 dias)			icon_items.f2p_questrewardbooster_tex
61900064	Common	Common	Common	100% Quester's Gold Boost (30 dias)			icon_items.f2p_questrewardbooster_tex
61900065	Common	Common	Common	Aumento de 30% na reputação (5 horas)			icon_items.f2p_reputationbooster_tex
61900066	Common	Common	Common	Aumento de 30% na reputação (10 horas)			icon_items.f2p_reputationbooster_tex
61900067	Common	Common	Common	Aumento de 30% na reputação (30 horas)			icon_items.f2p_reputationbooster_tex
61900068	Common	Common	Common	Aumento de 30% na reputação (1 dia)			icon_items.f2p_reputationbooster_tex
61900069	Common	Common	Common	Aumento de 30% na reputação (7 dias)			icon_items.f2p_reputationbooster_tex
61900070	Common	Common	Common	Aumento de 30% na reputação (30 dias)			icon_items.f2p_reputationbooster_tex
61900071	Common	Common	Common	Aumento de 50% na reputação (5 horas)			icon_items.f2p_reputationbooster_tex
61900072	Common	Common	Common	Aumento de 50% na reputação (10 horas)			icon_items.f2p_reputationbooster_tex
61900073	Common	Common	Common	Aumento de 50% na reputação (30 horas)			icon_items.f2p_reputationbooster_tex
61900074	Common	Common	Common	Aumento de 50% na reputação (1 dia)			icon_items.f2p_reputationbooster_tex
61900075	Common	Common	Common	Aumento de 50% na reputação (7 dias)			icon_items.f2p_reputationbooster_tex
61900076	Common	Common	Common	Aumento de 50% na reputação (30 dias)			icon_items.f2p_reputationbooster_tex
61900077	Common	Common	Common	Aumento de 100% na reputação (5 horas)			icon_items.f2p_reputationbooster_tex
61900078	Common	Common	Common	Aumento de 100% na reputação (10 horas)			icon_items.f2p_reputationbooster_tex
61900079	Common	Common	Common	Aumento de 100% na reputação (30 horas)			icon_items.f2p_reputationbooster_tex
61900080	Common	Common	Common	Aumento de 100% da reputação (1 dia)			icon_items.f2p_reputationbooster_tex
61900081	Common	Common	Common	Aumento de 100% da reputação (7 dias)			icon_items.f2p_reputationbooster_tex
61900082	Common	Common	Common	Aumento de 100% da reputação (30 dias)			icon_items.f2p_reputationbooster_tex
61900083	Common	Common	Common	Pet Treat			icon_items.petfeed_tex
61900084	Common	Common	Common	Alimentos para animais de estimação			icon_items.petfeed_tex
61900085	Common	Common	Common	Ostra Rockefeller			icon_items.petfeed_tex
61900086	Common	Common	Common	Cacau quente			icon_items.hotchocolate_tex
61900087	Common	Common	Common	Cone de sorvete de colher dupla			icon_items.colourful_icecream_tex
61900088	Common	Common	Common	Smoothie suave			icon_items.bluesmoothie_tex
61900089	Common	Common	Common	30% de aumento de XP (1 hora)			icon_items.f2p_xpbooster_tex
61900090	Common	Common	Common	50% de aumento de XP (1 hora)			icon_items.f2p_xpbooster_tex
61900091	Common	Common	Common	100% de aumento de XP (1 hora)			icon_items.f2p_xpbooster_tex
61900092	Common	Common	Common	50% de impulso do caçador de ouro (1 hora)			icon_items.f2p_dropgoldbooster_tex
61900093	Common	Common	Common	100% de impulso do caçador de ouro (1 hora)			icon_items.f2p_dropgoldbooster_tex
61900094	Common	Common	Common	Dedicação da Kaia I			icon_items.potion10_tex
61900095	Common	Common	Common	Aumento de 100% no XP (15 dias)			icon_items.f2p_xpbooster_tex
61900096	Common	Common	Common	Aumento de 30% na reputação (15 dias)			icon_items.f2p_reputationbooster_tex
61900097	Common	Common	Common	Aumento de 100% no XP (10 dias)			icon_items.f2p_xpbooster_tex
61900098	Common	Common	Common	100% de aumento no Gold Hunter (10 dias)			icon_items.f2p_dropgoldbooster_tex
61900099	Common	Common	Common	Aumento de 100% do ouro do Quester (10 dias)			icon_items.f2p_questrewardbooster_tex
61900100	Common	Common	Common	Aumento de 30% na reputação (10 dias)			icon_items.f2p_reputationbooster_tex
61900101	Common	Common	Common	100% XP Boost (3 dias)			icon_items.f2p_xpbooster_tex
61900102	Common	Common	Common	Aumento de 100% da reputação (3 dias)			icon_items.f2p_reputationbooster_tex
61901000	Common	Common	Common	Snow Barrage			icon_items.snowball_gravel_tex
61901030	Common	Common	Common	Stinky Snowpile			icon_skills.fireball_tex
61901100	Common	Common	Common	Hot Cider			icon_items.union_supplies4_tex
61901200	Common	Common	Common	Thermal Layer			icon_items.weapon_scrolla6_tex
61902000	Common	Common	Common	Set Us Up, Da Bomb			icon_skills.voidtrap_tex
61903001	Common	Common	Common	Bolsa de corredor vermelha		eventseed	icon_items.gift_box04_tex
61903002	Common	Common	Common	Bolsa de vôlei vermelha		eventseed	icon_items.gift_box04_tex
61903003	Common	Common	Common	Bolsa do capitão da equipe vermelha		eventseed	icon_items.gift_box04_tex
61903004	Common	Common	Common	[PC Cafe] Caixa de presente		eventseed	icon_items.f2p_pcinventory_tex
61903005	Common	Common	Common	Um Pacote de Pergaminhos Enigmáticos Comuns (20)		eventseed	icon_items.gift_box04_tex
61903006	Common	Common	Common	Um Pacote de Pergaminhos Enigmáticos Comuns (100)		eventseed	icon_items.gift_box04_tex
61903007	Common	Common	Common	Caixa de suprimentos nº 5		eventseed	icon_items.gift_box05_tex
61903008	Common	Common	Common	Caixa de suprimentos nº 9		eventseed	icon_items.gift_box05_tex
61903009	Common	Common	Common	Caixa de suprimentos nº 12		eventseed	icon_items.gift_box05_tex
61903010	Common	Common	Common	Caixa de suprimentos nº 20		eventseed	icon_items.gift_box05_tex
61903011	Common	Common	Common	Caixa de suprimentos nº 30		eventseed	icon_items.gift_box04_tex
61903012	Common	Common	Common	Caixa de suprimentos nº 40		eventseed	icon_items.gift_box04_tex
61903013	Common	Common	Common	Caixa de armas nº 16		eventseed	icon_items.gift_box05_tex
61903014	Common	Common	Common	Caixa de armas nº 25		eventseed	icon_items.gift_box05_tex
61903015	Common	Common	Common	Caixa de armas nº 35		eventseed	icon_items.gift_box04_tex
61903016	Common	Common	Common	Caixa de armas nº 45		eventseed	icon_items.gift_box03_tex
61903018	Common	Common	Common	Caixa de Skin para armas Icegrip		eventseed	icon_items.gift_box03_tex
61903019	Common	Common	Common	Caixa de Skin para armas Icetouch		eventseed	icon_items.gift_box03_tex
61903020	Common	Common	Common	Fatos de banho Velika		eventseed	icon_items.gift_box04_tex
61903021	Common	Common	Common	Fatos de banho Allemantheia		eventseed	icon_items.gift_box04_tex
61903022	Common	Common	Common	Fatos de banho Kaiator		eventseed	icon_items.gift_box04_tex
61903023	Common	Common	Common	Invocar Pet: Planta Carnívora			icon_items.petskillbook_tex
61903024	Common	Common	Common	Invocar Pet: Príncipe			icon_items.petskillbook_tex
61903025	Common	Common	Common	Caixa de skin de arma divertida		eventseed	icon_items.gift_box05_tex
61903026	Common	Common	Common	Invocar Pet: Morto			icon_items.petskillbook_tex
61903027	Common	Common	Common	Caixa grande do chef		eventseed	icon_items.gift_box03_tex
61903028	Common	Common	Common	Caixa da senhora de vermelho		eventseed	icon_items.gift_box03_tex
61903029	Common	Common	Common	Caixa de estilo pirata		eventseed	icon_items.gift_box04_tex
61903030	Common	Common	Common	Caixa estilo Peg-Leg Pirate		eventseed	icon_items.gift_box03_tex
61903031	Common	Common	Common	Big Body 20 comprimidos		eventseed	icon_items.premiumbox_etc2_tex
61903032	Common	Common	Common	Small Body 20 comprimidos		eventseed	icon_items.premiumbox_etc3_tex
61903033	Common	Common	Common	Nova caixa de estilo da Meruma		eventseed	icon_items.gift_box01_tex
61903034	Common	Common	Common	Coleção Mariner Girl White		eventseed	icon_items.gift_box04_tex
61903035	Common	Common	Common	Coleção Mariner Girl Red		eventseed	icon_items.gift_box04_tex
61903036	Common	Common	Common	Coleção Mariner Girl Sky Blue		eventseed	icon_items.gift_box04_tex
61903037	Common	Common	Common	Coleção de pérolas Mariner Girl		eventseed	icon_items.gift_box03_tex
61903038	Common	Common	Common	Coleção Mariner Girl Garnet		eventseed	icon_items.gift_box03_tex
61903039	Common	Common	Common	Coleção Mariner Girl Aquamarine		eventseed	icon_items.gift_box03_tex
61903040	Common	Common	Common	Coleção Mariner Girl Navy		eventseed	icon_items.gift_box04_tex
61903041	Common	Common	Common	Coleção Mariner Girl Sapphire		eventseed	icon_items.gift_box03_tex
61903042	Common	Common	Common	Caixa Point Black Sailor Look		eventseed	icon_items.gift_box04_tex
61903043	Common	Common	Common	Caixa com aparência de marinheiro		eventseed	icon_items.gift_box04_tex
61903044	Common	Common	Common	Caixa de aparência de marinheiro com fita de ponta		eventseed	icon_items.gift_box04_tex
61903045	Common	Common	Common	Caixa de uniformes da Elin Icaruna School for Girls		eventseed	icon_items.gift_box03_tex
61903046	Common	Common	Common	Caixa de aparência romântica de malha de carvão vegetal		eventseed	icon_items.gift_box03_tex
61903047	Common	Common	Common	Caixa de Skin Icetouch Weapon: Verdadeiro		eventseed	icon_items.gift_box05_tex
61903048	Common	Common	Common	Caixa do dragão		eventseed	icon_items.gift_box04_tex
61903049	Common	Common	Common	Moonlit Silver Dragon Box		eventseed	icon_items.gift_box04_tex
61903050	Common	Common	Common	Sunny Gold Dragon Box		eventseed	icon_items.gift_box04_tex
61903051	Common	Common	Common	[PC Cafe] O presente de Yumai		eventseed	icon_items.gift_box04_tex
61903052	Common	Common	Common	Conjunto de armas do herói que retorna		eventseed	icon_items.gift_box04_tex
61903053	Common	Common	Common	Conjunto de armadura do herói que retorna		eventseed	icon_items.gift_box04_tex
61903054	Common	Common	Common	Coleção Beachwear Silver		eventseed	icon_items.gift_box04_tex
61903055	Common	Common	Common	Coleção Platinum de roupas de praia		eventseed	icon_items.gift_box04_tex
61903056	Common	Common	Common	Coleção Beachwear Gold		eventseed	icon_items.gift_box03_tex
61903057	Common	Common	Common	Coleção Beachwear Diamond		eventseed	icon_items.gift_box03_tex
61903058	Common	Common	Common	[PC Cafe] Fantastic Box		eventseed	icon_items.gift_box04_tex
61903059	Common	Common	Common	Seios grandes - Conjunto de 3		eventseed	icon_items.gift_box04_tex
61903060	Common	Common	Common	Corpo alto - Conjunto de 3		eventseed	icon_items.gift_box04_tex
61903061	Common	Common	Common	Coxas grossas - Conjunto de 3		eventseed	icon_items.gift_box04_tex
61903062	Common	Common	Common	Vestido de Festa Caixa A		eventseed	icon_items.gift_box04_tex
61903063	Common	Common	Common	Vestido de Festa Caixa B		eventseed	icon_items.gift_box04_tex
61903064	Common	Common	Common	Lindo vestido de festa Box A		eventseed	icon_items.gift_box03_tex
61903065	Common	Common	Common	Lindo vestido de festa Box B		eventseed	icon_items.gift_box03_tex
61903077	Common	Common	Common	Traje de terno preto		eventseed	icon_items.gift_box04_tex
61903078	Common	Common	Common	Traje de terno preto [Exclusivo		eventseed	icon_items.gift_box03_tex
61903083	Common	Common	Common	Bolsa do capitão da equipe vermelha		eventseed	icon_items.gift_box04_tex
61903084	Common	Common	Common	Bolsa de vôlei vermelha		eventseed	icon_items.gift_box04_tex
61903085	Common	Common	Common	Caixa de toalhas de corrida vermelhas		eventseed	icon_items.gift_box04_tex
61903086	Common	Common	Common	Caixa de roupas de neve		eventseed	icon_items.gift_box04_tex
61903087	Common	Common	Common	Legado Antigo do Anjo		eventseed	icon_items.gift_box04_tex
61903088	Common	Common	Common	Legado Antigo do Arcanjo: Runa		eventseed	icon_items.gift_box03_tex
61903089	Common	Common	Common	Presente especial da TERA		eventseed	icon_items.gift_box03_tex
61903090	Common	Common	Common	Presente de entrada para servidor novato		eventseed	icon_items.gift_box04_tex
61903091	Common	Common	Common	Presente de aumento de nível do servidor novato		eventseed	icon_items.gift_box03_tex
61903094	Common	Common	Common	Caixa de suprimentos da Princesa Rida		eventseed	icon_items.gift_box04_tex
61903095	Common	Common	Common	Artisan Additive (3-Pack)		eventseed	icon_items.gift_box04_tex
61903098	Common	Common	Common	Master's Additive: (3-Pack)		eventseed	icon_items.gift_box04_tex
61903202	Common	Common	Common	Time Traveler Chest		eventseed	icon_items.gift_box04_tex
61903203	Common	Common	Common	Devastating Weapon		eventseed	icon_items.gift_box04_tex
61903204	Common	Common	Common	Devastating Armor		eventseed	icon_items.gift_box04_tex
61903205	Common	Common	Common	Devastating Handwear		eventseed	icon_items.gift_box04_tex
61903206	Common	Common	Common	Devastating Footwear		eventseed	icon_items.gift_box04_tex
61903207	Common	Common	Common	Time Traveler Accessory Chest		eventseed	icon_items.gift_box04_tex
61903208	Common	Common	Common	Beset Necklace Box		eventseed	icon_items.gift_box04_tex
61903209	Common	Common	Common	Cerulean Ring Box		eventseed	icon_items.gift_box04_tex
61903210	Common	Common	Common	Scarlet Ring Box		eventseed	icon_items.gift_box04_tex
61903211	Common	Common	Common	Cerulean Earring Box		eventseed	icon_items.gift_box04_tex
61903212	Common	Common	Common	Scarlet Earring Box		eventseed	icon_items.gift_box04_tex
61903221	Common	Common	Common	Khirian Glyph Box		eventseed	icon_items.gift_box04_tex
61903222	Common	Common	Common	Warrior Glyph Box		eventseed	icon_items.warrior_tresurebox_tex
61903223	Common	Common	Common	Lancer Glyph Box		eventseed	icon_items.lancer_tresurebox_tex
61903224	Common	Common	Common	Slayer Glyph Box		eventseed	icon_items.slayer_tresurebox_tex
61903225	Common	Common	Common	Berserker Glyph Box		eventseed	icon_items.berserker_tresurebox_tex
61903226	Common	Common	Common	Sorcerer Glyph Box		eventseed	icon_items.sorcerer_tresurebox_tex
61903227	Common	Common	Common	Archer Glyph Box		eventseed	icon_items.archer_tresurebox_tex
61903228	Common	Common	Common	Priest Glyph Box		eventseed	icon_items.priest_tresurebox_tex
61903229	Common	Common	Common	Mystic Glyph Box		eventseed	icon_items.elementalist_tresurebox_tex
61903230	Common	Common	Common	Reaper Glyph Box		eventseed	icon_items.soulless_tresurebox_tex
61903231	Common	Common	Common	Vanguard's Glyph Crate		eventseed	icon_items.gift_box04_tex
61903232	Common	Common	Common	Warrior Glyph Crate		eventseed	icon_items.warrior_tresurebox_tex
61903233	Common	Common	Common	Lancer Glyph Crate		eventseed	icon_items.lancer_tresurebox_tex
61903234	Common	Common	Common	Slayer Glyph Crate		eventseed	icon_items.slayer_tresurebox_tex
61903235	Common	Common	Common	Berserker Glyph Crate		eventseed	icon_items.berserker_tresurebox_tex
61903236	Common	Common	Common	Sorcerer Glyph Crate		eventseed	icon_items.sorcerer_tresurebox_tex
61903237	Common	Common	Common	Archer Glyph Crate		eventseed	icon_items.archer_tresurebox_tex
61903238	Common	Common	Common	Priest Glyph Crate		eventseed	icon_items.priest_tresurebox_tex
61903239	Common	Common	Common	Mystic Glyph Crate		eventseed	icon_items.elementalist_tresurebox_tex
61903240	Common	Common	Common	Reaper Glyph Crate		eventseed	icon_items.soulless_tresurebox_tex
61903241	Common	Common	Common	Enchantment Boon Box		eventseed	icon_items.presentbox1_tex
61903242	Common	Common	Common	Consumables Boon Box		eventseed	icon_items.presentbox1_tex
61903243	Common	Common	Common	Special Occassion Box		eventseed	icon_items.presentbox1_tex
61903244	Common	Common	Common	[Reward] Weapon Box of Mettle		eventseed	icon_items.presentbox1_tex
61903245	Common	Common	Common	[Reward] Heavy Snowfall Armor Box		eventseed	icon_items.presentbox1_tex
61903246	Common	Common	Common	Idoneal Weapon Box		eventseed	icon_items.presentbox1_tex
61903247	Common	Common	Common	Idoneal Armor Box		eventseed	icon_items.presentbox1_tex
61903248	Common	Common	Common	Idoneal Gloves Box		eventseed	icon_items.presentbox1_tex
61903249	Common	Common	Common	Idoneal Footwear Box		eventseed	icon_items.presentbox1_tex
61903250	Common	Common	Common	Highscribe's Etching Box		eventseed	icon_items.presentbox1_tex
61903269	Common	Common	Common	Engrenagem Idoneal		eventseed	icon_items.gift_box01_tex
61905001	Common	Common	Common	Invocar Pet: Girador de doces			icon_items.petskillbook_tex
61905002	Common	Common	Common	Invocar Pet: Buscar			icon_items.petskillbook_tex
61905003	Common	Common	Common	Invocar Pet: Dragonette			icon_items.petskillbook_tex
61905004	Common	Common	Common	Invocar Pet: Rambo			icon_items.petskillbook_tex
61905005	Common	Common	Common	Invocar Pet: Bochechas			icon_items.petskillbook_tex
61905006	Common	Common	Common	Invocar Pet: Boo			icon_items.petskillbook_tex
61905007	Common	Common	Common	Invocar Pet: Boo			icon_items.petskillbook_tex
61905008	Common	Common	Common	Invocar Pet: Felicity			icon_items.petskillbook_tex
61905009	Common	Common	Common	Invocar Pet: Bochechas			icon_items.petskillbook_tex
61905010	Common	Common	Common	Invocar Pet: Peddit			icon_items.petskillbook_tex
61905011	Common	Common	Common	Invocar Pet: Caddy			icon_items.petskillbook_tex
61905012	Common	Common	Common	Invocar Pet: Felicity			icon_items.petskillbook_tex
61905101	Common	Common	Common	Invocar Pet: Coco			icon_items.petskillbook_tex
61905201	Common	Common	Common	Invocar Pet: Coco (Especial)			icon_items.petskillbook_tex
61905301	Common	Common	Common	Invocar Pet: Rumindor			icon_items.petskillbook_tex
61905401	Common	Common	Common	Invocar Pet: Rumitch			icon_items.petskillbook_tex
61905501	Common	Common	Common	Invocar Pet: Ruminhood			icon_items.petskillbook_tex
61905601	Common	Common	Common	Invocar Pet: Rumincess			icon_items.petskillbook_tex
61906001	Common	Common	Common	Invocar Pet: Girador de doces			icon_items.petskillbook_tex
61906003	Common	Common	Common	Invocar Pet: Dragonette			icon_items.petskillbook_tex
61906004	Common	Common	Common	Invocar Pet: Rambo			icon_items.petskillbook_tex
61906023	Common	Common	Common	Invocar Pet: Planta Carnívora			icon_items.petskillbook_tex
61906024	Common	Common	Common	Invocar Pet: Príncipe			icon_items.petskillbook_tex
61906025	Common	Common	Common	Invocar Pet: Boo			icon_items.petskillbook_tex
62000050	Common	Common	Common	Potion of Canephora			icon_items.rare_potion11_tex
62000051	Common	Common	Common	Strong Canephora Potion			icon_items.rare_potion11_tex
62000100	Common	Common	Common	Padrão de batalha			icon_skills.union_skillicon5_tex
62000101	Common	Common	Common	Sweet Pumpkin Pie			icon_items.sweetypumpkinpie_tex
62000110	Common	Common	Common	Padrão de batalha			icon_skills.union_skillicon5_tex
62000120	Common	Common	Common	Padrão de batalha			icon_skills.union_skillicon5_tex
62000200	Common	Common	Common	Fortificação			icon_skills.union_skillicon6_tex
62000210	Common	Common	Common	Fortificação			icon_skills.union_skillicon6_tex
62000220	Common	Common	Common	Fortificação			icon_skills.union_skillicon6_tex
62000300	Common	Common	Common	Mad Dash			icon_skills.union_skillicon7_tex
62000310	Common	Common	Common	Mad Dash			icon_skills.union_skillicon7_tex
62000320	Common	Common	Common	Mad Dash			icon_skills.union_skillicon7_tex
62000400	Common	Common	Common	Oração de batalha			icon_skills.union_skillicon8_tex
62000410	Common	Common	Common	Oração de batalha			icon_skills.union_skillicon8_tex
62000420	Common	Common	Common	Oração de batalha			icon_skills.union_skillicon8_tex
62000500	Common	Common	Common	Convocar Legionário I			icon_items.unionassistant_tex
62000510	Common	Common	Common	Invocar Legionário II			icon_items.unionassistant_tex
62000520	Common	Common	Common	Invocar Legionário III			icon_items.unionassistant_tex
62000530	Common	Common	Common	Invocar Legionário IV			icon_items.unionassistant_tex
62000600	Common	Common	Common	Poção de purificação			icon_items.union_supplies3_tex
62000700	Common	Common	Common	Poção de persistência			icon_items.union_supplies2_tex
62000800	Common	Common	Common	Frenzy Philter			icon_items.union_supplies4_tex
63000001	Common	Common	Common	Test Potion_Priest			icon_items.mp_recovery_potion_tex
63000002	Common	Common	Common	Test Potion_Mystic			icon_items.perfect_bandage_tex
63000100	Common	Common	Common	Aumento de EXP do líder			icon_skills.union_skillicon9_tex
63000101	Common	Common	Common	Location Scan [Varredura de Localização]			icon_skills.behindmenace_tex
63000102	Common	Common	Common	Meteor			icon_skills.howitzer_tex
63000103	Common	Common	Common	Commander's Blessing			icon_skills.mpcharge_tex
63000104	Common	Common	Common	Commander's Salvation			icon_skills.healarea_tex
63000105	Common	Common	Common	Commander's Blessing			icon_skills.mpcharge_tex
63000106	Common	Common	Common	Commander's Salvation			icon_skills.healarea_tex
63000107	Common	Common	Common	Meteor			icon_skills.howitzer_tex
63000108	Common	Common	Common	Meteor			icon_skills.howitzer_tex
63000109	Common	Common	Common	Meteor			icon_skills.howitzer_tex
63000110	Common	Common	Common	Meteor			icon_skills.howitzer_tex
63000111	Common	Common	Common	Meteor			icon_skills.howitzer_tex
63000112	Common	Common	Common	Aumento de EXP do líder I			icon_skills.union_skillicon9_tex
63000120	Common	Common	Common	Aumento de XP do líder II			icon_skills.union_skillicon9_tex
63000130	Common	Common	Common	Aumento de XP do líder III			icon_skills.union_skillicon9_tex
63000140	Common	Common	Common	Aumento de EXP do líder IV			icon_skills.union_skillicon9_tex
63000150	Common	Common	Common	Aumento de EXP do líder V			icon_skills.union_skillicon9_tex
63000160	Common	Common	Common	Aumento de EXP do líder VI			icon_skills.union_skillicon9_tex
63000200	Common	Common	Common	Reforço PvP do líder			icon_skills.union_skillicon10_tex
63000210	Common	Common	Common	Reforço PvP do líder I			icon_skills.union_skillicon10_tex
63000220	Common	Common	Common	Reforço PvP do líder II			icon_skills.union_skillicon10_tex
63000230	Common	Common	Common	Reforço PvP do líder III			icon_skills.union_skillicon10_tex
63000240	Common	Common	Common	Reforço PvP do líder IV			icon_skills.union_skillicon10_tex
63000250	Common	Common	Common	Reforço PvP do líder V			icon_skills.union_skillicon10_tex
63000260	Common	Common	Common	Reforço PvP do líder VI			icon_skills.union_skillicon10_tex
63000300	Common	Common	Common	Fortitude do líder			icon_skills.union_skillicon11_tex
63000310	Common	Common	Common	Fortitude do líder I			icon_skills.union_skillicon11_tex
63000320	Common	Common	Common	Fortitude do líder II			icon_skills.union_skillicon11_tex
63000330	Common	Common	Common	Fortitude do líder III			icon_skills.union_skillicon11_tex
63000340	Common	Common	Common	Fortitude do líder IV			icon_skills.union_skillicon11_tex
63000350	Common	Common	Common	Fortitude do líder V			icon_skills.union_skillicon11_tex
63000360	Common	Common	Common	Fortitude do líder VI			icon_skills.union_skillicon11_tex
63005500	Common	Common	Common	Seios grandes (1 minuto)			icon_items.icon_poongu_item_tex
63005501	Common	Common	Common	Seios pequenos (1 minuto)			icon_items.icon_poongu_item_tex_minus
63005502	Common	Common	Common	Corpo alto (1 minuto)			icon_items.icon_jangshin_item_tex
63005503	Common	Common	Common	Corpo pequeno (1 minuto)			icon_items.icon_jangshin_item_tex_minus
63005504	Common	Common	Common	Coxas grossas (1 minuto)			icon_items.icon_yookduk_item_tex
63005505	Common	Common	Common	Coxas finas (1 minuto)			icon_items.icon_yookduk_item_tex_mnius
63005506	Common	Common	Common	Big Head (1 minuto)			icon_items.icon_deadoo_item_tex
63005507	Common	Common	Common	Corpo alto (10 minutos)			icon_items.icon_janggoe_item_tex
63005508	Common	Common	Common	Corpo pequeno (10 minutos)			icon_items.icon_janggoe_item_tex_minus
63005510	Common	Common	Common	Seios grandes (1 dia)			icon_items.icon_poongu_item_tex
63005511	Common	Common	Common	Seios pequenos (1 dia)			icon_items.icon_poongu_item_tex_minus
63005512	Common	Common	Common	Corpo alto (1 dia)			icon_items.icon_jangshin_item_tex
63005513	Common	Common	Common	Corpo pequeno (1 dia)			icon_items.icon_jangshin_item_tex_minus
63005514	Common	Common	Common	Coxas grossas (1 dia)			icon_items.icon_yookduk_item_tex
63005515	Common	Common	Common	Coxas finas (1 dia)			icon_items.icon_yookduk_item_tex_mnius
63005516	Common	Common	Common	Cabeça grande (1 dia)			icon_items.icon_deadoo_item_tex
63005517	Common	Common	Common	Cabeça normal (1 dia)			icon_items.icon_deadoo_item_tex_minus
63005519	Common	Common	Common	Wine Bomb			icon_items.homonpcrts2c_tex
63005520	Common	Common	Common	Dance Bomb			icon_items.cancel_lockon_potion_level_51_tex
63005521	Common	Common	Common	Fireworks (Dragon)			icon_items.firecracker_dragon_tex
63005522	Common	Common	Common	Balder's Triple Charm			icon_items.parts_heavyarmora11_tex
63005524	Common	Common	Common	Wailing Bomb			icon_items.cancel_evade_potion_level_51_tex
63005525	Common	Common	Common	Fireworks (Sun)			icon_items.firework2_tex
63005537	Common	Common	Common	Reinicialização da instância: Dungeons de baixo nível			icon_items.dungeonresetscroll_tex
63005538	Common	Common	Common	[Redefinição de instância: Dungeons de nível baixo			icon_items.dungeonresetscroll_tex
63005539	Common	Common	Common	Reinicialização da instância: Fane of Kaprima			icon_items.dungeonresetscroll_tex
63005540	Common	Common	Common	[Redefinição de instância: Fane of Kaprima			icon_items.dungeonresetscroll_tex
63005541	Common	Common	Common	Reinicialização da instância: Balder's Temple			icon_items.dungeonresetscroll_tex
63005542	Common	Common	Common	[Redefinição de instância: Balder's Temple			icon_items.dungeonresetscroll_tex
63005543	Common	Common	Common	Reinicialização da instância: Fane of Kaprima (Difícil)			icon_items.dungeonresetscroll_tex
63005544	Common	Common	Common	[Redefinição de instância: Fane of Kaprima (Difícil)			icon_items.dungeonresetscroll_tex
63005545	Common	Common	Common	Reinicialização da instância: Balder's Temple (Difícil)			icon_items.dungeonresetscroll_tex
63005546	Common	Common	Common	[Redefinição de instância: Balder's Temple (Difícil)			icon_items.dungeonresetscroll_tex
63005547	Common	Common	Common	Reinicialização da instância: Crucible of Flame			icon_items.dungeonresetscroll_tex
63005548	Common	Common	Common	[Redefinição de instância: Crucible of Flame			icon_items.dungeonresetscroll_tex
63005549	Common	Common	Common	Reinicialização da instância: Sirjuka Gallery			icon_items.dungeonresetscroll_tex
63005550	Common	Common	Common	[Redefinição de instância: Sirjuka Gallery			icon_items.dungeonresetscroll_tex
63005551	Common	Common	Common	Redefinição de instância: Argon Corpus			icon_items.dungeonresetscroll_tex
63005552	Common	Common	Common	[Redefinição de instância: Argon Corpus			icon_items.dungeonresetscroll_tex
63005553	Common	Common	Common	Reinicialização da instância: Argon Corpus (Difícil)			icon_items.dungeonresetscroll_tex
63005554	Common	Common	Common	[Reinicialização da instância: Argon Corpus (Difícil)			icon_items.dungeonresetscroll_tex
63005555	Common	Common	Common	Reinicialização da instância: Manaya's Core (Difícil)			icon_items.dungeonresetscroll_tex
63005556	Common	Common	Common	[Redefinição de instância: Manaya's Core (Difícil)			icon_items.dungeonresetscroll_tex
63005557	Common	Common	Common	Reinicialização da instância: Manaya's Core (Normal)			icon_items.dungeonresetscroll_tex
63005558	Common	Common	Common	[Redefinição de instância: Manaya's Core (Normal)			icon_items.dungeonresetscroll_tex
63005559	Common	Common	Common	Reinicialização da instância: Channelworks			icon_items.dungeonresetscroll_tex
63005560	Common	Common	Common	[Reinicialização da Instância: Channelworks			icon_items.dungeonresetscroll_tex
63005561	Common	Common	Common	Reinicialização da instância: Shattered Fleet			icon_items.dungeonresetscroll_tex
63005562	Common	Common	Common	[Redefinição de instância: Shattered Fleet			icon_items.dungeonresetscroll_tex
63005563	Common	Common	Common	Reinicialização da instância: Kezzel's Gorge			icon_items.dungeonresetscroll_tex
63005564	Common	Common	Common	[Redefinição de instância: Kezzel's Gorge			icon_items.dungeonresetscroll_tex
63005565	Common	Common	Common	Reinicialização da instância: Balder's Temple (Solo)			icon_items.dungeonresetscroll_tex
63005566	Common	Common	Common	[Redefinição de instância: Balder's Temple (Solo)			icon_items.dungeonresetscroll_tex
63005567	Common	Common	Common	Scroll of the Restless: Kelsaik's Storm of Frost (10-Person Battle Group)			icon_items.dungeonresetscroll_tex
63005568	Common	Common	Common	Scroll of the Restless: Kelsaik's Fire Storm (20-Person Battle Group)			icon_items.dungeonresetscroll_tex
63005569	Common	Common	Common	Scroll of the Restless: Wonderholme (Normal)			icon_items.dungeonresetscroll_tex
63005570	Common	Common	Common	Scroll of the Restless: Wonderholme (Difícil)			icon_items.dungeonresetscroll_tex
63005571	Common	Common	Common	Reinicialização da instância: The Abscess (Difícil)			icon_items.dungeonresetscroll_tex
63005572	Common	Common	Common	Reinicialização da instância: Rift's Edge			icon_items.dungeonresetscroll_tex
63005573	Common	Common	Common	Reinicialização da instância: Rift's Edge (Difícil)			icon_items.dungeonresetscroll_tex
63005574	Common	Common	Common	Reinicialização da instância: Ghillieglade			icon_items.dungeonresetscroll_tex
63005575	Common	Common	Common	Reinicialização da instância: Lakan's Prison			icon_items.dungeonresetscroll_tex
63005576	Common	Common	Common	Redefinição de instância: The Abscess			icon_items.dungeonresetscroll_tex
63005579	Common	Common	Common	Reinicialização da instância: Macellarius Catacombs			icon_items.dungeonresetscroll_tex
64000600	Common	Common	Common	Poção de invisibilidade parcial			icon_items.union_supplies6_tex
64000700	Common	Common	Common	Poção de Invisibilidade Superior			icon_items.union_supplies7_tex
64000800	Common	Common	Common	Totem de detecção			icon_items.spawndetectward_tex
64001200	Common	Common	Common	Granada de atordoamento			icon_items.union_bomb1_tex
64001300	Common	Common	Common	mina terrestre			icon_items.union_bomb2_tex
64001400	Common	Common	Common	Granada lenta			icon_items.union_bomb3_tex
64001500	Common	Common	Common	Bomba-relógio			icon_items.union_bomb4_tex
64001600	Common	Common	Common	Granada de flash			icon_items.union_bomb5_tex
64001700	Common	Common	Common	Poção de saúde			icon_items.union_quickheal_tex
64001800	Common	Common	Common	Pergaminho de teletransporte do Infiltrador			icon_items.union_supplies1_tex
64002000	Common	Common	Common	Bomba de lançamento			icon_items.snowball_tex
65000100	Common	Common	Common	Simple Cleansing Brooch			icon_items.stoneoflife_tex
65000200	Common	Common	Common	Winter Update Intermediate Accessory			icon_items.refine_heart16_tex
65000300	Common	Common	Common	Iridescent Powerful Brooch			icon_items.beautiful_wings_brooch_cachebar_tex
65000400	Common	Common	Common	Iridescent Carving Brooch			icon_items.beautiful_wings_brooch_cachebar_tex
65000450	Common	Common	Common	Iridescent Threatening Brooch			icon_items.beautiful_wings_brooch_cachebar_tex
65000500	Common	Common	Common	Empowered Brooch			icon_items.goddess_brooch_tex
65000501	Common	Common	Common	Simple Empowered Brooch			icon_items.goddess_brooch_tex
65000600	Common	Common	Common	Quickcarve Brooch			icon_items.goddess_brooch_tex
65000601	Common	Common	Common	Simple Quickcarve Brooch			icon_items.goddess_brooch_tex
65000650	Common	Common	Common	Grounding Brooch			icon_items.goddess_brooch_tex
65000651	Common	Common	Common	Simple Grounding Brooch			icon_items.goddess_brooch_tex
65190029	Common	Common	Common	Orbe de Velocidade			icon_items.potion2_tex
65190030	Common	Common	Common	300% XP Boost			icon_items.f2p_xpbless_tex
65190031	Common	Common	Common	Special devotion to Kaya			icon_items.potion10_tex
65190032	Common	Common	Common	Voucher Acesso a Nexus			icon_items.scroll1_tex
65190033	Common	Common	Common	Pergaminho de Teleporte: Sky Cruiser Intrepid			icon_items.dungeon_recall_tex
