21000	Evasive Roll	20100	icon_skills.tumbling_tex	Rolamento Evasivo Rápido	icon_crest.e_crestactiveattackspeedup_tex	30% de chance de aumentar a Velocidade de Ataque em 15% por 10 segundos.
21001	Retaliate	130100	icon_skills.risingattack_tex	Retaliação Energética	icon_crest.e_crestpassivecooltimedown_tex	Diminui o tempo de recarga em 20%.
21002	Death From Above	100100	icon_skills.evasionattack_tex	Morte energética vinda do alto	icon_crest.e_crestpassivecooltimedown_tex	Diminui o tempo de recarga em 30%.
21003	Mangle	140100	icon_skills.aimingankle_tex	Teste	icon_skills.voidtrap_tex	Sem efeito
21004	Combo Attack	10100	icon_skills.comboattack_tex	Ataque combinado ameaçador	icon_crest.e_crestpassiveaggroup_tex	Fornece aggro adicional de 5%.
21005	Torrent of Blows	30100	icon_skills.nanmu_tex	Torrent de golpes ameaçadores	icon_crest.e_crestpassiveaggroup_tex	Fornece aggro adicional de 20%.
21006	Rain of Blows	40100	icon_skills.pointattack_tex	Chuva de golpes com poder	icon_crest.e_crestpassiveattackup_tex	Aumenta o dano da habilidade em 25%.
21007	Leaping Strike	120100	icon_skills.downblowattack_tex	Golpe de salto fortalecido	icon_crest.e_crestpassiveattackup_tex	Aumenta o dano da habilidade em 25%.
21008	Poison Blade	110100	icon_skills.poisonblowattack_tex	Lâmina de veneno virulento	icon_crest.e_crestpassiveskilleffectup_tex	Aumenta o dano de veneno em 15%.
21009	Defensive Stance	90100	icon_skills.ironwillb_tex	Postura defensiva aterrada	icon_crest.e_crestpassiveskilleffectup_tex	Aumenta a resistência em 20%.
21010	Retaliate	130100	icon_skills.risingattack_tex	Retaliar com poder	icon_crest.e_crestpassiveattackup_tex	Aumenta o dano da habilidade em 25%.
21011	Torrent of Blows	30100	icon_skills.nanmu_tex	Torrent de golpes influentes	icon_crest.e_crestnextskillmpdown_tex	Reduz o custo de PM da Chuva de Golpes em 88 por alguns segundos.
21012	Retaliate	130100	icon_skills.risingattack_tex	Retaliação influente	icon_crest.e_crestnextskillmpdown_tex	Reduz o custo de PM do Leaping Strike em 75 por alguns segundos.
21013	Combo Attack	10100	icon_skills.comboattack_tex	Ataque Combo Espirituoso	icon_crest.e_crestpassivemprecoveryup_tex	Aumenta a reposição de MP em 35%.
21014	Death From Above	100100	icon_skills.evasionattack_tex	Morte rápida vinda do alto	icon_crest.e_crestactiveattackspeedup_tex	50% de chance de aumentar a Velocidade de Ataque em 15% por 10 segundos.
21015	Evasive Roll	20100	icon_skills.tumbling_tex	Rolagem evasiva interminável	icon_crest.e_crestactivecooltimereset_tex	Reduz o custo de RE em 100.
21016	Battle Cry	50100	icon_skills.thunderingroar_tex	Grito de guerra energético	icon_crest.e_crestpassivecooltimedown_tex	Diminui o tempo de recarga em 20%.
21017	Rain of Blows	40100	icon_skills.pointattack_tex	Chuva de golpes restauradores	icon_crest.e_crestpassivehpheal_tex	Restaura imediatamente 0,5% HP.
21018	Combative Strike	180100	icon_skills.aggravatingstrike_tex	Golpe Sanativo Combativo	icon_crest.e_crestpassivehpdown_tex	Diminui o consumo de HP em 50%.
21019	Vortex Slash	170100	icon_skills.allroundslash_tex	Corte de Vórtice Potencializado	icon_crest.e_crestpassiveattackup_tex	Aumenta o dano da habilidade em 25%.
21020	Charging Slash	160100	icon_skills.rushingslash_tex	Corte de carregamento energético	icon_crest.e_crestpassivecooltimedown_tex	Diminui o tempo de recarga em 25%.
21021	Assault Stance	80100	icon_skills.ironwilla_tex	Teste	icon_skills.voidtrap_tex	Sem efeito
21022	Rising Fury	190100	icon_skills.tenaciousattack_tex	Fúria crescente e persistente	icon_crest.e_crestactivecooltimereset_tex	25% chance de eliminar o tempo de espera.
21023	Smoke Aggressor	240100	icon_skills.decoy_tex	Agressor energético de fumaça	icon_crest.e_crestpassivecooltimedown_tex	Diminui o tempo de recarga em 20%.
21024	Backstab	220100	icon_skills.backattack_tex	Backstab Lacerante	icon_crest.e_crestpassivedurationup_tex	Aumenta a duração do efeito em 50%.
21025	Deadly Gamble	200100	icon_skills.deadlywill_tex	Aposta mortal energética	icon_crest.e_crestpassivecooltimedown_tex	Diminui o tempo de recarga em 25%.
21026	Staggering Counter	230100	icon_skills.reversalturningattack_tex	Balcão de escalonamento capacitado	icon_crest.e_crestpassiveattackup_tex	Aumenta o dano da habilidade em 25%.
21027	Cascade of Stuns	210100	icon_skills.hardslash_tex	Cascata brilhante de atordoamentos	icon_crest.e_crestpassivempdown_tex	Reduz o custo de MP em 88.
21028	Combative Strike	180100	icon_skills.aggravatingstrike_tex	Ataque combativo com ligação elétrica	icon_crest.e_crestnextskillattackup_tex	Aumenta o dano da Fúria Crescente em 20% por alguns segundos.
21029	Charging Slash	160100	icon_skills.rushingslash_tex	Slash de carregamento influente	icon_crest.e_crestnextskillmpdown_tex	Reduz o custo de MP da Poison Blade em 50 por alguns segundos.
21030	Cascade of Stuns	210100	icon_skills.hardslash_tex	Cascata influente de atordoamentos	icon_crest.e_crestnextskillmpdown_tex	Reduz o custo de PM da Chuva de Golpes em 88 por alguns segundos.
21031	Cascade of Stuns	210100	icon_skills.hardslash_tex	Cascata de atordoamentos com ligação elétrica	icon_crest.e_crestnextskillattackup_tex	Aumenta o dano da Chuva de golpes em 20% por alguns segundos.
21032	Cascade of Stuns	210100	icon_skills.hardslash_tex	Cascata energética de atordoamentos	icon_crest.e_crestactivecooltimereset_tex	Diminui o tempo de recarga em 25%.
21033	Rising Fury	190100	icon_skills.tenaciousattack_tex	Fúria crescente entorpecente	icon_crest.e_crestactiveattackspeeddown_tex	10% de chance de reduzir a Velocidade de Ataque do oponente em 15% por 7 segundos.
21034	Torrent of Blows	30100	icon_skills.nanmu_tex	Vinculação de torrentes de golpes	icon_crest.e_crestactivespeeddown_tex	25% de chance de imobilizar o alvo por 4 segundos.
21035	Charging Slash	160100	icon_skills.rushingslash_tex	Corte de carregamento com link de energia	icon_crest.e_crestnextskillattackup_tex	Aumenta o dano do Golpe Combativo em 20% por alguns segundos.
21036	Backstab	220100	icon_skills.backattack_tex	Punhalada Energética pelas Costas	icon_crest.e_crestpassivecooltimedown_tex	Diminui o tempo de recarga em 25%.
21037	Staggering Counter	230100	icon_skills.reversalturningattack_tex	Contador de escalonamento persistente	icon_crest.e_crestpassivedurationup_tex	Aumenta a duração do efeito em 50%.
21038	Staggering Counter	230100	icon_skills.reversalturningattack_tex	Balcão de escalonamento energético	icon_crest.e_crestactivecooltimereset_tex	Diminui o tempo de recarga em 20%.
21039	Combo Attack	10100	icon_skills.comboattack_tex	Ataque combinado de sabotagem	icon_crest.e_crestactivestun_tex	5% de chance de atordoar o alvo por 2 segundos.
21040	Battle Cry	50100	icon_skills.thunderingroar_tex	Grito de guerra apressado	icon_crest.e_crestpassiveskillspeedup_tex	Aumenta a velocidade de lançamento em 50%.
21041	Battle Cry	50100	icon_skills.thunderingroar_tex	Grito de guerra da sorte	icon_crest.e_crestpassivethorns_tex	Aumenta a chance do efeito em 10%.
21042	Battle Cry	50100	icon_skills.thunderingroar_tex	Grito de guerra ameaçador	icon_crest.e_crestpassiveaggroup_tex	Fornece aggro adicional de 100%.
21043	Combative Strike	180100	icon_skills.aggravatingstrike_tex	Golpe combativo persistente	icon_crest.e_crestpassivedurationup_tex	Aumenta a duração do efeito em 50%.
21044	Combative Strike	180100	icon_skills.aggravatingstrike_tex	Ataque combativo com ligação elétrica	icon_crest.e_crestnextskillattackup_tex	Aumenta o dano do Leaping Strike em 35% por alguns segundos.
21045	Vortex Slash	170100	icon_skills.allroundslash_tex	Corte de Vórtice Persistente	icon_crest.e_crestactivecooltimereset_tex	30% chance de eliminar o tempo de espera.
21046	Evasive Roll	20100	icon_skills.tumbling_tex	Rolo Evasivo Restaurador	icon_crest.e_crestnextskillhpheal_tex	Restaura imediatamente 3% do HP total quando você é atingido pela Lâmina Venenosa.
21047	Death From Above	100100	icon_skills.evasionattack_tex	Teste	icon_skills.voidtrap_tex	Sem efeito
21048	Pounce	270100	icon_skills.heavybite_tex	Salto rápido	icon_crest.e_crestactiveattackspeedup_tex	Aumenta a velocidade de ataque de Pounce em 30%.
21049	Pounce	270100	icon_skills.heavybite_tex	Pulo Energético	icon_crest.e_crestpassivecooltimedown_tex	Diminui o tempo de recarga em 20%.
21050	Traverse Cut	280100	icon_skills.dualrapidpiercing_tex	Corte transversal persistente	icon_crest.e_crestpassivedurationup_tex	Aumenta a duração do efeito em 50%.
21051	Traverse Cut	280100	icon_skills.dualrapidpiercing_tex	Corte transversal brilhante	icon_crest.e_crestpassivempdown_tex	Reduz o custo de MP em 75.
21052	Blade Draw	290100	icon_skills.dualslash_tex	Saque da lâmina fortalecido	icon_crest.e_crestpassiveattackup_tex	Aumenta o dano da habilidade em 25%.
21053	Blade Draw	290100	icon_skills.dualslash_tex	Desenho de lâmina brilhante	icon_crest.e_crestpassivempdown_tex	Reduz o custo de MP em 80.
21054	Blade Draw	290100	icon_skills.dualslash_tex	Saque persistente da lâmina	icon_crest.e_crestactivecooltimereset_tex	50% chance de eliminar o tempo de espera.
21064	Rain of Blows	40100	icon_skills.pointattack_tex	Chuva de golpes com poder	icon_crest.e_crestpassiveattackup_tex	Aumenta o dano da habilidade em 25%.
21065	Death From Above	100100	icon_skills.evasionattack_tex	Morte energética vinda do alto	icon_crest.e_crestpassivecooltimedown_tex	Diminui o tempo de recarga em 30%.
21066	Rain of Blows	40100	icon_skills.pointattack_tex	Chuva de golpes restauradores	icon_crest.e_crestpassivehpheal_tex	Restaura imediatamente 0,5% HP.
21067	Evasive Roll	20100	icon_skills.tumbling_tex	Rolagem evasiva interminável	icon_crest.e_crestactivecooltimereset_tex	Reduz o custo de RE em 100.
21068	Defensive Stance	90100	icon_skills.ironwillb_tex	Postura defensiva aterrada	icon_crest.e_crestpassiveskilleffectup_tex	Aumenta a resistência em 20%.
21069	Combative Strike	180100	icon_skills.aggravatingstrike_tex	Golpe Sanativo Combativo	icon_crest.e_crestpassivehpdown_tex	Diminui o consumo de HP em 50%.
21070	Combo Attack	10100	icon_skills.comboattack_tex	Ataque Combo Espirituoso	icon_crest.e_crestpassivemprecoveryup_tex	Aumenta a reposição de MP em 35%.
21071	Smoke Aggressor	240100	icon_skills.decoy_tex	Agressor energético de fumaça	icon_crest.e_crestpassivecooltimedown_tex	Diminui o tempo de recarga em 25%.
21072	Combative Strike	180100	icon_skills.aggravatingstrike_tex	Ataque combativo com ligação elétrica	icon_crest.e_crestnextskillattackup_tex	Aumenta o dano do Leaping Strike em 45% por alguns segundos.
21073	Charging Slash	160100	icon_skills.rushingslash_tex	Corte de carregamento com link de energia	icon_crest.e_crestnextskillattackup_tex	Aumenta o dano do Golpe Combativo em 50% por alguns segundos.
21074	Death From Above	100100	icon_skills.evasionattack_tex	Grounded Death From Above	icon_crest.e_crestactivedefenceup_tex	Aumenta a resistência em 25 por 8 segundos.
21075	Backstab	220100	icon_skills.backattack_tex	Punhalada nas costas vantajosa	icon_crest.e_crestactiveattackspeedup_tex	Gera a borda adicional 1.
21076	Cascade of Stuns	210100	icon_skills.hardslash_tex	Cascata de atordoamentos potencializada	icon_crest.e_crestpassiveattackup_tex	Aumenta o dano da habilidade em 25%.
21077	Cascade of Stuns	210100	icon_skills.hardslash_tex	Cascata persistente de atordoamentos	icon_crest.e_crestpassivedurationup_tex	Aumenta a duração do efeito em 25%.
21078	Staggering Counter	230100	icon_skills.reversalturningattack_tex	Contador de escalonamento com link de energia	icon_crest.e_crestnextskillattackup_tex	Aumenta o dano da Cascata de Atordoamentos em 10% por alguns segundos.
21079	Scythe	300100	icon_skills.raker_tex	Foice afiada	icon_crest.e_crestpassivecriticalup_tex	Fator de crítica dupla
21080	Scythe	300100	icon_skills.raker_tex	Foice afiada	icon_crest.e_crestpassiveattackup_tex	Aumenta o bônus de dano de borda em 25%.
21081	Backstab	220100	icon_skills.backattack_tex	Backstab Persistente	icon_crest.e_crestpassivedurationup_tex	Aumenta a duração do efeito em 50%.
21082	Pounce	270100	icon_skills.heavybite_tex	Salto rápido	icon_crest.e_crestactiveattackspeedup_tex	Aumenta a velocidade de ataque de Pounce em 30%.
21083	Poison Blade	110100	icon_skills.poisonblowattack_tex	Lâmina de veneno cumulativa	icon_crest.e_crestactiveattackspeedup_tex	O dano da Poison Blade se acumula até 2 vezes.
21084	Blade Draw	290100	icon_skills.dualslash_tex	Desenho de lâmina vantajoso	icon_crest.e_crestactiveattackspeedup_tex	Gera um Edge adicional de 1 por acerto.
21085	Reaping Slash	310100	icon_skills.rupture_tex	Corte de Colheita Potencializada	icon_crest.e_crestpassiveattackup_tex	Aumenta o dano da habilidade em 25%.
21086	Cross Parry	320100	icon_skills.twinswordsdefence_tex	Parry cruzado bombeado	icon_crest.e_crestactiveattackup_tex	30% chance de aumentar o poder em 15% por 10 segundos em um bloqueio bem-sucedido.
21087	Smoke Flanker	330100	icon_skills.shadowchange_tex	Flanker de fumaça ameaçador	icon_crest.e_crestpassiveaggroup_tex	Fornece aggro adicional de 20%.
21088	Binding Sword	340100	icon_skills.bindingblade_tex	Poderosa espada de ligação	icon_crest.e_crestpassiveattackup_tex	Aumenta o dano da habilidade em 20%.
21089	Binding Sword	340100	icon_skills.bindingblade_tex	Poderosa espada de ligação	icon_crest.e_crestpassiveattackup_tex	Aumenta o dano da habilidade em 20%.
21090	Binding Sword	340100	icon_skills.bindingblade_tex	Espada de Ligação Energética	icon_crest.e_crestpassivecooltimedown_tex	Diminui o tempo de recarga em 20%.
21091	Deadly Gamble	200100	icon_skills.deadlywill_tex	Aposta mortal persistente	icon_crest.e_crestpassivedurationup_tex	Aumenta a duração do efeito em 20%.
21092	Binding Sword	340100	icon_skills.bindingblade_tex	Espada de Ligação Energética	icon_crest.e_crestpassivecooltimedown_tex	Diminui o tempo de recarga em 20%.
22000	Stand Fast	20100	icon_skills.defence_tex	Bombado Fique firme	icon_crest.e_crestactiveattackup_tex	30% chance de aumentar o poder em 15% por 10 segundos em um bloqueio bem-sucedido.
22001	Stand Fast	20100	icon_skills.defence_tex	Suporte com ligação elétrica rápida	icon_crest.e_crestnextskillattackup_tex	Aumenta o dano do Shield Counter em 25% por alguns segundos.
22002	Stand Fast	20100	icon_skills.defence_tex	Influenciador Stand Fast	icon_crest.e_crestnextskillmpdown_tex	Reduz o custo de MP do Shield Counter em 115 por alguns segundos.
22003	Combo Attack	10100	icon_skills.comboattack_tex	Ataque combinado ameaçador	icon_crest.e_crestpassiveaggroup_tex	Fornece aggro adicional de 5%.
22004	Challenging Shout	40100	icon_skills.roar_tex	Ameaça Desafio Grito	icon_crest.e_crestpassiveaggroup_tex	Fornece aggro adicional de 20%.
22005	Challenging Shout	40100	icon_skills.roar_tex	Brilhante grito desafiador	icon_crest.e_crestpassivempdown_tex	Reduz o custo de MP em 60.
22006	Infuriate	120100	icon_skills.provokerage_tex	Desacelerar Enfurecer	icon_crest.e_crestpassivespeeddown_tex	Diminui a velocidade de movimento do oponente em 50% por 5 segundos.
22007	Onslaught	30100	icon_skills.screwthrough_tex	Ataque com poder	icon_crest.e_crestpassiveattackup_tex	Aumenta o dano da habilidade em 25%.
22008	Shield Counter	80100	icon_skills.riposte_tex	Teste	icon_skills.voidtrap_tex	Sem efeito
22009	Shield Bash	50100	icon_skills.shieldstrike_tex	Golpe de escudo retumbante	icon_crest.e_crestpassivedurationup_tex	Aumenta a duração do efeito em 25%.
22010	Guardian Shout	70100	icon_skills.inspiringroar_tex	Brilhante Grito do Guardião	icon_crest.e_crestpassivempdown_tex	Reduz o custo de MP em 200.
22012	Retaliate	110100	icon_skills.risingattack_tex	Retaliar com poder	icon_crest.e_crestpassiveattackup_tex	Aumenta o dano da habilidade em 25%.
22013	Shield Barrage	180100	icon_skills.shieldattack_tex	Barragem de Escudo Brilhante	icon_crest.e_crestpassivempdown_tex	Reduz o custo de MP em 19.
22015	Combo Attack	10100	icon_skills.comboattack_tex	Ataque Combo Espirituoso	icon_crest.e_crestpassivemprecoveryup_tex	Aumenta a reposição de MP em 20%.
22016	Debilitate	100100	icon_skills.armorbreak_tex	Impulsionar Debilitar	icon_crest.e_crestactivempzero_tex	35% chance de eliminar o custo de MP.
22017	Leash	90100	icon_skills.hookthrow_tex	Coleira energética	icon_crest.e_crestpassivecooltimedown_tex	Diminui o tempo de recarga em 20%.
22018	Infuriate	120100	icon_skills.provokerage_tex	Energetic Infuriate	icon_crest.e_crestpassivecooltimedown_tex	Diminui o tempo de recarga em 20%.
22019	Shield Bash	50100	icon_skills.shieldstrike_tex	Golpe de Escudo Energético	icon_crest.e_crestpassivecooltimedown_tex	Diminui o tempo de recarga em 25%.
22020	Charging Lunge	150100	icon_skills.advancingcharge_tex	Empowered Charging Lunge	icon_crest.e_crestpassiveattackup_tex	Aumenta o dano da habilidade em 25%.
22021	Second Wind	160100	icon_skills.rejuvenation_tex	Segundo vento energético	icon_crest.e_crestpassivecooltimedown_tex	Diminui o tempo de recarga em 25%.
22022	Adrenaline Rush	170100	icon_skills.fightingwill_tex	Adrenalina rápida	icon_crest.e_crestpassiveskilleffectup_tex	Aumenta a velocidade de ataque em um valor adicional de $.
22023	Spring Attack	130100	icon_skills.leaprampage_tex	Brilhante ataque de primavera	icon_crest.e_crestpassivempdown_tex	Reduz o custo de MP em 75.
22024	Retaliate	110100	icon_skills.risingattack_tex	Retaliação Energética	icon_crest.e_crestpassivecooltimedown_tex	Diminui o tempo de recarga em 20%.
22025	Menacing Wave	200100	icon_skills.menacewave_tex	Onda Brilhante e Ameaçadora	icon_crest.e_crestpassivempdown_tex	Reduz o custo de MP em 60.
22026	Iron Will	220100	icon_skills.armoredwill_tex	Vontade de ferro persistente	icon_crest.e_crestpassivedurationup_tex	Aumenta a duração do efeito em 50%.
22027	Master's Leash	230100	icon_skills.chaincapture_tex	Coleira do mestre persistente	icon_crest.e_crestactivecooltimereset_tex	30% chance de eliminar o tempo de espera.
22028	Lockdown Blow	210100	icon_skills.shockblow_tex	Golpe de bloqueio com poderes	icon_crest.e_crestpassiveattackup_tex	Aumenta o dano da habilidade em 20%.
22029	Pledge of Protection	190100	icon_skills.vowofprotection_tex	Promessa energética de proteção	icon_crest.e_crestpassivecooltimedown_tex	Diminui o tempo de recarga em 20%.
22030	Spring Attack	130100	icon_skills.leaprampage_tex	Ataque de primavera fortalecido	icon_crest.e_crestpassiveattackup_tex	Aumenta o dano da habilidade em 25%.
22031	Challenging Shout	40100	icon_skills.roar_tex	Teste	icon_skills.voidtrap_tex	Sem efeito
22032	Onslaught	30100	icon_skills.screwthrough_tex	Brilliant Onslaught	icon_crest.e_crestpassivempdown_tex	Reduz o custo de MP em 100.
22033	Shield Counter	80100	icon_skills.riposte_tex	Contador de escudo ameaçador	icon_crest.e_crestpassiveaggroup_tex	Fornece aggro adicional de 100%.
22034	Debilitate	100100	icon_skills.armorbreak_tex	Debilitação persistente	icon_crest.e_crestpassivedurationup_tex	Aumenta a duração do efeito em 100%.
22035	Shield Bash	50100	icon_skills.shieldstrike_tex	Golpe de Escudo Ardente	icon_crest.e_crestnextskillattackspeedup_tex	Acelera o lançamento de Onslaught em 25% por alguns segundos.
22036	Pledge of Protection	190100	icon_skills.vowofprotection_tex	Compromisso restaurativo de proteção	icon_crest.e_crestactivehprecoveryup_tex	Aumenta a quantidade de recuperação de HP do lançador em 20% por 20 segundos.
22037	Guardian Shout	70100	icon_skills.inspiringroar_tex	Grito energético do guardião	icon_crest.e_crestpassivecooltimedown_tex	Diminui o tempo de recarga em 25%.
22038	Menacing Wave	200100	icon_skills.menacewave_tex	Onda persistente e ameaçadora	icon_crest.e_crestpassivedurationup_tex	Aumenta a duração do efeito em 50%.
22039	Charging Lunge	150100	icon_skills.advancingcharge_tex	Lunge de carregamento energético	icon_crest.e_crestpassivecooltimedown_tex	Diminui o tempo de recarga em 20%.
22040	Charging Lunge	150100	icon_skills.advancingcharge_tex	Lunge de carregamento com pés de frota	icon_crest.e_crestactivespeedup_tex	Acelera o movimento em 10 por 7 segundos enquanto estiver em combate.
22041	Iron Will	220100	icon_skills.armoredwill_tex	Proteção da vontade de ferro	icon_crest.e_crestpassiveskilleffectup_tex	Aumenta a absorção de danos em 25%.
22042	Lockdown Blow	210100	icon_skills.shockblow_tex	Abrandamento do golpe de bloqueio	icon_crest.e_crestpassiveskilleffectup_tex	Diminui a velocidade de movimento do oponente em um valor adicional de $.
22043	Leash	90100	icon_skills.hookthrow_tex	Coleira Longshot	icon_crest.e_crestpassiverangeup_tex	Aumenta o alcance em 3 metros.
22044	Leash	90100	icon_skills.hookthrow_tex	Controle de desaceleração	icon_crest.e_crestpassivespeeddown_tex	Diminui a velocidade de movimento do oponente em 50% por 4 segundos.
22045	Shield Bash	50100	icon_skills.shieldstrike_tex	Golpe de escudo retumbante	icon_crest.e_crestpassivedurationup_tex	Aumenta a duração do efeito em 25%.
22046	Shield Bash	50100	icon_skills.shieldstrike_tex	Golpe de Escudo Energético	icon_crest.e_crestpassivecooltimedown_tex	Diminui o tempo de recarga em 25%.
22047	Leash	90100	icon_skills.hookthrow_tex	Coleira energética	icon_crest.e_crestpassivecooltimedown_tex	Diminui o tempo de recarga em 20%.
22048	Combo Attack	10100	icon_skills.comboattack_tex	Ataque combinado ameaçador	icon_crest.e_crestpassiveaggroup_tex	Fornece aggro adicional de 5%.
22049	Challenging Shout	40100	icon_skills.roar_tex	Brilhante grito desafiador	icon_crest.e_crestpassivempdown_tex	Reduz o custo de MP em 60.
22050	Lockdown Blow	210100	icon_skills.shockblow_tex	Abrandamento do golpe de bloqueio	icon_crest.e_crestpassiveskilleffectup_tex	Diminui a velocidade de movimento do oponente em um valor adicional de $.
22051	Onslaught	30100	icon_skills.screwthrough_tex	Brilliant Onslaught	icon_crest.e_crestpassivempdown_tex	Reduz o custo de MP em 150.
22052	Guardian Shout	70100	icon_skills.inspiringroar_tex	Grito energético do guardião	icon_crest.e_crestpassivecooltimedown_tex	Diminui o tempo de recarga em 35%.
22053	Infuriate	120100	icon_skills.provokerage_tex	Desacelerar Enfurecer	icon_crest.e_crestpassivespeeddown_tex	Diminui a velocidade do oponente em 50% por 5 segundos.
22054	Leash	90100	icon_skills.hookthrow_tex	Coleira de entorpecimento	icon_crest.e_crestpassivetargetspeeddown_tex	Diminui a Velocidade de Ataque do oponente em 40% por 4 segundos.
22055	Leash	90100	icon_skills.hookthrow_tex	Coleira ameaçadora	icon_crest.e_crestpassiveaggroup_tex	Fornece aggro adicional de 30%.
22056	Challenging Shout	40100	icon_skills.roar_tex	Grito de desafio apressado	icon_crest.e_crestpassiveskillspeedup_tex	Aumenta a velocidade de lançamento em 25%.
22057	Challenging Shout	40100	icon_skills.roar_tex	Grito de desafio fundamentado	icon_crest.e_crestactivedefenceup_tex	Aumenta a resistência em 21 ao ser atingido com sucesso.
22058	Onslaught	30100	icon_skills.screwthrough_tex	Ataque Afiado	icon_crest.e_crestpassivecriticalup_tex	Fator de critério de duplas.
22059	Lockdown Blow	210100	icon_skills.shockblow_tex	Ameaça de bloqueio	icon_crest.e_crestpassiveaggroup_tex	Fornece aggro adicional de 50%.
22060	Chained Leash	240100	icon_skills.harpoonshot_tex	Coleira Energética Acorrentada	icon_crest.e_crestpassivecooltimedown_tex	Diminui o tempo de recarga em 20%.
22061	Chained Leash	240100	icon_skills.harpoonshot_tex	Coleira acorrentada persistente	icon_crest.e_crestpassivedurationup_tex	Aumenta a duração do efeito em 50%.
22062	Combo Attack	10100	icon_skills.comboattack_tex	Ataque Combo Espirituoso	icon_crest.e_crestpassivemprecoveryup_tex	Aumenta a reposição de MP em 20%.
22063	Shield Counter	80100	icon_skills.riposte_tex	Contador de escudo ameaçador	icon_crest.e_crestpassiveaggroup_tex	Fornece aggro adicional de 100%.
22064	Shield Barrage	180100	icon_skills.shieldattack_tex	Barragem de escudo ameaçadora	icon_crest.e_crestpassiveaggroup_tex	Fornece aggro adicional de 200%.
22065	Spring Attack	130100	icon_skills.leaprampage_tex	Ataque de primavera entorpecente	icon_crest.e_crestactiveattackspeeddown_tex	30% de chance de reduzir a Velocidade de Ataque do oponente em 30% por 7 segundos.
22066	Wallop	250100	icon_skills.overhelm_tex	Wallop empoderado	icon_crest.e_crestpassiveattackup_tex	Aumenta o dano da habilidade em 25%.
22067	Backstep	260100	icon_skills.backstep_tex	Backstep energético	icon_crest.e_crestpassivecooltimedown_tex	Diminui o tempo de recarga em 25%.
22068	Challenging Shout	40100	icon_skills.roar_tex	Grito desafiador e caloroso	icon_crest.e_creststrecover_tex	Aumenta a regeneração da resolução em 30%.
22069	Shield Counter	80100	icon_skills.riposte_tex	Contador de escudo saudável	icon_crest.e_creststrecover_tex	Aumenta a regeneração da resolução em 50%.
22070	Second Wind	160100	icon_skills.rejuvenation_tex	Segundo vento forte	icon_crest.e_creststrecover_tex	Restaura 20% a mais de determinação.
22071	Stand Fast 	20100	icon_skills.defence_tex	Stand Fast reforçado	icon_crest.e_creststrecover_tex	Aumenta a resolução máxima em 500.
22072	Front Defense	0		Grito de guerra energético	icon_crest.e_crestpassivecooltimedown_tex	Diminui o tempo de recarga em 20%.
22073	Front Defense	0		Grito de guerra persistente	icon_crest.e_crestpassivedurationup_tex	Aumenta a duração do efeito em 30%.
22074	Front Defense	0		Brilhante grito de guerra	icon_crest.e_crestpassivempdown_tex	Reduz o custo de MP em 150.
22075	Front Defense	0		Grito de guerra ameaçador	icon_crest.e_crestpassiveaggroup_tex	Fornece aggro adicional de 100%.
22076	Front Defense	0		Grito de guerra ameaçador	icon_crest.e_crestpassiveaggroup_tex	Fornece aggro adicional de 100%.
22077	Front Defense	0		Grito de guerra persistente	icon_crest.e_crestpassivedurationup_tex	Aumenta a duração do efeito em 30%.
22078	Front Defense	0		Grito de guerra energético	icon_crest.e_crestpassivecooltimedown_tex	Diminui o tempo de recarga em 20%.
23000	Evasive Roll	40100	icon_skills.tumbling_tex	Rolagem evasiva com pés de frota	icon_crest.e_crestactivespeedup_tex	30% chance de aumentar a velocidade de movimento em 15% por 10 segundos.
23001	Combo Attack	10100	icon_skills.comboattack_tex	Ataque Combo Rápido	icon_crest.e_crestactiveattackspeedup_tex	10% de chance de aumentar a Velocidade de Ataque em 15% por 10 segundos.
23002	Combo Attack	10100	icon_skills.comboattack_tex	Ataque Combo Potencializado	icon_crest.e_crestpassiveattackup_tex	Aumenta o dano da habilidade em 25%.
23003	Overpower	180100	icon_skills.gatheringstrength_tex	Superpoder brilhante	icon_crest.e_crestpassivempdown_tex	Reduz o custo de MP em 33.
23004	Knockdown Strike	20100	icon_skills.handyslash_tex	Golpe de derrubada fortalecido	icon_crest.e_crestpassiveattackup_tex	Aumenta o dano da habilidade em 25%.
23005	Retaliate	100100	icon_skills.risingattack_tex	Retaliar com poder	icon_crest.e_crestpassiveattackup_tex	Aumenta o dano da habilidade em 25%.
23007	Knockdown Strike	20100	icon_skills.handyslash_tex	Golpe de derrubada com ligação elétrica	icon_crest.e_crestnextskillattackup_tex	Aumenta o dano do Whirlwind em 25% por alguns segundos.
23008	Retaliate	100100	icon_skills.risingattack_tex	Retaliação Powerlinked	icon_crest.e_crestnextskillattackup_tex	Aumenta o dano do Leaping Strike em 25% por alguns segundos.
23009	Overhand Strike	80100	icon_skills.cuttingslash_tex	Golpe persistente com a mão invertida	icon_crest.e_crestactivecooltimereset_tex	50% chance de eliminar o tempo de espera.
23010	Combo Attack	10100	icon_skills.comboattack_tex	Ataque Combo Espirituoso	icon_crest.e_crestpassivemprecoveryup_tex	Aumenta a reposição de MP em 10%.
23011	Triumphant Shout	70100	icon_skills.shout_tex	Grito Triunfante Espirituoso	icon_crest.e_crestpassivemprecoveryup_tex	Aumenta a reposição de MP em 50%.
23012	Whirlwind	30100	icon_skills.sworddance_tex	Redemoinho brilhante	icon_crest.e_crestpassivempdown_tex	Reduz o custo de MP em 63.
23013	Dash	50100	icon_skills.dash_tex	Traço energético	icon_crest.e_crestpassivecooltimedown_tex	Diminui o tempo de recarga em 25%.
23014	Backstab	60100	icon_skills.turnaroundattack_tex	Punhalada Energética pelas Costas	icon_crest.e_crestpassivecooltimedown_tex	Diminui o tempo de recarga em 15%.
23015	Triumphant Shout	70100	icon_skills.shout_tex	Grito energético e triunfante	icon_crest.e_crestpassivecooltimedown_tex	Diminui o tempo de recarga em 20%.
23016	Heart Thrust	120100	icon_skills.stingerblade_tex	Impulso do coração fortalecido	icon_crest.e_crestpassiveattackup_tex	Aumenta o dano da habilidade em 25%.
23017	Fury Strike	160100	icon_skills.ragingstrike_tex	Golpe de Fúria Potencializado	icon_crest.e_crestpassiveattackup_tex	Aumenta o dano da habilidade em 25%.
23018	Stunning Backhand	130100	icon_skills.flatblade_tex	Backhand poderoso e impressionante	icon_crest.e_crestpassiveattackup_tex	Aumenta o dano da habilidade em 25%.
23019	Headlong Rush	170200	icon_skills.advancingleap_tex	Corrida enérgica e impetuosa	icon_crest.e_crestpassivecooltimedown_tex	Diminui o tempo de recarga em 25%.
23020	Leaping Strike	90100	icon_skills.downblow_tex	Golpe de Salto Brilhante	icon_crest.e_crestpassivempdown_tex	Reduz o custo de MP em 50.
23021	Distant Blade	140100	icon_skills.tripleslash_tex	Lâmina Distante Brilhante	icon_crest.e_crestpassivempdown_tex	Reduz o custo de MP em 18.
23022	Startling Kick	150100	icon_skills.retreatingkick_tex	Chute brilhante e surpreendente	icon_crest.e_crestpassivempdown_tex	Reduz o custo de MP em 30.
23023	Retaliate	100100	icon_skills.risingattack_tex	Retaliação Energética	icon_crest.e_crestpassivecooltimedown_tex	Diminui o tempo de recarga em 20%.
23024	Overhand Strike	80100	icon_skills.cuttingslash_tex	Golpe restaurador com a mão aberta	icon_crest.e_crestpassivehpheal_tex	Restaura imediatamente 3% HP.
23025	Tenacity	190100	icon_skills.tenacity_tex	Tenacidade energética	icon_crest.e_crestpassivecooltimedown_tex	Diminui o tempo de recarga em 20%.
23026	Exhausting Blow	210100	icon_skills.veinslash_tex	Golpe Exaustivo Fortalecido	icon_crest.e_crestpassiveattackup_tex	Aumenta o dano da habilidade em 25%.
23027	In Cold Blood	200100	icon_skills.destructionvigor_tex	Brilhantismo a sangue frio	icon_crest.e_crestpassivempdown_tex	Reduz o custo de MP em 50.
23028	Heart Thrust	120100	icon_skills.stingerblade_tex	Impulso cardíaco persistente	icon_crest.e_crestactivecooltimereset_tex	35% chance de eliminar o tempo de espera.
23029	Triumphant Shout	70100	icon_skills.shout_tex	Grito triunfante aterrado	icon_crest.e_crestactivedefenceup_tex	Aumenta a resistência em 20% por 10 segundos.
23030	Backstab	60100	icon_skills.turnaroundattack_tex	Punhalada nas costas em chamas	icon_crest.e_crestnextskillattackspeedup_tex	Acelera o lançamento de Heart Thrust em 25% por alguns segundos.
23031	Backstab	60100	icon_skills.turnaroundattack_tex	Punhalada nas costas em chamas	icon_crest.e_crestnextskillattackspeedup_tex	Acelera o lançamento do Knockdown Strike em 25% por alguns segundos.
23032	Fury Strike	160100	icon_skills.ragingstrike_tex	Ataque de Fúria Ardente	icon_crest.e_crestnextskillattackspeedup_tex	Acelera o lançamento do Whirlwind em 25% por alguns segundos.
23033	Fury Strike	160100	icon_skills.ragingstrike_tex	Golpe de Fúria Restaurativa	icon_crest.e_crestnextskillhpheal_tex	Restaura imediatamente 4% do total de HP quando você usa o golpe de mão atordoante.
23034	Exhausting Blow	210100	icon_skills.veinslash_tex	Golpe energético e exaustivo	icon_crest.e_crestpassivecooltimedown_tex	Diminui o tempo de recarga em 25%.
23035	Distant Blade	140100	icon_skills.tripleslash_tex	Lâmina distante entorpecente	icon_crest.e_crestactiveattackspeeddown_tex	20% de chance de reduzir a velocidade de ataque do oponente em 15% por 5 segundos.
23036	Tenacity	190100	icon_skills.tenacity_tex	Equilibrando a tenacidade	icon_crest.e_crestactivereactionresist_tex	Aumenta o equilíbrio em 50% por 15 segundos.
23037	In Cold Blood	200100	icon_skills.destructionvigor_tex	Ardendo em sangue frio	icon_crest.e_crestnextskillattackspeedup_tex	Acelera o lançamento de Heart Thrust em 25% por alguns segundos.
23038	Evasive Roll	40100	icon_skills.tumbling_tex	Rolagem evasiva persistente	icon_crest.e_crestactivecooltimereset_tex	20% chance de eliminar o tempo de espera.
23039	Evasive Roll	40100	icon_skills.tumbling_tex	Rolagem evasiva com link de energia	icon_crest.e_crestnextskillattackup_tex	Aumenta o dano do Fury Strike em 25% por alguns segundos.
23040	Knockdown Strike	20100	icon_skills.handyslash_tex	Golpe de derrubada com ligação elétrica	icon_crest.e_crestnextskillattackup_tex	Aumenta o dano do Overhand Strike em 20% por alguns segundos.
23041	Knockdown Strike	20100	icon_skills.handyslash_tex	Golpe Knockdown reforçado	icon_crest.e_crestpassivereactionup_tex	Aumenta a chance de nocaute e atordoamento em 20%.
23042	Startling Kick	150100	icon_skills.retreatingkick_tex	Chute surpreendente e persistente	icon_crest.e_crestpassivedurationup_tex	Aumenta a duração do efeito em 30%.
23043	Startling Kick	150100	icon_skills.retreatingkick_tex	Chute surpreendente e abrasador	icon_crest.e_crestnextskillattackspeedup_tex	Acelera o lançamento de Heart Thrust em 25% por alguns segundos.
23044	Startling Kick	150100	icon_skills.retreatingkick_tex	Chute surpreendente e abrasador	icon_crest.e_crestnextskillattackspeedup_tex	Acelera o lançamento do Knockdown Strike em 25% por alguns segundos.
23046	Overhand Strike	80100	icon_skills.cuttingslash_tex	Golpe persistente com a mão invertida	icon_crest.e_crestactivecooltimereset_tex	50% chance de eliminar o tempo de espera.
23047	Knockdown Strike	20100	icon_skills.handyslash_tex	Golpe de derrubada fortalecido	icon_crest.e_crestpassiveattackup_tex	Aumenta o dano da habilidade em 25%.
23048	Stunning Backhand	130100	icon_skills.flatblade_tex	Backhand poderoso e impressionante	icon_crest.e_crestpassiveattackup_tex	Aumenta o dano da habilidade em 25%.
23049	Overhand Strike	80100	icon_skills.cuttingslash_tex	Golpe restaurador com a mão aberta	icon_crest.e_crestpassivehpheal_tex	Restaura imediatamente 3% HP.
23050	Combo Attack	10100	icon_skills.comboattack_tex	Ataque Combo Rápido	icon_crest.e_crestactiveattackspeedup_tex	10% chance de aumentar a velocidade de ataque em 15% por 10 segundos.
23051	Exhausting Blow	210100	icon_skills.veinslash_tex	Golpe energético e exaustivo	icon_crest.e_crestpassivecooltimedown_tex	Diminui o tempo de recarga em 35%.
23052	Tenacity	190100	icon_skills.tenacity_tex	Equilibrando a tenacidade	icon_crest.e_crestactivereactionresist_tex	Duplica o equilíbrio por 15 segundos.
23053	Tenacity	190100	icon_skills.tenacity_tex	Tenacidade energética	icon_crest.e_crestpassivecooltimedown_tex	Diminui o tempo de recarga em 30%.
23054	Backstab	60100	icon_skills.turnaroundattack_tex	Punhalada nas costas em chamas	icon_crest.e_crestnextskillattackspeedup_tex	Acelera o lançamento de Heart Thrust em 35% por alguns segundos.
23055	Whirlwind	30100	icon_skills.sworddance_tex	Turbilhão Keen	icon_crest.e_crestpassivecriticalup_tex	Fator de critério triplo.
23056	Evasive Roll	40100	icon_skills.tumbling_tex	Rolagem evasiva com link de energia	icon_crest.e_crestpassiveattackup_tex	Aumenta o dano do Backstab em 25% por alguns segundos.
23057	Heart Thrust	120100	icon_skills.stingerblade_tex	Impulso do coração afiado	icon_crest.e_crestpassivecriticalup_tex	Fator de critério triplo.
23058	Overpower	180100	icon_skills.gatheringstrength_tex	Sobrepujança afiada	icon_crest.e_crestpassivecriticalup_tex	Dobra o fator de crítico do próximo ataque.
23059	Overpower	180100	icon_skills.gatheringstrength_tex	Superpotência reforçada	icon_crest.e_crestpassiveattackup_tex	Adiciona 10% de dano de habilidade ao próximo ataque.
23060	Startling Kick	150100	icon_skills.retreatingkick_tex	Chute rápido e surpreendente	icon_crest.e_crestpassiveskillspeedup_tex	Aumenta a velocidade de ataque do Startling Kick em 25%.
23061	Measured Slice	230100	icon_skills.cuthead_tex	Fatia Medida Keen	icon_crest.e_crestpassivecriticalup_tex	Fator de critério de duplas.
23062	Measured Slice	230100	icon_skills.cuthead_tex	Fatia Medida Empoderada	icon_crest.e_crestpassiveattackup_tex	Aumenta o dano da habilidade em 25%.
23063	Fury Strike	160100	icon_skills.ragingstrike_tex	Golpe de Fúria Potencializado	icon_crest.e_crestpassiveattackup_tex	Aumenta o dano da habilidade em 25%.
23064	Backstab	60100	icon_skills.turnaroundattack_tex	Punhalada Energética pelas Costas	icon_crest.e_crestpassivecooltimedown_tex	Diminui o tempo de recarga em 20%.
23065	Distant Blade	140100	icon_skills.tripleslash_tex	Lâmina distante entorpecente	icon_crest.e_crestactiveattackspeeddown_tex	30% de chance de reduzir a velocidade de ataque do oponente em 15% por 5 segundos.
23066	Headlong Rush	170200	icon_skills.advancingleap_tex	Corrida de cabeça com links de energia	icon_crest.e_crestpassiveattackup_tex	Aumenta o dano do Knockdown Strike em 25% por alguns segundos.
23067	Eviscerate	220100	icon_skills.jawbreaker_tex	Poderoso Eviscerate	icon_crest.e_crestpassiveattackup_tex	Aumenta o dano da habilidade em 25%.
23068	Eviscerate	220100	icon_skills.jawbreaker_tex	Poderoso Eviscerate	icon_crest.e_crestpassiveattackup_tex	Aumenta o dano da habilidade em 25%.
23069	Eviscerate	220100	icon_skills.jawbreaker_tex	Golpe de mão com ligação elétrica	icon_crest.e_crestnextskillattackup_tex	Aumenta o dano do Overhand Strike em 25% por alguns segundos.
23070	Eviscerate	220100	icon_skills.jawbreaker_tex	Evisceração Energética	icon_crest.e_crestpassivecooltimedown_tex	Diminui o tempo de recarga em 20%.
23071	Eviscerate	220100	icon_skills.jawbreaker_tex	Eviscerar com ligação elétrica	icon_crest.e_crestnextskillattackup_tex	Aumenta o dano do Measured Slice em 25% por alguns segundos
23072	Tenacity	190100	icon_skills.tenacity_tex	Tenacidade espirituosa	icon_crest.e_crestpassivepartympup_tex	50% chance de reabastecer 6% do seu MP total a cada segundo.
24000	Axe Block	20100	icon_skills.weapondefence_tex	Bloco de machado faísca mental	icon_crest.e_crestpassivempheal_tex	Reabastece 3% de PM em um bloqueio bem-sucedido.
24001	Axe Block	20100	icon_skills.weapondefence_tex	Bloco de machado bombeado	icon_crest.e_crestactiveattackup_tex	30% chance de aumentar o Poder em 20% por 5 segundos em um bloqueio bem-sucedido.
24002	Thunder Strike	30100	icon_skills.blastslash_tex	Esculpindo o golpe do trovão	icon_crest.e_crestpassivecriticalup_tex	Dobra a chance de crítico.
24003	Cyclone	100100	icon_skills.whirlwind_tex	Ciclone de entalhe	icon_crest.e_crestpassivecriticalup_tex	Dobra a chance de crítico.
24004	Combo Attack	10100	icon_skills.comboattack_tex	Ataque combinado de entalhe	icon_crest.e_crestpassivecriticalup_tex	Aumenta em 10% a chance de ser crítico.
24005	Thunder Strike	30100	icon_skills.blastslash_tex	Slick Thunder Strike	icon_crest.e_crestpassivepenaltydelete_tex	Elimina a restrição de movimentos lentos.
24006	Cyclone	100100	icon_skills.whirlwind_tex	Ciclone capacitado	icon_crest.e_crestpassiveattackup_tex	Aumenta o dano de sobrecarga adicional em 12%.
24007	Thunder Strike	30100	icon_skills.blastslash_tex	Golpe de Trovão Sanativo	icon_crest.e_crestpassivehpdown_tex	Diminui o consumo de HP em 50% quando sobrecarregado.
24008	Flatten	40100	icon_skills.bash_tex	Swift Flatten	icon_crest.e_crestpassiveskillspeedup_tex	Aumenta a velocidade de ataque de Flatten em 25%.
24009	Cyclone	100100	icon_skills.whirlwind_tex	Ciclone acelerado	icon_crest.e_crestpassiveskillspeedup_tex	Aumenta a velocidade de carregamento em 25%.
24010	Mocking Shout	70100	icon_skills.shockingshout_tex	Grito de zombaria apressado	icon_crest.e_crestpassiveskillspeedup_tex	Aumenta a velocidade de lançamento em 50%.
24011	Fiery Rage	80100	icon_skills.berserk_tex	Fúria ardente bombeada	icon_crest.e_crestactiveattackup_tex	30% chance de aumentar o Poder em 10% adicionais por 20 segundos.
24012	Staggering Strike	60100	icon_skills.turnback_tex	Influência de uma greve impressionante	icon_crest.e_crestnextskillmpdown_tex	Reduz o custo de MP do Flatten em 63 por alguns segundos.
24013	Flatten	40100	icon_skills.bash_tex	Achatar empoderado	icon_crest.e_crestpassiveattackup_tex	Aumenta o dano da habilidade em 25%.
24015	Combo Attack	10100	icon_skills.comboattack_tex	Ataque Combo Espirituoso	icon_crest.e_crestpassivemprecoveryup_tex	Aumenta a reposição de MP em 15%.
24016	Triumphant Shout	90100	icon_skills.shout_tex	Grito Triunfante Espirituoso	icon_crest.e_crestpassivemprecoveryup_tex	Aumenta a reposição de MP em 50%.
24017	Unchained Anger	120100	icon_skills.vitalconversion_tex	Sanative Unchained Anger	icon_crest.e_crestpassivehpdown_tex	Diminui o consumo de HP em 50%.
24018	Dash	50100	icon_skills.dash_tex	Traço energético	icon_crest.e_crestpassivecooltimedown_tex	Diminui o tempo de recarga em 25%.
24019	Retaliate	130100	icon_skills.risingattack_tex	Retaliação Energética	icon_crest.e_crestpassivecooltimedown_tex	Diminui o tempo de recarga em 20%.
24020	Staggering Strike	60100	icon_skills.turnback_tex	Golpe de escalonamento energético	icon_crest.e_crestpassivecooltimedown_tex	Diminui o tempo de recarga em 20%.
24021	Leaping Strike	110100	icon_skills.downattack_tex	Golpe de salto fortalecido	icon_crest.e_crestpassiveattackup_tex	Aumenta o dano da habilidade em 25%.
24022	Vampiric Blow	150100	icon_skills.vampiricstrike_tex	Golpe Vampírico Potencializado	icon_crest.e_crestpassiveattackup_tex	Aumenta o dano da habilidade em 25%.
24023	Flurry of Blows	170100	icon_skills.gatheringrage_tex	Fluxo persistente de golpes	icon_crest.e_crestpassivedurationup_tex	Aumenta a duração do efeito em 30%.
24024	Fearsome Shout	160100	icon_skills.piercingshout_tex	Teste	icon_skills.voidtrap_tex	Sem efeito
24026	Triumphant Shout	90100	icon_skills.shout_tex	Grito energético e triunfante	icon_crest.e_crestpassivecooltimedown_tex	Diminui o tempo de recarga em 30%.
24027	Retaliate	130100	icon_skills.risingattack_tex	Retaliar com poder	icon_crest.e_crestpassiveattackup_tex	Aumenta o dano da habilidade em 25%.
24028	Bloodlust	210100	icon_skills.fury_tex	Brilhante sede de sangue	icon_crest.e_crestpassivempdown_tex	Reduz o custo de MP em 150.
24029	Tenacity	190100	icon_skills.tenacity_tex	Tenacidade energética	icon_crest.e_crestpassivecooltimedown_tex	Diminui o tempo de recarga em 20%.
24030	Inescapable Doom	200100	icon_skills.murderousvent_tex	Perdição energética inevitável	icon_crest.e_crestpassivecooltimedown_tex	Diminui o tempo de recarga em 20%.
24031	Triumphant Shout	90100	icon_skills.shout_tex	Grito triunfante influente	icon_crest.e_crestnextskillmpdown_tex	Reduz o custo de MP do Dash em 75 por alguns segundos.
24032	Lethal Strike	180100	icon_skills.soulstrike_tex	Golpe Letal Potencializado	icon_crest.e_crestpassiveattackup_tex	Aumenta o dano da habilidade em 25%.
24033	Inescapable Doom	200100	icon_skills.murderousvent_tex	Influência da desgraça inevitável	icon_crest.e_crestnextskillmpdown_tex	Reduz o custo de MP do Flatten em 63 por alguns segundos.
24034	Mocking Shout	70100	icon_skills.shockingshout_tex	Teste	icon_skills.voidtrap_tex	Sem efeito
24035	Mocking Shout	70100	icon_skills.shockingshout_tex	Grito de zombaria com ligação elétrica	icon_crest.e_crestnextskillattackup_tex	Aumenta o dano do Staggering Strike em 25% por alguns segundos.
24036	Unchained Anger	120100	icon_skills.vitalconversion_tex	Raiva desencadeada fortalecida	icon_crest.e_crestactivereactionup_tex	Aumenta Derrubar em 10% por 20 segundos.
24037	Unchained Anger	120100	icon_skills.vitalconversion_tex	Fúria furiosa sem correntes	icon_crest.e_crestactiveinvokeskill_tex	25% chance de ativar Flurry of Blows I.
24038	Fiery Rage	80100	icon_skills.berserk_tex	Fúria Ardente e Veloz	icon_crest.e_crestactivespeedup_tex	Aumenta a velocidade de movimento de combate em 20 por 15 segundos.
24039	Fearsome Shout	160100	icon_skills.piercingshout_tex	Grito de medo com ligação elétrica	icon_crest.e_crestnextskillattackup_tex	Aumenta o dano do Staggering Strike em 25% por alguns segundos.
24040	Leaping Strike	110100	icon_skills.downattack_tex	Golpe de Salto Persistente	icon_crest.e_crestactivecooltimereset_tex	30% chance de eliminar o tempo de espera.
24041	Inescapable Doom	200100	icon_skills.murderousvent_tex	Perda inevitável e persistente	icon_crest.e_crestpassivedurationup_tex	Aumenta a duração do efeito em 30%.
24042	Inescapable Doom	200100	icon_skills.murderousvent_tex	Perdição inescapável e ardente	icon_crest.e_crestnextskillattackspeedup_tex	Acelera o lançamento de Flatten em 25% por alguns segundos.
24043	Inescapable Doom	200100	icon_skills.murderousvent_tex	Teste	icon_skills.voidtrap_tex	Sem efeito
24044	Tenacity	190100	icon_skills.tenacity_tex	Equilibrando a tenacidade	icon_crest.e_crestactivereactionresist_tex	Aumenta o equilíbrio em 50% por 15 segundos.
24045	Lethal Strike	180100	icon_skills.soulstrike_tex	Slick Lethal Strike	icon_crest.e_crestpassivepenaltydelete_tex	Elimina a restrição de movimentos lentos.
24046	Leaping Strike	110100	icon_skills.downattack_tex	Golpe de Salto Ardente	icon_crest.e_crestnextskillattackspeedup_tex	Acelera o lançamento do Golpe Letal em 30% por alguns segundos.
24047	Staggering Strike	60100	icon_skills.turnback_tex	Golpe de escalonamento flamejante	icon_crest.e_crestnextskillattackspeedup_tex	Acelera o carregamento em 30% para o Thunder Strike por alguns segundos.
24048	Thunder Strike	30100	icon_skills.blastslash_tex	Esculpindo o golpe do trovão	icon_crest.e_crestpassivecriticalup_tex	Dobra a chance de crítico.
24049	Thunder Strike	30100	icon_skills.blastslash_tex	Slick Thunder Strike	icon_crest.e_crestpassivepenaltydelete_tex	Elimina a restrição de movimentos lentos.
24050	Flatten	40100	icon_skills.bash_tex	Swift Flatten	icon_crest.e_crestpassiveskillspeedup_tex	Aumenta a velocidade de ataque de Flatten em 25%.
24051	Thunder Strike	30100	icon_skills.blastslash_tex	Golpe de Trovão Sanativo	icon_crest.e_crestpassivehpdown_tex	Diminui o consumo de HP em 50%.
24052	Cyclone	100100	icon_skills.whirlwind_tex	Ciclone acelerado	icon_crest.e_crestpassiveskillspeedup_tex	Aumenta a velocidade de carregamento em 25%.
24053	Flatten	40100	icon_skills.bash_tex	Empowered Flatten	icon_crest.e_crestpassiveattackup_tex	Aumenta o dano da habilidade em 25%.
24054	Tenacity	190100	icon_skills.tenacity_tex	Equilibrando a tenacidade	icon_crest.e_crestactivereactionresist_tex	Duplica o equilíbrio por 15 segundos.
24055	Mocking Shout	70100	icon_skills.shockingshout_tex	Grito de zombaria apressado	icon_crest.e_crestpassiveskillspeedup_tex	Aumenta a velocidade de lançamento em 50%.
24056	Inescapable Doom	200100	icon_skills.murderousvent_tex	Perdição inescapável e ardente	icon_crest.e_crestnextskillattackspeedup_tex	Acelera o lançamento de Flatten em 30% por alguns segundos.
24057	Triumphant Shout	90100	icon_skills.shout_tex	Grito triunfante aterrado	icon_crest.e_crestactivedefenceup_tex	Aumenta a resistência em 16 por 12 segundos.
24058	Dash	50100	icon_skills.dash_tex	Persistent Dash	icon_crest.e_crestactivecooltimereset_tex	35% chance de eliminar o tempo de espera.
24059	Leaping Strike	110100	icon_skills.downattack_tex	Golpe de salto certeiro	icon_crest.e_crestpassivecriticalup_tex	Fator de critério de duplas.
24060	Tenacity	190100	icon_skills.tenacity_tex	Tenacidade restauradora	icon_crest.e_crestpassivehpheal_tex	Restaura imediatamente 12% de seu HP total.
24061	Tenacity	190100	icon_skills.tenacity_tex	Tenacidade espirituosa	icon_crest.e_crestpassivemprecoveryup_tex	50% chance de reabastecer 6% do seu MP total a cada segundo.
24062	Retaliate	130100	icon_skills.risingattack_tex	Furious Retaliate	icon_crest.e_crestpassivehpattackup_tex	Aumenta seu dano à medida que seu HP diminui (até 4 vezes).
24063	Evasive Smash	240100	icon_skills.ribbreaker_tex	Golpe Evasivo Potencializado	icon_crest.e_crestpassiveattackup_tex	Aumenta o dano da habilidade em 25%.
24064	Evasive Smash	240100	icon_skills.ribbreaker_tex	Esculpir o Smash Evasivo	icon_crest.e_crestpassivecriticalup_tex	Dobra a chance de crítico.
24065	Axe Block	20100	icon_skills.weapondefence_tex	Mindsparked Axe Block	icon_crest.e_crestpassivemprecoveryup_tex	Restaura 3% de PM em um bloqueio bem-sucedido.
24066	Cyclone	100100	icon_skills.whirlwind_tex	Ciclone de entalhe	icon_crest.e_crestpassivecriticalup_tex	Dobra a chance de crítico.
24067	Thunder Strike	30100	icon_skills.blastslash_tex	Golpe Rápido do Trovão	icon_crest.e_crestnextskillattackspeedup_tex	Aumenta a velocidade de carregamento em 25%.
24068	Staggering Strike	60100	icon_skills.turnback_tex	Ataque Persistente e Espantoso	icon_crest.e_crestactivecooltimereset_tex	35% chance de eliminar o tempo de espera.
24069	Unbreakable	270100	icon_skills.selfbuff_tex	Energético Inquebrável	icon_crest.e_crestpassivecooltimedown_tex	Diminui o tempo de recarga em 20%.
24070	Unbreakable	270100	icon_skills.selfbuff_tex	Energético Inquebrável	icon_crest.e_crestpassivecooltimedown_tex	Diminui o tempo de recarga em 20%.
24071	Unbreakable	270100	icon_skills.selfbuff_tex	Inquebrável e persistente	icon_crest.e_crestpassivedurationup_tex	Aumenta a duração do efeito em 20%.
24072	Raze	230100	icon_skills.sideslash_tex	Ataque do trovão flamejante	icon_crest.e_crestnextskillattackspeedup_tex	Acelera o lançamento do Thunder Strike em 25% por alguns segundos.
24073	Raze	230100	icon_skills.sideslash_tex	Razeamento espirituoso	icon_crest.e_crestpassivempdown_tex	Aumenta a reposição de MP em 20%.
24074	Raze	230100	icon_skills.sideslash_tex	Raze Energético	icon_crest.e_crestpassivecooltimedown_tex	Diminui o tempo de recarga em 25%.
24075	Tackle	220100	icon_skills.throwaxe_tex	Brilliant Tackle	icon_crest.e_crestpassivempdown_tex	Reduz o custo de MP em 150.
24076	Tackle	220100	icon_skills.throwaxe_tex	Equipamento de pés rápidos	icon_crest.e_crestpassivechargemove_tex	Aumenta a velocidade de movimento de combate em 20 por 15 segundos.
24077	Tackle	220100	icon_skills.throwaxe_tex	Equipamento Keen	icon_crest.e_crestpassivecriticalup_tex	Fator de critério de duplas.
24078	Raze	230100	icon_skills.sideslash_tex	Swift Raze	icon_crest.e_crestpassiveaggroup_tex	Aumenta a velocidade de lançamento em 25%.
25000	Fireball	10100	icon_skills.fireball_tex	Bola de fogo Longshot	icon_crest.e_crestpassiverangeup_tex	Aumenta o alcance em 3 metros.
25001	Backstep	70100	icon_skills.backstep_tex	Indignant Backstep	icon_crest.e_crestactiveinvokeskill_tex	20% chance de acionar o Overchannel.
25003	Fireblast	60100	icon_skills.hellfire_tex	Explosão de fogo acelerada	icon_crest.e_crestpassiveskillspeedup_tex	Aumenta a velocidade de lançamento em 17%.
25004	Mana Barrier	100100	icon_skills.manashield_tex	Barreira de Mana bombeada	icon_crest.e_crestactiveattackup_tex	Aumenta o poder em 10% por 15 segundos.
25005	Mana Barrier	100100	icon_skills.manashield_tex	Barreira de mana aterrada	icon_crest.e_crestactivedefenceup_tex	Aumenta a resistência em 20% por 15 segundos.
25006	Lightning Trap	30100	icon_skills.shocktrap_tex	Armadilha para raios com ligação elétrica	icon_crest.e_crestnextskillattackup_tex	Aumenta o dano do Fireblast em 20% por alguns segundos.
25009	Mana Infusion	50100	icon_skills.mpcondensing_tex	Infusão de Mana Espiritual	icon_crest.e_crestpassivemprecoveryup_tex	Aumenta a reposição de MP em 10%.
25010	Overchannel	90100	icon_skills.kicharge_tex	Canal de energia	icon_crest.e_crestpassivecooltimedown_tex	Diminui o tempo de recarga em 30%.
25011	Mana Barrier	100100	icon_skills.manashield_tex	Barreira de Mana Energética	icon_crest.e_crestpassivecooltimedown_tex	Diminui o tempo de recarga em 20%.
25012	Void Pulse	120100	icon_skills.lightofruin_tex	Pulso Energético do Vácuo	icon_crest.e_crestpassivecooltimedown_tex	Diminui o tempo de recarga em 20%.
25013	Ice Needle	20100	icon_skills.icicle_tex	Agulha de gelo energética	icon_crest.e_crestpassivecooltimedown_tex	Diminui o tempo de recarga em 30%.
25014	Lightning Trap	30100	icon_skills.shocktrap_tex	Brilhante armadilha para raios	icon_crest.e_crestpassivempdown_tex	Reduz o custo de MP em 100.
25015	Void Pulse	120100	icon_skills.lightofruin_tex	Pulso do Vácuo Brilhante	icon_crest.e_crestpassivempdown_tex	Reduz o custo de MP em 250.
25016	Arcane Pulse	40100	icon_skills.blastball_tex	Pulso Arcano Potencializado	icon_crest.e_crestpassiveattackup_tex	Aumenta o dano da habilidade em 25%.
25017	Fireblast	60100	icon_skills.hellfire_tex	Brilhante explosão de fogo	icon_crest.e_crestpassivempdown_tex	Reduz o custo de MP em 250.
25018	Painblast	160100	icon_skills.disease_tex	Explosão de dor persistente	icon_crest.e_crestpassivedurationup_tex	Aumenta a duração do efeito em 40%.
25019	Flame Pillar	80100	icon_skills.auraburn_tex	Pilar de chama fortalecido	icon_crest.e_crestpassiveattackup_tex	Aumenta o dano da habilidade em 25%.
25021	Mana Extraction	0		Fragmento de glyph passado	icon_skills.voidtrap_tex	Esse antigo glyph fragmentado não é mais usado.
25022	Mindblast	130100	icon_skills.sleepwind_tex	Explosão mental persistente	icon_crest.e_crestpassivedurationup_tex	Aumenta a duração do efeito em 25%.
25023	Mana Siphon	190100	icon_skills.manaextortion_tex	Sifão de Mana Espiritual	icon_crest.e_crestpassivemprecoveryup_tex	Aumenta a reposição de MP em 10%.
25025	Flaming Barrage	200100	icon_skills.trackinginferno_tex	Barragem Flamejante Brilhante	icon_crest.e_crestpassivempdown_tex	Reduz o custo de MP em 150.
25026	Magma Bomb	110100	icon_skills.howitzer_tex	Bomba de Magma Brilhante	icon_crest.e_crestpassivempdown_tex	Reduz o custo de MP em 100.
25027	Painful Trap	170100	icon_skills.blastmine_tex	Armadilha Brilhante e Dolorosa	icon_crest.e_crestpassivempdown_tex	Reduz o custo de MP em 75.
25028	Glacial Retreat	180100	icon_skills.freezingtheearth_tex	Recuo glacial persistente	icon_crest.e_crestpassivedurationup_tex	Aumenta a duração do efeito em 40%.
25029	Arcane Pulse	40100	icon_skills.blastball_tex	Pulso Arcano com ligação elétrica	icon_crest.e_crestnextskillattackup_tex	Aumenta o dano da Agulha de Gelo em 25% por alguns segundos.
25030	Painful Trap	170100	icon_skills.blastmine_tex	Armadilha dolorosa influente	icon_crest.e_crestnextskillmpdown_tex	Reduz o custo de MP do Pilar de Chamas em 80 por alguns segundos.
25031	Glacial Retreat	180100	icon_skills.freezingtheearth_tex	Recuo glacial indignado	icon_crest.e_crestactiveinvokeskill_tex	35% chance de acionar o Overchannel.
25032	Mana Siphon	190100	icon_skills.manaextortion_tex	Sifão de Mana Indigno	icon_crest.e_crestactiveinvokeskill_tex	20% chance de acionar o Overchannel.
25033	Time Gyre	250100	icon_skills.curseofshackle_tex	Giro de tempo energético	icon_crest.e_crestpassivecooltimedown_tex	Diminui o tempo de recarga em 15%.
25034	Burning Breath	220100	icon_skills.burningbreath_tex	Hálito ardente e persistente	icon_crest.e_crestpassivedurationup_tex	Aumenta a duração do efeito em 20%.
25035	Burst of Celerity	240100	icon_skills.contractofquickness_tex	Rajada Rápida de Celeridade	icon_crest.e_crestpassiveskilleffectup_tex	Aumenta a velocidade de ataque em 50%.
25036	Nerve Exhaustion	210100	icon_skills.neurasthenia_tex	Exaustão do nervo energético	icon_crest.e_crestpassivecooltimedown_tex	Diminui o tempo de recarga em 20%.
25037	Mana Volley	230100	icon_skills.mpsink_tex	Vôlei de mana persistente	icon_crest.e_crestpassivedurationup_tex	Aumenta a duração do efeito em 40%.
25038	Retaliate	140100	icon_skills.risingattack_tex	Retaliação Energética	icon_crest.e_crestpassivecooltimedown_tex	Diminui o tempo de recarga em 20%.
25039	Retaliate	140100	icon_skills.risingattack_tex	Blindagem Retaliate	icon_crest.e_crestactiveinvokeskill_tex	50% chance de ativar a Barreira de Mana II.
25040	Mana Siphon	190100	icon_skills.manaextortion_tex	Sifão de Mana Energético	icon_crest.e_crestpassivecooltimedown_tex	Diminui o tempo de recarga em 20%.
25041	Mana Barrier	100100	icon_skills.manashield_tex	Barreira de mana persistente	icon_crest.e_crestpassivedurationup_tex	Aumenta a duração do efeito em 50%.
25042	Mana Siphon	190100	icon_skills.manaextortion_tex	Sifão de Mana Ardente	icon_crest.e_crestnextskillattackspeedup_tex	Acelera o lançamento da Barragem Flamejante em 25% por alguns segundos.
25043	Lightning Trap	30100	icon_skills.shocktrap_tex	Armadilha de relâmpago flamejante	icon_crest.e_crestnextskillattackspeedup_tex	Acelera o lançamento do Pilar de Chamas em 25% por alguns segundos.
25044	Burning Breath	220100	icon_skills.burningbreath_tex	Powerlink Burning Breath	icon_crest.e_crestnextskillattackup_tex	Aumenta o dano da Barragem Flamejante em 35% por alguns segundos.
25045	Glacial Retreat	180100	icon_skills.freezingtheearth_tex	Retiro Glacial Ardente	icon_crest.e_crestnextskillattackspeedup_tex	Acelera o lançamento de Armadilha de Raios em 40% por alguns segundos.
25046	Time Gyre	250100	icon_skills.curseofshackle_tex	Giro de tempo multiplicativo	icon_crest.e_crestpassivelockontargetup_tex	Aumenta o número de alvos de bloqueio em 100%.
25047	Time Gyre	250100	icon_skills.curseofshackle_tex	Giro do Tempo Ardente	icon_crest.e_crestnextskillattackspeedup_tex	Acelera o lançamento do Fireblast em 25% por alguns segundos.
25048	Mindblast	130100	icon_skills.sleepwind_tex	Explosão mental acelerada	icon_crest.e_crestpassiveskillspeedup_tex	Aumenta a velocidade de lançamento em 30%.
25049	Mindblast	130100	icon_skills.sleepwind_tex	Explosão mental persistente	icon_crest.e_crestactivecooltimereset_tex	25% chance de eliminar o tempo de espera.
25050	Ice Needle	20100	icon_skills.icicle_tex	Agulha de gelo persistente	icon_crest.e_crestpassivedurationup_tex	Aumenta a duração do efeito em 50%.
25051	Ice Needle	20100	icon_skills.icicle_tex	Desaceleração da agulha de gelo	icon_crest.e_crestpassiveskilleffectup_tex	Diminui a velocidade de movimento do oponente em um valor adicional de 20%.
25052	Ice Needle	20100	icon_skills.icicle_tex	Agulha de gelo flamejante	icon_crest.e_crestnextskillattackspeedup_tex	Acelera o lançamento de Mindblast em 40% por alguns segundos.
25053	Painblast	160100	icon_skills.disease_tex	Explosão de dor em flor	icon_crest.e_crestpassiveskilleffectup_tex	Aumenta o dano periódico em 20%.
25054	Painblast	160100	icon_skills.disease_tex	Desaceleração do Painblast	icon_crest.e_crestactivespeeddown_tex	50% de chance de reduzir a velocidade de movimento do oponente em 50% por 7 segundos.
25055	Fireblast	60100	icon_skills.hellfire_tex	Explosão de fogo impulsionadora	icon_crest.e_crestpassivecriticalup_tex	Aumenta a chance de acerto crítico em 2x ao lutar contra monstros.
25056	Flaming Barrage	200100	icon_skills.trackinginferno_tex	Barragem Flamejante Multiplicativa	icon_crest.e_crestpassivelockontargetup_tex	Aumenta o número de alvos de bloqueio em 0%.
25057	Arcane Pulse	40100	icon_skills.blastball_tex	Teste	icon_skills.voidtrap_tex	Sem efeito
25058	Magma Bomb	110100	icon_skills.howitzer_tex	Bomba de magma persistente	icon_crest.e_crestactivecooltimereset_tex	30% chance de eliminar o tempo de espera.
25059	Flame Pillar	80100	icon_skills.auraburn_tex	Pilar de chama flamejante	icon_crest.e_crestnextskillattackspeedup_tex	Acelera o lançamento de Armadilha de Raios em 40% por alguns segundos.
25060	Mindblast	130100	icon_skills.sleepwind_tex	Explosão mental compartilhada	icon_crest.e_crestpassivethorns_tex	Aumenta a chance de debuff em 30% ao atingir vários alvos.
25061	Fireblast	60100	icon_skills.hellfire_tex	Jato de Fogo Energético	icon_crest.e_crestpassivecooltimedown_tex	Diminui o tempo de recarga em 10%.
25062	Glacial Retreat	180100	icon_skills.freezingtheearth_tex	Retiro Glacial Ardente	icon_crest.e_crestnextskillattackspeedup_tex	Acelera o carregamento em 30% para o Pulso Arcano por alguns segundos.
25063	Teleport Jaunt	260100	icon_skills.shortteleport_tex	Salto de teleporte energético	icon_crest.e_crestpassivecooltimedown_tex	Diminui o tempo de recarga em 15%.
25064	Flame Pillar	80100	icon_skills.auraburn_tex	Pilar de Chama Energética	icon_crest.e_crestpassivecooltimedown_tex	Diminui o tempo de recarga em 20%.
25065	Hail Storm	270100	icon_skills.icestorm_tex	Tempestade de granizo energética	icon_crest.e_crestpassivecooltimedown_tex	Diminui o tempo de recarga em 20%.
25066	Hail Storm	270100	icon_skills.icestorm_tex	Brilhante tempestade de granizo	icon_crest.e_crestpassivempdown_tex	Reduz o custo de MP em 300.
25068	Burst of Celerity	240100	icon_skills.contractofquickness_tex	Rajada Rápida de Celeridade	icon_crest.e_crestpassiveskilleffectup_tex	Aumenta a velocidade de ataque em 50%.
25069	Fireblast	60100	icon_skills.hellfire_tex	Explosão de fogo acelerada	icon_crest.e_crestpassiveskillspeedup_tex	Aumenta a velocidade de lançamento em 25%.
25070	Fireblast	60100	icon_skills.hellfire_tex	Jato de Fogo Energético	icon_crest.e_crestpassivecooltimedown_tex	Diminui o tempo de recarga em 10%.
25071	Lightning Trap	30100	icon_skills.shocktrap_tex	Armadilha para raios com ligação elétrica	icon_crest.e_crestnextskillattackup_tex	Aumenta o dano do Fireblast em 20% por alguns segundos.
25072	Void Pulse	120100	icon_skills.lightofruin_tex	Pulso do Vácuo Brilhante	icon_crest.e_crestpassivempdown_tex	Reduz o custo de MP em 250.
25073	Mindblast	130100	icon_skills.sleepwind_tex	Explosão mental compartilhada	icon_crest.e_crestpassivethorns_tex	Aumenta a chance de debuff em 30% ao atingir vários alvos.
25074	Nerve Exhaustion	210100	icon_skills.neurasthenia_tex	Exaustão do nervo energético	icon_crest.e_crestpassivecooltimedown_tex	Diminui o tempo de recarga em 30%.
25075	Lightning Trap	30100	icon_skills.shocktrap_tex	Brilhante armadilha para raios	icon_crest.e_crestpassivempdown_tex	Reduz o custo de MP em 100.
25076	Time Gyre	250100	icon_skills.curseofshackle_tex	Giro de tempo multiplicativo	icon_crest.e_crestpassivelockontargetup_tex	Aumenta o número de alvos de bloqueio em 100%.
25077	Flame Pillar	80100	icon_skills.auraburn_tex	Pilar de chamas de proteção	icon_crest.e_crestpassivehpattackup_tex	8% chance de ativar a Barreira de Mana I.
25078	Painblast	160100	icon_skills.disease_tex	Jato de dor energético	icon_crest.e_crestpassivecooltimedown_tex	Diminui o tempo de recarga em 25%.
25079	Burning Breath	220100	icon_skills.burningbreath_tex	Impedimento da respiração ardente	icon_crest.e_crestpassivetargethealdown_tex	Diminui o poder de cura dos PCs hostis em 50%
25080	Mana Barrier	100100	icon_skills.manashield_tex	Barreira de Mana de Proteção	icon_crest.e_crestpassivemaxabsorbup_tex	Aumenta a absorção de danos em 30%.
25081	Arcane Pulse	40100	icon_skills.blastball_tex	Pulso Arcano de Keen	icon_crest.e_crestpassivecriticalup_tex	Dobra o fator de crítico por 4 segundos.
25082	Arcane Pulse	40100	icon_skills.blastball_tex	Pulso Arcano Slick	icon_crest.e_crestpassivechargemove_tex	Pode se mover durante o carregamento.
25083	Stone Skin	280100	icon_skills.stoneshape_tex	Pele de pedra energética	icon_crest.e_crestpassivecooltimedown_tex	Diminui o tempo de recarga em 20%.
25084	Stone Skin	280100	icon_skills.stoneshape_tex	Pele de pedra energética	icon_crest.e_crestpassivecooltimedown_tex	Diminui o tempo de recarga em 20%.
25085	Mana Barrier	100100	icon_skills.manashield_tex	Barreira de mana persistente	icon_crest.e_crestpassivedurationup_tex	Aumenta a duração do efeito em 50%.
25086	Fireblast	60100	icon_skills.hellfire_tex	Brilhante explosão de fogo	icon_crest.e_crestactivempzero_tex	Reduz o custo de MP em 250.
25087	Backstep	70100	icon_skills.backstep_tex	Passo para trás com o pé na frota	icon_crest.e_crestpassiveskilleffectup_tex	Aumenta a velocidade de movimento em 20% por 2 segundos.
25088	Painblast	160100	icon_skills.disease_tex	Jato de tinta com ligação elétrica	icon_crest.e_crestnextskillattackup_tex	Aumenta o dano da Barragem Flamejante em 25% por alguns segundos.
25089	Nova	300100	icon_skills.manaburst_tex	Keen Nova	icon_crest.e_crestpassivecriticalup_tex	Dobra o fator de crítico por 4 segundos.
25090	Nova	300100	icon_skills.manaburst_tex	Nova com base	icon_crest.e_crestactivedefenceup_tex	Aumenta a resistência em 20% por 15 segundos.
25091	Nova	300100	icon_skills.manaburst_tex	Nova Energética	icon_crest.e_crestpassivecooltimedown_tex	Diminui o tempo de recarga em 20%.
25092	Nova	300100	icon_skills.manaburst_tex	Swift Nova	icon_crest.e_crestpassiveskillspeedup_tex	Aumenta a velocidade de lançamento em 30%.
25093	Warp Barrier	310100	icon_skills.distortionfield_tex	Barreira de dobra energética	icon_crest.e_crestpassivecooltimedown_tex	Diminui o tempo de recarga em 20%.
25094	Warp Barrier	310100	icon_skills.distortionfield_tex	Barreira de dobra energética	icon_crest.e_crestpassivecooltimedown_tex	Diminui o tempo de recarga em 20%.
25095	Warp Barrier	310100	icon_skills.distortionfield_tex	Barreira de dobra persistente	icon_crest.e_crestpassivedurationup_tex	Aumenta a duração do efeito em 30%.
26000	Arrow Volley	20100	icon_skills.arrowshower_tex	Vôlei de seta multiplicativo	icon_crest.e_crestpassivelockontargetup_tex	Aumenta o número de alvos de bloqueio em 0%.
26001	Radiant Arrow	30100	icon_skills.chargearrow_tex	Flecha Radiante Longshot	icon_crest.e_crestpassiverangeup_tex	Aumenta o alcance em 3 metros.
26002	Penetrating Arrow	40100	icon_skills.througharrow_tex	Flecha Penetrante Longshot	icon_crest.e_crestpassiverangeup_tex	Aumenta o alcance em 3 metros.
26004	Penetrating Arrow	40100	icon_skills.througharrow_tex	Flecha Penetrante Potencializada	icon_crest.e_crestpassiveattackup_tex	Aumenta o dano da habilidade em 25%.
26005	Poison Trap	110100	icon_skills.venomtrap_tex	Teste	s_tex	Sem efeito
26006	Slow Trap	90100	icon_skills.webtrap_tex	Armadilha lenta e persistente	icon_crest.e_crestpassivedurationup_tex	Aumenta a duração do efeito em 50%.
26007	Stunning Trap	100100	icon_skills.paralysistrap_tex	Armadilha de atordoamento persistente	icon_crest.e_crestpassivedurationup_tex	Aumenta a duração do efeito em 25%.
26008	Arrow	10100	icon_skills.arrowshot_tex	Seta de desaceleração	icon_crest.e_crestactivespeeddown_tex	5% de chance de reduzir a velocidade de movimento do oponente em 50% por 3 segundos.
26009	Arrow	10100	icon_skills.arrowshot_tex	Flecha de sabotagem	icon_crest.e_crestactivestun_tex	5% chance de atordoar o oponente.
26010	Arrow	10100	icon_skills.arrowshot_tex	Flecha Perfurante	icon_crest.e_crestactivekill_tex	10% chance de causar o dobro de dano.
26011	Radiant Arrow	30100	icon_skills.chargearrow_tex	Flecha Radiante Liso	icon_crest.e_crestpassivepenaltydelete_tex	Elimina a restrição de movimentos lentos.
26012	Penetrating Arrow	40100	icon_skills.througharrow_tex	Flecha Penetrante Slick	icon_crest.e_crestpassivepenaltydelete_tex	Elimina a restrição de movimentos lentos.
26017	Rapid Fire	80100	icon_skills.rapidshot_tex	Fogo rápido persistente	icon_crest.e_crestactivecooltimereset_tex	10% chance de eliminar o tempo de espera.
26018	Backstep	60100	icon_skills.backstep_tex	Backstep energético	icon_crest.e_crestpassivecooltimedown_tex	Diminui o tempo de recarga em 29%.
26019	Feign Death	70100	icon_skills.feigndeath_tex	Morte Fingida Energética	icon_crest.e_crestpassivecooltimedown_tex	Diminui o tempo de recarga em 20%.
26020	Retaliate	140100	icon_skills.risingattack_tex	Retaliar com poder	icon_crest.e_crestpassiveattackup_tex	Aumenta o dano da habilidade em 25%.
26021	Rain of Arrows	50100	icon_skills.arrowfall_tex	Chuva energética de flechas	icon_crest.e_crestpassivecooltimedown_tex	Diminui o tempo de recarga em 25%.
26022	Breakaway Bolt	160100	icon_skills.escapingattack_tex	Parafuso de ruptura energético	icon_crest.e_crestpassivecooltimedown_tex	Diminui o tempo de recarga em 25%.
26023	Incendiary Trap	150100	icon_skills.explosiontrap_tex	Armadilha Incendiária Potencializada	icon_crest.e_crestpassiveattackup_tex	Aumenta o dano da habilidade em 25%.
26024	Web Arrow	170100	icon_skills.spiderarrow_tex	Seta de rede maior	icon_crest.e_crestpassivedurationup_tex	Aumenta a duração do efeito em 40%.
26025	Retaliate	140100	icon_skills.risingattack_tex	Retaliação Energética	icon_crest.e_crestpassivecooltimedown_tex	Diminui o tempo de recarga em 20%.
26026	Poison Trap	110100	icon_skills.venomtrap_tex	Teste	icon_skills.voidtrap_tex	Sem efeito
26027	Poison Arrow	190100	icon_skills.venomarrow_tex	Flecha de veneno persistente	icon_crest.e_crestpassivedurationup_tex	Aumenta a duração do efeito em 40%.
26028	Sniper's Eye	210100	icon_skills.focusstance_tex	Seta de rede influente	icon_crest.e_crestnextskillmpdown_tex	Reduz o custo de PM do Web Arrow em 13 por alguns segundos.
26029	Restraining Arrow	200100	icon_skills.contaningshot_tex	Seta de restrição persistente	icon_crest.e_crestpassivedurationup_tex	Aumenta a duração do efeito em 50%.
26030	Velik's Mark	120100	icon_skills.markingofarcher_tex	Flecha Venenosa Influente	icon_crest.e_crestnextskillmpdown_tex	Reduz o custo de MP da Flecha Venenosa em 31 por alguns segundos.
26031	Arrow Volley	20100	icon_skills.arrowshower_tex	Armadilha Incendiária Influente	icon_crest.e_crestnextskillmpdown_tex	Reduz o custo de MP da Armadilha Incendiária em 75 por alguns segundos.
26032	Breakaway Bolt	160100	icon_skills.escapingattack_tex	Flecha penetrante com link de energia	icon_crest.e_crestnextskillattackup_tex	Aumenta o dano da Flecha Penetrante em 25% por alguns segundos.
26033	Web Arrow	170100	icon_skills.spiderarrow_tex	Flecha de teia veloz	icon_crest.e_crestactivespeedup_tex	20% de chance de aumentar a velocidade de movimento em 10 por 12 segundos enquanto estiver em combate.
26034	Restraining Arrow	200100	icon_skills.contaningshot_tex	Flecha de restrição energética	icon_crest.e_crestpassivecooltimedown_tex	Diminui o tempo de recarga em 20%.
26035	Restraining Arrow	200100	icon_skills.contaningshot_tex	Flecha de restrição de sabotagem	icon_crest.e_crestactivestun_tex	20% de chance de atordoar o alvo por 3 segundos.
26036	Velik's Mark	120100	icon_skills.markingofarcher_tex	Marca persistente de Velik	icon_crest.e_crestpassivedurationup_tex	Aumenta a duração do efeito em 25%.
26037	Velik's Mark	120100	icon_skills.markingofarcher_tex	Flecha Venenosa Ardente	icon_crest.e_crestnextskillattackspeedup_tex	Acelera o lançamento da Flecha Venenosa em 25% por alguns segundos.
26038	Arrow Volley	20100	icon_skills.arrowshower_tex	Seta persistente de vôlei	icon_crest.e_crestactivecooltimereset_tex	30% chance de eliminar o tempo de espera.
26039	Arrow Volley	20100	icon_skills.arrowshower_tex	Armadilha de fogo impressionante	icon_crest.e_crestnextskillattackspeedup_tex	Acelera o lançamento de Stunning Trap em 40% por alguns segundos.
26040	Close Quarters	180100	icon_skills.turningkick_tex	Contatos próximos capacitados	icon_crest.e_crestpassiveattackup_tex	Aumenta o dano da habilidade em 20%.
26041	Rapid Fire	80100	icon_skills.rapidshot_tex	Fogo rápido e espirituoso	icon_crest.e_crestpassivemprecoveryup_tex	Aumenta a reposição de MP em 20% ao atingir o alvo.
26042	Final Salvo	220100	icon_skills.chainrapidshot_tex	Salvo final persistente	icon_crest.e_crestactivecooltimereset_tex	50% chance de eliminar o tempo de espera.
26043	Breakaway Bolt	160100	icon_skills.escapingattack_tex	Parafuso de fuga Fleetfooted	icon_crest.e_crestactivespeedup_tex	30% de chance de aumentar a velocidade de movimento em 10 por 8 segundos enquanto estiver em combate.
26044	Breakaway Bolt	160100	icon_skills.escapingattack_tex	Teste	icon_skills.voidtrap_tex	Sem efeito
26045	Feign Death	70100	icon_skills.feigndeath_tex	Regeneração da morte falsa	icon_crest.e_crestpassivehpheal_tex	Cura 2% do HP total a cada 1 segundo por 15 segundos. Somente fora de combate.
26046	Incendiary Trap	150100	icon_skills.explosiontrap_tex	Vôlei de flecha com ligação elétrica	icon_crest.e_crestnextskillattackup_tex	Aumenta o dano de Arrow Volley em 25% por alguns segundos.
26047	Rain of Arrows	50100	icon_skills.arrowfall_tex	Chuva de flechas fortalecida	icon_crest.e_crestpassiveattackup_tex	Aumenta o dano da habilidade em 25%.
26048	Stunning Trap	100100	icon_skills.paralysistrap_tex	Flecha Penetrante Ardente	icon_crest.e_crestnextskillattackspeedup_tex	Acelera o lançamento da Flecha Penetrante em 30% por alguns segundos.
26049	Arrow Volley	20100	icon_skills.arrowshower_tex	Flecha Penetrante Ardente	icon_crest.e_crestnextskillattackspeedup_tex	Acelera o lançamento da Flecha Penetrante em 30% por alguns segundos.
26050	Poison Arrow	190100	icon_skills.venomarrow_tex	Flecha Radiante Ardente	icon_crest.e_crestnextskillattackspeedup_tex	Acelera o lançamento de Radiant Arrow em 30% por alguns segundos.
26051	Final Salvo	220100	icon_skills.chainrapidshot_tex	Flecha Penetrante Ardente	icon_crest.e_crestnextskillattackspeedup_tex	Acelera o lançamento da Flecha Penetrante em 30% por alguns segundos.
26053	Penetrating Arrow	40100	icon_skills.througharrow_tex	Flecha Penetrante Potencializada	icon_crest.e_crestpassiveattackup_tex	Aumenta o dano da habilidade em 25%.
26054	Penetrating Arrow	40100	icon_skills.througharrow_tex	Flecha Penetrante Slick	icon_crest.e_crestpassivepenaltydelete_tex	Elimina a restrição de movimentos lentos.
26055	Radiant Arrow	30100	icon_skills.chargearrow_tex	Flecha Radiante Liso	icon_crest.e_crestpassivepenaltydelete_tex	Elimina a restrição de movimentos lentos.
26056	Backstep	60100	icon_skills.backstep_tex	Backstep energético	icon_crest.e_crestpassivecooltimedown_tex	Diminui o tempo de recarga em 29%.
26057	Penetrating Arrow	40100	icon_skills.througharrow_tex	Flecha Penetrante Longshot	icon_crest.e_crestpassiverangeup_tex	Aumenta o alcance em 3 metros.
26058	Slow Trap	90100	icon_skills.webtrap_tex	Armadilha lenta e persistente	icon_crest.e_crestpassivedurationup_tex	Aumenta a duração do efeito em 50%.
26059	Arrow Volley	20100	icon_skills.arrowshower_tex	Flecha Penetrante Ardente	icon_crest.e_crestnextskillattackspeedup_tex	Acelera o lançamento da Flecha Penetrante em 40% por alguns segundos.
26060	Arrow Volley	20100	icon_skills.arrowshower_tex	Armadilha de fogo impressionante	icon_crest.e_crestnextskillattackspeedup_tex	Acelera o lançamento de Stunning Trap em 50% por alguns segundos.
26061	Arrow Volley	20100	icon_skills.arrowshower_tex	Seta persistente de vôlei	icon_crest.e_crestactivecooltimereset_tex	40% chance de eliminar o tempo de espera.
26062	Feign Death	70100	icon_skills.feigndeath_tex	Regeneração da morte falsa	icon_crest.e_crestpassivehpheal_tex	Cura 5% do HP total a cada 1 segundo por 8 segundos. Somente fora de combate.
26063	Radiant Arrow	30100	icon_skills.chargearrow_tex	Flecha Radiante Sanativa	icon_crest.e_crestpassiveoverchargehpdown_tex	Diminui o consumo de HP em 40%.
26064	Radiant Arrow	30100	icon_skills.chargearrow_tex	Flecha Radiante Afiada	icon_crest.e_crestpassivecriticalup_tex	Fator de critério triplo.
26065	Close Quarters	180100	icon_skills.turningkick_tex	Fleetfooted Close Quarters	icon_crest.e_crestpassiveskilleffectup_tex	Acelera o movimento em 50 por 3 segundos.
26066	Close Quarters	180100	icon_skills.turningkick_tex	Lingering Close Quarters	icon_crest.e_crestpassivedurationup_tex	Aumenta a duração do efeito em 40%.
26067	Breakaway Bolt	160100	icon_skills.escapingattack_tex	Desaceleração do parafuso de ruptura	icon_crest.e_crestactivespeeddown_tex	100% de chance de reduzir a velocidade de movimento do oponente em 40% por 6 segundos.
26068	Concussion Trap	230100	icon_skills.paralysistraparrow_tex	Armadilha de Concussão Energética	icon_crest.e_crestpassivecooltimedown_tex	Diminui o tempo de recarga em 20%.
26069	Ensnaring Trap	240100	icon_skills.webtraparrow_tex	Armadilha Energética de Ensnaring	icon_crest.e_crestpassivecooltimedown_tex	Diminui o tempo de recarga em 20%.
26070	Explosion Trap	250100	icon_skills.explosiontraparrow_tex	Armadilha de explosão com poder	icon_crest.e_crestpassiveattackup_tex	Aumenta o dano da habilidade em 25%.
26071	Concussion Trap	230100	icon_skills.paralysistraparrow_tex	Armadilha de Concussão Energética	icon_crest.e_crestpassivecooltimedown_tex	Diminui o tempo de recarga em 30%.
26072	Ensnaring Trap	240100	icon_skills.webtraparrow_tex	Armadilha de Enfeite	icon_crest.e_crestactivedefencedown_tex	Diminui a resistência do alvo em 3,5% por 5 segundos.
26073	Explosion Trap	250100	icon_skills.explosiontraparrow_tex	Armadilha de explosão com poder	icon_crest.e_crestpassiveattackup_tex	Aumenta o dano da habilidade em 35%.
26074	Breakaway Bolt	160100	icon_skills.escapingattack_tex	Parafuso de ruptura energético	icon_crest.e_crestpassivecooltimedown_tex	Diminui o tempo de recarga em 25%.
26075	Restraining Arrow	200100	icon_skills.contaningshot_tex	Seta de contenção energética	icon_crest.e_crestpassivecooltimedown_tex	Diminui o tempo de recarga em 20%.
26076	Rapid Fire	80100	icon_skills.rapidshot_tex	Fogo rápido fortalecido	icon_crest.e_crestpassiveattackup_tex	Aumenta o dano da habilidade em 50%.
26077	Rain of Arrows	50100	icon_skills.arrowfall_tex	Chuva de flechas rápida	icon_crest.e_crestpassiveskillspeedup_tex	Aumenta a velocidade de ataque em 40%.
26084	Tenacity	310100	icon_skills.tenacity_tex	Equilibrando a tenacidade	icon_crest.e_crestactivereactionresist_tex	Aumenta o equilíbrio em 150% por 15 segundos.
26085	Tenacity	310100	icon_skills.tenacity_tex	Equilibrando a tenacidade	icon_crest.e_crestactivereactionresist_tex	Duplica o equilíbrio por 15 segundos.
26086	Tenacity	310100	icon_skills.tenacity_tex	Tenacidade espirituosa	icon_crest.e_crestpassivepartympup_tex	50% chance de reabastecer 6% do seu MP total a cada segundo.
26087	Tenacity	310100	icon_skills.tenacity_tex	Tenacidade energética	icon_crest.e_crestpassivecooltimedown_tex	Diminui o tempo de recarga em 20%.
26088	Tenacity	310100	icon_skills.tenacity_tex	Tenacidade energética	icon_crest.e_crestpassivecooltimedown_tex	Diminui o tempo de recarga em 20%.
26089	Thunderbolt	260100	icon_skills.thunderdrake_tex	Raio rápido	icon_crest.e_crestpassiveskillspeedup_tex	Aumenta a velocidade de lançamento em 30%.
26090	Thunderbolt	260100	icon_skills.thunderdrake_tex	Thunderbolt potente	icon_crest.e_crestpassiveattackup_tex	Aumenta o dano da habilidade em 20%.
26091	Thunderbolt	260100	icon_skills.thunderdrake_tex	Thunderbolt potente	icon_crest.e_crestpassiveattackup_tex	Aumenta o dano da habilidade em 20%.
27000	Titanic Favor	50100	icon_skills.healshot_tex	Favorecimento multiplicativo do Titanic	icon_crest.e_crestpassivelockontargetup_tex	Aumenta o número de alvos de bloqueio em 0%.
27002	Vow of Rebirth	120100	icon_skills.autoresurrect_tex	Voto Energético de Renascimento	icon_crest.e_crestpassivecooltimedown_tex	Diminui o tempo de recarga em 40%.
27003	Arun's Cleansing Touch	90100	icon_skills.purifyshot_tex	Limpeza de Arun multiplicativa	icon_crest.e_crestpassivelockontargetup_tex	Aumenta o número de alvos de bloqueio em 0%.
27004	Titanic Wrath	30100	icon_skills.rage_tex	Ira persistente do Titanic	icon_crest.e_crestpassivedurationup_tex	Aumenta a duração do efeito em 35%.
27005	Shara's Lash	60100	icon_skills.flashball_tex	Chicote persistente de Shara	icon_crest.e_crestpassivedurationup_tex	Aumenta a duração do efeito em 40%.
27006	Ancient Binding	40100	icon_skills.slowball_tex	Vinculação antiga e persistente	icon_crest.e_crestpassivedurationup_tex	Aumenta a duração do efeito em 50%.
27007	Aura of Rejuvenation	0		Teste	icon_skills.voidtrap_tex	Sem efeito
27008	Aura of Tenacity	0		Teste	icon_skills.voidtrap_tex	Sem efeito
27009	Aura of the Merciless	130100	icon_skills.criticalupaura_tex	Aura brilhante do impiedoso	icon_crest.e_crestpassivempdown_tex	Reduz o custo de MP em 300.
27010	Aura of the Swift	140100	icon_skills.speedupaura_tex	Aura brilhante do Swift	icon_crest.e_crestpassivempdown_tex	Reduz o custo de MP em 50.
27011	Sharan Bolt	10100	icon_skills.elementalshot_tex	Sharan Bolt com poderes	icon_crest.e_crestpassiveattackup_tex	Aumenta o dano da habilidade em 25%.
27012	Metamorphic Blast	80100	icon_skills.punishingshield_tex	Explosão Metamórfica Potencializada	icon_crest.e_crestpassiveattackup_tex	Aumenta o dano da habilidade em 25%.
27013	Corruption Ring	20100	icon_skills.suckhp_tex	Teste	icon_skills.voidtrap_tex	Sem efeito
27014	Corruption Ring	20100	icon_skills.suckhp_tex	Anel de Corrupção Trebling	icon_crest.e_crestpassivereactionresist_tex	Aumenta o equilíbrio e a resistência ao atordoamento em 300%.
27015	Corruption Ring	20100	icon_skills.suckhp_tex	Anel de Corrupção Insensível	icon_crest.e_crestpassivedeffeceup_tex	Reduz o dano em 50%.
27016	Teleport Jaunt	170100	icon_skills.shortteleport_tex	Salto de teleporte energético	icon_crest.e_crestpassivecooltimedown_tex	Diminui o tempo de recarga em 15%.
27017	Mana Infusion	70100	icon_skills.mpcharge_tex	Infusão de Mana Espiritual	icon_crest.e_crestpassivemprecoveryup_tex	Aumenta a reposição de MP em 20%.
27019	Mana Extraction	0		Fragmento de glyph passado	icon_skills.voidtrap_tex	Esse antigo glyph fragmentado não é mais usado.
27020	Retaliate	210100	icon_skills.risingattack_tex	Retaliar com poder	icon_crest.e_crestpassiveattackup_tex	Aumenta o dano da habilidade em 25%.
27021	Metamorphic Smite	230100	icon_skills.rageofearth_tex	Golpe Metamórfico Energético	icon_crest.e_crestpassivecooltimedown_tex	Diminui o tempo de recarga em 20%.
27022	Thrall of Protection	250100	icon_skills.summonspiritofaggro_tex	Garras Energéticas de Proteção	icon_crest.e_crestpassivecooltimedown_tex	Diminui o tempo de recarga em 10%.
27023	Thrall of Wrath	340100	icon_skills.summonspiritofattack_tex	Teste	icon_skills.voidtrap_tex	Sem efeito
27024	Thrall of Life	270100	icon_skills.summonspiritofheal_tex	Domínio energético da vida	icon_crest.e_crestpassivecooltimedown_tex	Diminui o tempo de recarga em 20%.
27025	Summon Party	110100	icon_skills.recallfriend_tex	Festa de Invocação Brilhante	icon_crest.e_crestpassivempdown_tex	Reduz o custo de MP em 800.
27026	Resurrect	100100	icon_skills.resurrect_tex	Ressurreição brilhante	icon_crest.e_crestpassivempdown_tex	Reduz o custo de MP em 510.
27027	Volley of Curses	240100	icon_skills.painfulshackle_tex	Soma de maldições persistentes	icon_crest.e_crestpassivedurationup_tex	Aumenta a duração do efeito em 20%.
27029	Resurrect	100100	icon_skills.resurrect_tex	Ressurreição Energética	icon_crest.e_crestpassivecooltimedown_tex	Diminui o tempo de recarga em 50%.
27030	Retaliate	210100	icon_skills.risingattack_tex	Retaliação Energética	icon_crest.e_crestpassivecooltimedown_tex	Diminui o tempo de recarga em 20%.
27031	Sonorous Dreams	280100	icon_skills.shackleofquicksand_tex	Sonhos sonoros brilhantes	icon_crest.e_crestpassivempdown_tex	Reduz o custo de MP em 188.
27032	Regression	290100	icon_skills.dispell_tex	Regressão energética	icon_crest.e_crestpassivecooltimedown_tex	Diminui o tempo de recarga em 25%.
27033	Mire	320100	icon_skills.shackleofstone_tex	Lama energética	icon_crest.e_crestpassivecooltimedown_tex	Diminui o tempo de recarga em 20%.
27034	Curse of Exhaustion	300100	icon_skills.spiritoflassitude_tex	Maldição energética da exaustão	icon_crest.e_crestpassivecooltimedown_tex	Diminui o tempo de recarga em 20%.
27035	Curse of Confusion	310100	icon_skills.spiritofconfusion_tex	Maldição persistente da confusão	icon_crest.e_crestpassivedurationup_tex	Aumenta a duração do efeito em 25%.
27036	Metamorphic Smite	230100	icon_skills.rageofearth_tex	Smite metamórfico influente	icon_crest.e_crestnextskillmpdown_tex	Reduz o custo de MP do Metamorphic Blast em 41 por alguns segundos.
27037	Volley of Curses	240100	icon_skills.painfulshackle_tex	Vôlei influente de maldições	icon_crest.e_crestnextskillmpdown_tex	Reduz o custo de MP de Volley of Curses em 33 por alguns segundos.
27038	Titanic Wrath	30100	icon_skills.rage_tex	Influência da Ira do Titanic	icon_crest.e_crestnextskillmpdown_tex	Reduz o custo de MP da Vitae de Arun em 100 por alguns segundos.
27039	Corruption Ring	20100	icon_skills.suckhp_tex	Anel de Corrupção Influente	icon_crest.e_crestnextskillmpdown_tex	Reduz o custo de MP das Lágrimas de Arun em 100 por alguns segundos.
27040	Volley of Curses	240100	icon_skills.painfulshackle_tex	Vôlei multiplicativo de maldições	icon_crest.e_crestpassivelockontargetup_tex	Aumenta o número de alvos de bloqueio em 0%.
27041	Ancient Binding	40100	icon_skills.slowball_tex	Anestesia de encadernação antiga	icon_crest.e_crestactiveattackspeeddown_tex	50% de chance de reduzir a Velocidade de Ataque do oponente em 30% por 6 segundos.
27042	Metamorphic Smite	230100	icon_skills.rageofearth_tex	Golpe Metamórfico Apressado	icon_crest.e_crestpassiveskillspeedup_tex	Aumenta a velocidade de lançamento em 25%.
27043	Summon Party	110100	icon_skills.recallfriend_tex	Festa de Invocação Energética	icon_crest.e_crestpassivecooltimedown_tex	Diminui o tempo de recarga em 20%.
27044	Mana Infusion	70100	icon_skills.mpcharge_tex	Infusão de mana acelerada	icon_crest.e_crestpassiveskillspeedup_tex	Aumenta a velocidade de lançamento em 25%.
27045	Arun's Tears	220100	icon_skills.mprefresher_tex	Lágrimas de Arun em chamas	icon_crest.e_crestnextskillattackspeedup_tex	Acelera o lançamento de Arun's Vitae em 25% por alguns segundos.
27046	Thrall of Vengeance	330100	icon_skills.summonspiritofrange_tex	Servo da Vingança com poderes	icon_crest.e_crestpassiveattackup_tex	Aumenta o dano do Thrall of Vengeance em 25%.
27047	Thrall of Vengeance	330100	icon_skills.summonspiritofrange_tex	Servo da vingança fortificado	icon_crest.e_crestpassivedeffeceup_tex	Aumenta a defesa do Thrall of Vengeance em 25%.
27048	Thrall of Vengeance	330100	icon_skills.summonspiritofrange_tex	Trono persistente da vingança	icon_crest.e_crestpassivedurationup_tex	Aumenta a duração do servo em 25%.
27049	Resurrect	100100	icon_skills.resurrect_tex	Ressurreição acelerada	icon_crest.e_crestpassiveskillspeedup_tex	Aumenta a velocidade de lançamento em 40%.
27050	Thrall of Life	270100	icon_skills.summonspiritofheal_tex	Domínio da Vida Fortificado	icon_crest.e_crestpassivedeffeceup_tex	Aumenta a defesa do Thrall of Life em 100%.
27051	Thrall of Protection	250100	icon_skills.summonspiritofaggro_tex	Thrall of Protection com Poderes	icon_crest.e_crestpassiveattackup_tex	Aumenta o dano do Thrall of Protection em 25%.
27052	Thrall of Protection	250100	icon_skills.summonspiritofaggro_tex	Thrall of Protection Fortificado	icon_crest.e_crestpassivedeffeceup_tex	Aumenta a defesa do Thrall of Protection em 25%.
27053	Teleport Jaunt	170100	icon_skills.shortteleport_tex	Salto de teletransporte flamejante	icon_crest.e_crestnextskillattackspeedup_tex	Acelera o lançamento de Arun's Vitae em 25% por alguns segundos.
27054	Teleport Jaunt	170100	icon_skills.shortteleport_tex	Salto de teletransporte flamejante	icon_crest.e_crestnextskillattackspeedup_tex	Acelera o lançamento de Thrall of Life em 25% por alguns segundos.
27055	Thrall of Wrath	340100	icon_skills.summonspiritofattack_tex	Energetic Thrall of Wrath	icon_crest.e_crestpassivecooltimedown_tex	Diminui o tempo de recarga em 50%.
27056	Thrall of Wrath	340100	icon_skills.summonspiritofattack_tex	Servo da Ira fortalecido	icon_crest.e_crestpassiveattackup_tex	Aumenta o dano do Thrall of Wrath em 25%.
27057	Thrall of Wrath	340100	icon_skills.summonspiritofattack_tex	Fúria apressada	icon_crest.e_crestpassiveskillspeedup_tex	Aumenta a velocidade de lançamento em 30%.
27058	Vow of Rebirth	120100	icon_skills.autoresurrect_tex	Voto altruísta de renascimento	icon_crest.e_crestactiveinvokeskill_tex	O Conjurador recebe o efeito de Vow of Rebirth quando usado em outro alvo.
27059	Arun's Vitae	180100	icon_skills.hprefresher_tex	Vitae de Blazing Arun	icon_crest.e_crestnextskillattackspeedup_tex	Acelera o lançamento das Lágrimas de Arun em 25% por alguns segundos.
27060	Titanic Favor	50100	icon_skills.healshot_tex	Favor Longshot Titanic	icon_crest.e_crestpassiverangeup_tex	Aumenta o alcance em 3 metros.
27062	Teleport Jaunt	170100	icon_skills.shortteleport_tex	Salto de teleporte energético	icon_crest.e_crestactivecooltimereset_tex	Diminui o tempo de recarga em 15%.
27063	Arun's Cleansing Touch	90100	icon_skills.purifyshot_tex	Limpeza de Arun multiplicativa	icon_crest.e_crestpassivelockontargetup_tex	Aumenta o número de alvos de bloqueio em 0%.
27064	Vow of Rebirth	120100	icon_skills.autoresurrect_tex	Voto altruísta de renascimento	icon_crest.e_crestactiveinvokeskill_tex	O Conjurador recebe o efeito de Vow of Rebirth quando usado em outro alvo.
27065	Thrall of Life	270100	icon_skills.summonspiritofheal_tex	Domínio energético da vida	icon_crest.e_crestpassivecooltimedown_tex	Diminui o tempo de recarga em 20%.
27066	Shara's Lash	60100	icon_skills.flashball_tex	O chicote persistente de Shara	icon_crest.e_crestpassivedurationup_tex	Aumenta a duração do efeito em 40%.
27067	Titanic Favor	50100	icon_skills.healshot_tex	Favor Longshot Titanic	icon_crest.e_crestpassiverangeup_tex	Aumenta o alcance em 3 metros.
27068	Volley of Curses	240100	icon_skills.painfulshackle_tex	Vôlei influente de maldições	icon_crest.e_crestnextskillmpdown_tex	Reduz o custo de MP de Volley of Curses em 33 por alguns segundos.
27069	Thrall of Vengeance	330100	icon_skills.summonspiritofrange_tex	Trono persistente da vingança	icon_crest.e_crestpassivedurationup_tex	Aumenta a duração do servo em 35%.
27070	Sonorous Dreams	280100	icon_skills.shackleofquicksand_tex	Sonhos sonoros brilhantes	icon_crest.e_crestpassivempdown_tex	Reduz o custo de MP em 188.
27071	Shara's Lash	60100	icon_skills.flashball_tex	Chicote de Shara Veloz	icon_crest.e_crestpassiveskilleffectup_tex	Acelera o movimento em 50 por 3 segundos ao ser atingido.
27072	Retaliate	210100	icon_skills.risingattack_tex	Retaliação oportunista	icon_crest.e_crestpassivereactionup_tex	100% de chance de limpar o tempo de recarga de Teleport Jaunt.
27073	Retaliate	210100	icon_skills.risingattack_tex	Equilíbrio de Retaliate	icon_crest.e_crestactivereactionresist_tex	Aumenta o equilíbrio em 500% por 2 segundos.
27074	Titanic Wrath	30100	icon_skills.rage_tex	Espalhando a ira do Titanic	icon_crest.e_crestpassiveskillrangeup_tex	Aumenta o raio da habilidade em 5M.
27075	Sonorous Dreams	280100	icon_skills.shackleofquicksand_tex	Sonhos energéticos e sonoros	icon_crest.e_crestpassivecooltimedown_tex	Diminui o tempo de recarga em 20%.
27076	Thrall of Protection	250100	icon_skills.summonspiritofaggro_tex	Thrall of Protection Resistente	icon_crest.e_crestactivedefenceup_tex	Aumenta a resistência de todos os membros do grupo em 10% por 10 minutos.
27077	Warding Totem	370100	icon_skills.energiesofprotection_tex	Totem de Proteção Brilhante	icon_crest.e_crestpassivempdown_tex	Diminui o consumo de MP em 300.
27078	Warding Totem	370100	icon_skills.energiesofprotection_tex	Totem de Proteção Restaurativa	icon_crest.e_crestactivehprecoveryup_tex	Aumenta a regeneração de HP em 20%.
27079	Resurrect	100100	icon_skills.resurrect_tex	Ressurreição acelerada	icon_crest.e_crestpassiveskillspeedup_tex	Aumenta a velocidade de lançamento em 40%.
27080	Vow of Rebirth	120100	icon_skills.autoresurrect_tex	Voto Energético de Renascimento	icon_crest.e_crestpassivecooltimedown_tex	Diminui o tempo de recarga em 40%.
27081	Arun's Vitae	180100	icon_skills.hprefresher_tex	Vitae do Arun Restaurativo	icon_crest.e_crestpassivehprecoveryup_tex	Recupera imediatamente 20% do HP total.
27082	Thrall of Life	270100	icon_skills.summonspiritofheal_tex	A tentação persistente da vida	icon_crest.e_crestpassivedurationup_tex	Aumenta a duração do servo em 25%.
27084	Volley of Curses	240100	icon_skills.painfulshackle_tex	Súplica de maldições enfurecedoras	icon_crest.e_crestactivedefencedown_tex	100% de chance de diminuir a Resistência em 3% por 16 segundos. Acumula até 3 vezes.
27085	Resurrect	100100	icon_skills.resurrect_tex	Hearty Resurrect	icon_crest.e_crestpassivemprecoveryup_tex	Os alvos ressuscitam com Stamina de 120.
27086	Contagion	410100	icon_skills.plague_tex	Contágio persistente	icon_crest.e_crestpassivedurationup_tex	Aumenta a duração do efeito em 20%.
27087	Boomerang Pulse	420100	icon_skills.mysticorb_tex	Brilliant Boomerang Pulse (Pulso Bumerangue Brilhante)	icon_crest.e_crestpassivempdown_tex	Reduz o custo de MP em 225.
27088	Boomerang Pulse	420100	icon_skills.mysticorb_tex	Pulso de bumerangue energético	icon_crest.e_crestpassivecooltimedown_tex	Diminui o tempo de recarga em 20%.
27089	Boomerang Pulse	420100	icon_skills.mysticorb_tex	Pulso de bumerangue energético	icon_crest.e_crestpassivecooltimedown_tex	Diminui o tempo de recarga em 20%.
28000	Heal Thyself	180100	icon_skills.healingpray_tex	Restauração Cura-te a ti mesmo	icon_crest.e_crestpassivehprecoveryup_tex	Aumenta a regeneração de HP em 20%.
28001	Healing Circle	30100	icon_skills.healarea_tex	Círculo de Cura Restaurativa	icon_crest.e_crestpassivehprecoveryup_tex	Aumenta a regeneração de HP em 10%.
28002	Regeneration Circle	20100	icon_skills.healingwind_tex	Círculo de regeneração persistente	icon_crest.e_crestpassivedurationup_tex	Aumenta a duração do efeito em 30%.
28003	Focus Heal	190100	icon_skills.healinglightlockon_tex	cura por foco multiplicativo	icon_crest.e_crestpassivelockontargetup_tex	Aumenta o número de alvos de bloqueio em 100%.
28004	Kaia's Shield	220100	icon_skills.armorofprotection_tex	Escudo Energético da Kaia	icon_crest.e_crestpassivecooltimedown_tex	Diminui o tempo de recarga em 20%.
28005	Purifying Circle	100100	icon_skills.purify_tex	Círculo de Purificação Energética	icon_crest.e_crestpassivecooltimedown_tex	Diminui o tempo de recarga em 25%.
28006	Blessing of Shakan	50100	icon_skills.attackup_tex	Bênção persistente de Shakan	icon_crest.e_crestpassivedurationup_tex	Aumenta a duração do efeito em 30%.
28007	Blessing of Arachne	210100	icon_skills.resistancebless_tex	Bênção persistente de Arachne	icon_crest.e_crestpassivedurationup_tex	Aumenta a duração do efeito em 30%.
28008	Blessing of Protection	0		Bênção persistente de Seren	icon_crest.e_crestpassivedurationup_tex	Aumenta a duração do efeito em 30%.
28009	Blessing of Balder	230100	icon_skills.refreshbless_tex	Bênção persistente de Balder	icon_crest.e_crestpassivedurationup_tex	Aumenta a duração do efeito em 30%.
28012	Divine Radiance	10100	icon_skills.magicshot_tex	Radiância Divina Potencializada	icon_crest.e_crestpassiveattackup_tex	Aumenta o dano da habilidade em 25%.
28013	Metamorphic Blast	110100	icon_skills.punishingshield_tex	Explosão Metamórfica Brilhante	icon_crest.e_crestpassivempdown_tex	Reduz o custo de MP em 33.
28014	Shocking Implosion	160100	icon_skills.damagedeal_tex	Implosão chocante do Powerlinked	icon_crest.e_crestnextskillattackup_tex	Aumenta o dano da Represália Final em 25% por alguns segundos.
28018	Regeneration Circle	20100	icon_skills.healingwind_tex	Círculo de Regeneração Energética	icon_crest.e_crestpassivecooltimedown_tex	Diminui o tempo de recarga em 20%.
28019	Mana Infusion	80100	icon_skills.mpcharge_tex	Infusão de Mana Espiritual	icon_crest.e_crestpassivemprecoveryup_tex	Aumenta a reposição de MP em 20%.
28020	Mana Extraction	0		Fragmento de glyph passado	icon_skills.voidtrap_tex	Esse antigo glyph fragmentado não é mais usado.
28021	Prayer of Peace	170100	icon_skills.agrorelease_tex	Oração de paz apressada	icon_crest.e_crestpassiveskillspeedup_tex	Aumenta a velocidade de lançamento em 100%.
28022	Arise	60100	icon_skills.recovery_tex	Energetic Arise	icon_crest.e_crestpassivecooltimedown_tex	Diminui o tempo de recarga em 50%.
28023	Retaliate	250100	icon_skills.risingattack_tex	Retaliar com poder	icon_crest.e_crestpassiveattackup_tex	Aumenta o dano da habilidade em 25%.
28024	Triple Nemesis	290100	icon_skills.divineretribution_tex	Nêmesis triplo com ligação elétrica	icon_crest.e_crestnextskillattackup_tex	Aumenta o dano de Metamorphic Blast em 25% por alguns segundos.
28026	Resurrect	120100	icon_skills.resurrect_tex	Ressurreição brilhante	icon_crest.e_crestpassivempdown_tex	Reduz o custo de MP em 510.
28027	Blessing of Zenobia	150100	icon_skills.fastwalk_tex	Bênção reforçada de Zenobia	icon_crest.e_crestpassiveskilleffectup_tex	Aumenta a velocidade de movimento em um valor adicional de $.
28028	Summon Party	140100	icon_skills.recallfriend_tex	Festa de Invocação Brilhante	icon_crest.e_crestpassivempdown_tex	Reduz o custo de MP em 800.
28029	Homeward Bound	130100	icon_skills.teleportall_tex	Brilliant Homeward Bound	icon_crest.e_crestpassivempdown_tex	Reduz o custo de MP em 800.
28030	Fiery Escape	260100	icon_skills.sanctuary_tex	Brilliant Fiery Escape	icon_crest.e_crestpassivempdown_tex	Reduz o custo de MP em 30.
28031	Mana Charge	280100	icon_skills.manarejuvenation_tex	Carga de Mana Apressada	icon_crest.e_crestpassiveskillspeedup_tex	Aumenta a velocidade de carregamento em 25%.
28032	Resurrect	120100	icon_skills.resurrect_tex	Ressurreição Energética	icon_crest.e_crestpassivecooltimedown_tex	Diminui o tempo de recarga em 50%.
28033	Retaliate	250100	icon_skills.risingattack_tex	Retaliação Energética	icon_crest.e_crestpassivecooltimedown_tex	Diminui o tempo de recarga em 20%.
28034	Ishara's Lullaby	330100	icon_skills.lullabyoflshara_tex	Canção de ninar de Ishara energética	icon_crest.e_crestpassivecooltimedown_tex	Diminui o tempo de recarga em 20%.
28035	Guardian Sanctuary	310100	icon_skills.guardianaura_tex	Santuário do Guardião Energético	icon_crest.e_crestpassivecooltimedown_tex	Diminui o tempo de recarga em 20%.
28036	Divine Respite	320100	icon_skills.restoration_tex	Respiro Energético Divino	icon_crest.e_crestpassivecooltimedown_tex	Diminui o tempo de recarga em 20%.
28037	Plague of Exhaustion	300100	icon_skills.prophecyoflethargy_tex	Praga energética da exaustão	icon_crest.e_crestpassivecooltimedown_tex	Diminui o tempo de recarga em 20%.
28038	Regeneration Circle	20100	icon_skills.healingwind_tex	Círculo de Regeneração Influente	icon_crest.e_crestnextskillmpdown_tex	Reduz o custo de MP da Cura Focalizada em 85 por alguns segundos.
28039	Mana Charge	280100	icon_skills.manarejuvenation_tex	Carga de mana do Longshot	icon_crest.e_crestpassiveskillrangeup_tex	Aumenta o alcance em 4 metros.
28040	Kaia's Shield	220100	icon_skills.armorofprotection_tex	Escudo da Kaia aterrado	icon_crest.e_crestactivedefenceup_tex	Aumenta a Resistência do lançador em 30% por 12 segundos.
28041	Blessing of Zenobia	150100	icon_skills.fastwalk_tex	Bênção de Zenobia com pés de frota	icon_crest.e_crestactivespeedup_tex	Aumenta a velocidade de movimento do lançador em 15 por 10 minutos.
28042	Summon Party	140100	icon_skills.recallfriend_tex	Festa de Invocação Energética	icon_crest.e_crestpassivecooltimedown_tex	Diminui o tempo de recarga em 20%.
28043	Mana Charge	280100	icon_skills.manarejuvenation_tex	Carga de Mana com ligação elétrica	icon_crest.e_crestnextskillattackup_tex	Aumenta o dano da Implosão chocante em 25% por alguns segundos.
28044	Mana Infusion	80100	icon_skills.mpcharge_tex	Infusão de mana acelerada	icon_crest.e_crestpassiveskillspeedup_tex	Aumenta a velocidade de lançamento em 25%.
28045	Resurrect	120100	icon_skills.resurrect_tex	Ressurreição acelerada	icon_crest.e_crestpassiveskillspeedup_tex	Aumenta a velocidade de lançamento em 30%.
28046	Energy Stars	350100	icon_skills.divinelightning_tex	Estrelas de energia persistente	icon_crest.e_crestpassivedurationup_tex	Aumenta a duração do efeito em 25%.
28047	Energy Stars	350100	icon_skills.divinelightning_tex	Estrelas da energia selvagem	icon_crest.e_crestpassivecooltimedown_tex	Aumenta o efeito de Energy Stars em 20%.
28048	Restorative Burst	340100	icon_skills.sanctuaryofregeneration_tex	Explosão restauradora persistente	icon_crest.e_crestpassivedurationup_tex	Aumenta a duração do efeito em 20%.
28049	Restorative Burst	340100	icon_skills.sanctuaryofregeneration_tex	Brilliant Restorative Burst	icon_crest.e_crestpassivempdown_tex	Reduz o custo de MP em 275.
28050	Final Reprisal	270100	icon_skills.punishingtouch_tex	Brilhante represália final	icon_crest.e_crestpassivempdown_tex	Reduz o custo de MP em 62.
28051	Final Reprisal	270100	icon_skills.punishingtouch_tex	Represália final persistente	icon_crest.e_crestactivecooltimereset_tex	40% chance de eliminar o tempo de espera.
28052	Final Reprisal	270100	icon_skills.punishingtouch_tex	Retardando a represália final	icon_crest.e_crestactivespeeddown_tex	20% de chance de reduzir a Velocidade de Movimento do oponente em 30% por 4 segundos.
28053	Metamorphic Blast	110100	icon_skills.punishingshield_tex	Explosão metamórfica entorpecente	icon_crest.e_crestactiveattackspeeddown_tex	20% de chance de reduzir a Velocidade de Ataque do oponente em 15% por 7 segundos.
28054	Triple Nemesis	290100	icon_skills.divineretribution_tex	Nêmesis Triplo Enfurecedor	icon_crest.e_crestactivedefencedown_tex	100% chance de diminuir a Resistência em 10% por 12 segundos. Não acumula com Kaia's Binding.
28055	Focus Heal	190100	icon_skills.healinglightlockon_tex	cura com foco em tiro longo	icon_crest.e_crestpassiverangeup_tex	Aumenta o alcance em 3 metros.
28057	Heal Thyself	180100	icon_skills.healingpray_tex	Restauração Cura-te a ti mesmo	icon_crest.e_crestpassivehprecoveryup_tex	Aumenta a recuperação de HP em 20%.
28058	Shocking Implosion	160100	icon_skills.damagedeal_tex	Implosão chocante do Powerlinked	icon_crest.e_crestnextskillattackup_tex	Aumenta o dano da Represália Final em 25% por alguns segundos.
28059	Mana Infusion	80100	icon_skills.mpcharge_tex	Infusão de Mana Espiritual	icon_crest.e_crestpassivemprecoveryup_tex	Aumenta a reposição de MP em 20%.
28060	Triple Nemesis	290100	icon_skills.divineretribution_tex	Nêmesis triplo com ligação elétrica	icon_crest.e_crestnextskillattackup_tex	Aumenta o dano de Metamorphic Blast em 25% por alguns segundos.
28061	Blessing of Zenobia	150100	icon_skills.fastwalk_tex	Bênção de Zenobia com pés de frota	icon_crest.e_crestactivespeedup_tex	Aumenta a Velocidade de Movimento do lançador em 15 por 10 minutos.
28062	Regeneration Circle	20100	icon_skills.healingwind_tex	Círculo de Regeneração Energética	icon_crest.e_crestpassivecooltimedown_tex	Diminui o tempo de recarga em 30%.
28063	Plague of Exhaustion	300100	icon_skills.prophecyoflethargy_tex	Praga energética da exaustão	icon_crest.e_crestpassivecooltimedown_tex	Diminui o tempo de recarga em 30%.
28064	Restorative Burst	340100	icon_skills.sanctuaryofregeneration_tex	Explosão Restauradora Brilhante	icon_crest.e_crestpassivempdown_tex	Reduz o custo de MP em 275.
28065	Resurrect	120100	icon_skills.resurrect_tex	Ressurreição brilhante	icon_crest.e_crestpassivempdown_tex	Reduz o custo de MP em 510.
28066	Fiery Escape	260100	icon_skills.sanctuary_tex	Fuga energética e ardente	icon_crest.e_crestpassivecooltimedown_tex	Diminui o tempo de recarga em 15%.
28067	Kaia's Shield	220100	icon_skills.armorofprotection_tex	Regenerando o escudo da Kaia	icon_crest.e_crestpassivehpwhileheal_tex	Restaura 5% do HP total de todos os alvos a cada 2 segundos por 6 segundos.
28068	Mana Charge	280100	icon_skills.manarejuvenation_tex	Carga de Mana Espiritual	icon_crest.e_crestpassivepartympup_tex	Aumenta a reposição de MP em 50%.
28069	Focus Heal	190100	icon_skills.healinglightlockon_tex	Calmante Foco Cura	icon_crest.e_crestpassivecooltimedown_tex	Diminuir o aggro em 20%
28070	Guardian Sanctuary	310100	icon_skills.guardianaura_tex	Equilíbrio do Guardian Sanctuary	icon_crest.e_crestactivereactionresist_tex	Duplica o equilíbrio por 30 segundos.
28071	Arise	60100	icon_skills.recovery_tex	Levanta-te persistente	icon_crest.e_crestpassivedurationup_tex	Aumenta a duração do efeito em 100%.
28072	Mana Charge	280100	icon_skills.manarejuvenation_tex	Carga de Mana Espiritual	icon_crest.e_crestpassivepartympup_tex	Aumenta a reposição de MP em 25%.
28073	Healing Immersion	370100	icon_skills.curewing_tex	Imersão de cura persistente	icon_crest.e_crestactivecooltimereset_tex	40% chance de eliminar o tempo de espera.
28074	Grace of Resurrection	390100	icon_skills.selfpreresurrection_tex	Graça energética da ressurreição	icon_crest.e_crestpassivecooltimedown_tex	Diminui o tempo de recarga em 40%.
28075	Healing Immersion	370100	icon_skills.curewing_tex	Imersão em Cura Restaurativa	icon_crest.e_crestpassivehprecoveryup_tex	Aumenta a recuperação de HP em 20%.
28076	Blessing of Zenobia	150100	icon_skills.fastwalk_tex	Bênção reforçada de Zenobia	icon_crest.e_crestpassiveskilleffectup_tex	Aumenta a velocidade de movimento em um valor adicional de $.
28077	Mana Infusion	80100	icon_skills.mpcharge_tex	Infusão de mana acelerada	icon_crest.e_crestpassiveskillspeedup_tex	Aumenta a velocidade de lançamento em 25%.
28078	Restorative Burst	340100	icon_skills.sanctuaryofregeneration_tex	Explosão restauradora espirituosa	icon_crest.e_crestpassivemprecoveryup_tex	Repõe 50 PM por segundo para todos os alvos.
28079	Resurrect	120100	icon_skills.resurrect_tex	Ressuscitação Saudável	icon_crest.e_crestpassivemprecoveryup_tex	Os alvos ressuscitam com Stamina de 120.
28082	Divine Intervention	410100	icon_skills.helpinghand_tex	Intervenção Divina Energética	icon_crest.e_crestpassivecooltimedown_tex	Diminui o tempo de recarga em 20%.
28083	Divine Intervention	410100	icon_skills.helpinghand_tex	Brilhante Intervenção Divina	icon_crest.e_crestpassivempdown_tex	Reduz o custo de MP em 150.
28084	Divine Intervention	410100	icon_skills.helpinghand_tex	Intervenção Divina Longshot	icon_crest.e_crestpassiveskillrangeup_tex	Aumenta o alcance em 4 metros.
28085	Zenobia's Vortex	400100	icon_skills.godbreath_tex	Vórtice energético de Zenobia	icon_crest.e_crestpassivecooltimedown_tex	Diminui o tempo de recarga em 20%.
28086	Zenobia's Vortex	400100	icon_skills.godbreath_tex	Vórtice energético de Zenobia	icon_crest.e_crestpassivecooltimedown_tex	Diminui o tempo de recarga em 20%.
28087	Zenobia's Vortex	400100	icon_skills.godbreath_tex	Vórtice brilhante de Zenobia	icon_crest.e_crestpassivempdown_tex	Reduz o custo de MP em 100.
28088	Zenobia's Vortex	400100	icon_skills.godbreath_tex	O poderoso vórtice de Zenobia	icon_crest.e_crestpassiveattackup_tex	Aumenta o dano da habilidade em 25%.
29000	Spiral Barrage	10100	icon_skills.comboattack2_tex	Poderosa barragem em espiral	icon_crest.e_crestactivekill_tex	15% chance de infligir o dobro de dano.
29001	Spiral Barrage	10100	icon_skills.comboattack2_tex	Barragem espiralada espirituosa	icon_crest.e_crestpassivemprecoveryup_tex	Aumenta a reposição de MP em 20%.
29002	Spiral Barrage	10100	icon_skills.comboattack2_tex	Barragem espiral rápida	icon_crest.e_crestactiveattackspeedup_tex	10% de chance de aumentar a Velocidade de Ataque em 15% por 10 segundos.
29003	Spiral Barrage	10100	icon_skills.comboattack2_tex	Escultura de barragem em espiral	icon_crest.e_crestpassivecriticalup_tex	Dobra a chance de crítico.
29004	Double Shear	30100	icon_skills.chainsmash_tex	Tesoura dupla restauradora	icon_crest.e_crestpassivehpheal_tex	Recupera 1,5% do HP total em cada acerto.
29005	Double Shear	30100	icon_skills.chainsmash_tex	Tesoura dupla com ligação elétrica	icon_crest.e_crestnextskillattackup_tex	Aumenta o dano do Golpe Sombrio em 20% por alguns segundos.
29006	Sundering Strike	40100	icon_skills.chainblow_tex	Poderoso golpe de destruição	icon_crest.e_crestpassiveattackup_tex	Aumenta o dano da habilidade em 15%.
29007	Sundering Strike	40100	icon_skills.chainblow_tex	Esculpir o golpe de destruição	icon_crest.e_crestpassivecriticalup_tex	Dobra a chance de crítico.
29009	Grim Strike	50100	icon_skills.chainsuperblow_tex	Golpe enérgico de Grim	icon_crest.e_crestactivecooltimereset_tex	30% chance de eliminar o tempo de espera.
29010	Grim Strike	50100	icon_skills.chainsuperblow_tex	Ataque Sombrio e Ardente	icon_crest.e_crestnextskillattackspeedup_tex	Acelera o lançamento de Double Shear em 25% por alguns segundos.
29011	Death Spiral	60100	icon_skills.chainbrandish_tex	Poderosa espiral da morte	icon_crest.e_crestpassiveattackup_tex	Aumenta o dano da habilidade em 25%.
29012	Death Spiral	60100	icon_skills.chainbrandish_tex	Espiral da morte persistente	icon_crest.e_crestpassivedurationup_tex	Aumenta a duração do efeito em 50%.
29013	Death Spiral	60100	icon_skills.chainbrandish_tex	Espiral da morte com link de energia	icon_crest.e_crestnextskillattackup_tex	Aumenta o dano do Double Shear em 20% por alguns segundos.
29014	Death Spiral	60100	icon_skills.chainbrandish_tex	Espiral da morte com link de energia	icon_crest.e_crestnextskillattackup_tex	Aumenta o dano do Golpe Sombrio em 20% por alguns segundos.
29015	Whipsaw	80100	icon_skills.chainblade_tex	Poderosa serra elétrica	icon_crest.e_crestpassiveattackup_tex	Aumenta o dano da habilidade em 25%.
29016	Whipsaw	80100	icon_skills.chainblade_tex	Chicote energético	icon_crest.e_crestpassivecooltimedown_tex	Diminui o tempo de recarga em 20%.
29017	Whipsaw	80100	icon_skills.chainblade_tex	Chicote entorpecente	icon_crest.e_crestactiveattackspeeddown_tex	20% de chance de diminuir a Velocidade de Ataque do oponente em 10% por 7 segundos para cada acerto. (Os efeitos de desaceleração acumulam até 5 vezes).
29018	Smite	90100	icon_skills.chainstrike_tex	Golpe Energético	icon_crest.e_crestpassivecooltimedown_tex	Diminui o tempo de recarga em 25%.
29019	Smite	90100	icon_skills.chainstrike_tex	Golpe persistente	icon_crest.e_crestpassivedurationup_tex	Aumenta a duração do efeito em 25%.
29020	Pendulum Strike	100100	icon_skills.chainuppercut_tex	Poderoso golpe de pêndulo	icon_crest.e_crestpassiveattackup_tex	Aumenta o dano da habilidade em 25%.
29021	Pendulum Strike	100100	icon_skills.chainuppercut_tex	Golpe do Pêndulo Energético	icon_crest.e_crestpassivecooltimedown_tex	Diminui o tempo de recarga em 20%.
29022	Pendulum Strike	100100	icon_skills.chainuppercut_tex	Golpe de pêndulo com ligação elétrica	icon_crest.e_crestnextskillattackup_tex	Aumenta a chance de acerto crítico de Whipsaw em 30% por alguns segundos.
29023	Shadow Lash	110100	icon_skills.chainflurry_tex	Cílios Energetic Shadow Lash	icon_crest.e_crestpassivecooltimedown_tex	Diminui o tempo de recarga em 25%.
29024	Shadow Lash	110100	icon_skills.chainflurry_tex	Sombra para cílios Spirited Shadow Lash	icon_crest.e_crestpassivemprecoveryup_tex	Aumenta a reposição de MP em 20%.
29025	Shadow Burst	120100	icon_skills.darkexplosion_tex	Explosão energética de sombras	icon_crest.e_crestpassivecooltimedown_tex	Diminui o tempo de recarga em 20%.
29026	Shadow Burst	120100	icon_skills.darkexplosion_tex	Explosão Rápida de Sombras	icon_crest.e_crestpassiveskillspeedup_tex	Aumenta a velocidade de lançamento em 25%.
29027	Soul Reversal	130100	icon_skills.darkgrasp_tex	Brilhante reversão da alma	icon_crest.e_crestpassivempdown_tex	Reduzir o custo de MP de fundição e troca de posições em 150.
29028	Soul Reversal	130100	icon_skills.darkgrasp_tex	Reversão Energética da Alma	icon_crest.e_crestpassivecooltimedown_tex	Diminui o tempo de recarga em 25%.
29029	Retaliate	140100	icon_skills.risingattack2_tex	Retaliação poderosa	icon_crest.e_crestpassiveattackup_tex	Aumenta o dano da habilidade em 20%.
29030	Retaliate	140100	icon_skills.risingattack2_tex	Retaliação Energética	icon_crest.e_crestpassivecooltimedown_tex	Diminui o tempo de recarga em 20%.
29031	Retribution	150100	icon_skills.counterattack_tex	Retribuição energética	icon_crest.e_crestpassivecooltimedown_tex	Diminui o tempo de recarga em 20%.
29032	Shadow Reaping	160100	icon_skills.descentofdarkness_tex	Colheita de Sombras Brilhantes	icon_crest.e_crestpassivempdown_tex	Reduz o custo de MP em 150.
29033	Shadow Reaping	160100	icon_skills.descentofdarkness_tex	Colheita de sombras persistentes	icon_crest.e_crestpassivedurationup_tex	Aumenta a duração do efeito em 30%.
29035	Cable Step	200100	icon_skills.reversecapture_tex	Passo do cabo energético	icon_crest.e_crestpassivecooltimedown_tex	Diminui o tempo de recarga em 20%.
29036	Cable Step	200100	icon_skills.reversecapture_tex	Passo do cabo Swift	icon_crest.e_crestpassiveskillspeedup_tex	Aumenta a velocidade de ataque da próxima habilidade em 50% ao ser atingido.
29037	Cable Step	200100	icon_skills.reversecapture_tex	Passo do cabo com ligação elétrica	icon_crest.e_crestnextskillattackup_tex	Aumenta o dano de Shadow Burst em 20% por alguns segundos.
29038	Shadow Step	400100	icon_skills.instantleap_tex	Passo energético da sombra	icon_crest.e_crestpassivecooltimedown_tex	Diminui o tempo de recarga em 15%.
29039	Shadow Step	400100	icon_skills.instantleap_tex	Fleetfooted Shadow Step	icon_crest.e_crestactivespeedup_tex	Aumenta a Velocidade de Movimento do combate em 50 por 2 segundos.
29046	Smite	90100	icon_skills.chainstrike_tex	Golpe Energético	icon_crest.e_crestpassivecooltimedown_tex	Diminui o tempo de recarga em 25%.
29047	Whipsaw	80100	icon_skills.chainblade_tex	Poderosa serra elétrica	icon_crest.e_crestpassiveattackup_tex	Aumenta o dano da habilidade em 25%.
29048	Death Spiral	60100	icon_skills.chainbrandish_tex	Espiral da morte com link de energia	icon_crest.e_crestnextskillattackup_tex	Aumenta o dano do Golpe Sombrio em 20% por alguns segundos.
29049	Shadow Burst	120100	icon_skills.darkexplosion_tex	Brilliant Shadow Burst	icon_crest.e_crestpassivempdown_tex	Reduz o custo de MP em 105.
29050	Grim Strike	50100	icon_skills.chainsuperblow_tex	Esculpindo o Grim Strike	icon_crest.e_crestpassivecriticalup_tex	Dobra a chance de um acerto crítico.
29051	Shrouded Escape	180100	icon_skills.hideindarkness_tex	Escape enérgico e envolto em mortalha	icon_crest.e_crestpassivecooltimedown_tex	Diminui o tempo de recarga em 20%.
29052	Shrouded Escape	180100	icon_skills.hideindarkness_tex	Fuga encoberta e persistente	icon_crest.e_crestpassivedurationup_tex	Aumenta a duração do efeito em 50%.
30061	Дождь стрел	0		Chuva de flechas do caçador	icon_crest.e_crestpassivecriticalup_tex	Aumenta em 2 vezes a probabilidade de um acerto crítico em uma batalha contra monstros
