1	Power	Debuff	False	perc	100000	0	1	Clear Conscience			A potência e o ataque foram reduzidos para $H_W_BAD0%$COLOR_END.	icon_skills.voidtrap_tex	icon_skills.voidtrap_tex	True
2	Endurance	Buff	True	perc	180000000	0	1	Promo BAM Buff	98140	Jacque Fresco's Riddle	Aumenta a sua grandiosidade ao derrotar monstros grandalhões.	icon_skills.voidtrap_tex	icon_skills.voidtrap_tex	True
4	Stun	Buff	True	swch	3600000	0	5	Stun Bomb	7215	Stun Bomb	Efeito de atordoamento	icon_skills.voidtrap_tex	icon_skills.voidtrap_tex	True
5	Drunk1	Debuff	True	seta	100000	0	0	Non-Effect Debuff			Debilitação sem efeito	icon_skills.voidtrap_tex	icon_skills.voidtrap_tex	True
6	Immune	Debuff	True	seta	100000	0	0	Damage Absolute Invincibility	98140	Jacque Fresco's Riddle	Dano de invencibilidade absoluta	icon_skills.voidtrap_tex	icon_skills.voidtrap_tex	True
7	Stun	Debuff	True	seta	100000	0	5	Damage Half Invincibility			Dano de meia invencibilidade	icon_skills.voidtrap_tex	icon_skills.voidtrap_tex	True
7	Immune	Debuff	True	abs	100000	0	0	Damage Half Invincibility			Dano de meia invencibilidade	icon_skills.voidtrap_tex	icon_skills.voidtrap_tex	True
8	Immune	Debuff	True	setp	100000	0	0	Debuff Absolute Invincibility			Debuff de invencibilidade absoluta	icon_skills.voidtrap_tex	icon_skills.voidtrap_tex	True
9	Immune	Debuff	True	8	100000	0	0	Debuff Half Invincibility			Debuff de meia invencibilidade	icon_skills.voidtrap_tex	icon_skills.voidtrap_tex	True
10	Immune	Debuff	True	16	100000	0	0	Reaction Absolute Invincibility			Invencibilidade absoluta da reação	icon_skills.voidtrap_tex	icon_skills.voidtrap_tex	True
11	Immune	Debuff	True	26	60000	0	0	Stone Skin			Pedra	icon_skills.stoneshape_tex	icon_skills.voidtrap_tex	True
11	StunKnockDown	Debuff	True	seta	60000	0	6	Stone Skin			Pedra	icon_skills.stoneshape_tex	icon_skills.voidtrap_tex	True
12	Immune	Debuff	True	21	10000	0	0	Vortex Prison			Vórtice	icon_skills.tornadoprison_tex	icon_skills.voidtrap_tex	True
12	StunKnockDown	Debuff	True	seta	10000	0	5	Vortex Prison			Vórtice	icon_skills.tornadoprison_tex	icon_skills.voidtrap_tex	True
12	247	Debuff	True	perc	10000	0	100	Vortex Prison			Vórtice	icon_skills.tornadoprison_tex	icon_skills.voidtrap_tex	True
13	Immune	Debuff	True	20	60000	0	0	Epiphany of the Goddess			Deusa desencadeada	icon_skills.adventgoddess_tex	icon_skills.voidtrap_tex	True
15	OutOfCombatMovSpd	Buff	True	abs	600000	0	10	Blessing of Zenobia	98140	Jacque Fresco's Riddle	A velocidade de movimento fora de combate aumenta em $H_W_GOOD10$COLOR_END.	icon_skills.fastwalk_tex	icon_skills.fastwalk_tex	True
21	KnockDownChance	Buff	True	perc	900000	0	10	Chasing and Hunting_Reaction_Resistance Test	98140	Jacque Fresco's Riddle	Aumenta em 10 vezes a chance de resistência à reação.	icon_skills.voidtrap_tex	icon_skills.voidtrap_tex	True
22	Attack	Buff	True	perc	1200000	0	14	Test_Increased Skill Damage	98140	Jacque Fresco's Riddle	Somente teste: aumenta o dano de todas as habilidades em 40%!	icon_skills.voidtrap_tex	icon_skills.voidtrap_tex	True
23	CritChance	Buff	True	abs	60000	0	1	Automatic Critical Hits	98140	Jacque Fresco's Riddle	Todos os seus ataques são acertos críticos.$BRTest Only	icon_skills.voidtrap_tex	icon_skills.voidtrap_tex	True
24	CritChance	Buff	True	abs	60000	0	1	Grant Automatic Critical Hits			Concede acertos críticos automáticos ao inimigo.$BRTest Only			True
25	MPChange	Buff	True	perc	0	1	5	T.E.R.A TIME	98140	Jacque Fresco's Riddle	Sinta a febre! Todos os tempos de recarga de habilidades, com exceção das habilidades de aliança, diminuem em 80%, e toda a regeneração de MP aumenta imensamente.	icon_status.pluswill_tex	icon_status.pluswill_tex	True
25	CDR	Buff	True	perc	0	0	2	T.E.R.A TIME	98140	Jacque Fresco's Riddle	Sinta a febre! Todos os tempos de recarga de habilidades, com exceção das habilidades de aliança, diminuem em 80%, e toda a regeneração de MP aumenta imensamente.	icon_status.pluswill_tex	icon_status.pluswill_tex	True
26	MPChange	Buff	True	perc	0	1	5	Ultra-Hyper-Fire-Turbo Time			Sinta a febre! Todos os tempos de recarga de habilidades, com exceção das habilidades de aliança, diminuem em 80%, e toda a regeneração de MP aumenta imensamente.	icon_status.pluswill_tex	icon_status.pluswill_tex	True
26	CDR	Buff	True	perc	0	0	2	Ultra-Hyper-Fire-Turbo Time			Sinta a febre! Todos os tempos de recarga de habilidades, com exceção das habilidades de aliança, diminuem em 80%, e toda a regeneração de MP aumenta imensamente.	icon_status.pluswill_tex	icon_status.pluswill_tex	True
27	MPChange	Buff	True	perc	0	1	5	T.E.R.A TIME			Sinta a febre! Todos os tempos de recarga de habilidades, com exceção das habilidades de aliança, diminuem em 80%, e toda a regeneração de MP aumenta imensamente.	icon_status.pluswill_tex	icon_status.pluswill_tex	True
27	CDR	Buff	True	perc	0	0	2	T.E.R.A TIME			Sinta a febre! Todos os tempos de recarga de habilidades, com exceção das habilidades de aliança, diminuem em 80%, e toda a regeneração de MP aumenta imensamente.	icon_status.pluswill_tex	icon_status.pluswill_tex	True
101	Immune	Buff	True	16	2000	0	0	Retaliate			Enquanto estiver em vigor, é imune a reações.	icon_skills.risingattack_tex	icon_skills.risingattack_tex	True
201	Power	Buff	True	abs	900000	0	17	Blessing of Shakan I			A potência aumenta em $H_W_GOOD17$COLOR_END.	icon_skills.attackup_tex	icon_skills.attackup_tex	True
202	Power	Buff	True	abs	900000	0	25	Blessing of Shakan			A potência aumenta em $H_W_GOOD25$COLOR_END.	icon_skills.attackup_tex	icon_skills.attackup_tex	True
301	Stun	Stun	False	swch	3000	0	5	Lightning Trap I			Atordoado. Não pode se mover.	icon_skills.shocktrap_tex	icon_skills.shocktrap_tex	True
302	Stun	Stun	False	swch	5000	0	5	Lightning Trap			Atordoado. Não pode se mover.	icon_skills.shocktrap_tex	icon_skills.shocktrap_tex	True
303	Stun	Stun	False	swch	5000	0	5	Lightning Trap III			Atordoado. Não pode se mover.	icon_skills.shocktrap_tex	icon_skills.shocktrap_tex	True
501	OutOfCombatMovSpd	Buff	True	abs	600000	0	40	Movement Speed Increases	649	Orbe de Velocidade	A velocidade de movimento aumenta imensamente.	icon_status.aura_of_wind_tex	icon_status.aura_of_wind_tex	True
601	Power	Buff	True	abs	25000	0	20	Titanic Wrath I			A potência aumenta em $H_W_GOOD20$COLOR_END.	icon_skills.rage_tex	icon_skills.rage_tex	True
602	Power	Buff	True	abs	25000	0	25	Titanic Wrath			A potência aumenta em $H_W_GOOD25$COLOR_END.	icon_skills.rage_tex	icon_skills.rage_tex	True
603	Power	Buff	True	abs	25000	0	40	Titanic Wrath III			A potência aumenta em $H_W_GOOD40$COLOR_END.	icon_skills.rage_tex	icon_skills.rage_tex	True
901	Stun	Stun	False	swch	3000	0	5	Shara's Lash			Atordoado. Não pode se mover.	icon_skills.flashball_tex	icon_skills.flashball_tex	True
902	DefPotion	Buff	True	perc	0	0	95	Noctenium Infusion	1300	Infusão de Noctênio	O dano de PxP causado é aumentado em 5%; o dano de PxP recebido é reduzido em 5%.	icon_items.union_supplies5_tex	icon_items.union_supplies5_tex	True
902	AtkPotion	Buff	True	perc	0	0	105	Noctenium Infusion	1300	Infusão de Noctênio	O dano de PxP causado é aumentado em 5%; o dano de PxP recebido é reduzido em 5%.	icon_items.union_supplies5_tex	icon_items.union_supplies5_tex	True
902	Noctenium	Buff	True	swch	0	0	1	Noctenium Infusion	1300	Infusão de Noctênio	O dano de PxP causado é aumentado em 5%; o dano de PxP recebido é reduzido em 5%.	icon_items.union_supplies5_tex	icon_items.union_supplies5_tex	True
903	Power	Buff	True	abs	30000	0	15	Murderous Intent			Aumenta a potência em $H_W_GOOD15$COLOR_END, a velocidade de ataque em $H_W_GOOD10700%$COLOR_END, a taxa de críticos em $H_W_GOOD10300%$COLOR_END e a velocidade de movimento em $H_W_GOOD10300%$COLOR_END.	icon_skills.battlefield_high_ranking_tex	icon_skills.battlefield_high_ranking_tex	True
903	MovSpd	Buff	True	perc	30000	0	104	Murderous Intent			Aumenta a potência em $H_W_GOOD15$COLOR_END, a velocidade de ataque em $H_W_GOOD10700%$COLOR_END, a taxa de críticos em $H_W_GOOD10300%$COLOR_END e a velocidade de movimento em $H_W_GOOD10300%$COLOR_END.	icon_skills.battlefield_high_ranking_tex	icon_skills.battlefield_high_ranking_tex	True
903	Crit	Buff	True	perc	30000	0	104	Murderous Intent			Aumenta a potência em $H_W_GOOD15$COLOR_END, a velocidade de ataque em $H_W_GOOD10700%$COLOR_END, a taxa de críticos em $H_W_GOOD10300%$COLOR_END e a velocidade de movimento em $H_W_GOOD10300%$COLOR_END.	icon_skills.battlefield_high_ranking_tex	icon_skills.battlefield_high_ranking_tex	True
903	ASpd	Buff	True	perc	30000	0	108	Murderous Intent			Aumenta a potência em $H_W_GOOD15$COLOR_END, a velocidade de ataque em $H_W_GOOD10700%$COLOR_END, a taxa de críticos em $H_W_GOOD10300%$COLOR_END e a velocidade de movimento em $H_W_GOOD10300%$COLOR_END.	icon_skills.battlefield_high_ranking_tex	icon_skills.battlefield_high_ranking_tex	True
903	190	Buff	True	swch	30000	0	0	Murderous Intent			Aumenta a potência em $H_W_GOOD15$COLOR_END, a velocidade de ataque em $H_W_GOOD10700%$COLOR_END, a taxa de críticos em $H_W_GOOD10300%$COLOR_END e a velocidade de movimento em $H_W_GOOD10300%$COLOR_END.	icon_skills.battlefield_high_ranking_tex	icon_skills.battlefield_high_ranking_tex	True
904	AtkPotion	Buff	True	swch	15000	0	11	Energy Stars Amplification			Aumenta o dano da habilidade em $H_W_GOOD$10$COLOR_END no primeiro acerto. Não pode ser aplicado ao lançador.	icon_skills.berserk_tex	icon_skills.berserk_tex	True
905	MPChange	Buff	True	abs	10000	2	100	Regeneration Circle—MP Restoration			Cura o MP de $H_W_GOOD100$COLOR_END a cada $H_W_GOOD2s$COLOR_END.	icon_status.plusmp_tex	icon_status.plusmp_tex	True
906	MPChange	Buff	True	abs	5000	1	50	Restorative Burst—MP Restoraion			Cura $H_W_GOOD50$COLOR_END HP a cada $H_W_GOOD1s$COLOR_END.	icon_status.plusmp_tex	icon_status.plusmp_tex	True
907	ASpd	Buff	True	perc	15000	0	12	Titanic Wrath—Acceleration			Acelera o lançamento em $H_W_GOOD1100%$COLOR_END para a primeira habilidade.	icon_status.plusattack_tex	icon_status.plusattack_tex	True
908	Absorb	Buff	True	swch	5000	0	4000	Titanic Favor—Protection			Absorve até $H_W_GOOD4000$COLOR_END de dano. $BRImune a knockdown e imobilização enquanto estiver em vigor.	icon_status.plusedefence_tex	icon_status.plusedefence_tex	True
910	Noctenium	Buff	True	swch	0	0	2	Test	1230	Infusão de Noctênio Superior	Teste	icon_items.union_supplies5_tex	icon_items.union_supplies5_tex	True
911	DefPotion	Buff	True	perc	0	0	95	Noctenium Infusion	1301	Infusão de Noctênio da Aliança	O dano de PxP causado é aumentado em 5%; o dano de PxP recebido é reduzido em 5%.	icon_items.union_supplies5_tex	icon_items.union_supplies5_tex	True
911	AtkPotion	Buff	True	perc	0	0	105	Noctenium Infusion	1301	Infusão de Noctênio da Aliança	O dano de PxP causado é aumentado em 5%; o dano de PxP recebido é reduzido em 5%.	icon_items.union_supplies5_tex	icon_items.union_supplies5_tex	True
911	Noctenium	Buff	True	swch	0	0	3	Noctenium Infusion	1301	Infusão de Noctênio da Aliança	O dano de PxP causado é aumentado em 5%; o dano de PxP recebido é reduzido em 5%.	icon_items.union_supplies5_tex	icon_items.union_supplies5_tex	True
912	DefPotion	Buff	True	perc	0	0	95	Noctenium Infusion	1302	Infusão de Vault Noctenium	O dano de PxP causado é aumentado em 5%; o dano de PxP recebido é reduzido em 5%.	icon_items.union_supplies5_tex	icon_items.union_supplies5_tex	True
912	AtkPotion	Buff	True	perc	0	0	105	Noctenium Infusion	1302	Infusão de Vault Noctenium	O dano de PxP causado é aumentado em 5%; o dano de PxP recebido é reduzido em 5%.	icon_items.union_supplies5_tex	icon_items.union_supplies5_tex	True
912	Noctenium	Buff	True	swch	0	0	4	Noctenium Infusion	1302	Infusão de Vault Noctenium	O dano de PxP causado é aumentado em 5%; o dano de PxP recebido é reduzido em 5%.	icon_items.union_supplies5_tex	icon_items.union_supplies5_tex	True
913	DefPotion	Buff	True	perc	0	0	95	Noctenium Infusion	1303	Infusão de Noctênio adaptada	O dano de PxP causado é aumentado em 5%; o dano de PxP recebido é reduzido em 5%.	icon_items.union_supplies5_tex	icon_items.union_supplies5_tex	True
913	AtkPotion	Buff	True	perc	0	0	105	Noctenium Infusion	1303	Infusão de Noctênio adaptada	O dano de PxP causado é aumentado em 5%; o dano de PxP recebido é reduzido em 5%.	icon_items.union_supplies5_tex	icon_items.union_supplies5_tex	True
913	Noctenium	Buff	True	swch	0	0	5	Noctenium Infusion	1303	Infusão de Noctênio adaptada	O dano de PxP causado é aumentado em 5%; o dano de PxP recebido é reduzido em 5%.	icon_items.union_supplies5_tex	icon_items.union_supplies5_tex	True
1100	XPBoost	Buff	True	perc	1800000	0	105	Potion of Cultural Opportunity			Bônus de XP de combate de $H_W_GOOD10400%$COLOR_END.	icon_items.potion12_tex	icon_items.potion12_tex	True
1101	XPBoost	Buff	True	perc	3600000	0	12	Adoration I	9	Confete de biscoito (vinculado)	A EXP de combate aumenta em $H_W_GOOD1100%$COLOR_END.$BREFFect persiste até a morte.	icon_items.exp_buff_potion1_tex	icon_items.exp_buff_potion1_tex	True
1102	XPBoost	Buff	True	perc	1800000	0	11	Festival Furor I	10	Fogos de artifício (vinculado)	A EXP de combate aumenta em $H_W_GOOD1000%$COLOR_END.$BREFFect persiste até a morte.	icon_items.exp_buff_potion2_tex	icon_items.exp_buff_potion2_tex	True
1103	XPBoost	Buff	True	perc	10800000	0	2	Adoration II	67	[Binding] Cracker Confetti II	A EXP de combate aumenta em $H_W_GOOD100%$COLOR_END.$BREFFect persiste até a morte.	icon_items.exp_buff_potion1_tex	icon_items.exp_buff_potion1_tex	True
1104	XPBoost	Buff	True	perc	0	0	15	Festival Furor II			A EXP de combate aumenta em $H_W_GOOD1400%$COLOR_END.$BREFFect persiste até a morte.	icon_items.exp_buff_potion2_tex	icon_items.exp_buff_potion2_tex	True
1105	XPBoost	Buff	True	perc	10800000	0	11	Powerful Potion of Cultural Opportunity			A Powerful Potion of Cultural Opportunity (Poção poderosa de oportunidade cultural) tem o efeito especial de aumentar sua EXP de caça em $H_W_GOOD1000%$COLOR_END. O efeito não desaparece, mesmo que você morra.	icon_items.potion12_tex	icon_items.potion12_tex	True
1106	XPBoost	Buff	True	perc	0	0	2	Adoration II			A EXP de combate aumenta em $H_W_GOOD100%$COLOR_END. $BREffect persiste até a morte.	icon_items.exp_buff_potion1_tex	icon_items.exp_buff_potion1_tex	True
1110	XPBoost	Buff	True	perc	0	0	12	Traveler's Balm			A bênção de Seren para os viajantes. A EXP de combate aumenta em $H_W_GOOD1100%$COLOR_END.$O efeito persiste até a morte.	icon_status.exp_buff_serensolo_tex	icon_status.exp_buff_serensolo_tex	True
1120	BuffNearbyParty	Buff	True	seta	0	5	1125	Seren's Torchbearer			A Deusa da Noite abençoa sua jornada. Você projeta uma aura sobre si mesmo e sobre os membros do grupo em um raio de 40m.$BREffect persiste até a morte.	icon_skills.exp_buff_seren_aura_tex	icon_skills.exp_buff_seren_aura_tex	True
1125	XPBoost	Buff	True	perc	0	0	13	Torchlight			Portador da tocha nas proximidades. A EXP de combate aumenta em $H_W_GOOD1200%$COLOR_END.$BREFFect persiste até a morte.	icon_status.exp_buff_serenparty_tex	icon_status.exp_buff_serenparty_tex	True
1130	MPChange	Buff	True	perc	25000	1	4	Heart Candy Cane	435	Heart Candy Cane	O poder do Heart Lollipop restaura $H_W_GOOD4%$COLOR_END do MP máximo a cada $H_W_GOOD1s$COLOR_END.	icon_items.heartlollipop_tex	icon_items.heartlollipop_tex	True
1131	MPChange	Buff	True	perc	1000	1	5	Heart Chocolate	434	Heart Chocolate	Mais doce do que qualquer outro chocolate, o Heart Chocolate restaura instantaneamente $H_W_GOOD50%$COLOR_END do MP máximo.	icon_items.heartchocolate_tex	icon_items.heartchocolate_tex	True
1132	StaminaDecay	Buff	True	seta	1800000	0	0	Love Letter	433	Love Letter	Devido ao batimento cardíaco causado pela carta, a resistência não diminui enquanto o efeito durar.	icon_items.loveletter_tex	icon_items.loveletter_tex	True
1133	MPChange	Buff	True	perc	25000	1	4	Shining Candy			Restaura $H_W_GOOD4%$COLOR_END do total de MP a cada $H_W_GOOD1s$COLOR_END.	icon_items.heartlollipop_tex	icon_items.heartlollipop_tex	True
1134	Immune	Buff	True	27	12000	0	0	Goddess' Blessing	60260	Bênção da Deusa	Invencível por um curto período. Termina ao usar qualquer habilidade.	icon_status.revivenow_status_tex	icon_status.revivenow_status_tex	True
1135	Endurance	Buff	True	perc	0	0	1	Federation's Call			A Federação Vakyon recompensa mais os recrutas! Com exceção da missão repetível, todas as recompensas em ouro aumentaram duas vezes.	icon_status.plusfocus_tex	icon_status.plusfocus_tex	True
1150	HPChange	Buff	True	perc	1800000	5	1	Vigorous Renewal Draught			Cura $H_W_GOOD1%$COLOR_END do total de HP a cada $H_W_GOOD5s$COLOR_END.	icon_items.potion14_tex	icon_items.potion14_tex	True
1151	HPChange	Buff	True	perc	10800000	5	1	Powerful Vigorous Renewal Draught			O Powerful Vigorous Renewal Draught tem um efeito especial de restaurar $H_W_GOOD1%$COLOR_END de todo o HP a cada $H_W_GOOD5s$COLOR_END.	icon_items.potion14_tex	icon_items.potion14_tex	True
1200	MPChange	Buff	True	abs	1800000	5	5	Infused Renewal Draught			Restaura o MP $H_W_GOOD5$COLOR_END a cada $H_W_GOOD5s$COLOR_END.	icon_items.potion15_tex	icon_items.potion15_tex	True
1201	MPChange	Buff	True	abs	10800000	5	5	Powerful Infused Renewal Draught			O Powerful Infused Renewal Draught tem um efeito especial de restaurar $H_W_GOOD5$COLOR_END MP a cada $H_W_GOOD5s$COLOR_END.	icon_items.potion15_tex	icon_items.potion15_tex	True
1250	Power	Buff	True	abs	1800000	0	5	Powerful Savage Draught			A potência aumenta em $H_W_GOOD5$COLOR_END.	icon_items.potion11_tex	icon_items.potion11_tex	True
1251	Power	Buff	True	abs	1800000	0	7	Barbarian Violent Potion	150538	Barbarian Violent Potion		icon_items.potion11_tex	icon_items.potion11_tex	True
1300	Endurance	Buff	True	abs	1800000	0	13	Tenacious Savage Draught			A resistência aumenta em $H_W_GOOD13$COLOR_END.	icon_items.potion17_tex	icon_items.potion17_tex	True
1301	Endurance	Buff	True	abs	1800000	0	15	Barbarian Relentless Potion	150540	Barbarian Relentless Potion		icon_items.potion17_tex	icon_items.potion17_tex	True
1350	AtkPotion	Buff	True	perc	1800000	0	105	Powerful Rival Draught			Cause $H_W_GOOD10400%$COLOR_END mais danos a outros jogadores.$BREffect persiste até a morte.	icon_items.potion20_tex	icon_items.potion20_tex	True
1400	DefPotion	Buff	True	perc	1800000	0	95	Tenacious Rival Draught			Recebe $H_W_GOOD9400%$COLOR_END menos dano de outros jogadores.$BREffect persiste até a morte.	icon_items.potion8_tex	icon_items.potion8_tex	True
1440	HPChange	Buff	True	abs	15000	1	57	Bandage I	172	Keener's Medicated Bandage	Cura $H_W_GOOD57$COLOR_END HP a cada $H_W_GOOD1s$COLOR_END.	icon_items.bandage1_rare_tex	icon_items.bandage1_rare_tex	True
1441	HPChange	Buff	True	abs	15000	1	105	Bandage II	173	Verdra Medicated Bandage	Cura $H_W_GOOD105$COLOR_END HP a cada $H_W_GOOD1s$COLOR_END.	icon_items.bandage2_rare_tex	icon_items.bandage2_rare_tex	True
1442	HPChange	Buff	True	abs	15000	1	202	Bandage III	174	Sylva Medicated Bandage	Cura $H_W_GOOD202$COLOR_END HP a cada $H_W_GOOD1s$COLOR_END.	icon_items.bandage3_rare_tex	icon_items.bandage3_rare_tex	True
1443	HPChange	Buff	True	abs	15000	1	386	Bandage IV	175	Shetla Medicated Bandage	Cura $H_W_GOOD386$COLOR_END HP a cada $H_W_GOOD1s$COLOR_END.	icon_items.bandage4_rare_tex	icon_items.bandage4_rare_tex	True
1444	HPChange	Buff	True	abs	15000	1	777	Bandage V	176	Toira Medicated Bandage	Cura $H_W_GOOD777$COLOR_END HP a cada $H_W_GOOD1s$COLOR_END.	icon_items.bandage5_rare_tex	icon_items.bandage5_rare_tex	True
1445	HPChange	Buff	True	abs	15000	1	1273	Bandage VI	177	Luria Medicated Bandage	Cura $H_W_GOOD1273$COLOR_END HP a cada $H_W_GOOD1s$COLOR_END.	icon_items.bandage6_rare_tex	icon_items.bandage6_rare_tex	True
1450	HPChange	Buff	True	abs	10000	1	43	First Aid I	125	Keener's Bandage	Cura $H_W_GOOD43$COLOR_END HP a cada $H_W_GOOD1s$COLOR_END.	icon_items.bandage1_tex	icon_items.bandage1_tex	True
1451	HPChange	Buff	True	abs	10000	1	79	First Aid II	126	Verdra Bandage	Cura $H_W_GOOD79$COLOR_END HP a cada $H_W_GOOD1s$COLOR_END.	icon_items.bandage2_tex	icon_items.bandage2_tex	True
1452	HPChange	Buff	True	abs	10000	1	152	First Aid III	127	Sylva Bandage	Cura $H_W_GOOD152$COLOR_END HP a cada $H_W_GOOD1s$COLOR_END.	icon_items.bandage3_tex	icon_items.bandage3_tex	True
1453	HPChange	Buff	True	abs	10000	1	290	First Aid IV	128	Shetla Bandage	Cura $H_W_GOOD290$COLOR_END HP a cada $H_W_GOOD1s$COLOR_END.	icon_items.bandage4_tex	icon_items.bandage4_tex	True
1454	HPChange	Buff	True	abs	10000	1	582	First Aid V	7154	Toira Bandage	Cura $H_W_GOOD582$COLOR_END HP a cada $H_W_GOOD1s$COLOR_END.	icon_items.bandage5_tex	icon_items.bandage5_tex	True
1455	HPChange	Buff	True	abs	10000	1	954	First Aid VI	7155	Luria Bandage	Cura $H_W_GOOD954$COLOR_END HP a cada $H_W_GOOD1s$COLOR_END.	icon_items.bandage6_tex	icon_items.bandage6_tex	True
1460	HPChange	Buff	True	perc	20000	1	5	Lelyn's Bandage	5	Bandagem de Lelyn (vinculado)	Cura $H_W_GOOD5%$COLOR_END do total de HP a cada $H_W_GOOD1s$COLOR_END.	icon_items.perfect_bandage_tex	icon_items.perfect_bandage_tex	True
1461	HPChange	Buff	True	perc	30000	1	4	Toruan Snacks	345	Comfort Food	Cura $H_W_GOOD4%$COLOR_END do total de HP a cada $H_W_GOOD1s$COLOR_END.	icon_items.ricecake_tex	icon_items.ricecake_tex	True
1462	HPChange	Buff	True	perc	20000	1	5	Tertas Fruit Candy	360	Tertas Fruit Candy	Cura $H_W_GOOD5%$COLOR_END do total de HP a cada $H_W_GOOD1s$COLOR_END.	icon_items.candyapple_tex	icon_items.candyapple_tex	True
1470	OutOfCombatMovSpd	Buff	True	abs	90000	0	30	Speed Potion	8007	Poção de velocidade	A velocidade aumenta em $H_W_GOOD30$COLOR_END quando estiver fora de combate.	icon_items.potion6_tex	icon_items.potion6_tex	True
1480	OutOfCombatMovSpd	Buff	True	abs	180000	0	20	Zenobia's Zeal			A velocidade aumenta em $H_W_GOOD20$COLOR_END quando estiver fora de combate.	icon_status.plusmove_tex	icon_status.plusmove_tex	True
1490	HPChange	Buff	True	perc	15000	1	5	Rejuvenation Potion	111	Rejuvenation Potion	Cura $H_W_GOOD5%$COLOR_END do total de HP a cada $H_W_GOOD1s$COLOR_END.	icon_items.potion1_tex	icon_items.potion1_tex	True
1491	HPChange	Buff	True	perc	5000	1	6	Valiant Potion			Cura $H_W_GOOD6%$COLOR_END do total de HP a cada $H_W_GOOD1s$COLOR_END.	icon_items.potion1_tex	icon_items.potion1_tex	True
1510	HPChange	Buff	True	perc	1000	1	5	Healing Potion	114	Valkyon Health Potion	Restaura instantaneamente $H_W_GOOD50%$COLOR_END do HP total.	icon_items.potion5_tex	icon_items.potion5_tex	False
1530	MPChange	Buff	True	perc	15000	1	5	Divine Infusion	130	Divine Infusion	Restaura $H_W_GOOD5%$COLOR_END do total de MP a cada $H_W_GOOD1s$COLOR_END.	icon_items.potion19_tex	icon_items.potion19_tex	True
1610	HPChange	Buff	True	perc	10000	1	2	Rejuvenation Orbe 	8000	Orbe regeneração de HP I	Cura $H_W_GOOD2%$COLOR_END do total de HP a cada $H_W_GOOD1s$COLOR_END.	icon_items.potion1_tex	icon_items.potion1_tex	True
1630	HPChange	Buff	True	perc	1000	1	25	Healing Orbe	8005	Orbe de cura	Cura $H_W_GOOD25%$COLOR_END do total de HP.	icon_items.potion5_tex	icon_items.potion5_tex	False
1640	CraftTime	Buff	True	perc	3600000	0	8	Midnight Oil	1	Óleo da meia noite de Velika	A velocidade de criação aumenta em $H_W_GOOD700%$COLOR_END.	icon_items.artisan_potion_tex	icon_items.artisan_potion_tex	True
1641	CraftTime	Buff	True	perc	3600000	0	5	Kaiator Midnight Oil	344	Kaiator Midnight Oil	A velocidade de criação aumenta em $H_W_GOOD400%$COLOR_END.	icon_items.artisan_lamp_tex	icon_items.artisan_lamp_tex	True
1642	CraftTime	Buff	True	perc	3600000	0	5	Castanica Midnight Oil	361	Castanica Midnight Oil	A velocidade de criação aumenta em $H_W_GOOD400%$COLOR_END.	icon_items.eviloflight_tex	icon_items.eviloflight_tex	True
1650	HPChange	Buff	True	perc	1000	1	1	Kaia's Horn	3	Hidromel de Kaia (vinculado)	Teste	icon_items.artisan_potion_tex	icon_items.artisan_potion_tex	False
1660	MPChange	Buff	True	perc	1000	1	1	Seren's Perfume	4	Perfume de Seren (vinculado)	Teste	icon_items.artisan_potion_tex	icon_items.artisan_potion_tex	False
1670	XPBoost	Buff	True	perc	180000	0	103	Game Hunter's Boon	8024	Fine Game Hunter's Boon	Aumenta a EXP obtida com a caça em $H_W_GOOD3%$COLOR_END.	icon_status.plusfocus_tex	icon_status.plusfocus_tex	True
1671	HPChange	Buff	True	perc	1000	1	7	Fine Game Hunter's Boon	8024	Fine Game Hunter's Boon		icon_status.plusfocus_tex	icon_status.plusfocus_tex	False
1800	Power	Debuff	True	perc	600000	0	1	Ghostly Pallor	305	Kaia's Binding	Diminui a potência em $H_W_BAD0%$COLOR_END, a resistência em $H_W_BAD0%$COLOR_END e a velocidade de movimento em $H_W_BAD600%$COLOR_END.$BRNão pode ser purificado ou limpo.	icon_status.diseasedown_tex	icon_status.diseasedown_tex	True
1800	Endurance	Debuff	True	perc	600000	0	1	Ghostly Pallor	305	Kaia's Binding	Diminui a potência em $H_W_BAD0%$COLOR_END, a resistência em $H_W_BAD0%$COLOR_END e a velocidade de movimento em $H_W_BAD600%$COLOR_END.$BRNão pode ser purificado ou limpo.	icon_status.diseasedown_tex	icon_status.diseasedown_tex	True
1800	MovSpd	Debuff	True	setp	600000	0	7	Ghostly Pallor	305	Kaia's Binding	Diminui a potência em $H_W_BAD0%$COLOR_END, a resistência em $H_W_BAD0%$COLOR_END e a velocidade de movimento em $H_W_BAD600%$COLOR_END.$BRNão pode ser purificado ou limpo.	icon_status.diseasedown_tex	icon_status.diseasedown_tex	True
1800	ResistNegative	Debuff	True	swch	600000	0	0	Ghostly Pallor	305	Kaia's Binding	Diminui a potência em $H_W_BAD0%$COLOR_END, a resistência em $H_W_BAD0%$COLOR_END e a velocidade de movimento em $H_W_BAD600%$COLOR_END.$BRNão pode ser purificado ou limpo.	icon_status.diseasedown_tex	icon_status.diseasedown_tex	True
2000	MPChange	Buff	True	perc	80000	2	5	MP Restoration II	8003	Orbe regeneração de MP II	Restaura $H_W_GOOD5%$COLOR_END do total de MP a cada $H_W_GOOD2s$COLOR_END.	icon_status.delaympgain_tex	icon_status.delaympgain_tex	True
2010	MPChange	Buff	True	perc	80000	2	2	MP Restoration I	8002	Orbe regeneração de MP I	Restaura $H_W_GOOD2%$COLOR_END do total de MP a cada $H_W_GOOD2s$COLOR_END.	icon_status.delaympgain_tex	icon_status.delaympgain_tex	True
2020	HPChange	Buff	True	perc	1000	1	35	Health Burst	8001	Orbe regeneração de HP II	Cura $H_W_GOOD35%$COLOR_END do total de HP.	icon_status.delayheal_tex	icon_status.delayheal_tex	False
2030	AllResist	Buff	True	abs	10000	0	20	Immunity Burst			Aumente as resistências em $H_W_GOOD20$COLOR_END.	icon_status.pluseconfuseresist_tex	icon_status.pluseconfuseresist_tex	True
2040	Endurance	Buff	True	perc	20000	0	17	Indomitable Will I	8004	Orbe de resistência forte	Aumente a resistência, o equilíbrio e a resistência em $H_W_GOOD1600%$COLOR_END.	icon_status.pluswill_tex	icon_status.pluswill_tex	True
2040	Ballance	Buff	True	perc	20000	0	17	Indomitable Will I	8004	Orbe de resistência forte	Aumente a resistência, o equilíbrio e a resistência em $H_W_GOOD1600%$COLOR_END.	icon_status.pluswill_tex	icon_status.pluswill_tex	True
2040	AllResist	Buff	True	perc	20000	0	17	Indomitable Will I	8004	Orbe de resistência forte	Aumente a resistência, o equilíbrio e a resistência em $H_W_GOOD1600%$COLOR_END.	icon_status.pluswill_tex	icon_status.pluswill_tex	True
2041	Endurance	Buff	True	perc	25000	0	17	Indomitable Will II			Aumente a resistência, o equilíbrio e a resistência em $H_W_GOOD1600%$COLOR_END.	icon_status.pluswill_tex	icon_status.pluswill_tex	True
2041	Ballance	Buff	True	perc	25000	0	17	Indomitable Will II			Aumente a resistência, o equilíbrio e a resistência em $H_W_GOOD1600%$COLOR_END.	icon_status.pluswill_tex	icon_status.pluswill_tex	True
2041	AllResist	Buff	True	perc	25000	0	17	Indomitable Will II			Aumente a resistência, o equilíbrio e a resistência em $H_W_GOOD1600%$COLOR_END.	icon_status.pluswill_tex	icon_status.pluswill_tex	True
2042	Endurance	Buff	True	perc	30000	0	17	Indomitable Will III			Aumente a resistência, o equilíbrio e a resistência em $H_W_GOOD1600%$COLOR_END.	icon_status.pluswill_tex	icon_status.pluswill_tex	True
2042	Ballance	Buff	True	perc	30000	0	17	Indomitable Will III			Aumente a resistência, o equilíbrio e a resistência em $H_W_GOOD1600%$COLOR_END.	icon_status.pluswill_tex	icon_status.pluswill_tex	True
2042	AllResist	Buff	True	perc	30000	0	17	Indomitable Will III			Aumente a resistência, o equilíbrio e a resistência em $H_W_GOOD1600%$COLOR_END.	icon_status.pluswill_tex	icon_status.pluswill_tex	True
2050	Attack	Buff	True	perc	180000	0	13	Bloodthirst			O dano de todas as habilidades aumenta em $H_W_GOOD1200%$COLOR_END e a velocidade de ataque aumenta em $H_W_GOOD1200%$COLOR_END.	icon_status.battlefieldbuff02_tex	icon_status.battlefieldbuff02_tex	True
2050	ASpd	Buff	True	perc	180000	0	13	Bloodthirst			O dano de todas as habilidades aumenta em $H_W_GOOD1200%$COLOR_END e a velocidade de ataque aumenta em $H_W_GOOD1200%$COLOR_END.	icon_status.battlefieldbuff02_tex	icon_status.battlefieldbuff02_tex	True
2051	Endurance	Buff	True	perc	0	0	1	Bloodthirsty			Matar esse monstro produz o efeito $H_W_GOODBloodthirst$COLOR_END, que aumenta o dano e a velocidade de ataque de todas as habilidades.	icon_status.battlefieldbuff02_tex	icon_status.battlefieldbuff02_tex	True
2052	Block	Stun	False	swch	900000	0	0	Curse of the Kumas Treasure			Você pode se movimentar enquanto carrega o doce de pedra, mas não pode atacar ou realizar outras ações.	icon_status.diseaseup_tex	icon_status.diseaseup_tex	True
2054	MovSpd	Debuff	False	setp	900000	0	8	Kumas Shuffle I			Suas pernas não lhe obedecem! Sua velocidade de movimento diminuiu em $H_W_BAD700%$COLOR_END.	icon_status.poisonup_tex	icon_status.poisonup_tex	True
2055	MovSpd	Debuff	False	setp	900000	0	6	Kumas Shuffle II			Suas pernas não lhe obedecem! Sua velocidade de movimento diminuiu em $H_W_BAD500%$COLOR_END.	icon_status.poisonup_tex	icon_status.poisonup_tex	True
2056	MovSpd	Debuff	False	setp	900000	0	4	Kumas Shuffle III			Suas pernas não lhe obedecem! Sua velocidade de movimento diminuiu em $H_W_BAD300%$COLOR_END.	icon_status.poisonup_tex	icon_status.poisonup_tex	True
2057	HPChange	Buff	True	abs	900000	1	3000	Kumas HP Recovery I			Regenera o HP de $H_W_GOOD3000$COLOR_END a cada $H_W_GOOD1s$COLOR_END.	icon_skills.refreshbless_tex	icon_skills.refreshbless_tex	True
2058	HPChange	Buff	True	abs	900000	1	10000	Kumas HP Recovery II			Regenera o HP de $H_W_GOOD10000$COLOR_END a cada $H_W_GOOD1s$COLOR_END.	icon_skills.refreshbless_tex	icon_skills.refreshbless_tex	True
2059	HPChange	Buff	True	abs	900000	1	20000	Kumas HP Recovery III			Regenera o HP de $H_W_GOOD20000$COLOR_END a cada $H_W_GOOD1s$COLOR_END.	icon_skills.refreshbless_tex	icon_skills.refreshbless_tex	True
2060	KnockDownChance	Buff	True	perc	180000	0	0	Victor's Ward			O Victor's Ward absorve até $H_W_GOOD30000$COLOR_END de dano. Imune a knockdown e imobilização enquanto estiver em vigor. Termina quando o dano máximo é atingido, independentemente da duração.	icon_status.battlefieldbuff01_tex	icon_status.battlefieldbuff01_tex	True
2060	Absorb	Buff	True	swch	180000	0	30000	Victor's Ward			O Victor's Ward absorve até $H_W_GOOD30000$COLOR_END de dano. Imune a knockdown e imobilização enquanto estiver em vigor. Termina quando o dano máximo é atingido, independentemente da duração.	icon_status.battlefieldbuff01_tex	icon_status.battlefieldbuff01_tex	True
2061	Endurance	Buff	True	perc	0	0	1	Victor's Prize			Ao matar esse monstro, o efeito $H_W_GOODVictor's Ward$COLOR_END absorve o dano e evita o knockdown e a imobilização.	icon_status.battlefieldbuff01_tex	icon_status.battlefieldbuff01_tex	True
2062	MovSpd	Buff	True	abs	10000	0	-100	Slow Test			Aumenta a velocidade de movimento em $H_W_GOOD-100$COLOR_END.	icon_items.scroll_run_speed_level_1_tex	icon_items.scroll_run_speed_level_1_tex	True
2063	MovSpd	Debuff	False	perc	900000	0	4	Ten Thousand Carat Burden			Diminui a velocidade de movimento em $H_W_BAD300%$COLOR_END enquanto carrega a pedra doce.	icon_status.f2p_rewardbox_tex	icon_status.f2p_rewardbox_tex	True
2063	HPDrain	Debuff	False	perc	900000	0	9	Ten Thousand Carat Burden			Diminui a velocidade de movimento em $H_W_BAD300%$COLOR_END enquanto carrega a pedra doce.	icon_status.f2p_rewardbox_tex	icon_status.f2p_rewardbox_tex	True
2064	Stun	Stun	False	swch	3000	0	5	Tons of Stun			Maldição de Kumas! Você foi atordoado por um kumas.	icon_skills.flashball_tex	icon_skills.flashball_tex	True
2065	MovSpd	Debuff	False	setp	10000	0	5	Belly of the Beast			Maldição dos kumas! O ataque do kumas reduz sua velocidade de movimento em $H_W_BAD400%$COLOR_END.	icon_skills.slow_tex	icon_skills.slow_tex	True
2066	HPChange	DOT	False	perc	10000	1	-2	Spanked!			Maldição dos Kumas! Seu HP diminui em $H_W_BAD2%$COLOR_END a cada $H_W_BAD1s$COLOR_END. Esse efeito não pode ser removido.	icon_status.poisonstatus_tex	icon_status.poisonstatus_tex	True
2067	MPChange	Buff	True	abs	0	2	-30	Aura of the Unyielding I—Release			Uma aura emana de você, dotando os membros do grupo em um raio de 30 m com o efeito Aura do Inflexível. $H_W_BAD-30$COLOR_END MP é perdido por $H_W_BAD2s$COLOR_END enquanto a habilidade estiver em vigor.	icon_skills.areahpgain_tex	icon_skills.areahpgain_tex	True
2067	BuffNearbyParty	Buff	True	seta	0	3	2068	Aura of the Unyielding I—Release			Uma aura emana de você, dotando os membros do grupo em um raio de 30 m com o efeito Aura do Inflexível. $H_W_BAD-30$COLOR_END MP é perdido por $H_W_BAD2s$COLOR_END enquanto a habilidade estiver em vigor.	icon_skills.areahpgain_tex	icon_skills.areahpgain_tex	True
2068	HPChange	Buff	True	abs	0	0	15000	Aura of the Unyielding I			Adiciona resistência crítica $H_W_GOOD15000$COLOR_END aos personagens em um raio de 30 m ao seu redor.	icon_status.plusciriticalresist_tex	icon_status.plusciriticalresist_tex	True
2069	MovSpd	Debuff	False	perc	900000	0	4	Weight of the Treasure			Diminui a velocidade de movimento em $H_W_BAD300%$COLOR_END enquanto carrega a pedra doce.	icon_status.f2p_rewardbox_tex	icon_status.f2p_rewardbox_tex	True
2069	Block	Debuff	False	swch	900000	0	0	Weight of the Treasure			Diminui a velocidade de movimento em $H_W_BAD300%$COLOR_END enquanto carrega a pedra doce.	icon_status.f2p_rewardbox_tex	icon_status.f2p_rewardbox_tex	True
2070	Power	Buff	True	abs	180000	0	20	Powerful Morale			Aumenta a potência em $H_W_GOOD20$COLOR_END, a resistência em $H_W_GOOD10$COLOR_END e a velocidade de ataque aumenta em $H_W_GOOD1100%$COLOR_END. Além disso, aumenta a velocidade de movimento em $H_W_GOOD10$COLOR_END.	icon_status.battlefieldbuff03_tex	icon_status.battlefieldbuff03_tex	True
2070	Endurance	Buff	True	abs	180000	0	10	Powerful Morale			Aumenta a potência em $H_W_GOOD20$COLOR_END, a resistência em $H_W_GOOD10$COLOR_END e a velocidade de ataque aumenta em $H_W_GOOD1100%$COLOR_END. Além disso, aumenta a velocidade de movimento em $H_W_GOOD10$COLOR_END.	icon_status.battlefieldbuff03_tex	icon_status.battlefieldbuff03_tex	True
2070	MovSpd	Buff	True	abs	180000	0	10	Powerful Morale			Aumenta a potência em $H_W_GOOD20$COLOR_END, a resistência em $H_W_GOOD10$COLOR_END e a velocidade de ataque aumenta em $H_W_GOOD1100%$COLOR_END. Além disso, aumenta a velocidade de movimento em $H_W_GOOD10$COLOR_END.	icon_status.battlefieldbuff03_tex	icon_status.battlefieldbuff03_tex	True
2070	ASpd	Buff	True	perc	180000	0	12	Powerful Morale			Aumenta a potência em $H_W_GOOD20$COLOR_END, a resistência em $H_W_GOOD10$COLOR_END e a velocidade de ataque aumenta em $H_W_GOOD1100%$COLOR_END. Além disso, aumenta a velocidade de movimento em $H_W_GOOD10$COLOR_END.	icon_status.battlefieldbuff03_tex	icon_status.battlefieldbuff03_tex	True
2071	Endurance	Buff	True	perc	0	0	1	Powerful Foe			Matar esse monstro dá o efeito $H_W_GOODPowerful Morale$COLOR_END, que aumenta a força, a resistência, a velocidade de ataque e a velocidade de movimento de todos os membros da equipe.	icon_status.battlefieldbuff03_tex	icon_status.battlefieldbuff03_tex	True
2072	DefPotion	Buff	True	perc	10000	0	0	Clemency			Reduz bastante o dano e melhora a resistência contra outros jogadores, sendo imobilizado ou derrubado. Cancelado ao usar uma habilidade de combate.	icon_status.mpsuckup_tex	icon_status.mpsuckup_tex	True
2072	204	Buff	True	swch	10000	0	0	Clemency			Reduz bastante o dano e melhora a resistência contra outros jogadores, sendo imobilizado ou derrubado. Cancelado ao usar uma habilidade de combate.	icon_status.mpsuckup_tex	icon_status.mpsuckup_tex	True
2072	ResistNegative	Buff	True	swch	10000	0	0	Clemency			Reduz bastante o dano e melhora a resistência contra outros jogadores, sendo imobilizado ou derrubado. Cancelado ao usar uma habilidade de combate.	icon_status.mpsuckup_tex	icon_status.mpsuckup_tex	True
2072	Immune	Buff	True	16	10000	0	0	Clemency			Reduz bastante o dano e melhora a resistência contra outros jogadores, sendo imobilizado ou derrubado. Cancelado ao usar uma habilidade de combate.	icon_status.mpsuckup_tex	icon_status.mpsuckup_tex	True
2073	MovSpd	Debuff	False	setp	15000	0	5	Slushed!			Diminui a velocidade de movimento em $H_W_BAD400%$COLOR_END.	icon_status.minusmove_tex	icon_status.minusmove_tex	True
2073	HPDrain	Debuff	False	perc	15000	0	9	Slushed!			Diminui a velocidade de movimento em $H_W_BAD400%$COLOR_END.	icon_status.minusmove_tex	icon_status.minusmove_tex	True
2074	Stun	Stun	False	swch	4000	0	5	Iced!			Atordoado. Não pode se mover.	icon_skills.paralysistrap_tex	icon_skills.paralysistrap_tex	True
2080	MaxHP	Buff	True	perc	0	0	15	Desperate Resolve			Aumenta o HP total em $H_W_GOOD1400%$COLOR_END, aumenta a resistência e a potência em $H_W_GOOD40$COLOR_END. Também aumenta a velocidade de movimento em $H_W_GOOD50$COLOR_END.$BREsse efeito desaparece quando a diferença de pontuação entre você e a equipe adversária diminui.	icon_status.battlefieldbuff04_tex	icon_status.battlefieldbuff04_tex	True
2080	Power	Buff	True	abs	0	0	40	Desperate Resolve			Aumenta o HP total em $H_W_GOOD1400%$COLOR_END, aumenta a resistência e a potência em $H_W_GOOD40$COLOR_END. Também aumenta a velocidade de movimento em $H_W_GOOD50$COLOR_END.$BREsse efeito desaparece quando a diferença de pontuação entre você e a equipe adversária diminui.	icon_status.battlefieldbuff04_tex	icon_status.battlefieldbuff04_tex	True
2080	Endurance	Buff	True	abs	0	0	40	Desperate Resolve			Aumenta o HP total em $H_W_GOOD1400%$COLOR_END, aumenta a resistência e a potência em $H_W_GOOD40$COLOR_END. Também aumenta a velocidade de movimento em $H_W_GOOD50$COLOR_END.$BREsse efeito desaparece quando a diferença de pontuação entre você e a equipe adversária diminui.	icon_status.battlefieldbuff04_tex	icon_status.battlefieldbuff04_tex	True
2080	MovSpd	Buff	True	abs	0	0	50	Desperate Resolve			Aumenta o HP total em $H_W_GOOD1400%$COLOR_END, aumenta a resistência e a potência em $H_W_GOOD40$COLOR_END. Também aumenta a velocidade de movimento em $H_W_GOOD50$COLOR_END.$BREsse efeito desaparece quando a diferença de pontuação entre você e a equipe adversária diminui.	icon_status.battlefieldbuff04_tex	icon_status.battlefieldbuff04_tex	True
2081	KnockDownChance	Buff	True	perc	30000	0	0	Thermal Layer	19323	Thermal Layer	Absorve até $H_W_GOOD100000$COLOR_END de dano.$BRImune a knockdown e imobilização durante o efeito.	icon_items.scroll_def_protect_level_59_tex	icon_items.scroll_def_protect_level_59_tex	True
2081	Absorb	Buff	True	swch	30000	0	100000	Thermal Layer	19323	Thermal Layer	Absorve até $H_W_GOOD100000$COLOR_END de dano.$BRImune a knockdown e imobilização durante o efeito.	icon_items.scroll_def_protect_level_59_tex	icon_items.scroll_def_protect_level_59_tex	True
2082	DefPotion	Buff	True	perc	30000	0	0	Thermal Layer			Reduz bastante o dano e melhora a resistência contra outros jogadores, sendo imobilizado ou derrubado. Cancelado ao usar uma habilidade de combate.	icon_status.mpsuckup_tex	icon_status.mpsuckup_tex	True
2082	204	Buff	True	swch	30000	0	0	Thermal Layer			Reduz bastante o dano e melhora a resistência contra outros jogadores, sendo imobilizado ou derrubado. Cancelado ao usar uma habilidade de combate.	icon_status.mpsuckup_tex	icon_status.mpsuckup_tex	True
2082	ResistNegative	Buff	True	swch	30000	0	0	Thermal Layer			Reduz bastante o dano e melhora a resistência contra outros jogadores, sendo imobilizado ou derrubado. Cancelado ao usar uma habilidade de combate.	icon_status.mpsuckup_tex	icon_status.mpsuckup_tex	True
2082	Immune	Buff	True	16	30000	0	0	Thermal Layer			Reduz bastante o dano e melhora a resistência contra outros jogadores, sendo imobilizado ou derrubado. Cancelado ao usar uma habilidade de combate.	icon_status.mpsuckup_tex	icon_status.mpsuckup_tex	True
2083	MaxHP	Buff	True	perc	0	0	11	Cry of Retaliation I			O HP máximo aumenta em $H_W_GOOD1000%$COLOR_END e a potência e a resistência aumentam em $H_W_GOOD10$COLOR_END. A velocidade de movimento também aumenta em $H_W_GOOD10$COLOR_END.	icon_status.battlefieldbuff04_tex	icon_status.battlefieldbuff04_tex	True
2083	Power	Buff	True	abs	0	0	10	Cry of Retaliation I			O HP máximo aumenta em $H_W_GOOD1000%$COLOR_END e a potência e a resistência aumentam em $H_W_GOOD10$COLOR_END. A velocidade de movimento também aumenta em $H_W_GOOD10$COLOR_END.	icon_status.battlefieldbuff04_tex	icon_status.battlefieldbuff04_tex	True
2083	Endurance	Buff	True	abs	0	0	10	Cry of Retaliation I			O HP máximo aumenta em $H_W_GOOD1000%$COLOR_END e a potência e a resistência aumentam em $H_W_GOOD10$COLOR_END. A velocidade de movimento também aumenta em $H_W_GOOD10$COLOR_END.	icon_status.battlefieldbuff04_tex	icon_status.battlefieldbuff04_tex	True
2083	MovSpd	Buff	True	abs	0	0	10	Cry of Retaliation I			O HP máximo aumenta em $H_W_GOOD1000%$COLOR_END e a potência e a resistência aumentam em $H_W_GOOD10$COLOR_END. A velocidade de movimento também aumenta em $H_W_GOOD10$COLOR_END.	icon_status.battlefieldbuff04_tex	icon_status.battlefieldbuff04_tex	True
2084	MaxHP	Buff	True	perc	0	0	13	Cry of Retaliation II			O HP máximo aumenta em $H_W_GOOD1200%$COLOR_END e a potência e a resistência aumentam em $H_W_GOOD15$COLOR_END. A velocidade de movimento também aumenta em $H_W_GOOD20$COLOR_END.	icon_status.battlefieldbuff04_tex	icon_status.battlefieldbuff04_tex	True
2084	Power	Buff	True	abs	0	0	15	Cry of Retaliation II			O HP máximo aumenta em $H_W_GOOD1200%$COLOR_END e a potência e a resistência aumentam em $H_W_GOOD15$COLOR_END. A velocidade de movimento também aumenta em $H_W_GOOD20$COLOR_END.	icon_status.battlefieldbuff04_tex	icon_status.battlefieldbuff04_tex	True
2084	Endurance	Buff	True	abs	0	0	15	Cry of Retaliation II			O HP máximo aumenta em $H_W_GOOD1200%$COLOR_END e a potência e a resistência aumentam em $H_W_GOOD15$COLOR_END. A velocidade de movimento também aumenta em $H_W_GOOD20$COLOR_END.	icon_status.battlefieldbuff04_tex	icon_status.battlefieldbuff04_tex	True
2084	MovSpd	Buff	True	abs	0	0	20	Cry of Retaliation II			O HP máximo aumenta em $H_W_GOOD1200%$COLOR_END e a potência e a resistência aumentam em $H_W_GOOD15$COLOR_END. A velocidade de movimento também aumenta em $H_W_GOOD20$COLOR_END.	icon_status.battlefieldbuff04_tex	icon_status.battlefieldbuff04_tex	True
2085	MaxHP	Buff	True	perc	0	0	15	Cry of Retaliation III			O HP máximo aumenta em $H_W_GOOD1400%$COLOR_END e a potência e a resistência aumentam em $H_W_GOOD20$COLOR_END. A velocidade de movimento também aumenta em $H_W_GOOD30$COLOR_END.	icon_status.battlefieldbuff04_tex	icon_status.battlefieldbuff04_tex	True
2085	Power	Buff	True	abs	0	0	20	Cry of Retaliation III			O HP máximo aumenta em $H_W_GOOD1400%$COLOR_END e a potência e a resistência aumentam em $H_W_GOOD20$COLOR_END. A velocidade de movimento também aumenta em $H_W_GOOD30$COLOR_END.	icon_status.battlefieldbuff04_tex	icon_status.battlefieldbuff04_tex	True
2085	Endurance	Buff	True	abs	0	0	20	Cry of Retaliation III			O HP máximo aumenta em $H_W_GOOD1400%$COLOR_END e a potência e a resistência aumentam em $H_W_GOOD20$COLOR_END. A velocidade de movimento também aumenta em $H_W_GOOD30$COLOR_END.	icon_status.battlefieldbuff04_tex	icon_status.battlefieldbuff04_tex	True
2085	MovSpd	Buff	True	abs	0	0	30	Cry of Retaliation III			O HP máximo aumenta em $H_W_GOOD1400%$COLOR_END e a potência e a resistência aumentam em $H_W_GOOD20$COLOR_END. A velocidade de movimento também aumenta em $H_W_GOOD30$COLOR_END.	icon_status.battlefieldbuff04_tex	icon_status.battlefieldbuff04_tex	True
2090	RidingSpeed	Buff	True	seta	10000	0	350	Pegasus Aura			A velocidade de movimento de qualquer montaria aumenta para $H_W_GOOD350$COLOR_END.	icon_status.plusmove_tex	icon_status.plusmove_tex	True
2091	OutOfCombatMovSpd	Buff	True	abs	10000	0	20	Speed Skating			A velocidade de movimento fora de combate aumenta em $H_W_GOOD20$COLOR_END.	icon_status.plusmove_tex	icon_status.plusmove_tex	True
2100	MovSpd	Debuff	False	setp	3000	0	5	Decelerate			Diminui a velocidade de movimento em $H_W_BAD400%$COLOR_END.	icon_status.minusmove_tex	icon_status.minusmove_tex	True
2400	238	Buff	True	perc	3600000	0	85	Innervation Elixir	347	Innervation Elixir	A resistência ao Mal-estar do Desespero aumenta em $H_W_GOOD8400%$COLOR_END. O efeito se acumula até cinco vezes.	icon_items.potion21_tex	icon_items.potion21_tex	True
2500	HPChange	Buff	True	abs	12000	1	58	Healing Elixir I	6048	Healing Elixir I	Cura $H_W_GOOD58$COLOR_END de HP a cada $H_W_GOOD1s$COLOR_END.	icon_items.hp_durable_potion_level_1_tex	icon_items.hp_durable_potion_level_1_tex	True
2501	HPChange	Buff	True	abs	12000	1	90	Healing Elixir II	6050	Healing Elixir II	Cura $H_W_GOOD90$COLOR_END de HP a cada $H_W_GOOD1s$COLOR_END.	icon_items.hp_durable_potion_level_9_tex	icon_items.hp_durable_potion_level_9_tex	True
2502	HPChange	Buff	True	abs	12000	1	140	Healing Elixir III	6052	Healing Elixir III	Cura $H_W_GOOD140$COLOR_END de HP a cada $H_W_GOOD1s$COLOR_END.	icon_items.hp_durable_potion_level_17_tex	icon_items.hp_durable_potion_level_17_tex	True
2503	HPChange	Buff	True	abs	12000	1	215	Healing Elixir IV	6054	Healing Elixir IV	Cura $H_W_GOOD215$COLOR_END de HP a cada $H_W_GOOD1s$COLOR_END.	icon_items.hp_durable_potion_level_25_tex	icon_items.hp_durable_potion_level_25_tex	True
2504	HPChange	Buff	True	abs	12000	1	331	Healing Elixir V	6056	Healing Elixir V	Cura $H_W_GOOD331$COLOR_END de HP a cada $H_W_GOOD1s$COLOR_END.	icon_items.hp_durable_potion_level_33_tex	icon_items.hp_durable_potion_level_33_tex	True
2505	HPChange	Buff	True	abs	12000	1	509	Healing Elixir VI	6058	Healing Elixir VI	Cura $H_W_GOOD509$COLOR_END de HP a cada $H_W_GOOD1s$COLOR_END.	icon_items.hp_durable_potion_level_41_tex	icon_items.hp_durable_potion_level_41_tex	True
2506	HPChange	Buff	True	abs	12000	1	877	Healing Elixir VII	6060	Healing Elixir VII	Cura $H_W_GOOD877$COLOR_END de HP a cada $H_W_GOOD1s$COLOR_END.	icon_items.hp_durable_potion_level_49_tex	icon_items.hp_durable_potion_level_49_tex	True
2507	HPChange	Buff	True	abs	12000	1	1230	Healing Elixir VIII	6062	Healing Elixir VIII	Cura $H_W_GOOD1230$COLOR_END de HP a cada $H_W_GOOD1s$COLOR_END.	icon_items.hp_durable_potion_level_57_tex	icon_items.hp_durable_potion_level_57_tex	True
2508	HPChange	Buff	True	abs	10000	1	1630	Healing Elixir IX	6300	Healing Elixir IX	Cura $H_W_GOOD1630$COLOR_END HP a cada $H_W_GOOD1s$COLOR_END.	icon_items.hp_durable_potion_level_57_tex	icon_items.hp_durable_potion_level_57_tex	True
2509	HPChange	Buff	True	abs	10000	1	2120	Healing Elixir X	6480	Healing Elixir X	Cura $H_W_GOOD2120$COLOR_END HP a cada $H_W_GOOD1s$COLOR_END.	icon_items.hp_durable_potion_level_57_tex	icon_items.hp_durable_potion_level_57_tex	True
2515	HPChange	Buff	True	abs	10000	1	78	Major Healing Elixir I	6049	Major Healing Elixir I	Cura $H_W_GOOD78$COLOR_END de HP a cada $H_W_GOOD1s$COLOR_END.	icon_items.hp_durable_potion_level_1_tex	icon_items.hp_durable_potion_level_1_tex	True
2516	HPChange	Buff	True	abs	10000	1	121	Major Healing Elixir II	6051	Major Healing Elixir II	Cura $H_W_GOOD121$COLOR_END de HP a cada $H_W_GOOD1s$COLOR_END.	icon_items.hp_durable_potion_level_9_tex	icon_items.hp_durable_potion_level_9_tex	True
2517	HPChange	Buff	True	abs	10000	1	187	Major Healing Elixir III	437	Expedition Healing Potion	Cura $H_W_GOOD187$COLOR_END de HP a cada $H_W_GOOD1s$COLOR_END.	icon_items.hp_durable_potion_level_17_tex	icon_items.hp_durable_potion_level_17_tex	True
2518	HPChange	Buff	True	abs	10000	1	287	Major Healing Elixir IV	6055	Major Healing Elixir IV	Cura $H_W_GOOD287$COLOR_END de HP a cada $H_W_GOOD1s$COLOR_END.	icon_items.hp_durable_potion_level_25_tex	icon_items.hp_durable_potion_level_25_tex	True
2519	HPChange	Buff	True	abs	10000	1	442	Major Healing Elixir V	6057	Major Healing Elixir V	Cura $H_W_GOOD442$COLOR_END de HP a cada $H_W_GOOD1s$COLOR_END.	icon_items.hp_durable_potion_level_33_tex	icon_items.hp_durable_potion_level_33_tex	True
2520	HPChange	Buff	True	abs	10000	1	679	Major Healing Elixir VI	6059	Major Healing Elixir VI	Cura $H_W_GOOD679$COLOR_END de HP a cada $H_W_GOOD1s$COLOR_END.	icon_items.hp_durable_potion_level_41_tex	icon_items.hp_durable_potion_level_41_tex	True
2521	HPChange	Buff	True	abs	10000	1	1178	Major Healing Elixir VII	6061	Major Healing Elixir VII	Cura $H_W_GOOD1178$COLOR_END de HP a cada $H_W_GOOD1s$COLOR_END.	icon_items.hp_durable_potion_level_49_tex	icon_items.hp_durable_potion_level_49_tex	True
2522	HPChange	Buff	True	abs	10000	1	1652	Major Healing Elixir VIII	6063	Major Healing Elixir VIII	Cura $H_W_GOOD1652$COLOR_END de HP a cada $H_W_GOOD1s$COLOR_END.	icon_items.hp_durable_potion_level_57_tex	icon_items.hp_durable_potion_level_57_tex	True
2530	MPChange	Buff	True	abs	12000	1	50	Mana Elixir I	6064	Mana Elixir I	Restaura $H_W_GOOD50$COLOR_END do MP a cada $H_W_GOOD1s$COLOR_END.	icon_items.mp_durable_potion_level_1_tex	icon_items.mp_durable_potion_level_1_tex	True
2531	MPChange	Buff	True	abs	12000	1	56	Mana Elixir II	6066	Mana Elixir II	Restaura $H_W_GOOD56$COLOR_END do MP a cada $H_W_GOOD1s$COLOR_END.	icon_items.mp_durable_potion_level_9_tex	icon_items.mp_durable_potion_level_9_tex	True
2532	MPChange	Buff	True	abs	12000	1	62	Mana Elixir III	6068	Mana Elixir III	Restaura $H_W_GOOD62$COLOR_END do MP a cada $H_W_GOOD1s$COLOR_END.	icon_items.mp_durable_potion_level_17_tex	icon_items.mp_durable_potion_level_17_tex	True
2533	MPChange	Buff	True	abs	12000	1	67	Mana Elixir IV	6070	Mana Elixir IV	Restaura $H_W_GOOD67$COLOR_END do MP a cada $H_W_GOOD1s$COLOR_END.	icon_items.mp_durable_potion_level_25_tex	icon_items.mp_durable_potion_level_25_tex	True
2534	MPChange	Buff	True	abs	12000	1	73	Mana Elixir V	6072	Mana Elixir V	Restaura $H_W_GOOD73$COLOR_END do MP a cada $H_W_GOOD1s$COLOR_END.	icon_items.mp_durable_potion_level_33_tex	icon_items.mp_durable_potion_level_33_tex	True
2535	MPChange	Buff	True	abs	12000	1	79	Mana Elixir VI	6074	Mana Elixir VI	Restaura $H_W_GOOD79$COLOR_END do MP a cada $H_W_GOOD1s$COLOR_END.	icon_items.mp_durable_potion_level_41_tex	icon_items.mp_durable_potion_level_41_tex	True
2536	MPChange	Buff	True	abs	12000	1	85	Mana Elixir VII	6076	Mana Elixir VII	Restaura $H_W_GOOD85$COLOR_END do MP a cada $H_W_GOOD1s$COLOR_END.	icon_items.mp_durable_potion_level_49_tex	icon_items.mp_durable_potion_level_49_tex	True
2537	MPChange	Buff	True	abs	12000	1	91	Mana Elixir VIII	6078	Mana Elixir VIII	Restaura $H_W_GOOD91$COLOR_END do MP a cada $H_W_GOOD1s$COLOR_END.	icon_items.mp_durable_potion_level_57_tex	icon_items.mp_durable_potion_level_57_tex	True
2538	MPChange	Buff	True	abs	10000	1	114	Mana Elixir IX	6301	Mana Elixir IX	Restaura o MP $H_W_GOOD114$COLOR_END a cada $H_W_GOOD1s$COLOR_END.	icon_items.mp_durable_potion_level_57_tex	icon_items.mp_durable_potion_level_57_tex	True
2539	MPChange	Buff	True	abs	10000	1	131	Mana Elixir X	6481	Mana Elixir X	Restaura $H_W_GOOD131$COLOR_END do MP a cada $H_W_GOOD1s$COLOR_END.	icon_items.mp_durable_potion_level_57_tex	icon_items.mp_durable_potion_level_57_tex	True
2545	MPChange	Buff	True	abs	10000	1	63	Major Mana Elixir I	6065	Major Mana Elixir I	Restaura $H_W_GOOD63$COLOR_END do MP a cada $H_W_GOOD1s$COLOR_END.	icon_items.mp_durable_potion_level_1_tex	icon_items.mp_durable_potion_level_1_tex	True
2546	MPChange	Buff	True	abs	10000	1	70	Major Mana Elixir II	6067	Major Mana Elixir II	Restaura $H_W_GOOD70$COLOR_END do MP a cada $H_W_GOOD1s$COLOR_END.	icon_items.mp_durable_potion_level_9_tex	icon_items.mp_durable_potion_level_9_tex	True
2547	MPChange	Buff	True	abs	10000	1	77	Major Mana Elixir III	6069	Major Mana Elixir III	Restaura $H_W_GOOD77$COLOR_END do MP a cada $H_W_GOOD1s$COLOR_END.	icon_items.mp_durable_potion_level_17_tex	icon_items.mp_durable_potion_level_17_tex	True
2548	MPChange	Buff	True	abs	10000	1	84	Major Mana Elixir IV	6071	Major Mana Elixir IV	Restaura $H_W_GOOD84$COLOR_END do MP a cada $H_W_GOOD1s$COLOR_END.	icon_items.mp_durable_potion_level_25_tex	icon_items.mp_durable_potion_level_25_tex	True
2549	MPChange	Buff	True	abs	10000	1	91	Major Mana Elixir V	6073	Major Mana Elixir V	Restaura $H_W_GOOD91$COLOR_END do MP a cada $H_W_GOOD1s$COLOR_END.	icon_items.mp_durable_potion_level_33_tex	icon_items.mp_durable_potion_level_33_tex	True
2550	MPChange	Buff	True	abs	10000	1	98	Major Mana Elixir VI	6075	Major Mana Elixir VI	Restaura $H_W_GOOD98$COLOR_END do MP a cada $H_W_GOOD1s$COLOR_END.	icon_items.mp_durable_potion_level_41_tex	icon_items.mp_durable_potion_level_41_tex	True
2551	MPChange	Buff	True	abs	10000	1	105	Major Mana Elixir VII	6077	Major Mana Elixir VII	Restaura $H_W_GOOD105$COLOR_END do MP a cada $H_W_GOOD1s$COLOR_END.	icon_items.mp_durable_potion_level_49_tex	icon_items.mp_durable_potion_level_49_tex	True
2552	MPChange	Buff	True	abs	10000	1	113	Major Mana Elixir VIII	6079	Major Mana Elixir VIII	Restaura $H_W_GOOD113$COLOR_END do MP a cada $H_W_GOOD1s$COLOR_END.	icon_items.mp_durable_potion_level_57_tex	icon_items.mp_durable_potion_level_57_tex	True
2560	HPChange	Buff	True	abs	12000	1	53	Holism Elixir I	6080	Holism Elixir I	Cura $H_W_GOOD53$COLOR_END de HP e restaura $H_W_GOOD37$COLOR_END de MP a cada $H_W_GOOD1s$COLOR_END.	icon_items.hmp_durable_potion_level_1_tex	icon_items.hmp_durable_potion_level_1_tex	True
2560	MPChange	Buff	True	abs	12000	1	37	Holism Elixir I	6080	Holism Elixir I	Cura $H_W_GOOD53$COLOR_END de HP e restaura $H_W_GOOD37$COLOR_END de MP a cada $H_W_GOOD1s$COLOR_END.	icon_items.hmp_durable_potion_level_1_tex	icon_items.hmp_durable_potion_level_1_tex	True
2561	HPChange	Buff	True	abs	12000	1	83	Holism Elixir II	6082	Holism Elixir II	Cura $H_W_GOOD83$COLOR_END de HP e restaura $H_W_GOOD42$COLOR_END de MP a cada $H_W_GOOD1s$COLOR_END.	icon_items.hmp_durable_potion_level_9_tex	icon_items.hmp_durable_potion_level_9_tex	True
2561	MPChange	Buff	True	abs	12000	1	42	Holism Elixir II	6082	Holism Elixir II	Cura $H_W_GOOD83$COLOR_END de HP e restaura $H_W_GOOD42$COLOR_END de MP a cada $H_W_GOOD1s$COLOR_END.	icon_items.hmp_durable_potion_level_9_tex	icon_items.hmp_durable_potion_level_9_tex	True
2562	HPChange	Buff	True	abs	12000	1	128	Holism Elixir III	6084	Holism Elixir III	Cura $H_W_GOOD128$COLOR_END de HP e restaura $H_W_GOOD46$COLOR_END de MP a cada $H_W_GOOD1s$COLOR_END.	icon_items.hmp_durable_potion_level_17_tex	icon_items.hmp_durable_potion_level_17_tex	True
2562	MPChange	Buff	True	abs	12000	1	46	Holism Elixir III	6084	Holism Elixir III	Cura $H_W_GOOD128$COLOR_END de HP e restaura $H_W_GOOD46$COLOR_END de MP a cada $H_W_GOOD1s$COLOR_END.	icon_items.hmp_durable_potion_level_17_tex	icon_items.hmp_durable_potion_level_17_tex	True
2563	HPChange	Buff	True	abs	12000	1	197	Holism Elixir IV	6086	Holism Elixir IV	Cura $H_W_GOOD197$COLOR_END de HP e restaura $H_W_GOOD51$COLOR_END de MP a cada $H_W_GOOD1s$COLOR_END.	icon_items.hmp_durable_potion_level_25_tex	icon_items.hmp_durable_potion_level_25_tex	True
2563	MPChange	Buff	True	abs	12000	1	51	Holism Elixir IV	6086	Holism Elixir IV	Cura $H_W_GOOD197$COLOR_END de HP e restaura $H_W_GOOD51$COLOR_END de MP a cada $H_W_GOOD1s$COLOR_END.	icon_items.hmp_durable_potion_level_25_tex	icon_items.hmp_durable_potion_level_25_tex	True
2564	HPChange	Buff	True	abs	12000	1	302	Holism Elixir V	6088	Holism Elixir V	Cura $H_W_GOOD302$COLOR_END de HP e restaura $H_W_GOOD55$COLOR_END de MP a cada $H_W_GOOD1s$COLOR_END.	icon_items.hmp_durable_potion_level_33_tex	icon_items.hmp_durable_potion_level_33_tex	True
2564	MPChange	Buff	True	abs	12000	1	55	Holism Elixir V	6088	Holism Elixir V	Cura $H_W_GOOD302$COLOR_END de HP e restaura $H_W_GOOD55$COLOR_END de MP a cada $H_W_GOOD1s$COLOR_END.	icon_items.hmp_durable_potion_level_33_tex	icon_items.hmp_durable_potion_level_33_tex	True
2565	HPChange	Buff	True	abs	12000	1	465	Holism Elixir VI	6090	Holism Elixir VI	Cura $H_W_GOOD465$COLOR_END de HP e restaura $H_W_GOOD59$COLOR_END de MP a cada $H_W_GOOD1s$COLOR_END.	icon_items.hmp_durable_potion_level_41_tex	icon_items.hmp_durable_potion_level_41_tex	True
2565	MPChange	Buff	True	abs	12000	1	59	Holism Elixir VI	6090	Holism Elixir VI	Cura $H_W_GOOD465$COLOR_END de HP e restaura $H_W_GOOD59$COLOR_END de MP a cada $H_W_GOOD1s$COLOR_END.	icon_items.hmp_durable_potion_level_41_tex	icon_items.hmp_durable_potion_level_41_tex	True
2566	HPChange	Buff	True	abs	12000	1	802	Holism Elixir VII	6092	Holism Elixir VII	Cura $H_W_GOOD802$COLOR_END de HP e restaura $H_W_GOOD64$COLOR_END de MP a cada $H_W_GOOD1s$COLOR_END.	icon_items.hmp_durable_potion_level_49_tex	icon_items.hmp_durable_potion_level_49_tex	True
2566	MPChange	Buff	True	abs	12000	1	64	Holism Elixir VII	6092	Holism Elixir VII	Cura $H_W_GOOD802$COLOR_END de HP e restaura $H_W_GOOD64$COLOR_END de MP a cada $H_W_GOOD1s$COLOR_END.	icon_items.hmp_durable_potion_level_49_tex	icon_items.hmp_durable_potion_level_49_tex	True
2567	HPChange	Buff	True	abs	12000	1	1125	Holism Elixir VIII	6094	Holism Elixir VIII	Cura $H_W_GOOD1125$COLOR_END de HP e restaura $H_W_GOOD68$COLOR_END de MP a cada $H_W_GOOD1s$COLOR_END.	icon_items.hmp_durable_potion_level_57_tex	icon_items.hmp_durable_potion_level_57_tex	True
2567	MPChange	Buff	True	abs	12000	1	68	Holism Elixir VIII	6094	Holism Elixir VIII	Cura $H_W_GOOD1125$COLOR_END de HP e restaura $H_W_GOOD68$COLOR_END de MP a cada $H_W_GOOD1s$COLOR_END.	icon_items.hmp_durable_potion_level_57_tex	icon_items.hmp_durable_potion_level_57_tex	True
2575	HPChange	Buff	True	abs	10000	1	71	Major Holism Elixir I	6081	Major Holism Elixir I	Cura $H_W_GOOD71$COLOR_END de HP e restaura $H_W_GOOD47$COLOR_END de MP a cada $H_W_GOOD1s$COLOR_END.	icon_items.hmp_durable_potion_level_1_tex	icon_items.hmp_durable_potion_level_1_tex	True
2575	MPChange	Buff	True	abs	10000	1	47	Major Holism Elixir I	6081	Major Holism Elixir I	Cura $H_W_GOOD71$COLOR_END de HP e restaura $H_W_GOOD47$COLOR_END de MP a cada $H_W_GOOD1s$COLOR_END.	icon_items.hmp_durable_potion_level_1_tex	icon_items.hmp_durable_potion_level_1_tex	True
2576	HPChange	Buff	True	abs	10000	1	111	Major Holism Elixir II	6083	Major Holism Elixir II	Cura $H_W_GOOD111$COLOR_END de HP e restaura $H_W_GOOD53$COLOR_END de MP a cada $H_W_GOOD1s$COLOR_END.	icon_items.hmp_durable_potion_level_9_tex	icon_items.hmp_durable_potion_level_9_tex	True
2576	MPChange	Buff	True	abs	10000	1	53	Major Holism Elixir II	6083	Major Holism Elixir II	Cura $H_W_GOOD111$COLOR_END de HP e restaura $H_W_GOOD53$COLOR_END de MP a cada $H_W_GOOD1s$COLOR_END.	icon_items.hmp_durable_potion_level_9_tex	icon_items.hmp_durable_potion_level_9_tex	True
2577	HPChange	Buff	True	abs	10000	1	171	Major Holism Elixir III	6085	Major Holism Elixir III	Cura $H_W_GOOD171$COLOR_END de HP e restaura $H_W_GOOD58$COLOR_END de MP a cada $H_W_GOOD1s$COLOR_END.	icon_items.hmp_durable_potion_level_17_tex	icon_items.hmp_durable_potion_level_17_tex	True
2577	MPChange	Buff	True	abs	10000	1	58	Major Holism Elixir III	6085	Major Holism Elixir III	Cura $H_W_GOOD171$COLOR_END de HP e restaura $H_W_GOOD58$COLOR_END de MP a cada $H_W_GOOD1s$COLOR_END.	icon_items.hmp_durable_potion_level_17_tex	icon_items.hmp_durable_potion_level_17_tex	True
2578	HPChange	Buff	True	abs	10000	1	263	Major Holism Elixir IV	6087	Major Holism Elixir IV	Cura $H_W_GOOD263$COLOR_END de HP e restaura $H_W_GOOD63$COLOR_END de MP a cada $H_W_GOOD1s$COLOR_END.	icon_items.hmp_durable_potion_level_25_tex	icon_items.hmp_durable_potion_level_25_tex	True
2578	MPChange	Buff	True	abs	10000	1	63	Major Holism Elixir IV	6087	Major Holism Elixir IV	Cura $H_W_GOOD263$COLOR_END de HP e restaura $H_W_GOOD63$COLOR_END de MP a cada $H_W_GOOD1s$COLOR_END.	icon_items.hmp_durable_potion_level_25_tex	icon_items.hmp_durable_potion_level_25_tex	True
2579	HPChange	Buff	True	abs	10000	1	404	Major Holism Elixir V	6089	Major Holism Elixir V	Cura $H_W_GOOD404$COLOR_END de HP e restaura $H_W_GOOD69$COLOR_END de MP a cada $H_W_GOOD1s$COLOR_END.	icon_items.hmp_durable_potion_level_33_tex	icon_items.hmp_durable_potion_level_33_tex	True
2579	MPChange	Buff	True	abs	10000	1	69	Major Holism Elixir V	6089	Major Holism Elixir V	Cura $H_W_GOOD404$COLOR_END de HP e restaura $H_W_GOOD69$COLOR_END de MP a cada $H_W_GOOD1s$COLOR_END.	icon_items.hmp_durable_potion_level_33_tex	icon_items.hmp_durable_potion_level_33_tex	True
2580	HPChange	Buff	True	abs	10000	1	621	Major Holism Elixir VI	6091	Major Holism Elixir VI	Cura $H_W_GOOD621$COLOR_END de HP e restaura $H_W_GOOD74$COLOR_END de MP a cada $H_W_GOOD1s$COLOR_END.	icon_items.hmp_durable_potion_level_41_tex	icon_items.hmp_durable_potion_level_41_tex	True
2580	MPChange	Buff	True	abs	10000	1	74	Major Holism Elixir VI	6091	Major Holism Elixir VI	Cura $H_W_GOOD621$COLOR_END de HP e restaura $H_W_GOOD74$COLOR_END de MP a cada $H_W_GOOD1s$COLOR_END.	icon_items.hmp_durable_potion_level_41_tex	icon_items.hmp_durable_potion_level_41_tex	True
2581	HPChange	Buff	True	abs	10000	1	1077	Major Holism Elixir VII	6093	Major Holism Elixir VII	Cura $H_W_GOOD1077$COLOR_END de HP e restaura $H_W_GOOD79$COLOR_END de MP a cada $H_W_GOOD1s$COLOR_END.	icon_items.hmp_durable_potion_level_49_tex	icon_items.hmp_durable_potion_level_49_tex	True
2581	MPChange	Buff	True	abs	10000	1	79	Major Holism Elixir VII	6093	Major Holism Elixir VII	Cura $H_W_GOOD1077$COLOR_END de HP e restaura $H_W_GOOD79$COLOR_END de MP a cada $H_W_GOOD1s$COLOR_END.	icon_items.hmp_durable_potion_level_49_tex	icon_items.hmp_durable_potion_level_49_tex	True
2582	HPChange	Buff	True	abs	10000	1	1510	Major Holism Elixir VIII	6095	Major Holism Elixir VIII	Cura $H_W_GOOD1510$COLOR_END de HP e restaura $H_W_GOOD84$COLOR_END de MP a cada $H_W_GOOD1s$COLOR_END.	icon_items.hmp_durable_potion_level_57_tex	icon_items.hmp_durable_potion_level_57_tex	True
2582	MPChange	Buff	True	abs	10000	1	84	Major Holism Elixir VIII	6095	Major Holism Elixir VIII	Cura $H_W_GOOD1510$COLOR_END de HP e restaura $H_W_GOOD84$COLOR_END de MP a cada $H_W_GOOD1s$COLOR_END.	icon_items.hmp_durable_potion_level_57_tex	icon_items.hmp_durable_potion_level_57_tex	True
2590	HPChange	Buff	True	abs	12000	1	83	Health Restorative I	6144	Health Restorative I	Cura $H_W_GOOD83$COLOR_END de HP a cada $H_W_GOOD1s$COLOR_END.	icon_items.hp_durable_drug_level_1_tex	icon_items.hp_durable_drug_level_1_tex	True
2591	HPChange	Buff	True	abs	12000	1	129	Health Restorative II	6146	Health Restorative II	Cura $H_W_GOOD129$COLOR_END de HP a cada $H_W_GOOD1s$COLOR_END.	icon_items.hp_durable_drug_level_9_tex	icon_items.hp_durable_drug_level_9_tex	True
2592	HPChange	Buff	True	abs	12000	1	199	Health Restorative III	6148	Health Restorative III	Cura $H_W_GOOD199$COLOR_END de HP a cada $H_W_GOOD1s$COLOR_END.	icon_items.hp_durable_drug_level_17_tex	icon_items.hp_durable_drug_level_17_tex	True
2593	HPChange	Buff	True	abs	12000	1	307	Health Restorative IV	6150	Health Restorative IV	Cura $H_W_GOOD307$COLOR_END de HP a cada $H_W_GOOD1s$COLOR_END.	icon_items.hp_durable_drug_level_25_tex	icon_items.hp_durable_drug_level_25_tex	True
2594	HPChange	Buff	True	abs	12000	1	473	Health Restorative V	6152	Health Restorative V	Cura $H_W_GOOD473$COLOR_END de HP a cada $H_W_GOOD1s$COLOR_END.	icon_items.hp_durable_drug_level_33_tex	icon_items.hp_durable_drug_level_33_tex	True
2595	HPChange	Buff	True	abs	12000	1	726	Health Restorative VI	6154	Health Restorative VI	Cura $H_W_GOOD726$COLOR_END de HP a cada $H_W_GOOD1s$COLOR_END.	icon_items.hp_durable_drug_level_41_tex	icon_items.hp_durable_drug_level_41_tex	True
2596	HPChange	Buff	True	abs	12000	1	1253	Health Restorative VII	6156	Health Restorative VII	Cura $H_W_GOOD1253$COLOR_END de HP a cada $H_W_GOOD1s$COLOR_END.	icon_items.hp_durable_drug_level_49_tex	icon_items.hp_durable_drug_level_49_tex	True
2597	HPChange	Buff	True	abs	12000	1	1757	Health Restorative VIII	6158	Health Restorative VIII	Cura $H_W_GOOD1757$COLOR_END de HP a cada $H_W_GOOD1s$COLOR_END.	icon_items.hp_durable_drug_level_57_tex	icon_items.hp_durable_drug_level_57_tex	True
2598	HPChange	Buff	True	abs	10000	1	3260	Health Restorative IX	6304	Health Restorative IX	Cura $H_W_GOOD3260$COLOR_END HP a cada $H_W_GOOD1s$COLOR_END.	icon_items.hp_durable_drug_level_57_tex	icon_items.hp_durable_drug_level_57_tex	True
2599	HPChange	Buff	True	abs	10000	1	4230	Health Restorative X	6484	Health Restorative X	Cura $H_W_GOOD4230$COLOR_END HP a cada $H_W_GOOD1s$COLOR_END.	icon_items.hp_durable_drug_level_57_tex	icon_items.hp_durable_drug_level_57_tex	True
2605	HPChange	Buff	True	abs	10000	1	112	Major Health Restorative I	6145	Major Health Restorative I	Cura $H_W_GOOD112$COLOR_END de HP a cada $H_W_GOOD1s$COLOR_END.	icon_items.hp_durable_drug_level_1_tex	icon_items.hp_durable_drug_level_1_tex	True
2606	HPChange	Buff	True	abs	10000	1	173	Major Health Restorative II	6147	Major Health Restorative II	Cura $H_W_GOOD173$COLOR_END de HP a cada $H_W_GOOD1s$COLOR_END.	icon_items.hp_durable_drug_level_9_tex	icon_items.hp_durable_drug_level_9_tex	True
2607	HPChange	Buff	True	abs	10000	1	267	Major Health Restorative III	6149	Major Health Restorative III	Cura $H_W_GOOD267$COLOR_END de HP a cada $H_W_GOOD1s$COLOR_END.	icon_items.hp_durable_drug_level_17_tex	icon_items.hp_durable_drug_level_17_tex	True
2608	HPChange	Buff	True	abs	10000	1	411	Major Health Restorative IV	6151	Major Health Restorative IV	Cura $H_W_GOOD411$COLOR_END de HP a cada $H_W_GOOD1s$COLOR_END.	icon_items.hp_durable_drug_level_25_tex	icon_items.hp_durable_drug_level_25_tex	True
2609	HPChange	Buff	True	abs	10000	1	631	Major Health Restorative V	6153	Major Health Restorative V	Cura $H_W_GOOD631$COLOR_END de HP a cada $H_W_GOOD1s$COLOR_END.	icon_items.hp_durable_drug_level_33_tex	icon_items.hp_durable_drug_level_33_tex	True
2610	HPChange	Buff	True	abs	10000	1	971	Major Health Restorative VI	6155	Major Health Restorative VI	Cura $H_W_GOOD971$COLOR_END de HP a cada $H_W_GOOD1s$COLOR_END.	icon_items.hp_durable_drug_level_41_tex	icon_items.hp_durable_drug_level_41_tex	True
2611	HPChange	Buff	True	abs	10000	1	1683	Major Health Restorative VII	6157	Major Health Restorative VII	Cura $H_W_GOOD1683$COLOR_END de HP a cada $H_W_GOOD1s$COLOR_END.	icon_items.hp_durable_drug_level_49_tex	icon_items.hp_durable_drug_level_49_tex	True
2612	HPChange	Buff	True	abs	10000	1	2360	Major Health Restorative VIII	6159	Major Health Restorative VIII	Cura $H_W_GOOD2360$COLOR_END de HP a cada $H_W_GOOD1s$COLOR_END.	icon_items.hp_durable_drug_level_57_tex	icon_items.hp_durable_drug_level_57_tex	True
2620	MPChange	Buff	True	abs	12000	1	100	Mana Restorative I	6160	Mana Restorative I	Restaura $H_W_GOOD100$COLOR_END do MP a cada $H_W_GOOD1s$COLOR_END.	icon_items.mp_durable_drug_level_1_tex	icon_items.mp_durable_drug_level_1_tex	True
2621	MPChange	Buff	True	abs	12000	1	111	Mana Restorative II	6162	Mana Restorative II	Restaura $H_W_GOOD111$COLOR_END do MP a cada $H_W_GOOD1s$COLOR_END.	icon_items.mp_durable_drug_level_9_tex	icon_items.mp_durable_drug_level_9_tex	True
2622	MPChange	Buff	True	abs	12000	1	123	Mana Restorative III	6164	Mana Restorative III	Restaura $H_W_GOOD123$COLOR_END do MP a cada $H_W_GOOD1s$COLOR_END.	icon_items.mp_durable_drug_level_17_tex	icon_items.mp_durable_drug_level_17_tex	True
2623	MPChange	Buff	True	abs	12000	1	135	Mana Restorative IV	6166	Mana Restorative IV	Restaura $H_W_GOOD135$COLOR_END do MP a cada $H_W_GOOD1s$COLOR_END.	icon_items.mp_durable_drug_level_25_tex	icon_items.mp_durable_drug_level_25_tex	True
2624	MPChange	Buff	True	abs	12000	1	146	Mana Restorative V	6168	Mana Restorative V	Restaura $H_W_GOOD146$COLOR_END do MP a cada $H_W_GOOD1s$COLOR_END.	icon_items.mp_durable_drug_level_33_tex	icon_items.mp_durable_drug_level_33_tex	True
2625	MPChange	Buff	True	abs	12000	1	158	Mana Restorative VI	6170	Mana Restorative VI	Restaura $H_W_GOOD158$COLOR_END do MP a cada $H_W_GOOD1s$COLOR_END.	icon_items.mp_durable_drug_level_41_tex	icon_items.mp_durable_drug_level_41_tex	True
2626	MPChange	Buff	True	abs	12000	1	170	Mana Restorative VII	6172	Mana Restorative VII	Restaura $H_W_GOOD170$COLOR_END do MP a cada $H_W_GOOD1s$COLOR_END.	icon_items.mp_durable_drug_level_49_tex	icon_items.mp_durable_drug_level_49_tex	True
2627	MPChange	Buff	True	abs	12000	1	182	Mana Restorative VIII	6174	Mana Restorative VIII	Restaura $H_W_GOOD182$COLOR_END do MP a cada $H_W_GOOD1s$COLOR_END.	icon_items.mp_durable_drug_level_57_tex	icon_items.mp_durable_drug_level_57_tex	True
2628	MPChange	Buff	True	abs	10000	1	218	Mana Restorative IX	6305	Mana Restorative IX	Restaura o MP $H_W_GOOD218$COLOR_END a cada $H_W_GOOD1s$COLOR_END.	icon_items.mp_durable_drug_level_57_tex	icon_items.mp_durable_drug_level_57_tex	True
2629	MPChange	Buff	True	abs	10000	1	250	Mana Restorative X	6485	Mana Restorative X	Restaura $H_W_GOOD250$COLOR_END do MP a cada $H_W_GOOD1s$COLOR_END.	icon_items.mp_durable_drug_level_57_tex	icon_items.mp_durable_drug_level_57_tex	True
2635	MPChange	Buff	True	abs	10000	1	127	Major Mana Restorative I	6161	Major Mana Restorative I	Restaura $H_W_GOOD127$COLOR_END do MP a cada $H_W_GOOD1s$COLOR_END.	icon_items.mp_durable_drug_level_1_tex	icon_items.mp_durable_drug_level_1_tex	True
2636	MPChange	Buff	True	abs	10000	1	141	Major Mana Restorative II	6163	Major Mana Restorative II	Restaura $H_W_GOOD141$COLOR_END do MP a cada $H_W_GOOD1s$COLOR_END.	icon_items.mp_durable_drug_level_9_tex	icon_items.mp_durable_drug_level_9_tex	True
2637	MPChange	Buff	True	abs	10000	1	155	Major Mana Restorative III	6165	Major Mana Restorative III	Restaura $H_W_GOOD155$COLOR_END do MP a cada $H_W_GOOD1s$COLOR_END.	icon_items.mp_durable_drug_level_17_tex	icon_items.mp_durable_drug_level_17_tex	True
2638	MPChange	Buff	True	abs	10000	1	169	Major Mana Restorative IV	6167	Major Mana Restorative IV	Restaura $H_W_GOOD169$COLOR_END do MP a cada $H_W_GOOD1s$COLOR_END.	icon_items.mp_durable_drug_level_25_tex	icon_items.mp_durable_drug_level_25_tex	True
2639	MPChange	Buff	True	abs	10000	1	183	Major Mana Restorative V	6169	Major Mana Restorative V	Restaura $H_W_GOOD183$COLOR_END do MP a cada $H_W_GOOD1s$COLOR_END.	icon_items.mp_durable_drug_level_33_tex	icon_items.mp_durable_drug_level_33_tex	True
2640	MPChange	Buff	True	abs	10000	1	197	Major Mana Restorative VI	6171	Major Mana Restorative VI	Restaura $H_W_GOOD197$COLOR_END do MP a cada $H_W_GOOD1s$COLOR_END.	icon_items.mp_durable_drug_level_41_tex	icon_items.mp_durable_drug_level_41_tex	True
2641	MPChange	Buff	True	abs	10000	1	211	Major Mana Restorative VII	6173	Major Mana Restorative VII	Restaura $H_W_GOOD211$COLOR_END do MP a cada $H_W_GOOD1s$COLOR_END.	icon_items.mp_durable_drug_level_49_tex	icon_items.mp_durable_drug_level_49_tex	True
2642	MPChange	Buff	True	abs	10000	1	225	Major Mana Restorative VIII	6175	Major Mana Restorative VIII	Restaura $H_W_GOOD225$COLOR_END do MP a cada $H_W_GOOD1s$COLOR_END.	icon_items.mp_durable_drug_level_57_tex	icon_items.mp_durable_drug_level_57_tex	True
2650	HPChange	Buff	True	abs	12000	1	107	Holism Restorative I	6176	Holism Restorative I	Cura $H_W_GOOD107$COLOR_END de HP e restaura $H_W_GOOD75$COLOR_END de MP a cada $H_W_GOOD1s$COLOR_END.	icon_items.hmp_durable_drug_level_1_tex	icon_items.hmp_durable_drug_level_1_tex	True
2650	MPChange	Buff	True	abs	12000	1	75	Holism Restorative I	6176	Holism Restorative I	Cura $H_W_GOOD107$COLOR_END de HP e restaura $H_W_GOOD75$COLOR_END de MP a cada $H_W_GOOD1s$COLOR_END.	icon_items.hmp_durable_drug_level_1_tex	icon_items.hmp_durable_drug_level_1_tex	True
2651	HPChange	Buff	True	abs	12000	1	165	Holism Restorative II	6178	Holism Restorative II	Cura $H_W_GOOD165$COLOR_END de HP e restaura $H_W_GOOD83$COLOR_END de MP a cada $H_W_GOOD1s$COLOR_END.	icon_items.hmp_durable_drug_level_9_tex	icon_items.hmp_durable_drug_level_9_tex	True
2651	MPChange	Buff	True	abs	12000	1	83	Holism Restorative II	6178	Holism Restorative II	Cura $H_W_GOOD165$COLOR_END de HP e restaura $H_W_GOOD83$COLOR_END de MP a cada $H_W_GOOD1s$COLOR_END.	icon_items.hmp_durable_drug_level_9_tex	icon_items.hmp_durable_drug_level_9_tex	True
2652	HPChange	Buff	True	abs	12000	1	255	Holism Restorative III	6180	Holism Restorative III	Cura $H_W_GOOD255$COLOR_END de HP e restaura $H_W_GOOD92$COLOR_END de MP a cada $H_W_GOOD1s$COLOR_END.	icon_items.hmp_durable_drug_level_17_tex	icon_items.hmp_durable_drug_level_17_tex	True
2652	MPChange	Buff	True	abs	12000	1	92	Holism Restorative III	6180	Holism Restorative III	Cura $H_W_GOOD255$COLOR_END de HP e restaura $H_W_GOOD92$COLOR_END de MP a cada $H_W_GOOD1s$COLOR_END.	icon_items.hmp_durable_drug_level_17_tex	icon_items.hmp_durable_drug_level_17_tex	True
2653	HPChange	Buff	True	abs	12000	1	393	Holism Restorative IV	6182	Holism Restorative IV	Cura $H_W_GOOD393$COLOR_END de HP e restaura $H_W_GOOD101$COLOR_END de MP a cada $H_W_GOOD1s$COLOR_END.	icon_items.hmp_durable_drug_level_25_tex	icon_items.hmp_durable_drug_level_25_tex	True
2653	MPChange	Buff	True	abs	12000	1	101	Holism Restorative IV	6182	Holism Restorative IV	Cura $H_W_GOOD393$COLOR_END de HP e restaura $H_W_GOOD101$COLOR_END de MP a cada $H_W_GOOD1s$COLOR_END.	icon_items.hmp_durable_drug_level_25_tex	icon_items.hmp_durable_drug_level_25_tex	True
2654	HPChange	Buff	True	abs	12000	1	605	Holism Restorative V	6184	Holism Restorative V	Cura $H_W_GOOD605$COLOR_END de HP e restaura $H_W_GOOD110$COLOR_END de MP a cada $H_W_GOOD1s$COLOR_END.	icon_items.hmp_durable_drug_level_33_tex	icon_items.hmp_durable_drug_level_33_tex	True
2654	MPChange	Buff	True	abs	12000	1	110	Holism Restorative V	6184	Holism Restorative V	Cura $H_W_GOOD605$COLOR_END de HP e restaura $H_W_GOOD110$COLOR_END de MP a cada $H_W_GOOD1s$COLOR_END.	icon_items.hmp_durable_drug_level_33_tex	icon_items.hmp_durable_drug_level_33_tex	True
2655	HPChange	Buff	True	abs	12000	1	930	Holism Restorative VI	6186	Holism Restorative VI	Cura $H_W_GOOD930$COLOR_END de HP e restaura $H_W_GOOD119$COLOR_END de MP a cada $H_W_GOOD1s$COLOR_END.	icon_items.hmp_durable_drug_level_41_tex	icon_items.hmp_durable_drug_level_41_tex	True
2655	MPChange	Buff	True	abs	12000	1	119	Holism Restorative VI	6186	Holism Restorative VI	Cura $H_W_GOOD930$COLOR_END de HP e restaura $H_W_GOOD119$COLOR_END de MP a cada $H_W_GOOD1s$COLOR_END.	icon_items.hmp_durable_drug_level_41_tex	icon_items.hmp_durable_drug_level_41_tex	True
2656	HPChange	Buff	True	abs	12000	1	1604	Holism Restorative VII	6188	Holism Restorative VII	Cura $H_W_GOOD1604$COLOR_END de HP e restaura $H_W_GOOD127$COLOR_END de MP a cada $H_W_GOOD1s$COLOR_END.	icon_items.hmp_durable_drug_level_49_tex	icon_items.hmp_durable_drug_level_49_tex	True
2656	MPChange	Buff	True	abs	12000	1	127	Holism Restorative VII	6188	Holism Restorative VII	Cura $H_W_GOOD1604$COLOR_END de HP e restaura $H_W_GOOD127$COLOR_END de MP a cada $H_W_GOOD1s$COLOR_END.	icon_items.hmp_durable_drug_level_49_tex	icon_items.hmp_durable_drug_level_49_tex	True
2657	HPChange	Buff	True	abs	12000	1	2249	Holism Restorative VIII	6190	Holism Restorative VIII	Cura $H_W_GOOD2249$COLOR_END de HP e restaura $H_W_GOOD136$COLOR_END de MP a cada $H_W_GOOD1s$COLOR_END.	icon_items.hmp_durable_drug_level_57_tex	icon_items.hmp_durable_drug_level_57_tex	True
2657	MPChange	Buff	True	abs	12000	1	136	Holism Restorative VIII	6190	Holism Restorative VIII	Cura $H_W_GOOD2249$COLOR_END de HP e restaura $H_W_GOOD136$COLOR_END de MP a cada $H_W_GOOD1s$COLOR_END.	icon_items.hmp_durable_drug_level_57_tex	icon_items.hmp_durable_drug_level_57_tex	True
2665	HPChange	Buff	True	abs	10000	1	143	Major Holism Restorative I	6177	Major Holism Restorative I	Cura $H_W_GOOD143$COLOR_END de HP e restaura $H_W_GOOD95$COLOR_END de MP a cada $H_W_GOOD1s$COLOR_END.	icon_items.hmp_durable_drug_level_1_tex	icon_items.hmp_durable_drug_level_1_tex	True
2665	MPChange	Buff	True	abs	10000	1	95	Major Holism Restorative I	6177	Major Holism Restorative I	Cura $H_W_GOOD143$COLOR_END de HP e restaura $H_W_GOOD95$COLOR_END de MP a cada $H_W_GOOD1s$COLOR_END.	icon_items.hmp_durable_drug_level_1_tex	icon_items.hmp_durable_drug_level_1_tex	True
2666	HPChange	Buff	True	abs	10000	1	221	Major Holism Restorative II	6179	Major Holism Restorative II	Cura $H_W_GOOD221$COLOR_END de HP e restaura $H_W_GOOD105$COLOR_END de MP a cada $H_W_GOOD1s$COLOR_END.	icon_items.hmp_durable_drug_level_9_tex	icon_items.hmp_durable_drug_level_9_tex	True
2666	MPChange	Buff	True	abs	10000	1	105	Major Holism Restorative II	6179	Major Holism Restorative II	Cura $H_W_GOOD221$COLOR_END de HP e restaura $H_W_GOOD105$COLOR_END de MP a cada $H_W_GOOD1s$COLOR_END.	icon_items.hmp_durable_drug_level_9_tex	icon_items.hmp_durable_drug_level_9_tex	True
2667	HPChange	Buff	True	abs	10000	1	341	Major Holism Restorative III	6181	Major Holism Restorative III	Cura $H_W_GOOD341$COLOR_END de HP e restaura $H_W_GOOD116$COLOR_END de MP a cada $H_W_GOOD1s$COLOR_END.	icon_items.hmp_durable_drug_level_17_tex	icon_items.hmp_durable_drug_level_17_tex	True
2667	MPChange	Buff	True	abs	10000	1	116	Major Holism Restorative III	6181	Major Holism Restorative III	Cura $H_W_GOOD341$COLOR_END de HP e restaura $H_W_GOOD116$COLOR_END de MP a cada $H_W_GOOD1s$COLOR_END.	icon_items.hmp_durable_drug_level_17_tex	icon_items.hmp_durable_drug_level_17_tex	True
2668	HPChange	Buff	True	abs	10000	1	525	Major Holism Restorative IV	6183	Major Holism Restorative IV	Cura $H_W_GOOD525$COLOR_END de HP e restaura $H_W_GOOD127$COLOR_END de MP a cada $H_W_GOOD1s$COLOR_END.	icon_items.hmp_durable_drug_level_25_tex	icon_items.hmp_durable_drug_level_25_tex	True
2668	MPChange	Buff	True	abs	10000	1	127	Major Holism Restorative IV	6183	Major Holism Restorative IV	Cura $H_W_GOOD525$COLOR_END de HP e restaura $H_W_GOOD127$COLOR_END de MP a cada $H_W_GOOD1s$COLOR_END.	icon_items.hmp_durable_drug_level_25_tex	icon_items.hmp_durable_drug_level_25_tex	True
2669	HPChange	Buff	True	abs	10000	1	808	Major Holism Restorative V	6185	Major Holism Restorative V	Cura $H_W_GOOD808$COLOR_END de HP e restaura $H_W_GOOD137$COLOR_END de MP a cada $H_W_GOOD1s$COLOR_END.	icon_items.hmp_durable_drug_level_33_tex	icon_items.hmp_durable_drug_level_33_tex	True
2669	MPChange	Buff	True	abs	10000	1	137	Major Holism Restorative V	6185	Major Holism Restorative V	Cura $H_W_GOOD808$COLOR_END de HP e restaura $H_W_GOOD137$COLOR_END de MP a cada $H_W_GOOD1s$COLOR_END.	icon_items.hmp_durable_drug_level_33_tex	icon_items.hmp_durable_drug_level_33_tex	True
2670	HPChange	Buff	True	abs	10000	1	1242	Major Holism Restorative VI	6187	Major Holism Restorative VI	Cura $H_W_GOOD1242$COLOR_END de HP e restaura $H_W_GOOD148$COLOR_END de MP a cada $H_W_GOOD1s$COLOR_END.	icon_items.hmp_durable_drug_level_41_tex	icon_items.hmp_durable_drug_level_41_tex	True
2670	MPChange	Buff	True	abs	10000	1	148	Major Holism Restorative VI	6187	Major Holism Restorative VI	Cura $H_W_GOOD1242$COLOR_END de HP e restaura $H_W_GOOD148$COLOR_END de MP a cada $H_W_GOOD1s$COLOR_END.	icon_items.hmp_durable_drug_level_41_tex	icon_items.hmp_durable_drug_level_41_tex	True
2671	HPChange	Buff	True	abs	10000	1	2154	Major Holism Restorative VII	6189	Major Holism Restorative VII	Cura $H_W_GOOD2154$COLOR_END de HP e restaura $H_W_GOOD158$COLOR_END de MP a cada $H_W_GOOD1s$COLOR_END.	icon_items.hmp_durable_drug_level_49_tex	icon_items.hmp_durable_drug_level_49_tex	True
2671	MPChange	Buff	True	abs	10000	1	158	Major Holism Restorative VII	6189	Major Holism Restorative VII	Cura $H_W_GOOD2154$COLOR_END de HP e restaura $H_W_GOOD158$COLOR_END de MP a cada $H_W_GOOD1s$COLOR_END.	icon_items.hmp_durable_drug_level_49_tex	icon_items.hmp_durable_drug_level_49_tex	True
2672	HPChange	Buff	True	abs	10000	1	3021	Major Holism Restorative VIII	6191	Major Holism Restorative VIII	Cura $H_W_GOOD3021$COLOR_END de HP e restaura $H_W_GOOD169$COLOR_END de MP a cada $H_W_GOOD1s$COLOR_END.	icon_items.hmp_durable_drug_level_57_tex	icon_items.hmp_durable_drug_level_57_tex	True
2672	MPChange	Buff	True	abs	10000	1	169	Major Holism Restorative VIII	6191	Major Holism Restorative VIII	Cura $H_W_GOOD3021$COLOR_END de HP e restaura $H_W_GOOD169$COLOR_END de MP a cada $H_W_GOOD1s$COLOR_END.	icon_items.hmp_durable_drug_level_57_tex	icon_items.hmp_durable_drug_level_57_tex	True
2680	Crit	Buff	True	abs	900000	0	5	Onslaught Scroll of Carving I	6192	Onslaught Scroll of Carving I	A taxa de critério aumenta em $H_W_GOOD5$COLOR_END.	icon_items.scroll_cri_rate_level_1_tex	icon_items.scroll_cri_rate_level_1_tex	True
2681	Crit	Buff	True	abs	900000	0	10	Onslaught Scroll of Carving II	6193	Onslaught Scroll of Carving II	A taxa de critério aumenta em $H_W_GOOD10$COLOR_END.	icon_items.scroll_cri_rate_level_23_tex	icon_items.scroll_cri_rate_level_23_tex	True
2682	Crit	Buff	True	abs	900000	0	15	Onslaught Scroll of Carving III	6194	Onslaught Scroll of Carving III	A taxa de critério aumenta em $H_W_GOOD15$COLOR_END.	icon_items.scroll_cri_rate_level_35_tex	icon_items.scroll_cri_rate_level_35_tex	True
2683	Crit	Buff	True	abs	900000	0	20	Onslaught Scroll of Carving IV	6195	Onslaught Scroll of Carving IV	A taxa de critério aumenta em $H_W_GOOD20$COLOR_END.	icon_items.scroll_cri_rate_level_47_tex	icon_items.scroll_cri_rate_level_47_tex	True
2684	Crit	Buff	True	abs	900000	0	25	Onslaught Scroll of Carving V	6196	Onslaught Scroll of Carving V	A taxa de critério aumenta em $H_W_GOOD25$COLOR_END.	icon_items.scroll_cri_rate_level_59_tex	icon_items.scroll_cri_rate_level_59_tex	True
2685	Crit	Buff	True	abs	900000	0	43	Onslaught Scroll of Carving VI	6306	Onslaught Scroll of Carving VI	A taxa de critério aumenta em $H_W_GOOD43$COLOR_END.	icon_items.scroll_cri_rate_level_59_tex	icon_items.scroll_cri_rate_level_59_tex	True
2686	Crit	Buff	True	abs	900000	0	55	Onslaught Scroll of Carving VII	6486	Onslaught Scroll of Carving VII	A taxa de critério aumenta em $H_W_GOOD55$COLOR_END.	icon_items.scroll_cri_rate_level_59_tex	icon_items.scroll_cri_rate_level_59_tex	True
2695	CritPower	Buff	True	abs	900000	0	27	Onslaught Scroll of Savagery I	6197	Onslaught Scroll of Savagery I	O poder de crítico aumenta em $H_W_GOOD+0,27$COLOR_END.	icon_items.scroll_cri_power_level_1_tex	icon_items.scroll_cri_power_level_1_tex	True
2696	CritPower	Buff	True	abs	900000	0	54	Onslaught Scroll of Savagery II	6198	Onslaught Scroll of Savagery II	O poder de crítico aumenta em $H_W_GOOD+0,54$COLOR_END.	icon_items.scroll_cri_power_level_23_tex	icon_items.scroll_cri_power_level_23_tex	True
2697	CritPower	Buff	True	abs	900000	0	81	Onslaught Scroll of Savagery III	6199	Onslaught Scroll of Savagery III	O poder de crítico aumenta em $H_W_GOOD+0,81$COLOR_END.	icon_items.scroll_cri_power_level_35_tex	icon_items.scroll_cri_power_level_35_tex	True
2698	CritPower	Buff	True	abs	900000	0	107	Onslaught Scroll of Savagery IV	6200	Onslaught Scroll of Savagery IV	O poder de crítico aumenta em $H_W_GOOD+1,07$COLOR_END.	icon_items.scroll_cri_power_level_47_tex	icon_items.scroll_cri_power_level_47_tex	True
2699	CritPower	Buff	True	abs	900000	0	134	Onslaught Scroll of Savagery V	6201	Onslaught Scroll of Savagery V	O poder de crítico aumenta em $H_W_GOOD+1,34$COLOR_END.	icon_items.scroll_cri_power_level_59_tex	icon_items.scroll_cri_power_level_59_tex	True
2700	CritPower	Buff	True	abs	900000	0	138	Onslaught Scroll of Savagery VI	6307	Onslaught Scroll of Savagery VI	O poder de crítico aumenta em $H_W_GOOD+1,38$COLOR_END.	icon_items.scroll_cri_power_level_59_tex	icon_items.scroll_cri_power_level_59_tex	True
2701	CritPower	Buff	True	abs	900000	0	142	Onslaught Scroll of Savagery VII	6487	Onslaught Scroll of Savagery VII	O poder de crítico aumenta em $H_W_GOOD+1,42$COLOR_END.	icon_items.scroll_cri_power_level_59_tex	icon_items.scroll_cri_power_level_59_tex	True
2710	ImpactEffective	Buff	True	abs	900000	0	5	Onslaught Scroll of Impact I	6202	Onslaught Scroll of Impact I	O fator de impacto aumenta em $H_W_GOOD5$COLOR_END.	icon_items.scroll_impact_power_level_1_tex	icon_items.scroll_impact_power_level_1_tex	True
2711	ImpactEffective	Buff	True	abs	900000	0	8	Onslaught Scroll of Impact II	6203	Onslaught Scroll of Impact II	O fator de impacto aumenta em $H_W_GOOD8$COLOR_END.	icon_items.scroll_impact_power_level_23_tex	icon_items.scroll_impact_power_level_23_tex	True
2712	ImpactEffective	Buff	True	abs	900000	0	11	Onslaught Scroll of Impact III	6204	Onslaught Scroll of Impact III	O fator de impacto aumenta em $H_W_GOOD11$COLOR_END.	icon_items.scroll_impact_power_level_35_tex	icon_items.scroll_impact_power_level_35_tex	True
2713	ImpactEffective	Buff	True	abs	900000	0	14	Onslaught Scroll of Impact IV	6205	Onslaught Scroll of Impact IV	O fator de impacto aumenta em $H_W_GOOD14$COLOR_END.	icon_items.scroll_impact_power_level_47_tex	icon_items.scroll_impact_power_level_47_tex	True
2714	ImpactEffective	Buff	True	abs	900000	0	17	Onslaught Scroll of Impact V	6206	Onslaught Scroll of Impact V	O fator de impacto aumenta em $H_W_GOOD17$COLOR_END.	icon_items.scroll_impact_power_level_59_tex	icon_items.scroll_impact_power_level_59_tex	True
2725	ASpd	Buff	True	abs	900000	0	2	Onslaught Scroll of Swiftness I	6207	Onslaught Scroll of Swiftness I	A velocidade de ataque aumenta em $H_W_GOOD2$COLOR_END.	icon_items.scroll_atk_speed_level_1_tex	icon_items.scroll_atk_speed_level_1_tex	True
2726	ASpd	Buff	True	abs	900000	0	4	Onslaught Scroll of Swiftness II	6208	Onslaught Scroll of Swiftness II	A velocidade de ataque aumenta em $H_W_GOOD4$COLOR_END.	icon_items.scroll_atk_speed_level_23_tex	icon_items.scroll_atk_speed_level_23_tex	True
2727	ASpd	Buff	True	abs	900000	0	5	Onslaught Scroll of Swiftness III	6209	Onslaught Scroll of Swiftness III	A velocidade de ataque aumenta em $H_W_GOOD5$COLOR_END.	icon_items.scroll_atk_speed_level_35_tex	icon_items.scroll_atk_speed_level_35_tex	True
2728	ASpd	Buff	True	abs	900000	0	7	Onslaught Scroll of Swiftness IV	6210	Onslaught Scroll of Swiftness IV	A velocidade de ataque aumenta em $H_W_GOOD7$COLOR_END.	icon_items.scroll_atk_speed_level_47_tex	icon_items.scroll_atk_speed_level_47_tex	True
2729	ASpd	Buff	True	abs	900000	0	9	Onslaught Scroll of Swiftness V	6211	Onslaught Scroll of Swiftness V	A velocidade de ataque aumenta em $H_W_GOOD9$COLOR_END.	icon_items.scroll_atk_speed_level_59_tex	icon_items.scroll_atk_speed_level_59_tex	True
2730	ASpd	Buff	True	abs	900000	0	10	Onslaught Scroll of Swiftness VI	6308	Onslaught Scroll of Swiftness VI	A velocidade de ataque aumenta em $H_W_GOOD10$COLOR_END.	icon_items.scroll_atk_speed_level_59_tex	icon_items.scroll_atk_speed_level_59_tex	True
2740	MovSpd	Buff	True	abs	180000	0	5	Fleetfoot Scroll I	6212	Fleetfoot Scroll I	A velocidade de movimento aumenta em $H_W_GOOD5$COLOR_END.	icon_items.scroll_move_speed_level_1_tex	icon_items.scroll_move_speed_level_1_tex	True
2741	MovSpd	Buff	True	abs	180000	0	8	Fleetfoot Scroll II	6213	Fleetfoot Scroll II	A velocidade de movimento aumenta em $H_W_GOOD8$COLOR_END.	icon_items.scroll_move_speed_level_23_tex	icon_items.scroll_move_speed_level_23_tex	True
2742	MovSpd	Buff	True	abs	180000	0	10	Fleetfoot Scroll III	6214	Fleetfoot Scroll III	A velocidade de movimento aumenta em $H_W_GOOD10$COLOR_END.	icon_items.scroll_move_speed_level_35_tex	icon_items.scroll_move_speed_level_35_tex	True
2743	MovSpd	Buff	True	abs	180000	0	13	Fleetfoot Scroll IV	6215	Fleetfoot Scroll IV	A velocidade de movimento aumenta em $H_W_GOOD13$COLOR_END.	icon_items.scroll_move_speed_level_47_tex	icon_items.scroll_move_speed_level_47_tex	True
2744	MovSpd	Buff	True	abs	180000	0	16	Fleetfoot Scroll V	6216	Fleetfoot Scroll V	A velocidade de movimento aumenta em $H_W_GOOD16$COLOR_END.	icon_items.scroll_move_speed_level_59_tex	icon_items.scroll_move_speed_level_59_tex	True
2755	KnockDownChance	Buff	True	perc	60000	0	0	Warding Scroll I	6217	Warding Scroll I	Absorve até $H_W_GOOD636$COLOR_END de dano.$BRImune a knockdown e imobilização durante o efeito.	icon_items.scroll_def_protect_level_1_tex	icon_items.scroll_def_protect_level_1_tex	True
2755	Absorb	Buff	True	swch	60000	0	636	Warding Scroll I	6217	Warding Scroll I	Absorve até $H_W_GOOD636$COLOR_END de dano.$BRImune a knockdown e imobilização durante o efeito.	icon_items.scroll_def_protect_level_1_tex	icon_items.scroll_def_protect_level_1_tex	True
2756	KnockDownChance	Buff	True	perc	60000	0	0	Warding Scroll II	6218	Warding Scroll II	Absorve até $H_W_GOOD1000$COLOR_END de dano.$BRImune a knockdown e imobilização durante o efeito.	icon_items.scroll_def_protect_level_23_tex	icon_items.scroll_def_protect_level_23_tex	True
2756	Absorb	Buff	True	swch	60000	0	1000	Warding Scroll II	6218	Warding Scroll II	Absorve até $H_W_GOOD1000$COLOR_END de dano.$BRImune a knockdown e imobilização durante o efeito.	icon_items.scroll_def_protect_level_23_tex	icon_items.scroll_def_protect_level_23_tex	True
2757	KnockDownChance	Buff	True	perc	60000	0	0	Warding Scroll III	6219	Warding Scroll III	Absorve até $H_W_GOOD1553$COLOR_END de dano.$BRImune a knockdown e imobilização durante o efeito.	icon_items.scroll_def_protect_level_35_tex	icon_items.scroll_def_protect_level_35_tex	True
2757	Absorb	Buff	True	swch	60000	0	1553	Warding Scroll III	6219	Warding Scroll III	Absorve até $H_W_GOOD1553$COLOR_END de dano.$BRImune a knockdown e imobilização durante o efeito.	icon_items.scroll_def_protect_level_35_tex	icon_items.scroll_def_protect_level_35_tex	True
2758	KnockDownChance	Buff	True	perc	60000	0	0	Warding Scroll IV	6220	Warding Scroll IV	Absorve até $H_W_GOOD2380$COLOR_END de dano.$BRImune a knockdown e imobilização durante o efeito.	icon_items.scroll_def_protect_level_47_tex	icon_items.scroll_def_protect_level_47_tex	True
2758	Absorb	Buff	True	swch	60000	0	2380	Warding Scroll IV	6220	Warding Scroll IV	Absorve até $H_W_GOOD2380$COLOR_END de dano.$BRImune a knockdown e imobilização durante o efeito.	icon_items.scroll_def_protect_level_47_tex	icon_items.scroll_def_protect_level_47_tex	True
2759	KnockDownChance	Buff	True	perc	60000	0	0	Warding Scroll V	6221	Warding Scroll V	Absorve até $H_W_GOOD3595$COLOR_END de dano.$BRImune a knockdown e imobilização durante o efeito.	icon_items.scroll_def_protect_level_59_tex	icon_items.scroll_def_protect_level_59_tex	True
2759	Absorb	Buff	True	swch	60000	0	3595	Warding Scroll V	6221	Warding Scroll V	Absorve até $H_W_GOOD3595$COLOR_END de dano.$BRImune a knockdown e imobilização durante o efeito.	icon_items.scroll_def_protect_level_59_tex	icon_items.scroll_def_protect_level_59_tex	True
2760	KnockDownChance	Buff	True	perc	60000	0	0	Warding Scroll VI	6309	Warding Scroll VI	Absorve até $H_W_GOOD13200$COLOR_END de dano.$BRImune a knockdown e imobilização durante o efeito.	icon_items.scroll_def_protect_level_59_tex	icon_items.scroll_def_protect_level_59_tex	True
2760	Absorb	Buff	True	swch	60000	0	13200	Warding Scroll VI	6309	Warding Scroll VI	Absorve até $H_W_GOOD13200$COLOR_END de dano.$BRImune a knockdown e imobilização durante o efeito.	icon_items.scroll_def_protect_level_59_tex	icon_items.scroll_def_protect_level_59_tex	True
2761	KnockDownChance	Buff	True	perc	60000	0	0	Warding Scroll VII	6489	Warding Scroll VII	Absorve até $H_W_GOOD16000$COLOR_END de dano. $BRImune a knockdown e imobilização enquanto estiver em vigor.	icon_items.scroll_def_protect_level_59_tex	icon_items.scroll_def_protect_level_59_tex	True
2761	Absorb	Buff	True	swch	60000	0	16000	Warding Scroll VII	6489	Warding Scroll VII	Absorve até $H_W_GOOD16000$COLOR_END de dano. $BRImune a knockdown e imobilização enquanto estiver em vigor.	icon_items.scroll_def_protect_level_59_tex	icon_items.scroll_def_protect_level_59_tex	True
2770	WeakResist	Buff	True	abs	900000	0	2	Curative Scroll I	6222	Curative Scroll I	A resistência aos efeitos de enfraquecimento aumenta em $H_W_GOOD2$COLOR_END.	icon_items.scroll_debuff_protect_level_1_tex	icon_items.scroll_debuff_protect_level_1_tex	True
2771	WeakResist	Buff	True	abs	900000	0	4	Curative Scroll II	6223	Curative Scroll II	A resistência aos efeitos de enfraquecimento aumenta em $H_W_GOOD4$COLOR_END.	icon_items.scroll_debuff_protect_level_23_tex	icon_items.scroll_debuff_protect_level_23_tex	True
2772	WeakResist	Buff	True	abs	900000	0	6	Curative Scroll III	6224	Curative Scroll III	A resistência aos efeitos de enfraquecimento aumenta em $H_W_GOOD6$COLOR_END.	icon_items.scroll_debuff_protect_level_35_tex	icon_items.scroll_debuff_protect_level_35_tex	True
2773	WeakResist	Buff	True	abs	900000	0	8	Curative Scroll IV	6225	Curative Scroll IV	A resistência aos efeitos de enfraquecimento aumenta em $H_W_GOOD8$COLOR_END.	icon_items.scroll_debuff_protect_level_47_tex	icon_items.scroll_debuff_protect_level_47_tex	True
2774	WeakResist	Buff	True	abs	900000	0	10	Curative Scroll V	6226	Curative Scroll V	A resistência aos efeitos de enfraquecimento aumenta em $H_W_GOOD10$COLOR_END.	icon_items.scroll_debuff_protect_level_59_tex	icon_items.scroll_debuff_protect_level_59_tex	True
2785	DotResist	Buff	True	abs	900000	0	2	Caduceus Scroll I	6232	Caduceus Scroll I	A resistência a danos periódicos aumenta em $H_W_GOOD2$COLOR_END.	icon_items.scroll_dot_protect_level_1_tex	icon_items.scroll_dot_protect_level_1_tex	True
2786	DotResist	Buff	True	abs	900000	0	4	Caduceus Scroll II	6233	Caduceus Scroll II	A resistência a danos periódicos aumenta em $H_W_GOOD4$COLOR_END.	icon_items.scroll_dot_protect_level_23_tex	icon_items.scroll_dot_protect_level_23_tex	True
2787	DotResist	Buff	True	abs	900000	0	6	Caduceus Scroll III	6234	Caduceus Scroll III	A resistência a danos periódicos aumenta em $H_W_GOOD6$COLOR_END.	icon_items.scroll_dot_protect_level_35_tex	icon_items.scroll_dot_protect_level_35_tex	True
2788	DotResist	Buff	True	abs	900000	0	8	Caduceus Scroll IV	6235	Caduceus Scroll IV	A resistência a danos periódicos aumenta em $H_W_GOOD8$COLOR_END.	icon_items.scroll_dot_protect_level_47_tex	icon_items.scroll_dot_protect_level_47_tex	True
2789	DotResist	Buff	True	abs	900000	0	10	Caduceus Scroll V	6236	Caduceus Scroll V	A resistência a danos periódicos aumenta em $H_W_GOOD10$COLOR_END.	icon_items.scroll_dot_protect_level_59_tex	icon_items.scroll_dot_protect_level_59_tex	True
2800	StunResist	Buff	True	abs	900000	0	2	Scroll of Tenacity I	6227	Scroll of Tenacity I	A resistência ao atordoamento aumenta em $H_W_GOOD2$COLOR_END.	icon_items.scroll_sleep_protect_level_1_tex	icon_items.scroll_sleep_protect_level_1_tex	True
2801	StunResist	Buff	True	abs	900000	0	4	Scroll of Tenacity II	6228	Scroll of Tenacity II	A resistência ao atordoamento aumenta em $H_W_GOOD4$COLOR_END.	icon_items.scroll_sleep_protect_level_23_tex	icon_items.scroll_sleep_protect_level_23_tex	True
2802	StunResist	Buff	True	abs	900000	0	6	Scroll of Tenacity III	6229	Scroll of Tenacity III	A resistência ao atordoamento aumenta em $H_W_GOOD6$COLOR_END.	icon_items.scroll_sleep_protect_level_35_tex	icon_items.scroll_sleep_protect_level_35_tex	True
2803	StunResist	Buff	True	abs	900000	0	8	Scroll of Tenacity IV	6230	Scroll of Tenacity IV	A resistência ao atordoamento aumenta em $H_W_GOOD8$COLOR_END.	icon_items.scroll_sleep_protect_level_47_tex	icon_items.scroll_sleep_protect_level_47_tex	True
2804	StunResist	Buff	True	abs	900000	0	10	Scroll of Tenacity V	6231	Scroll of Tenacity V	A resistência ao atordoamento aumenta em $H_W_GOOD10$COLOR_END.	icon_items.scroll_sleep_protect_level_59_tex	icon_items.scroll_sleep_protect_level_59_tex	True
2815	WeakResist	Buff	True	abs	30000	0	20	Curative Burst I	6237	Curative Burst I	A resistência aos efeitos de enfraquecimento aumenta em $H_W_GOOD20$COLOR_END.	icon_items.scroll_debuff_protect_level_1_tex	icon_items.scroll_debuff_protect_level_1_tex	True
2816	WeakResist	Buff	True	abs	30000	0	30	Curative Burst II	6238	Curative Burst II	A resistência aos efeitos de enfraquecimento aumenta em $H_W_GOOD30$COLOR_END.	icon_items.scroll_debuff_protect_level_23_tex	icon_items.scroll_debuff_protect_level_23_tex	True
2817	WeakResist	Buff	True	abs	30000	0	40	Curative Burst III	6239	Curative Burst III	A resistência aos efeitos de enfraquecimento aumenta em $H_W_GOOD40$COLOR_END.	icon_items.scroll_debuff_protect_level_35_tex	icon_items.scroll_debuff_protect_level_35_tex	True
2818	WeakResist	Buff	True	abs	30000	0	50	Curative Burst IV	6240	Curative Burst IV	A resistência aos efeitos de enfraquecimento aumenta em $H_W_GOOD50$COLOR_END.	icon_items.scroll_debuff_protect_level_47_tex	icon_items.scroll_debuff_protect_level_47_tex	True
2819	WeakResist	Buff	True	abs	30000	0	60	Curative Burst V	6241	Curative Burst V	A resistência aos efeitos de enfraquecimento aumenta em $H_W_GOOD60$COLOR_END.	icon_items.scroll_debuff_protect_level_59_tex	icon_items.scroll_debuff_protect_level_59_tex	True
2830	DotResist	Buff	True	abs	30000	0	20	Caduceus Burst I	6247	Caduceus Burst I	A resistência a danos periódicos aumenta em $H_W_GOOD20$COLOR_END.	icon_items.scroll_dot_protect_level_1_tex	icon_items.scroll_dot_protect_level_1_tex	True
2831	DotResist	Buff	True	abs	30000	0	30	Caduceus Burst II	6248	Caduceus Burst II	A resistência a danos periódicos aumenta em $H_W_GOOD30$COLOR_END.	icon_items.scroll_dot_protect_level_23_tex	icon_items.scroll_dot_protect_level_23_tex	True
2832	DotResist	Buff	True	abs	30000	0	40	Caduceus Burst III	6249	Caduceus Burst III	A resistência a danos periódicos aumenta em $H_W_GOOD40$COLOR_END.	icon_items.scroll_dot_protect_level_35_tex	icon_items.scroll_dot_protect_level_35_tex	True
2833	DotResist	Buff	True	abs	30000	0	50	Caduceus Burst IV	6250	Caduceus Burst IV	A resistência a danos periódicos aumenta em $H_W_GOOD50$COLOR_END.	icon_items.scroll_dot_protect_level_47_tex	icon_items.scroll_dot_protect_level_47_tex	True
2834	DotResist	Buff	True	abs	30000	0	60	Caduceus Burst V	6251	Caduceus Burst V	A resistência a danos periódicos aumenta em $H_W_GOOD60$COLOR_END.	icon_items.scroll_dot_protect_level_59_tex	icon_items.scroll_dot_protect_level_59_tex	True
2845	StunResist	Buff	True	abs	30000	0	20	Burst of Tenacity I	6242	Burst of Tenacity I	A resistência ao atordoamento aumenta em $H_W_GOOD20$COLOR_END.	icon_items.scroll_sleep_protect_level_1_tex	icon_items.scroll_sleep_protect_level_1_tex	True
2846	StunResist	Buff	True	abs	30000	0	30	Burst of Tenacity II	6243	Burst of Tenacity II	A resistência ao atordoamento aumenta em $H_W_GOOD30$COLOR_END.	icon_items.scroll_sleep_protect_level_23_tex	icon_items.scroll_sleep_protect_level_23_tex	True
2847	StunResist	Buff	True	abs	30000	0	40	Burst of Tenacity III	6244	Burst of Tenacity III	A resistência ao atordoamento aumenta em $H_W_GOOD40$COLOR_END.	icon_items.scroll_sleep_protect_level_35_tex	icon_items.scroll_sleep_protect_level_35_tex	True
2848	StunResist	Buff	True	abs	30000	0	50	Burst of Tenacity IV	6245	Burst of Tenacity IV	A resistência ao atordoamento aumenta em $H_W_GOOD50$COLOR_END.	icon_items.scroll_sleep_protect_level_47_tex	icon_items.scroll_sleep_protect_level_47_tex	True
2849	StunResist	Buff	True	abs	30000	0	60	Burst of Tenacity V	6246	Burst of Tenacity V	A resistência ao atordoamento aumenta em $H_W_GOOD60$COLOR_END.	icon_items.scroll_sleep_protect_level_59_tex	icon_items.scroll_sleep_protect_level_59_tex	True
2860	MovSpd	Buff	True	abs	10000	0	50	Scroll of Dash I	6252	Scroll of Dash I	A velocidade de movimento aumenta em $H_W_GOOD50$COLOR_END.	icon_items.scroll_run_speed_level_1_tex	icon_items.scroll_run_speed_level_1_tex	True
2861	MovSpd	Buff	True	abs	15000	0	50	Scroll of Dash II	6253	Scroll of Dash II	A velocidade de movimento aumenta em $H_W_GOOD50$COLOR_END.	icon_items.scroll_run_speed_level_31_tex	icon_items.scroll_run_speed_level_31_tex	True
2862	MovSpd	Buff	True	abs	20000	0	50	Scroll of Dash III	6254	Scroll of Dash III	A velocidade de movimento aumenta em $H_W_GOOD50$COLOR_END.	icon_items.scroll_run_speed_level_51_tex	icon_items.scroll_run_speed_level_51_tex	True
2875	IncreasedHeal	Buff	True	perc	900000	0	109	Heart Potion I	6255	Heart Potion I	Cura o HP adicional em $H_W_GOOD10800%$COLOR_END ao receber o efeito de recuperação de HP.	icon_items.scroll_heal_powerup_level_1_tex	icon_items.scroll_heal_powerup_level_1_tex	True
2876	IncreasedHeal	Buff	True	perc	900000	0	113	Heart Potion II	6256	Heart Potion II	Cura o HP adicional em $H_W_GOOD11200%$COLOR_END ao receber o efeito de recuperação de HP.	icon_items.scroll_heal_powerup_level_31_tex	icon_items.scroll_heal_powerup_level_31_tex	True
2877	IncreasedHeal	Buff	True	perc	900000	0	117	Heart Potion III	6257	Heart Potion III	Cura o HP adicional em $H_W_GOOD11600%$COLOR_END ao receber o efeito de recuperação de HP.	icon_items.scroll_heal_powerup_level_51_tex	icon_items.scroll_heal_powerup_level_51_tex	True
2880	Aggro	Buff	True	perc	900000	0	95	Eclipse Potion I	6263	Eclipse Potion I	Reduz o aggro em 9400%.	icon_items.decrease_aggro_potion_level_1_tex	icon_items.decrease_aggro_potion_level_1_tex	True
2881	Aggro	Buff	True	perc	900000	0	9	Eclipse Potion II	6264	Eclipse Potion II	Reduz o aggro em 800%.	icon_items.decrease_aggro_potion_level_23_tex	icon_items.decrease_aggro_potion_level_23_tex	True
2882	Aggro	Buff	True	perc	900000	0	85	Eclipse Potion III	6265	Eclipse Potion III	Reduz o aggro em 8400%.	icon_items.decrease_aggro_potion_level_35_tex	icon_items.decrease_aggro_potion_level_35_tex	True
2883	Aggro	Buff	True	perc	900000	0	8	Eclipse Potion IV	6266	Eclipse Potion IV	Reduz o aggro em 700%.	icon_items.decrease_aggro_potion_level_47_tex	icon_items.decrease_aggro_potion_level_47_tex	True
2884	Aggro	Buff	True	perc	900000	0	75	Eclipse Potion V	6267	Eclipse Potion V	Reduz o aggro em 7400%.	icon_items.decrease_aggro_potion_level_59_tex	icon_items.decrease_aggro_potion_level_59_tex	True
2890	Block	Buff	True	seta	10000	0	0	Unfocusing Bomb	6258	Unfocusing Bomb	Não é possível usar o bloqueio de habilidades enquanto estiver em vigor.	icon_items.cancel_lockon_potion_level_51_tex	icon_items.cancel_lockon_potion_level_51_tex	True
2905	Block	Buff	True	seta	8000	0	0	Bramblefoot Bomb	6259	Bramblefoot Bomb	Não é possível usar habilidades de evasão ou movimento enquanto estiver em vigor.	icon_items.cancel_evade_potion_level_51_tex	icon_items.cancel_evade_potion_level_51_tex	True
2930	StaminaDecay	Buff	True	seta	300000	0	0	Panaceaic Bolster I	6260	Panaceaic Bolster I	A resistência não diminui durante o efeito.	icon_items.condition_safe_potion_level_11_tex	icon_items.condition_safe_potion_level_11_tex	True
2931	StaminaDecay	Buff	True	seta	600000	0	0	Panaceaic Bolster II	6261	Panaceaic Bolster II	A resistência não diminui durante o efeito.	icon_items.condition_safe_potion_level_31_tex	icon_items.condition_safe_potion_level_31_tex	True
2932	StaminaDecay	Buff	True	seta	900000	0	0	Panaceaic Bolster III	6262	Panaceaic Bolster III	A resistência não diminui durante o efeito.	icon_items.condition_safe_potion_level_51_tex	icon_items.condition_safe_potion_level_51_tex	True
2945	CDR	Buff	True	perc	300000	0	95	Ranger's Nostrum I	6283	Ranger's Nostrum I	Enquanto estiver em vigor, o tempo de recarga das habilidades de ataque à distância diminui em $H_W_GOOD9400%$COLOR_END.	icon_items.eagles_potion_level_1_tex	icon_items.eagles_potion_level_1_tex	True
2946	CDR	Buff	True	perc	300000	0	925	Ranger's Nostrum II	6284	Ranger's Nostrum II	Enquanto estiver em vigor, o tempo de recarga das habilidades de ataque à distância diminui em $H_W_GOOD92400%$COLOR_END.	icon_items.eagles_potion_level_23_tex	icon_items.eagles_potion_level_23_tex	True
2947	CDR	Buff	True	perc	300000	0	9	Ranger's Nostrum III	6285	Ranger's Nostrum III	Enquanto estiver em vigor, o tempo de recarga das habilidades de ataque à distância diminui em $H_W_GOOD800%$COLOR_END.	icon_items.eagles_potion_level_35_tex	icon_items.eagles_potion_level_35_tex	True
2948	CDR	Buff	True	perc	300000	0	875	Ranger's Nostrum IV	6286	Ranger's Nostrum IV	Enquanto estiver em vigor, o tempo de recarga das habilidades de ataque à distância diminui em $H_W_GOOD87400%$COLOR_END.	icon_items.eagles_potion_level_47_tex	icon_items.eagles_potion_level_47_tex	True
2949	CDR	Buff	True	perc	300000	0	85	Ranger's Nostrum V	6287	Ranger's Nostrum V	Enquanto estiver em vigor, o tempo de recarga das habilidades de ataque à distância diminui em $H_W_GOOD8400%$COLOR_END.	icon_items.eagles_potion_level_59_tex	icon_items.eagles_potion_level_59_tex	True
2950	CDR	Buff	True	perc	900000	0	85	Ranger's Nostrum VI	6310	Ranger's Nostrum VI	Enquanto estiver em vigor, o tempo de recarga das habilidades de ataque à distância diminui em $H_W_GOOD8400%$COLOR_END.	icon_items.eagles_potion_level_59_tex	icon_items.eagles_potion_level_59_tex	True
2960	CDR	Buff	True	perc	300000	0	95	Nostrum of Energy I	6288	Nostrum of Energy I	Enquanto estiver em vigor, o tempo de recarga das habilidades de ataque a curta distância diminui em $H_W_GOOD9400%$COLOR_END.	icon_items.lions_potion_level_1_tex	icon_items.lions_potion_level_1_tex	True
2961	CDR	Buff	True	perc	300000	0	925	Nostrum of Energy II	6289	Nostrum of Energy II	Enquanto estiver em vigor, o tempo de recarga das habilidades de ataque a curta distância diminui em $H_W_GOOD92400%$COLOR_END.	icon_items.lions_potion_level_23_tex	icon_items.lions_potion_level_23_tex	True
2962	CDR	Buff	True	perc	300000	0	9	Nostrum of Energy III	6290	Nostrum of Energy III	Enquanto estiver em vigor, o tempo de recarga das habilidades de ataque a curta distância diminui em $H_W_GOOD800%$COLOR_END.	icon_items.lions_potion_level_35_tex	icon_items.lions_potion_level_35_tex	True
2963	CDR	Buff	True	perc	300000	0	875	Nostrum of Energy IV	6291	Nostrum of Energy IV	Enquanto estiver em vigor, o tempo de recarga das habilidades de ataque a curta distância diminui em $H_W_GOOD87400%$COLOR_END.	icon_items.lions_potion_level_47_tex	icon_items.lions_potion_level_47_tex	True
2964	CDR	Buff	True	perc	300000	0	85	Nostrum of Energy V	6292	Nostrum of Energy V	Enquanto estiver em vigor, o tempo de recarga das habilidades de ataque a curta distância diminui em $H_W_GOOD8400%$COLOR_END.	icon_items.lions_potion_level_59_tex	icon_items.lions_potion_level_59_tex	True
2965	CDR	Buff	True	perc	900000	0	85	Nostrum of Energy VI	6311	Nostrum of Energy VI	Enquanto estiver em vigor, o tempo de recarga das habilidades de ataque a curta distância diminui em $H_W_GOOD8400%$COLOR_END.	icon_items.lions_potion_level_59_tex	icon_items.lions_potion_level_59_tex	True
4400	MaxHP	Debuff	True	abs	300000	0	0	Cheery Fireworks	339	Smilecracker	Não se preocupe. Seja feliz! Explodam alguma coisa!	icon_status.smile_firecracker_abnormality_tex	icon_status.smile_firecracker_abnormality_tex	True
4500	XPBoost	Buff	True	perc	0	0	11	Rapid XP			Aumenta a EXP em $H_W_GOOD10%$COLOR_END durante a caça.	icon_status.plusfocus_tex	icon_status.plusfocus_tex	True
4501	XPBoost	Buff	True	perc	0	0	12	Rapid XP			Aumenta a EXP em $H_W_GOOD20%$COLOR_END durante a caça.	icon_status.plusfocus_tex	icon_status.plusfocus_tex	True
4502	XPBoost	Buff	True	perc	0	0	13	Rapid XP			Aumenta a EXP em $H_W_GOOD30%$COLOR_END durante a caça.	icon_status.plusfocus_tex	icon_status.plusfocus_tex	True
4503	XPBoost	Buff	True	perc	0	0	14	Rapid XP			Aumenta a EXP em $H_W_GOOD40%$COLOR_END durante a caça.	icon_status.plusfocus_tex	icon_status.plusfocus_tex	True
4504	XPBoost	Buff	True	perc	0	0	15	Rapid XP			Aumenta a EXP em $H_W_GOOD50%$COLOR_END durante a caça.	icon_status.plusfocus_tex	icon_status.plusfocus_tex	True
4505	XPBoost	Buff	True	perc	0	0	16	Rapid XP			Aumenta a EXP em $H_W_GOOD60%$COLOR_END durante a caça.	icon_status.plusfocus_tex	icon_status.plusfocus_tex	True
4506	XPBoost	Buff	True	perc	0	0	17	Rapid XP			Aumenta a EXP em $H_W_GOOD70%$COLOR_END durante a caça.	icon_status.plusfocus_tex	icon_status.plusfocus_tex	True
4507	XPBoost	Buff	True	perc	0	0	18	Rapid XP			Aumenta a EXP em $H_W_GOOD80%$COLOR_END durante a caça.	icon_status.plusfocus_tex	icon_status.plusfocus_tex	True
4508	XPBoost	Buff	True	perc	0	0	19	Rapid XP			Aumenta a EXP em $H_W_GOOD90%$COLOR_END durante a caça.	icon_status.plusfocus_tex	icon_status.plusfocus_tex	True
4509	XPBoost	Buff	True	perc	0	0	2	Rapid XP			Aumenta a EXP em $H_W_GOOD2 vezes$COLOR_END durante a caça.	icon_status.plusfocus_tex	icon_status.plusfocus_tex	True
4510	XPBoost	Buff	True	perc	0	0	25	Rapid XP			Aumenta a EXP em $H_W_GOOD2,5 vezes$COLOR_END durante a caça.	icon_status.plusfocus_tex	icon_status.plusfocus_tex	True
4511	XPBoost	Buff	True	perc	0	0	3	Rapid XP			Aumenta a EXP em $H_W_GOOD3 vezes$COLOR_END durante a caça.	icon_status.plusfocus_tex	icon_status.plusfocus_tex	True
4512	XPBoost	Buff	True	perc	0	0	4	Rapid XP			Aumenta a EXP em $H_W_GOOD4 vezes$COLOR_END durante a caça.	icon_status.plusfocus_tex	icon_status.plusfocus_tex	True
4513	XPBoost	Buff	True	perc	0	0	5	Rapid XP			Aumenta a EXP em $H_W_GOOD5 vezes$COLOR_END durante a caça.	icon_status.plusfocus_tex	icon_status.plusfocus_tex	True
4514	XPBoost	Buff	True	perc	0	0	10	Rapid XP			Aumenta a EXP em $H_W_GOOD10 vezes$COLOR_END durante a caça.	icon_status.plusfocus_tex	icon_status.plusfocus_tex	True
4600	CrystalBind	Buff	True	abs	3600000	0	1	Crystalbind	354	Crystalbind	Evita a quebra do cristal ao morrer, consumindo um efeito. O efeito se acumula até 99 vezes.	icon_items.q_closedspace_stone_05_tex	icon_items.q_closedspace_stone_05_tex	True
4610	CCrystalBind	Buff	True	abs	43200000	0	1	Complete Crystalbind	396	Complete Veteran Crystalbind	Evita a quebra de cristais após a morte.	icon_items.q_closedspace_stone_05_tex	icon_items.q_closedspace_stone_05_tex	True
4612	CCrystalBind	Buff	True	abs	0	0	1	Complete Crystalbind (VIP)			Evita a quebra de cristais após a morte.	icon_items.q_closedspace_stone_05_tex	icon_items.q_closedspace_stone_05_tex	True
4620	CraftTime	Buff	True	perc	300000	0	5	Valsekyr Crafter's Scroll	6293	Valsekyr Crafter's Scroll	Aumenta a velocidade de criação de todos os itens em $H_W_GOOD400%$COLOR_END.	icon_items.scroll_produce_speedup_tex	icon_items.scroll_produce_speedup_tex	True
4621	CraftTime	Buff	True	perc	3600000	0	5	Dedicated Crafter's Scroll	6296	Dedicated Crafter's Scroll	Aumenta a velocidade de criação de todos os itens em $H_W_GOOD400%$COLOR_END.	icon_items.scroll_produce_speedup_tex	icon_items.scroll_produce_speedup_tex	True
4630	Gathering	Buff	True	seta	600000	0	410	Valsekyr Gatherer's Scroll	6295	Valsekyr Gatherer's Scroll	Aumenta todas as habilidades de coleta para $H_W_GOOD410$COLOR_END.	icon_items.scroll_collection_expup_tex	icon_items.scroll_collection_expup_tex	True
4640	XPBoost	Buff	True	perc	3600000	0	115	Battle-Touched Scroll	6294	Battle-Touched Scroll	Aumenta a EXP de combate obtida em $H_W_GOOD15%$COLOR_END.	icon_items.scroll_seren_blessing_tex	icon_items.scroll_seren_blessing_tex	True
4650	Plague	Buff	True	abs	0	5	4651	Rookie's Wings			Aumenta a taxa de drop do chefe final dessa instância em 25%. Esse efeito permanece ativo mesmo que você morra em combate, desde que esteja a menos de 100 metros do chefe.$BRAs Asas de Novato e a Sorte de Iniciante desaparecem quando você limpa uma masmorra 10 vezes.	icon_skills.exp_buff_seren_aura_tex	icon_skills.exp_buff_seren_aura_tex	True
4651	Endurance	Buff	True	perc	0	0	1	Beginner's Luck			Enquanto um novato estiver no grupo, a taxa de obtenção do chefe final dessa instância aumenta em 25%. Esse efeito permanece ativo mesmo que o novato morra em combate, desde que ele esteja a menos de 100 metros do chefe.	icon_status.exp_buff_serenparty_tex	icon_status.exp_buff_serenparty_tex	True
4660	GatheringTime	Buff	True	perc	1800000	0	6	Gatherfaster Scroll	6297	Gatherfaster Scroll	Aumenta a velocidade de coleta em $H_W_GOOD500%$COLOR_END.	icon_status.collect_speedup_tex	icon_status.collect_speedup_tex	True
4710	HPChange	DOT	False	perc	3000	1	-12	Curse			Perde $H_W_BAD12%$COLOR_END do HP total a cada $H_W_BAD1s$COLOR_END.	icon_status.poisonstatus_tex	icon_status.poisonstatus_tex	True
4720	MovSpd	Debuff	False	setp	60000	0	5	Divine Intervention			Os poderes divinos estão enfraquecendo a magia maligna! Velocidade de movimento reduzida em $H_W_BAD400%$COLOR_END.	icon_status.poisonup_tex	icon_status.poisonup_tex	True
4720	HPDrain	Debuff	False	perc	60000	0	9	Divine Intervention			Os poderes divinos estão enfraquecendo a magia maligna! Velocidade de movimento reduzida em $H_W_BAD400%$COLOR_END.	icon_status.poisonup_tex	icon_status.poisonup_tex	True
4730	Power	Buff	True	perc	7200000	0	1	Holy Protection	103	Holy Potion of Protection	Imune ao definhamento de Akasha.$BREfeito que persiste até a morte.	icon_items.potion2_tex	icon_items.potion2_tex	True
4731	Power	Buff	True	perc	1000	0	1	Holy Protection			[Teste]	icon_items.potion2_tex	icon_items.potion2_tex	False
4760	HPChange	Buff	True	abs	1000	1	7122	Noruk Jerky			Mastigável e saboroso; restaura o HP em $H_W_GOOD7122$COLOR_END.	icon_items.beefjerky_tex	icon_items.beefjerky_tex	True
4761	OutOfCombatMovSpd	Buff	True	perc	20000	0	102	Fleet Potion			Essência de um gato veloz em uma forma potável! Aumenta a velocidade de movimento quando não está em combate em $H_W_BAD10100%$COLOR_END.	icon_items.leoparddrug_tex	icon_items.leoparddrug_tex	True
4762	MPChange	Buff	True	abs	2000	2	1013	Vintage Wine			Intoxicado pelo poder do vinho delicioso e forte, restaura a PM em $H_W_GOOD1013$COLOR_END. Você está atordoado e não pode se mover.	icon_items.oldwine_tex	icon_items.oldwine_tex	True
4762	Stun	Buff	True	swch	2000	0	5	Vintage Wine			Intoxicado pelo poder do vinho delicioso e forte, restaura a PM em $H_W_GOOD1013$COLOR_END. Você está atordoado e não pode se mover.	icon_items.oldwine_tex	icon_items.oldwine_tex	True
4763	HPChange	Buff	True	abs	2000	2	10684	Aged Jerky			A carne seca extremamente velha restaura a MP em $H_W_GOOD10684$COLOR_END. Enquanto o efeito durar, você permanecerá atordoado e não poderá se mover.	icon_items.old_beefjerky_tex	icon_items.old_beefjerky_tex	True
4763	Stun	Buff	True	swch	2000	0	5	Aged Jerky			A carne seca extremamente velha restaura a MP em $H_W_GOOD10684$COLOR_END. Enquanto o efeito durar, você permanecerá atordoado e não poderá se mover.	icon_items.old_beefjerky_tex	icon_items.old_beefjerky_tex	True
4764	HPChange	Buff	True	abs	10000	1	1424	Fresh Banana			Restaura o HP de $H_W_GOOD1424$COLOR_END a cada $H_W_GOOD1s$COLOR_END.	icon_items.banana_tex	icon_items.banana_tex	True
4765	HPChange	Buff	True	abs	20000	1	890	Emergency Rations			Na hora certa! Restaura o HP de $H_W_GOOD890$COLOR_END a cada $H_W_GOOD1s$COLOR_END.	icon_items.c-ration_tex	icon_items.c-ration_tex	True
4766	HPChange	Buff	True	abs	5000	1	2137	Grilled Fish			Restaura o HP de $H_W_GOOD2137$COLOR_END a cada $H_W_GOOD1s$COLOR_END.	icon_items.fishroast_tex	icon_items.fishroast_tex	True
4767	Power	Buff	True	perc	30000	0	11	Argon Purification Potion			Devido à raiva explosiva, a potência aumenta em $H_W_GOOD1000%$COLOR_END, mas a resistência diminui em $H_W_BAD800%$COLOR_END.	icon_items.potion9_tex	icon_items.potion9_tex	True
4767	Endurance	Buff	True	perc	30000	0	9	Argon Purification Potion			Devido à raiva explosiva, a potência aumenta em $H_W_GOOD1000%$COLOR_END, mas a resistência diminui em $H_W_BAD800%$COLOR_END.	icon_items.potion9_tex	icon_items.potion9_tex	True
4800	Aggro	Buff	True	perc	0	0	12	Chain of Protection III			Os ataques atraem $H_W_GOOD1100%$COLOR_END mais agressividade. Aumenta a velocidade de ataque em $H_W_GOOD10300%$COLOR_END, reduz o dano sofrido em $H_W_GOOD800%$COLOR_END e reduz a chance de knockdown e atordoamento em $H_W_GOOD600%$COLOR_END.	icon_status.plusedefence_tex	icon_status.plusedefence_tex	True
4800	ASpd	Buff	True	perc	0	0	104	Chain of Protection III			Os ataques atraem $H_W_GOOD1100%$COLOR_END mais agressividade. Aumenta a velocidade de ataque em $H_W_GOOD10300%$COLOR_END, reduz o dano sofrido em $H_W_GOOD800%$COLOR_END e reduz a chance de knockdown e atordoamento em $H_W_GOOD600%$COLOR_END.	icon_status.plusedefence_tex	icon_status.plusedefence_tex	True
4800	KnockDownChance	Buff	True	perc	0	0	7	Chain of Protection III			Os ataques atraem $H_W_GOOD1100%$COLOR_END mais agressividade. Aumenta a velocidade de ataque em $H_W_GOOD10300%$COLOR_END, reduz o dano sofrido em $H_W_GOOD800%$COLOR_END e reduz a chance de knockdown e atordoamento em $H_W_GOOD600%$COLOR_END.	icon_status.plusedefence_tex	icon_status.plusedefence_tex	True
4800	DefPotion	Buff	True	perc	0	0	9	Chain of Protection III			Os ataques atraem $H_W_GOOD1100%$COLOR_END mais agressividade. Aumenta a velocidade de ataque em $H_W_GOOD10300%$COLOR_END, reduz o dano sofrido em $H_W_GOOD800%$COLOR_END e reduz a chance de knockdown e atordoamento em $H_W_GOOD600%$COLOR_END.	icon_status.plusedefence_tex	icon_status.plusedefence_tex	True
4801	ASpd	Buff	True	perc	0	0	104	Chain of Attack III			Aumenta o dano da habilidade em $H_W_GOOD1000%$COLOR_END e reduz o dano recebido em $H_W_GOOD800%$COLOR_END. Além disso, aumenta a velocidade de ataque em $H_W_GOOD10300%$COLOR_END.	icon_status.plusattack_tex	icon_status.plusattack_tex	True
4801	DefPotion	Buff	True	perc	0	0	9	Chain of Attack III			Aumenta o dano da habilidade em $H_W_GOOD1000%$COLOR_END e reduz o dano recebido em $H_W_GOOD800%$COLOR_END. Além disso, aumenta a velocidade de ataque em $H_W_GOOD10300%$COLOR_END.	icon_status.plusattack_tex	icon_status.plusattack_tex	True
4801	AtkPotion	Buff	True	perc	0	0	11	Chain of Attack III			Aumenta o dano da habilidade em $H_W_GOOD1000%$COLOR_END e reduz o dano recebido em $H_W_GOOD800%$COLOR_END. Além disso, aumenta a velocidade de ataque em $H_W_GOOD10300%$COLOR_END.	icon_status.plusattack_tex	icon_status.plusattack_tex	True
4802	ASpd	Buff	True	perc	0	0	104	Chain of Recovery III			Aumenta o dano da habilidade em $H_W_GOOD1000%$COLOR_END e reduz o dano recebido em $H_W_GOOD800%$COLOR_END. Além disso, aumenta a velocidade de ataque em $H_W_GOOD10300%$COLOR_END.	icon_status.plushp_tex	icon_status.plushp_tex	True
4802	DefPotion	Buff	True	perc	0	0	9	Chain of Recovery III			Aumenta o dano da habilidade em $H_W_GOOD1000%$COLOR_END e reduz o dano recebido em $H_W_GOOD800%$COLOR_END. Além disso, aumenta a velocidade de ataque em $H_W_GOOD10300%$COLOR_END.	icon_status.plushp_tex	icon_status.plushp_tex	True
4802	AtkPotion	Buff	True	perc	0	0	11	Chain of Recovery III			Aumenta o dano da habilidade em $H_W_GOOD1000%$COLOR_END e reduz o dano recebido em $H_W_GOOD800%$COLOR_END. Além disso, aumenta a velocidade de ataque em $H_W_GOOD10300%$COLOR_END.	icon_status.plushp_tex	icon_status.plushp_tex	True
4810	Aggro	Buff	True	perc	0	0	115	Chain of Protection II			Os ataques atraem $H_W_GOOD11400%$COLOR_END mais agressividade. Aumenta a velocidade de ataque em $H_W_GOOD10200%$COLOR_END, reduz o dano sofrido em $H_W_GOOD9400%$COLOR_END e reduz a chance de knockdown e atordoamento em $H_W_GOOD700%$COLOR_END.	icon_status.plusedefence_tex	icon_status.plusedefence_tex	True
4810	ASpd	Buff	True	perc	0	0	103	Chain of Protection II			Os ataques atraem $H_W_GOOD11400%$COLOR_END mais agressividade. Aumenta a velocidade de ataque em $H_W_GOOD10200%$COLOR_END, reduz o dano sofrido em $H_W_GOOD9400%$COLOR_END e reduz a chance de knockdown e atordoamento em $H_W_GOOD700%$COLOR_END.	icon_status.plusedefence_tex	icon_status.plusedefence_tex	True
4810	KnockDownChance	Buff	True	perc	0	0	8	Chain of Protection II			Os ataques atraem $H_W_GOOD11400%$COLOR_END mais agressividade. Aumenta a velocidade de ataque em $H_W_GOOD10200%$COLOR_END, reduz o dano sofrido em $H_W_GOOD9400%$COLOR_END e reduz a chance de knockdown e atordoamento em $H_W_GOOD700%$COLOR_END.	icon_status.plusedefence_tex	icon_status.plusedefence_tex	True
4810	DefPotion	Buff	True	perc	0	0	95	Chain of Protection II			Os ataques atraem $H_W_GOOD11400%$COLOR_END mais agressividade. Aumenta a velocidade de ataque em $H_W_GOOD10200%$COLOR_END, reduz o dano sofrido em $H_W_GOOD9400%$COLOR_END e reduz a chance de knockdown e atordoamento em $H_W_GOOD700%$COLOR_END.	icon_status.plusedefence_tex	icon_status.plusedefence_tex	True
4811	ASpd	Buff	True	perc	0	0	103	Chain of Attack II			Aumenta o dano da habilidade em $H_W_GOOD10400%$COLOR_END e reduz o dano recebido em $H_W_GOOD9400%$COLOR_END. Além disso, aumenta a velocidade de ataque em $H_W_GOOD10200%$COLOR_END.	icon_status.plusattack_tex	icon_status.plusattack_tex	True
4811	DefPotion	Buff	True	perc	0	0	95	Chain of Attack II			Aumenta o dano da habilidade em $H_W_GOOD10400%$COLOR_END e reduz o dano recebido em $H_W_GOOD9400%$COLOR_END. Além disso, aumenta a velocidade de ataque em $H_W_GOOD10200%$COLOR_END.	icon_status.plusattack_tex	icon_status.plusattack_tex	True
4811	AtkPotion	Buff	True	perc	0	0	105	Chain of Attack II			Aumenta o dano da habilidade em $H_W_GOOD10400%$COLOR_END e reduz o dano recebido em $H_W_GOOD9400%$COLOR_END. Além disso, aumenta a velocidade de ataque em $H_W_GOOD10200%$COLOR_END.	icon_status.plusattack_tex	icon_status.plusattack_tex	True
4812	ASpd	Buff	True	perc	0	0	103	Chain of Recovery II			Aumenta o dano da habilidade em $H_W_GOOD10400%$COLOR_END e reduz o dano recebido em $H_W_GOOD9400%$COLOR_END. Além disso, aumenta a velocidade de ataque em $H_W_GOOD10200%$COLOR_END.	icon_status.plushp_tex	icon_status.plushp_tex	True
4812	DefPotion	Buff	True	perc	0	0	95	Chain of Recovery II			Aumenta o dano da habilidade em $H_W_GOOD10400%$COLOR_END e reduz o dano recebido em $H_W_GOOD9400%$COLOR_END. Além disso, aumenta a velocidade de ataque em $H_W_GOOD10200%$COLOR_END.	icon_status.plushp_tex	icon_status.plushp_tex	True
4812	AtkPotion	Buff	True	perc	0	0	105	Chain of Recovery II			Aumenta o dano da habilidade em $H_W_GOOD10400%$COLOR_END e reduz o dano recebido em $H_W_GOOD9400%$COLOR_END. Além disso, aumenta a velocidade de ataque em $H_W_GOOD10200%$COLOR_END.	icon_status.plushp_tex	icon_status.plushp_tex	True
4820	Aggro	Buff	True	perc	0	0	105	Chain of Protection I			Os ataques atraem $H_W_GOOD10400%$COLOR_END mais agressividade. Aumenta a velocidade de ataque em $H_W_GOOD10100%$COLOR_END, reduz o dano sofrido em $H_W_GOOD9600%$COLOR_END e reduz a chance de knockdown e atordoamento em $H_W_GOOD800%$COLOR_END.	icon_status.plusedefence_tex	icon_status.plusedefence_tex	True
4820	ASpd	Buff	True	perc	0	0	102	Chain of Protection I			Os ataques atraem $H_W_GOOD10400%$COLOR_END mais agressividade. Aumenta a velocidade de ataque em $H_W_GOOD10100%$COLOR_END, reduz o dano sofrido em $H_W_GOOD9600%$COLOR_END e reduz a chance de knockdown e atordoamento em $H_W_GOOD800%$COLOR_END.	icon_status.plusedefence_tex	icon_status.plusedefence_tex	True
4820	KnockDownChance	Buff	True	perc	0	0	9	Chain of Protection I			Os ataques atraem $H_W_GOOD10400%$COLOR_END mais agressividade. Aumenta a velocidade de ataque em $H_W_GOOD10100%$COLOR_END, reduz o dano sofrido em $H_W_GOOD9600%$COLOR_END e reduz a chance de knockdown e atordoamento em $H_W_GOOD800%$COLOR_END.	icon_status.plusedefence_tex	icon_status.plusedefence_tex	True
4820	DefPotion	Buff	True	perc	0	0	97	Chain of Protection I			Os ataques atraem $H_W_GOOD10400%$COLOR_END mais agressividade. Aumenta a velocidade de ataque em $H_W_GOOD10100%$COLOR_END, reduz o dano sofrido em $H_W_GOOD9600%$COLOR_END e reduz a chance de knockdown e atordoamento em $H_W_GOOD800%$COLOR_END.	icon_status.plusedefence_tex	icon_status.plusedefence_tex	True
4821	ASpd	Buff	True	perc	0	0	102	Chain of Attack I			Aumenta o dano da habilidade em $H_W_GOOD10200%$COLOR_END e reduz o dano recebido em $H_W_GOOD9600%$COLOR_END. Além disso, aumenta a velocidade de ataque em $H_W_GOOD10100%$COLOR_END.	icon_status.plusattack_tex	icon_status.plusattack_tex	True
4821	DefPotion	Buff	True	perc	0	0	97	Chain of Attack I			Aumenta o dano da habilidade em $H_W_GOOD10200%$COLOR_END e reduz o dano recebido em $H_W_GOOD9600%$COLOR_END. Além disso, aumenta a velocidade de ataque em $H_W_GOOD10100%$COLOR_END.	icon_status.plusattack_tex	icon_status.plusattack_tex	True
4821	AtkPotion	Buff	True	perc	0	0	103	Chain of Attack I			Aumenta o dano da habilidade em $H_W_GOOD10200%$COLOR_END e reduz o dano recebido em $H_W_GOOD9600%$COLOR_END. Além disso, aumenta a velocidade de ataque em $H_W_GOOD10100%$COLOR_END.	icon_status.plusattack_tex	icon_status.plusattack_tex	True
4822	ASpd	Buff	True	perc	0	0	102	Chain of Recovery I			Aumenta o dano da habilidade em $H_W_GOOD10200%$COLOR_END e reduz o dano recebido em $H_W_GOOD9600%$COLOR_END. Além disso, aumenta a velocidade de ataque em $H_W_GOOD10100%$COLOR_END.	icon_status.plushp_tex	icon_status.plushp_tex	True
4822	DefPotion	Buff	True	perc	0	0	97	Chain of Recovery I			Aumenta o dano da habilidade em $H_W_GOOD10200%$COLOR_END e reduz o dano recebido em $H_W_GOOD9600%$COLOR_END. Além disso, aumenta a velocidade de ataque em $H_W_GOOD10100%$COLOR_END.	icon_status.plushp_tex	icon_status.plushp_tex	True
4822	AtkPotion	Buff	True	perc	0	0	103	Chain of Recovery I			Aumenta o dano da habilidade em $H_W_GOOD10200%$COLOR_END e reduz o dano recebido em $H_W_GOOD9600%$COLOR_END. Além disso, aumenta a velocidade de ataque em $H_W_GOOD10100%$COLOR_END.	icon_status.plushp_tex	icon_status.plushp_tex	True
4830	ASpd	Buff	True	perc	1800000	0	104	Bravery	444	Bravery Potion	Aumenta o dano da habilidade em $H_W_GOOD1000%$COLOR_END e reduz o dano recebido em $H_W_GOOD800%$COLOR_END. Além disso, aumenta a velocidade de ataque em $H_W_GOOD10300%$COLOR_END.	icon_items.potion10_tex	icon_items.potion10_tex	True
4830	DefPotion	Buff	True	perc	1800000	0	9	Bravery	444	Bravery Potion	Aumenta o dano da habilidade em $H_W_GOOD1000%$COLOR_END e reduz o dano recebido em $H_W_GOOD800%$COLOR_END. Além disso, aumenta a velocidade de ataque em $H_W_GOOD10300%$COLOR_END.	icon_items.potion10_tex	icon_items.potion10_tex	True
4830	AtkPotion	Buff	True	perc	1800000	0	11	Bravery	444	Bravery Potion	Aumenta o dano da habilidade em $H_W_GOOD1000%$COLOR_END e reduz o dano recebido em $H_W_GOOD800%$COLOR_END. Além disso, aumenta a velocidade de ataque em $H_W_GOOD10300%$COLOR_END.	icon_items.potion10_tex	icon_items.potion10_tex	True
4831	ASpd	Buff	True	perc	0	0	104	Bravery			Aumenta o dano da habilidade em $H_W_GOOD1000%$COLOR_END e reduz o dano recebido em $H_W_GOOD800%$COLOR_END. Além disso, aumenta a velocidade de ataque em $H_W_GOOD10300%$COLOR_END.	icon_items.potion10_tex	icon_items.potion10_tex	True
4831	DefPotion	Buff	True	perc	0	0	9	Bravery			Aumenta o dano da habilidade em $H_W_GOOD1000%$COLOR_END e reduz o dano recebido em $H_W_GOOD800%$COLOR_END. Além disso, aumenta a velocidade de ataque em $H_W_GOOD10300%$COLOR_END.	icon_items.potion10_tex	icon_items.potion10_tex	True
4831	AtkPotion	Buff	True	perc	0	0	11	Bravery			Aumenta o dano da habilidade em $H_W_GOOD1000%$COLOR_END e reduz o dano recebido em $H_W_GOOD800%$COLOR_END. Além disso, aumenta a velocidade de ataque em $H_W_GOOD10300%$COLOR_END.	icon_items.potion10_tex	icon_items.potion10_tex	True
4832	ASpd	Buff	True	perc	0	0	104	Courage (power-up, Japan)			Aumenta o dano da habilidade em $H_W_GOOD1000%$COLOR_END e também reduz o dano recebido em $H_W_GOOD800%$COLOR_END. A velocidade de ataque é aumentada em $H_W_GOOD10300%$COLOR_END.	icon_items.potion10_tex	icon_items.potion10_tex	True
4832	DefPotion	Buff	True	perc	0	0	9	Courage (power-up, Japan)			Aumenta o dano da habilidade em $H_W_GOOD1000%$COLOR_END e também reduz o dano recebido em $H_W_GOOD800%$COLOR_END. A velocidade de ataque é aumentada em $H_W_GOOD10300%$COLOR_END.	icon_items.potion10_tex	icon_items.potion10_tex	True
4832	AtkPotion	Buff	True	perc	0	0	11	Courage (power-up, Japan)			Aumenta o dano da habilidade em $H_W_GOOD1000%$COLOR_END e também reduz o dano recebido em $H_W_GOOD800%$COLOR_END. A velocidade de ataque é aumentada em $H_W_GOOD10300%$COLOR_END.	icon_items.potion10_tex	icon_items.potion10_tex	True
4833	ASpd	Buff	True	perc	1800000	0	106	Strong Potion of Courage	150532	Strong Potion of Courage		icon_items.potion10_tex	icon_items.potion10_tex	True
4833	DefPotion	Buff	True	perc	1800000	0	9	Strong Potion of Courage	150532	Strong Potion of Courage		icon_items.potion10_tex	icon_items.potion10_tex	True
4833	AtkPotion	Buff	True	perc	1800000	0	112	Strong Potion of Courage	150532	Strong Potion of Courage		icon_items.potion10_tex	icon_items.potion10_tex	True
4850	Drunk	Buff	True	60013	2000	0	0	Sneaky			Você encontrou um ponto cego nas defesas deles.	icon_status.plusfocus_tex	icon_status.plusfocus_tex	True
4851	Plague	Buff	True	seta	3600000	4	4852	Kaia's Protection			Aumenta a velocidade de ataque de outras pessoas em um raio de 20 m em $H_W_GOOD100%$COLOR_END, aumenta o poder e a resistência delas em $H_W_GOOD100 vezes$COLOR_END e diminui o tempo de recarga em $H_W_GOOD$90%$COLOR_END.	icon_status.pluswill_tex	icon_status.pluswill_tex	True
4852	Power	Buff	True	perc	30000	0	150	Kaia's Protection			Aumenta a velocidade de ataque em $H_W_GOOD100%$COLOR_END, aumenta a potência e a resistência em $H_W_GOOD100 vezes$COLOR_END e diminui o tempo de recarga em $H_W_GOOD0%$COLOR_END.	icon_status.pluswill_tex	icon_status.pluswill_tex	True
4852	Endurance	Buff	True	perc	30000	0	150	Kaia's Protection			Aumenta a velocidade de ataque em $H_W_GOOD100%$COLOR_END, aumenta a potência e a resistência em $H_W_GOOD100 vezes$COLOR_END e diminui o tempo de recarga em $H_W_GOOD0%$COLOR_END.	icon_status.pluswill_tex	icon_status.pluswill_tex	True
4852	ASpd	Buff	True	perc	30000	0	2	Kaia's Protection			Aumenta a velocidade de ataque em $H_W_GOOD100%$COLOR_END, aumenta a potência e a resistência em $H_W_GOOD100 vezes$COLOR_END e diminui o tempo de recarga em $H_W_GOOD0%$COLOR_END.	icon_status.pluswill_tex	icon_status.pluswill_tex	True
4852	CDR	Buff	True	perc	30000	0	1	Kaia's Protection			Aumenta a velocidade de ataque em $H_W_GOOD100%$COLOR_END, aumenta a potência e a resistência em $H_W_GOOD100 vezes$COLOR_END e diminui o tempo de recarga em $H_W_GOOD0%$COLOR_END.	icon_status.pluswill_tex	icon_status.pluswill_tex	True
4860	Aggro	Buff	True	perc	0	0	12	Warrior's Resolve			Os guerreiros que estiverem de Tank por meio da instância receberão $H_W_GOOD500%$COLOR_END menos dano e ganharão $H_W_GOOD1100%$COLOR_END mais aggro e $H_W_GOOD0$COLOR_END aumento de resistência.	icon_status.plusedefence_tex	icon_status.plusedefence_tex	True
4860	DefPotion	Buff	True	perc	0	0	6	Warrior's Resolve			Os guerreiros que estiverem de Tank por meio da instância receberão $H_W_GOOD500%$COLOR_END menos dano e ganharão $H_W_GOOD1100%$COLOR_END mais aggro e $H_W_GOOD0$COLOR_END aumento de resistência.	icon_status.plusedefence_tex	icon_status.plusedefence_tex	True
4860	Immune	Buff	True	16	0	0	0	Warrior's Resolve			Os guerreiros que estiverem de Tank por meio da instância receberão $H_W_GOOD500%$COLOR_END menos dano e ganharão $H_W_GOOD1100%$COLOR_END mais aggro e $H_W_GOOD0$COLOR_END aumento de resistência.	icon_status.plusedefence_tex	icon_status.plusedefence_tex	True
4861	BuffNearbyParty	Debuff	True	abs	0	4	4863	Canephora Potion			Aumenta o poder de ataque em $H_W_GOOD12%$COLOR_END. Esse efeito não acumula com os bônus de instância.	icon_status.boundmoveup_tex	icon_status.boundmoveup_tex	True
4862	XPBoost	Buff	True	perc	0	0	2	Friendship			Aumenta a EXP em $H_W_GOOD100%$COLOR_END durante a caça.	icon_items.exp_buff_potion2_tex	icon_items.exp_buff_potion2_tex	True
4863	XPBoost	Buff	True	perc	0	0	3	Companionship			Aumenta a EXP em $H_W_GOOD200%$COLOR_END durante a caça.	icon_status.exp_buff_serenparty_tex	icon_status.exp_buff_serenparty_tex	True
4864	Power	Debuff	True	abs	3600000	0	0	Summons			Não é possível convocar o amigo indicado.	icon_status.darkriftareatimeshift_tex	icon_status.darkriftareatimeshift_tex	True
4865	BuffNearbyParty	Buff	True	abs	0	5	4863	Source of Companionship			Enquanto estiverem a 40 m do amigo que indicou, você e seu amigo receberão o efeito de companheirismo. Esse efeito persiste até a morte.	icon_items.exp_buff_potion1_tex	icon_items.exp_buff_potion1_tex	True
4866	Endurance	Buff	True	perc	5000	0	1	Aroma of Sweet Pumpkin Pie	164101	Sweet Pumpkin Pie	Uma torta tão boa é inconcebível! Além disso, a torta apazigua os espíritos furiosos, então Gourdo pode lhe dar algo especial...	icon_items.sweetypumpkinpie_tex	icon_items.sweetypumpkinpie_tex	True
4870	191	Stun	False	perc	5000	0	0	Snowman			Transformado em um boneco de neve gelado! Outro jogador deve descongelá-lo rapidamente com uma bola de fogo ou você perderá 100.000 HP.	icon_items.snowman_scroll_tex	icon_items.snowman_scroll_tex	True
4870	Stun	Stun	False	swch	5000	0	5	Snowman			Transformado em um boneco de neve gelado! Outro jogador deve descongelá-lo rapidamente com uma bola de fogo ou você perderá 100.000 HP.	icon_items.snowman_scroll_tex	icon_items.snowman_scroll_tex	True
4870	DelayedEffect	Stun	False	abs	5000	0	4880	Snowman			Transformado em um boneco de neve gelado! Outro jogador deve descongelá-lo rapidamente com uma bola de fogo ou você perderá 100.000 HP.	icon_items.snowman_scroll_tex	icon_items.snowman_scroll_tex	True
4870	Immune	Stun	False	seta	5000	0	0	Snowman			Transformado em um boneco de neve gelado! Outro jogador deve descongelá-lo rapidamente com uma bola de fogo ou você perderá 100.000 HP.	icon_items.snowman_scroll_tex	icon_items.snowman_scroll_tex	True
4871	Stun	Stun	False	swch	2000	0	5	Dirty Fighting			Foi atingido sem sentidos por uma bola de neve suja!	icon_status.paralyzestatus_tex	icon_status.paralyzestatus_tex	True
4872	Immune	Buff	True	setp	3000	0	0	Hand Warmer			Cancela os efeitos de Snowman e Wintera Chill e mantém você imune a esses efeitos.	icon_status.immunedebuff_tex	icon_status.immunedebuff_tex	True
4873	StackCounter	Stun	False	abs	30000	0	4870	Wintera Chill			Atingido por uma bola de neve. Se Wintera Chill acumular $H_W_BAD3 vezes$COLOR_END, você se transformará em um boneco de neve.	icon_status.icedamage_tex	icon_status.icedamage_tex	True
4874	MovSpd	Stun	False	perc	3000	0	6	Staggering			Diminui a velocidade de movimento.	icon_status.diffusionabnormality_tex	icon_status.diffusionabnormality_tex	True
4874	StackCounter	Stun	False	abs	3000	0	4870	Staggering			Diminui a velocidade de movimento.	icon_status.diffusionabnormality_tex	icon_status.diffusionabnormality_tex	True
4875	191	Buff	True	perc	30000	0	0	Snowman			Você é um boneco de neve congelado. Você descongelará quando for atacado ou ao usar uma habilidade. Ou pode esperar que outro jogador use uma bola de fogo em você.	icon_items.snowman_scroll_tex	icon_items.snowman_scroll_tex	True
4879	Immune	Debuff	True	21	2000	0	0	Snowman's Blessing			Protege você contra todos os efeitos de Wintera e também contra danos.	icon_status.plusedefence_tex	icon_status.plusedefence_tex	True
4880	HPLoss	Buff	True	abs	200	0	-100000	Snowman			Transformado em um boneco de neve gelado! Outro jogador deve descongelá-lo rapidamente com uma bola de fogo ou você perderá 100.000 HP.	icon_items.snowman_scroll_tex	icon_items.snowman_scroll_tex	False
4882	Immune	Debuff	True	6	30000	0	0	Powerful Hand Warmer			Protege você de se tornar um boneco de neve.	icon_status.plusedefence_tex	icon_status.plusedefence_tex	True
4883	HPChange	Buff	True	perc	30000	1	4	Cocoa-liscious	139016	Cacau quente	Restaura $H_W_GOOD4%$COLOR_END do total de HP a cada $H_W_GOOD1s$COLOR_END.	icon_items.hotchocolate_tex	icon_items.hotchocolate_tex	True
4884	HPChange	Buff	True	perc	10000	1	2	Ice Cream Dream	139017	Cone de sorvete de colher dupla	Restaura $H_W_GOOD2%$COLOR_END do total de HP a cada $H_W_GOOD1s$COLOR_END.	icon_items.colourful_icecream_tex	icon_items.colourful_icecream_tex	True
4885	MPChange	Buff	True	perc	15000	1	5	Smooth and Cool	139018	Smoothie suave	Restaura $H_W_GOOD5%$COLOR_END do total de MP a cada $H_W_GOOD1s$COLOR_END.	icon_items.bluesmoothie_tex	icon_items.bluesmoothie_tex	True
4886	ASpd	Buff	True	perc	1800000	0	104	Bravery Potion			Aumenta o dano da habilidade em $H_W_GOOD1000%$COLOR_END e reduz o dano recebido em $H_W_GOOD800%$COLOR_END. Além disso, aumenta a velocidade de ataque em $H_W_GOOD10300%$COLOR_END.	icon_items.potion10_tex	icon_items.potion10_tex	True
4886	DefPotion	Buff	True	perc	1800000	0	9	Bravery Potion			Aumenta o dano da habilidade em $H_W_GOOD1000%$COLOR_END e reduz o dano recebido em $H_W_GOOD800%$COLOR_END. Além disso, aumenta a velocidade de ataque em $H_W_GOOD10300%$COLOR_END.	icon_items.potion10_tex	icon_items.potion10_tex	True
4886	AtkPotion	Buff	True	perc	1800000	0	11	Bravery Potion			Aumenta o dano da habilidade em $H_W_GOOD1000%$COLOR_END e reduz o dano recebido em $H_W_GOOD800%$COLOR_END. Além disso, aumenta a velocidade de ataque em $H_W_GOOD10300%$COLOR_END.	icon_items.potion10_tex	icon_items.potion10_tex	True
4950	CrystalBind	Buff	True	abs	0	0	1	Rookie's Crystal Lock			Evita a quebra de cristais ao morrer. Não pode ser usado com cristalbinds.	icon_items.q_closedspace_stone_05_tex	icon_items.q_closedspace_stone_05_tex	True
4951	Resurrect	Buff	True	seta	0	0	1	Rookie's Oversight			Ressuscita instantaneamente se você for morto.	icon_skills.autoresurrect_tex	icon_skills.autoresurrect_tex	True
4952	AtkPotion	Buff	True	perc	0	0	112	Rookie's Fervor			Aumenta o dano causado em $H_W_GOOD12%$COLOR_END. Não acumula com efeitos recebidos por meio da instâncias.END. Does not stack with effects received via Instance Matching.	icon_status.plusattack_tex	icon_status.plusattack_tex	True
4953	AtkPotion	Buff	True	perc	3600000	0	112	Canephora Potion	150543	Potion of Canephora	Aumenta o poder de ataque em $H_W_GOOD12%$COLOR_END. Esse efeito não acumula com os bônus da instância.	icon_status.plusattack_tex	icon_status.plusattack_tex	True
4955	AtkPotion	Buff	True	perc	1800000	0	115	Strong Canephora Potion	150534	Strong Canephora Potion		icon_status.plusattack_tex	icon_status.plusattack_tex	True
10100	HPChange	DOT	False	abs	5000	1	-11	Virulence			O HP diminui em $H_W_BAD-11$COLOR_END a cada $H_W_BAD1s$COLOR_END.	icon_items.customize9ar_tex	icon_items.customize9ar_tex	True
10101	HPChange	DOT	False	abs	5000	1	-23	Virulence			O HP diminui em $H_W_BAD-23$COLOR_END a cada $H_W_BAD1s$COLOR_END.	icon_items.customize9br_tex	icon_items.customize9br_tex	True
10102	HPChange	DOT	False	abs	5000	1	-58	Virulence			O HP diminui em $H_W_BAD-58$COLOR_END a cada $H_W_BAD1s$COLOR_END.	icon_items.customize9cr_tex	icon_items.customize9cr_tex	True
10103	HPChange	DOT	False	abs	5000	1	-144	Virulence			O HP diminui em $H_W_BAD-144$COLOR_END a cada $H_W_BAD1s$COLOR_END.	icon_items.customize9dr_tex	icon_items.customize9dr_tex	True
10104	HPChange	DOT	False	abs	5000	1	-341	Virulence			O HP diminui em $H_W_BAD-341$COLOR_END a cada $H_W_BAD1s$COLOR_END.	icon_items.customize9er_tex	icon_items.customize9er_tex	True
10105	HPChange	DOT	False	abs	5000	1	-763	Virulence			O HP diminui em $H_W_BAD-763$COLOR_END a cada $H_W_BAD1s$COLOR_END.	icon_items.customize9fr_tex	icon_items.customize9fr_tex	True
10106	HPChange	DOT	False	abs	5000	1	-1052	Virulence VII [Crystal]			O HP diminui em $H_W_BAD-1052$COLOR_END a cada $H_W_BAD1s$COLOR_END.	icon_items.customize9gr_tex	icon_items.customize9gr_tex	True
10110	HPChange	DOT	False	abs	5000	1	-14	Virulence			O HP diminui em $H_W_BAD-14$COLOR_END a cada $H_W_BAD1s$COLOR_END.	icon_items.customize9ar_tex	icon_items.customize9ar_tex	True
10111	HPChange	DOT	False	abs	5000	1	-28	Virulence			O HP diminui em $H_W_BAD-28$COLOR_END a cada $H_W_BAD1s$COLOR_END.	icon_items.customize9br_tex	icon_items.customize9br_tex	True
10112	HPChange	DOT	False	abs	5000	1	-71	Virulence			O HP diminui em $H_W_BAD-71$COLOR_END a cada $H_W_BAD1s$COLOR_END.	icon_items.customize9cr_tex	icon_items.customize9cr_tex	True
10113	HPChange	DOT	False	abs	5000	1	-177	Virulence			O HP diminui em $H_W_BAD-177$COLOR_END a cada $H_W_BAD1s$COLOR_END.	icon_items.customize9dr_tex	icon_items.customize9dr_tex	True
10114	HPChange	DOT	False	abs	5000	1	-421	Virulence			O HP diminui em $H_W_BAD-421$COLOR_END a cada $H_W_BAD1s$COLOR_END.	icon_items.customize9er_tex	icon_items.customize9er_tex	True
10115	HPChange	DOT	False	abs	5000	1	-942	Virulence			O HP diminui em $H_W_BAD-942$COLOR_END a cada $H_W_BAD1s$COLOR_END.	icon_items.customize9fr_tex	icon_items.customize9fr_tex	True
10116	HPChange	DOT	False	abs	5000	1	-1298	Virulence VII [Crystal]			O HP diminui em $H_W_BAD-1298$COLOR_END a cada $H_W_BAD1s$COLOR_END.	icon_items.customize9gr_tex	icon_items.customize9gr_tex	True
10120	HPChange	DOT	False	abs	5000	1	-12	Virulence			O HP diminui em $H_W_BAD-12$COLOR_END a cada $H_W_BAD1s$COLOR_END.	icon_items.customize9ar_tex	icon_items.customize9ar_tex	True
10121	HPChange	DOT	False	abs	5000	1	-26	Virulence			O HP diminui em $H_W_BAD-26$COLOR_END a cada $H_W_BAD1s$COLOR_END.	icon_items.customize9br_tex	icon_items.customize9br_tex	True
10122	HPChange	DOT	False	abs	5000	1	-64	Virulence			O HP diminui em $H_W_BAD-64$COLOR_END a cada $H_W_BAD1s$COLOR_END.	icon_items.customize9cr_tex	icon_items.customize9cr_tex	True
10123	HPChange	DOT	False	abs	5000	1	-161	Virulence			O HP diminui em $H_W_BAD-161$COLOR_END a cada $H_W_BAD1s$COLOR_END.	icon_items.customize9dr_tex	icon_items.customize9dr_tex	True
10124	HPChange	DOT	False	abs	5000	1	-381	Virulence			O HP diminui em $H_W_BAD-381$COLOR_END a cada $H_W_BAD1s$COLOR_END.	icon_items.customize9er_tex	icon_items.customize9er_tex	True
10125	HPChange	DOT	False	abs	5000	1	-853	Virulence			O HP diminui em $H_W_BAD-853$COLOR_END a cada $H_W_BAD1s$COLOR_END.	icon_items.customize9fr_tex	icon_items.customize9fr_tex	True
10200	CritPower	Buff	True	perc	7000	0	109	Savagery I			Dano crítico aumentado $H_W_GOOD0.18$COLOR_END.	icon_items.customize6ar_tex	icon_items.customize6ar_tex	True
10201	CritPower	Buff	True	perc	7000	0	111	Savagery II			Dano crítico aumentado $H_W_GOOD0.22$COLOR_END.	icon_items.customize6br_tex	icon_items.customize6br_tex	True
10202	CritPower	Buff	True	perc	7000	0	113	Savagery III			Dano crítico aumentado $H_W_GOOD0.26$COLOR_END.	icon_items.customize6cr_tex	icon_items.customize6cr_tex	True
10203	CritPower	Buff	True	perc	7000	0	114	Savagery IV			Dano crítico aumentado $H_W_GOOD0.28$COLOR_END.	icon_items.customize6dr_tex	icon_items.customize6dr_tex	True
10204	CritPower	Buff	True	perc	7000	0	116	Savagery V			Dano crítico aumentado $H_W_GOOD0.32$COLOR_END.	icon_items.customize6er_tex	icon_items.customize6er_tex	True
10205	CritPower	Buff	True	perc	7000	0	118	Savagery VI			Dano crítico aumentado $H_W_GOOD0.36$COLOR_END.	icon_items.customize6fr_tex	icon_items.customize6fr_tex	True
10206	CritPower	Buff	True	perc	7000	0	119	Savagery VII [Crystal]			Dano crítico aumentado $H_W_GOOD0.4$COLOR_END.	icon_items.customize6gr_tex	icon_items.customize6gr_tex	True
10210	CritPower	Buff	True	perc	7000	0	111	Savagery I			Dano crítico aumentado $H_W_GOOD0.22$COLOR_END.	icon_items.customize6ar_tex	icon_items.customize6ar_tex	True
10211	CritPower	Buff	True	perc	7000	0	113	Savagery II			Dano crítico aumentado $H_W_GOOD0.26$COLOR_END.	icon_items.customize6br_tex	icon_items.customize6br_tex	True
10212	CritPower	Buff	True	perc	7000	0	115	Savagery III			Dano crítico aumentado $H_W_GOOD0.3$COLOR_END.	icon_items.customize6cr_tex	icon_items.customize6cr_tex	True
10213	CritPower	Buff	True	perc	7000	0	118	Savagery IV			Dano crítico aumentado $H_W_GOOD0.36$COLOR_END.	icon_items.customize6dr_tex	icon_items.customize6dr_tex	True
10214	CritPower	Buff	True	perc	7000	0	12	Savagery V			Dano crítico aumentado $H_W_GOOD0.4$COLOR_END.	icon_items.customize6er_tex	icon_items.customize6er_tex	True
10215	CritPower	Buff	True	perc	7000	0	122	Savagery VI			Dano crítico aumentado $H_W_GOOD0.44$COLOR_END.	icon_items.customize6fr_tex	icon_items.customize6fr_tex	True
10216	CritPower	Buff	True	perc	7000	0	123	Savagery VII [Crystal]			Dano crítico aumentado $H_W_GOOD0.48$COLOR_END.	icon_items.customize6gr_tex	icon_items.customize6gr_tex	True
10220	CritPower	Buff	True	perc	7000	0	11	Savagery I			Dano crítico aumentado $H_W_GOOD0.2$COLOR_END.	icon_items.customize6ar_tex	icon_items.customize6ar_tex	True
10221	CritPower	Buff	True	perc	7000	0	112	Savagery II			Dano crítico aumentado $H_W_GOOD0.24$COLOR_END.	icon_items.customize6br_tex	icon_items.customize6br_tex	True
10222	CritPower	Buff	True	perc	7000	0	114	Savagery III			Dano crítico aumentado $H_W_GOOD0.28$COLOR_END.	icon_items.customize6cr_tex	icon_items.customize6cr_tex	True
10223	CritPower	Buff	True	perc	7000	0	116	Savagery IV			Dano crítico aumentado $H_W_GOOD0.32$COLOR_END.	icon_items.customize6dr_tex	icon_items.customize6dr_tex	True
10224	CritPower	Buff	True	perc	7000	0	118	Savagery V			Dano crítico aumentado $H_W_GOOD0.36$COLOR_END.	icon_items.customize6er_tex	icon_items.customize6er_tex	True
10225	CritPower	Buff	True	perc	7000	0	12	Savagery VI			Dano crítico aumentado $H_W_GOOD0.4$COLOR_END.	icon_items.customize6fr_tex	icon_items.customize6fr_tex	True
10300	Power	Buff	True	abs	10000	0	7	Forcefulness I			A potência aumenta em $H_W_GOOD7$COLOR_END.	icon_items.customize3ar_tex	icon_items.customize3ar_tex	True
10301	Power	Buff	True	abs	10000	0	9	Forcefulness II			A potência aumenta em $H_W_GOOD9$COLOR_END.	icon_items.customize3br_tex	icon_items.customize3br_tex	True
10302	Power	Buff	True	abs	10000	0	10	Forcefulness III			A potência aumenta em $H_W_GOOD10$COLOR_END.	icon_items.customize3cr_tex	icon_items.customize3cr_tex	True
10303	Power	Buff	True	abs	10000	0	11	Forcefulness IV			A potência aumenta em $H_W_GOOD11$COLOR_END.	icon_items.customize3dr_tex	icon_items.customize3dr_tex	True
10304	Power	Buff	True	abs	10000	0	13	Forcefulness V			A potência aumenta em $H_W_GOOD13$COLOR_END.	icon_items.customize3er_tex	icon_items.customize3er_tex	True
10305	Power	Buff	True	abs	10000	0	14	Forcefulness VI			A potência aumenta em $H_W_GOOD14$COLOR_END.	icon_items.customize3fr_tex	icon_items.customize3fr_tex	True
10306	Power	Buff	True	abs	10000	0	15	Forcefulness VII [Crystal]			A potência aumenta em $H_W_GOOD15$COLOR_END.	icon_items.customize3gr_tex	icon_items.customize3gr_tex	True
10310	Power	Buff	True	abs	10000	0	9	Forcefulness I			A potência aumenta em $H_W_GOOD9$COLOR_END.	icon_items.customize3ar_tex	icon_items.customize3ar_tex	True
10311	Power	Buff	True	abs	10000	0	11	Forcefulness II			A potência aumenta em $H_W_GOOD11$COLOR_END.	icon_items.customize3br_tex	icon_items.customize3br_tex	True
10312	Power	Buff	True	abs	10000	0	13	Forcefulness III			A potência aumenta em $H_W_GOOD13$COLOR_END.	icon_items.customize3cr_tex	icon_items.customize3cr_tex	True
10313	Power	Buff	True	abs	10000	0	15	Forcefulness IV			A potência aumenta em $H_W_GOOD15$COLOR_END.	icon_items.customize3dr_tex	icon_items.customize3dr_tex	True
10314	Power	Buff	True	abs	10000	0	17	Forcefulness V			A potência aumenta em $H_W_GOOD17$COLOR_END.	icon_items.customize3er_tex	icon_items.customize3er_tex	True
10315	Power	Buff	True	abs	10000	0	19	Forcefulness VI			A potência aumenta em $H_W_GOOD19$COLOR_END.	icon_items.customize3fr_tex	icon_items.customize3fr_tex	True
10316	Power	Buff	True	abs	10000	0	20	Forcefulness VII [Crystal]			A potência aumenta em $H_W_GOOD20$COLOR_END.	icon_items.customize3gr_tex	icon_items.customize3gr_tex	True
10320	Power	Buff	True	abs	10000	0	8	Forcefulness I			A potência aumenta em $H_W_GOOD8$COLOR_END.	icon_items.customize3ar_tex	icon_items.customize3ar_tex	True
10321	Power	Buff	True	abs	10000	0	10	Forcefulness II			A potência aumenta em $H_W_GOOD10$COLOR_END.	icon_items.customize3br_tex	icon_items.customize3br_tex	True
10322	Power	Buff	True	abs	10000	0	12	Forcefulness III			A potência aumenta em $H_W_GOOD12$COLOR_END.	icon_items.customize3cr_tex	icon_items.customize3cr_tex	True
10323	Power	Buff	True	abs	10000	0	13	Forcefulness IV			A potência aumenta em $H_W_GOOD13$COLOR_END.	icon_items.customize3dr_tex	icon_items.customize3dr_tex	True
10324	Power	Buff	True	abs	10000	0	15	Forcefulness V			A potência aumenta em $H_W_GOOD15$COLOR_END.	icon_items.customize3er_tex	icon_items.customize3er_tex	True
10325	Power	Buff	True	abs	10000	0	17	Forcefulness VI			A potência aumenta em $H_W_GOOD17$COLOR_END.	icon_items.customize3fr_tex	icon_items.customize3fr_tex	True
10400	Absorb	Buff	True	swch	10000	0	194	Warding I			Absorve até $H_W_GOOD194$COLOR_END de dano.	icon_items.customize8ab_tex	icon_items.customize8ab_tex	True
10401	Absorb	Buff	True	swch	10000	0	336	Warding II			Absorve até $H_W_GOOD336$COLOR_END de dano.	icon_items.customize8bb_tex	icon_items.customize8bb_tex	True
10402	Absorb	Buff	True	swch	10000	0	646	Warding III			Absorve até $H_W_GOOD646$COLOR_END de dano.	icon_items.customize8cb_tex	icon_items.customize8cb_tex	True
10403	Absorb	Buff	True	swch	10000	0	1234	Warding IV			Absorve até $H_W_GOOD1234$COLOR_END de dano.	icon_items.customize8db_tex	icon_items.customize8db_tex	True
10404	Absorb	Buff	True	swch	10000	0	2484	Warding V			Absorve até $H_W_GOOD2484$COLOR_END de dano.	icon_items.customize8eb_tex	icon_items.customize8eb_tex	True
10405	Absorb	Buff	True	swch	10000	0	4808	Warding VI			Absorve até $H_W_GOOD4808$COLOR_END de dano.	icon_items.customize8fb_tex	icon_items.customize8fb_tex	True
10406	Absorb	Buff	True	swch	10000	0	5433	Warding VII [Crystal]			Absorve até $H_W_GOOD5433$COLOR_END de dano.	icon_items.customize8gb_tex	icon_items.customize8gb_tex	True
10500	Absorb	Buff	True	swch	10000	0	172	Warding I			Absorve até $H_W_GOOD172$COLOR_END de dano.	icon_items.customize8ab_tex	icon_items.customize8ab_tex	True
10501	Absorb	Buff	True	swch	10000	0	299	Warding II			Absorve até $H_W_GOOD299$COLOR_END de dano.	icon_items.customize8bb_tex	icon_items.customize8bb_tex	True
10502	Absorb	Buff	True	swch	10000	0	574	Warding III			Absorve até $H_W_GOOD574$COLOR_END de dano.	icon_items.customize8cb_tex	icon_items.customize8cb_tex	True
10503	Absorb	Buff	True	swch	10000	0	1097	Warding IV			Absorve até $H_W_GOOD1097$COLOR_END de dano.	icon_items.customize8db_tex	icon_items.customize8db_tex	True
10504	Absorb	Buff	True	swch	10000	0	2208	Warding V			Absorve até $H_W_GOOD2208$COLOR_END de dano.	icon_items.customize8eb_tex	icon_items.customize8eb_tex	True
10505	Absorb	Buff	True	swch	10000	0	4273	Warding VI			Absorve até $H_W_GOOD4273$COLOR_END de dano.	icon_items.customize8fb_tex	icon_items.customize8fb_tex	True
10506	Absorb	Buff	True	swch	10000	0	4829	Warding VII [Crystal]			Absorve até $H_W_GOOD4829$COLOR_END de dano.	icon_items.customize8gb_tex	icon_items.customize8gb_tex	True
10510	Absorb	Buff	True	swch	10000	0	210	Warding I			Absorve até $H_W_GOOD210$COLOR_END de dano.	icon_items.customize8ab_tex	icon_items.customize8ab_tex	True
10511	Absorb	Buff	True	swch	10000	0	365	Warding II			Absorve até $H_W_GOOD365$COLOR_END de dano.	icon_items.customize8bb_tex	icon_items.customize8bb_tex	True
10512	Absorb	Buff	True	swch	10000	0	700	Warding III			Absorve até $H_W_GOOD700$COLOR_END de dano.	icon_items.customize8cb_tex	icon_items.customize8cb_tex	True
10513	Absorb	Buff	True	swch	10000	0	1337	Warding IV			Absorve até $H_W_GOOD1337$COLOR_END de dano.	icon_items.customize8db_tex	icon_items.customize8db_tex	True
10514	Absorb	Buff	True	swch	10000	0	2691	Warding V			Absorve até $H_W_GOOD2691$COLOR_END de dano.	icon_items.customize8eb_tex	icon_items.customize8eb_tex	True
10515	Absorb	Buff	True	swch	10000	0	5208	Warding VI			Absorve até $H_W_GOOD5208$COLOR_END de dano.	icon_items.customize8fb_tex	icon_items.customize8fb_tex	True
10516	Absorb	Buff	True	swch	10000	0	5886	Warding VII [Crystal]			Absorve até $H_W_GOOD5886$COLOR_END de dano.	icon_items.customize8gb_tex	icon_items.customize8gb_tex	True
10520	Absorb	Buff	True	swch	10000	0	191	Warding I			Absorve até $H_W_GOOD191$COLOR_END de dano.	icon_items.customize8ab_tex	icon_items.customize8ab_tex	True
10521	Absorb	Buff	True	swch	10000	0	332	Warding II			Absorve até $H_W_GOOD332$COLOR_END de dano.	icon_items.customize8bb_tex	icon_items.customize8bb_tex	True
10522	Absorb	Buff	True	swch	10000	0	637	Warding III			Absorve até $H_W_GOOD637$COLOR_END de dano.	icon_items.customize8cb_tex	icon_items.customize8cb_tex	True
10523	Absorb	Buff	True	swch	10000	0	1217	Warding IV			Absorve até $H_W_GOOD1217$COLOR_END de dano.	icon_items.customize8db_tex	icon_items.customize8db_tex	True
10524	Absorb	Buff	True	swch	10000	0	2449	Warding V			Absorve até $H_W_GOOD2449$COLOR_END de dano.	icon_items.customize8eb_tex	icon_items.customize8eb_tex	True
10525	Absorb	Buff	True	swch	10000	0	4741	Warding VI			Absorve até $H_W_GOOD4741$COLOR_END de dano.	icon_items.customize8fb_tex	icon_items.customize8fb_tex	True
10600	Absorb	Buff	True	swch	7000	0	134	Warding I			Absorve até $H_W_GOOD134$COLOR_END de dano.	icon_items.customize7ab_tex	icon_items.customize7ab_tex	True
10601	Absorb	Buff	True	swch	7000	0	234	Warding II			Absorve até $H_W_GOOD234$COLOR_END de dano.	icon_items.customize7bb_tex	icon_items.customize7bb_tex	True
10602	Absorb	Buff	True	swch	7000	0	449	Warding III			Absorve até $H_W_GOOD449$COLOR_END de dano.	icon_items.customize7cb_tex	icon_items.customize7cb_tex	True
10603	Absorb	Buff	True	swch	7000	0	857	Warding IV			Absorve até $H_W_GOOD857$COLOR_END de dano.	icon_items.customize7db_tex	icon_items.customize7db_tex	True
10604	Absorb	Buff	True	swch	7000	0	1725	Warding V			Absorve até $H_W_GOOD1725$COLOR_END de dano.	icon_items.customize7eb_tex	icon_items.customize7eb_tex	True
10605	Absorb	Buff	True	swch	7000	0	3339	Warding VI			Absorve até $H_W_GOOD3339$COLOR_END de dano.	icon_items.customize7fb_tex	icon_items.customize7fb_tex	True
10606	Absorb	Buff	True	swch	7000	0	3773	Warding VII [Crystal]			Absorve até $H_W_GOOD3773$COLOR_END de dano.	icon_items.customize7gb_tex	icon_items.customize7gb_tex	True
10610	Absorb	Buff	True	swch	7000	0	172	Warding I			Absorve até $H_W_GOOD172$COLOR_END de dano.	icon_items.customize7ab_tex	icon_items.customize7ab_tex	True
10611	Absorb	Buff	True	swch	7000	0	299	Warding II			Absorve até $H_W_GOOD299$COLOR_END de dano.	icon_items.customize7bb_tex	icon_items.customize7bb_tex	True
10612	Absorb	Buff	True	swch	7000	0	574	Warding III			Absorve até $H_W_GOOD574$COLOR_END de dano.	icon_items.customize7cb_tex	icon_items.customize7cb_tex	True
10613	Absorb	Buff	True	swch	7000	0	1097	Warding IV			Absorve até $H_W_GOOD1097$COLOR_END de dano.	icon_items.customize7db_tex	icon_items.customize7db_tex	True
10614	Absorb	Buff	True	swch	7000	0	2208	Warding V			Absorve até $H_W_GOOD2208$COLOR_END de dano.	icon_items.customize7eb_tex	icon_items.customize7eb_tex	True
10615	Absorb	Buff	True	swch	7000	0	4273	Warding VI			Absorve até $H_W_GOOD4273$COLOR_END de dano.	icon_items.customize7fb_tex	icon_items.customize7fb_tex	True
10616	Absorb	Buff	True	swch	7000	0	4829	Warding VII [Crystal]			Absorve até $H_W_GOOD4829$COLOR_END de dano.	icon_items.customize7gb_tex	icon_items.customize7gb_tex	True
10620	Absorb	Buff	True	swch	7000	0	153	Warding I			Absorve até $H_W_GOOD153$COLOR_END de dano.	icon_items.customize7ab_tex	icon_items.customize7ab_tex	True
10621	Absorb	Buff	True	swch	7000	0	266	Warding II			Absorve até $H_W_GOOD266$COLOR_END de dano.	icon_items.customize7bb_tex	icon_items.customize7bb_tex	True
10622	Absorb	Buff	True	swch	7000	0	512	Warding III			Absorve até $H_W_GOOD512$COLOR_END de dano.	icon_items.customize7cb_tex	icon_items.customize7cb_tex	True
10623	Absorb	Buff	True	swch	7000	0	977	Warding IV			Absorve até $H_W_GOOD977$COLOR_END de dano.	icon_items.customize7db_tex	icon_items.customize7db_tex	True
10624	Absorb	Buff	True	swch	7000	0	1966	Warding V			Absorve até $H_W_GOOD1966$COLOR_END de dano.	icon_items.customize7eb_tex	icon_items.customize7eb_tex	True
10625	Absorb	Buff	True	swch	7000	0	3806	Warding VI			Absorve até $H_W_GOOD3806$COLOR_END de dano.	icon_items.customize7fb_tex	icon_items.customize7fb_tex	True
10700	HPChange	Buff	True	abs	10000	2	18	Restoration I			Cura $H_W_GOOD18$COLOR_END HP a cada $H_W_GOOD2s$COLOR_END.	icon_items.customize7ab_tex	icon_items.customize7ab_tex	True
10701	HPChange	Buff	True	abs	10000	2	31	Restoration II			Cura $H_W_GOOD31$COLOR_END HP a cada $H_W_GOOD2s$COLOR_END.	icon_items.customize7bb_tex	icon_items.customize7bb_tex	True
10702	HPChange	Buff	True	abs	10000	2	60	Restoration III			Cura $H_W_GOOD60$COLOR_END HP a cada $H_W_GOOD2s$COLOR_END.	icon_items.customize7cb_tex	icon_items.customize7cb_tex	True
10703	HPChange	Buff	True	abs	10000	2	114	Restoration IV			Cura $H_W_GOOD114$COLOR_END HP a cada $H_W_GOOD2s$COLOR_END.	icon_items.customize7db_tex	icon_items.customize7db_tex	True
10704	HPChange	Buff	True	abs	10000	2	230	Restoration V			Cura $H_W_GOOD230$COLOR_END HP a cada $H_W_GOOD2s$COLOR_END.	icon_items.customize7eb_tex	icon_items.customize7eb_tex	True
10705	HPChange	Buff	True	abs	10000	2	445	Restoration VI			Cura $H_W_GOOD445$COLOR_END HP a cada $H_W_GOOD2s$COLOR_END.	icon_items.customize7fb_tex	icon_items.customize7fb_tex	True
10706	HPChange	Buff	True	abs	10000	2	503	Restoration VII [Crystal]			Cura $H_W_GOOD503$COLOR_END HP a cada $H_W_GOOD2s$COLOR_END.	icon_items.customize7gb_tex	icon_items.customize7gb_tex	True
10710	HPChange	Buff	True	abs	10000	2	23	Restoration I			Cura $H_W_GOOD23$COLOR_END HP a cada $H_W_GOOD2s$COLOR_END.	icon_items.customize7ab_tex	icon_items.customize7ab_tex	True
10711	HPChange	Buff	True	abs	10000	2	40	Restoration II			Cura $H_W_GOOD40$COLOR_END HP a cada $H_W_GOOD2s$COLOR_END.	icon_items.customize7bb_tex	icon_items.customize7bb_tex	True
10712	HPChange	Buff	True	abs	10000	2	77	Restoration III			Cura $H_W_GOOD77$COLOR_END HP a cada $H_W_GOOD2s$COLOR_END.	icon_items.customize7cb_tex	icon_items.customize7cb_tex	True
10713	HPChange	Buff	True	abs	10000	2	146	Restoration IV			Cura $H_W_GOOD146$COLOR_END HP a cada $H_W_GOOD2s$COLOR_END.	icon_items.customize7db_tex	icon_items.customize7db_tex	True
10714	HPChange	Buff	True	abs	10000	2	294	Restoration V			Cura $H_W_GOOD294$COLOR_END HP a cada $H_W_GOOD2s$COLOR_END.	icon_items.customize7eb_tex	icon_items.customize7eb_tex	True
10715	HPChange	Buff	True	abs	10000	2	570	Restoration VI			Cura $H_W_GOOD570$COLOR_END HP a cada $H_W_GOOD2s$COLOR_END.	icon_items.customize7fb_tex	icon_items.customize7fb_tex	True
10716	HPChange	Buff	True	abs	10000	2	644	Restoration VII [Crystal]			Cura $H_W_GOOD644$COLOR_END HP a cada $H_W_GOOD2s$COLOR_END.	icon_items.customize7gb_tex	icon_items.customize7gb_tex	True
10720	HPChange	Buff	True	abs	10000	2	20	Restoration I			Cura $H_W_GOOD20$COLOR_END HP a cada $H_W_GOOD2s$COLOR_END.	icon_items.customize7ab_tex	icon_items.customize7ab_tex	True
10721	HPChange	Buff	True	abs	10000	2	36	Restoration II			Cura $H_W_GOOD36$COLOR_END HP a cada $H_W_GOOD2s$COLOR_END.	icon_items.customize7bb_tex	icon_items.customize7bb_tex	True
10722	HPChange	Buff	True	abs	10000	2	68	Restoration III			Cura $H_W_GOOD68$COLOR_END HP a cada $H_W_GOOD2s$COLOR_END.	icon_items.customize7cb_tex	icon_items.customize7cb_tex	True
10723	HPChange	Buff	True	abs	10000	2	130	Restoration IV			Cura $H_W_GOOD130$COLOR_END HP a cada $H_W_GOOD2s$COLOR_END.	icon_items.customize7db_tex	icon_items.customize7db_tex	True
10724	HPChange	Buff	True	abs	10000	2	262	Restoration V			Cura $H_W_GOOD262$COLOR_END HP a cada $H_W_GOOD2s$COLOR_END.	icon_items.customize7eb_tex	icon_items.customize7eb_tex	True
10725	HPChange	Buff	True	abs	10000	2	507	Restoration VI			Cura $H_W_GOOD507$COLOR_END HP a cada $H_W_GOOD2s$COLOR_END.	icon_items.customize7fb_tex	icon_items.customize7fb_tex	True
10800	HPChange	Buff	True	abs	3000	1	43	Restoration I			Cura $H_W_GOOD43$COLOR_END HP a cada $H_W_GOOD1s$COLOR_END.	icon_items.customize7ab_tex	icon_items.customize7ab_tex	True
10801	HPChange	Buff	True	abs	3000	1	75	Restoration II			Cura $H_W_GOOD75$COLOR_END HP a cada $H_W_GOOD1s$COLOR_END.	icon_items.customize7bb_tex	icon_items.customize7bb_tex	True
10802	HPChange	Buff	True	abs	3000	1	144	Restoration III			Cura $H_W_GOOD144$COLOR_END HP a cada $H_W_GOOD1s$COLOR_END.	icon_items.customize7cb_tex	icon_items.customize7cb_tex	True
10803	HPChange	Buff	True	abs	3000	1	274	Restoration IV			Cura $H_W_GOOD274$COLOR_END HP a cada $H_W_GOOD1s$COLOR_END.	icon_items.customize7db_tex	icon_items.customize7db_tex	True
10804	HPChange	Buff	True	abs	3000	1	552	Restoration V			Cura $H_W_GOOD552$COLOR_END HP a cada $H_W_GOOD1s$COLOR_END.	icon_items.customize7eb_tex	icon_items.customize7eb_tex	True
10805	HPChange	Buff	True	abs	3000	1	1068	Restoration VI			Cura $H_W_GOOD1068$COLOR_END HP a cada $H_W_GOOD1s$COLOR_END.	icon_items.customize7fb_tex	icon_items.customize7fb_tex	True
10806	HPChange	Buff	True	abs	3000	1	1207	Restoration VII [Crystal]			Cura $H_W_GOOD1207$COLOR_END HP a cada $H_W_GOOD1s$COLOR_END.	icon_items.customize7gb_tex	icon_items.customize7gb_tex	True
10900	MPChange	Buff	True	abs	3000	1	38	Infusion I			Restaura o MP $H_W_GOOD38$COLOR_END a cada $H_W_GOOD1s$COLOR_END.	icon_items.customize12ar_tex	icon_items.customize12ar_tex	True
10901	MPChange	Buff	True	abs	3000	1	42	Infusion II			Restaura o MP $H_W_GOOD42$COLOR_END a cada $H_W_GOOD1s$COLOR_END.	icon_items.customize12br_tex	icon_items.customize12br_tex	True
10902	MPChange	Buff	True	abs	3000	1	50	Infusion III			Restaura o MP $H_W_GOOD50$COLOR_END a cada $H_W_GOOD1s$COLOR_END.	icon_items.customize12cr_tex	icon_items.customize12cr_tex	True
10903	MPChange	Buff	True	abs	3000	1	58	Infusion IV			Restaura o MP $H_W_GOOD58$COLOR_END a cada $H_W_GOOD1s$COLOR_END.	icon_items.customize12dr_tex	icon_items.customize12dr_tex	True
10904	MPChange	Buff	True	abs	3000	1	61	Infusion V			Restaura o MP $H_W_GOOD61$COLOR_END a cada $H_W_GOOD1s$COLOR_END.	icon_items.customize12er_tex	icon_items.customize12er_tex	True
10905	MPChange	Buff	True	abs	3000	1	63	Infusion VI			Restaura o MP $H_W_GOOD63$COLOR_END a cada $H_W_GOOD1s$COLOR_END.	icon_items.customize12fr_tex	icon_items.customize12fr_tex	True
10906	MPChange	Buff	True	abs	3000	1	65	Infusion VII [Crystal]			Restaura $H_W_GOOD65$COLOR_END do MP a cada $H_W_GOOD1s$COLOR_END.	icon_items.customize12gr_tex	icon_items.customize12gr_tex	True
10910	MPChange	Buff	True	abs	3000	1	49	Infusion I			Restaura o MP $H_W_GOOD49$COLOR_END a cada $H_W_GOOD1s$COLOR_END.	icon_items.customize12ar_tex	icon_items.customize12ar_tex	True
10911	MPChange	Buff	True	abs	3000	1	54	Infusion II			Restaura o MP $H_W_GOOD54$COLOR_END a cada $H_W_GOOD1s$COLOR_END.	icon_items.customize12br_tex	icon_items.customize12br_tex	True
10912	MPChange	Buff	True	abs	3000	1	63	Infusion III			Restaura o MP $H_W_GOOD63$COLOR_END a cada $H_W_GOOD1s$COLOR_END.	icon_items.customize12cr_tex	icon_items.customize12cr_tex	True
10913	MPChange	Buff	True	abs	3000	1	75	Infusion IV			Restaura o MP $H_W_GOOD75$COLOR_END a cada $H_W_GOOD1s$COLOR_END.	icon_items.customize12dr_tex	icon_items.customize12dr_tex	True
10914	MPChange	Buff	True	abs	3000	1	78	Infusion V			Restaura o MP $H_W_GOOD78$COLOR_END a cada $H_W_GOOD1s$COLOR_END.	icon_items.customize12er_tex	icon_items.customize12er_tex	True
10915	MPChange	Buff	True	abs	3000	1	80	Infusion VI			Restaura o MP $H_W_GOOD80$COLOR_END a cada $H_W_GOOD1s$COLOR_END.	icon_items.customize12fr_tex	icon_items.customize12fr_tex	True
10916	MPChange	Buff	True	abs	3000	1	82	Infusion VII [Crystal]			Restaura $H_W_GOOD82$COLOR_END do MP a cada $H_W_GOOD1s$COLOR_END.	icon_items.customize12gr_tex	icon_items.customize12gr_tex	True
10920	MPChange	Buff	True	abs	3000	1	43	Infusion I			Restaura o MP $H_W_GOOD43$COLOR_END a cada $H_W_GOOD1s$COLOR_END.	icon_items.customize12ar_tex	icon_items.customize12ar_tex	True
10921	MPChange	Buff	True	abs	3000	1	47	Infusion II			Restaura o MP $H_W_GOOD47$COLOR_END a cada $H_W_GOOD1s$COLOR_END.	icon_items.customize12br_tex	icon_items.customize12br_tex	True
10922	MPChange	Buff	True	abs	3000	1	55	Infusion III			Restaura o MP $H_W_GOOD55$COLOR_END a cada $H_W_GOOD1s$COLOR_END.	icon_items.customize12cr_tex	icon_items.customize12cr_tex	True
10923	MPChange	Buff	True	abs	3000	1	65	Infusion IV			Restaura o MP $H_W_GOOD65$COLOR_END a cada $H_W_GOOD1s$COLOR_END.	icon_items.customize12dr_tex	icon_items.customize12dr_tex	True
10924	MPChange	Buff	True	abs	3000	1	68	Infusion V			Restaura o MP $H_W_GOOD68$COLOR_END a cada $H_W_GOOD1s$COLOR_END.	icon_items.customize12er_tex	icon_items.customize12er_tex	True
10925	MPChange	Buff	True	abs	3000	1	71	Infusion VI			Restaura o MP $H_W_GOOD71$COLOR_END a cada $H_W_GOOD1s$COLOR_END.	icon_items.customize12fr_tex	icon_items.customize12fr_tex	True
11000	MPChange	Buff	True	abs	3000	1	34	Infusion I			Restaura o MP $H_W_GOOD34$COLOR_END a cada $H_W_GOOD1s$COLOR_END.	icon_items.customize12ar_tex	icon_items.customize12ar_tex	True
11001	MPChange	Buff	True	abs	3000	1	37	Infusion II			Restaura o MP $H_W_GOOD37$COLOR_END a cada $H_W_GOOD1s$COLOR_END.	icon_items.customize12br_tex	icon_items.customize12br_tex	True
11002	MPChange	Buff	True	abs	3000	1	44	Infusion III			Restaura o MP $H_W_GOOD44$COLOR_END a cada $H_W_GOOD1s$COLOR_END.	icon_items.customize12cr_tex	icon_items.customize12cr_tex	True
11003	MPChange	Buff	True	abs	3000	1	51	Infusion IV			Restaura o MP $H_W_GOOD51$COLOR_END a cada $H_W_GOOD1s$COLOR_END.	icon_items.customize12dr_tex	icon_items.customize12dr_tex	True
11004	MPChange	Buff	True	abs	3000	1	54	Infusion V			Restaura o MP $H_W_GOOD54$COLOR_END a cada $H_W_GOOD1s$COLOR_END.	icon_items.customize12er_tex	icon_items.customize12er_tex	True
11005	MPChange	Buff	True	abs	3000	1	61	Infusion VI			Restaura o MP $H_W_GOOD61$COLOR_END a cada $H_W_GOOD1s$COLOR_END.	icon_items.customize12fr_tex	icon_items.customize12fr_tex	True
11006	MPChange	Buff	True	abs	3000	1	63	Infusion VII [Crystal]			Restaura $H_W_GOOD63$COLOR_END do MP a cada $H_W_GOOD1s$COLOR_END.	icon_items.customize12gr_tex	icon_items.customize12gr_tex	True
11010	MPChange	Buff	True	abs	3000	1	45	Infusion I			Restaura o MP $H_W_GOOD45$COLOR_END a cada $H_W_GOOD1s$COLOR_END.	icon_items.customize12ar_tex	icon_items.customize12ar_tex	True
11011	MPChange	Buff	True	abs	3000	1	49	Infusion II			Restaura o MP $H_W_GOOD49$COLOR_END a cada $H_W_GOOD1s$COLOR_END.	icon_items.customize12br_tex	icon_items.customize12br_tex	True
11012	MPChange	Buff	True	abs	3000	1	58	Infusion III			Restaura o MP $H_W_GOOD58$COLOR_END a cada $H_W_GOOD1s$COLOR_END.	icon_items.customize12cr_tex	icon_items.customize12cr_tex	True
11013	MPChange	Buff	True	abs	3000	1	68	Infusion IV			Restaura o MP $H_W_GOOD68$COLOR_END a cada $H_W_GOOD1s$COLOR_END.	icon_items.customize12dr_tex	icon_items.customize12dr_tex	True
11014	MPChange	Buff	True	abs	3000	1	71	Infusion V			Restaura o MP $H_W_GOOD71$COLOR_END a cada $H_W_GOOD1s$COLOR_END.	icon_items.customize12er_tex	icon_items.customize12er_tex	True
11015	MPChange	Buff	True	abs	3000	1	78	Infusion VI			Restaura o MP $H_W_GOOD78$COLOR_END a cada $H_W_GOOD1s$COLOR_END.	icon_items.customize12fr_tex	icon_items.customize12fr_tex	True
11016	MPChange	Buff	True	abs	3000	1	80	Infusion VII [Crystal]			Restaura $H_W_GOOD80$COLOR_END do MP a cada $H_W_GOOD1s$COLOR_END.	icon_items.customize12gr_tex	icon_items.customize12gr_tex	True
11020	MPChange	Buff	True	abs	3000	1	38	Infusion I			Restaura o MP $H_W_GOOD38$COLOR_END a cada $H_W_GOOD1s$COLOR_END.	icon_items.customize12ar_tex	icon_items.customize12ar_tex	True
11021	MPChange	Buff	True	abs	3000	1	42	Infusion II			Restaura o MP $H_W_GOOD42$COLOR_END a cada $H_W_GOOD1s$COLOR_END.	icon_items.customize12br_tex	icon_items.customize12br_tex	True
11022	MPChange	Buff	True	abs	3000	1	49	Infusion III			Restaura o MP $H_W_GOOD49$COLOR_END a cada $H_W_GOOD1s$COLOR_END.	icon_items.customize12cr_tex	icon_items.customize12cr_tex	True
11023	MPChange	Buff	True	abs	3000	1	58	Infusion IV			Restaura o MP $H_W_GOOD58$COLOR_END a cada $H_W_GOOD1s$COLOR_END.	icon_items.customize12dr_tex	icon_items.customize12dr_tex	True
11024	MPChange	Buff	True	abs	3000	1	61	Infusion V			Restaura o MP $H_W_GOOD61$COLOR_END a cada $H_W_GOOD1s$COLOR_END.	icon_items.customize12er_tex	icon_items.customize12er_tex	True
11025	MPChange	Buff	True	abs	3000	1	64	Infusion VI			Restaura o MP $H_W_GOOD64$COLOR_END a cada $H_W_GOOD1s$COLOR_END.	icon_items.customize12fr_tex	icon_items.customize12fr_tex	True
11100	MPChange	Buff	True	abs	1000	1	30	[Test]_Instant MP restore I [Crystal]			[Teste]	icon_items.customize11ar_tex	icon_items.customize11ar_tex	False
11101	MPChange	Buff	True	abs	1000	1	36	[Test]_Instant MP restore II [Crystal]			[Teste]	icon_items.customize11br_tex	icon_items.customize11br_tex	False
11102	MPChange	Buff	True	abs	1000	1	42	[Test]_Instant MP restore III [Crystal]			[Teste]	icon_items.customize11cr_tex	icon_items.customize11cr_tex	False
11103	MPChange	Buff	True	abs	1000	1	48	[Test]_Instant MP restore IV [Crystal]			[Teste]	icon_items.customize11dr_tex	icon_items.customize11dr_tex	False
11104	MPChange	Buff	True	abs	1000	1	54	[Test]_Instant MP restore V [Crystal]			[Teste]	icon_items.customize11er_tex	icon_items.customize11er_tex	False
11105	MPChange	Buff	True	abs	1000	1	60	[Test]_Instant MP restore VI [Crystal]			[Teste]	icon_items.customize11fr_tex	icon_items.customize11fr_tex	False
11106	MPChange	Buff	True	abs	1000	1	62	Instant MP restore VII [Crystal]			Teste	icon_items.customize11gr_tex	icon_items.customize11gr_tex	False
11110	MPChange	Buff	True	abs	1000	1	41	[Test]_Instant MP restore I [Crystal]			[Teste]	icon_items.customize11ar_tex	icon_items.customize11ar_tex	False
11111	MPChange	Buff	True	abs	1000	1	49	[Test]_Instant MP restore II [Crystal]			[Teste]	icon_items.customize11br_tex	icon_items.customize11br_tex	False
11112	MPChange	Buff	True	abs	1000	1	57	[Test]_Instant MP restore III [Crystal]			[Teste]	icon_items.customize11cr_tex	icon_items.customize11cr_tex	False
11113	MPChange	Buff	True	abs	1000	1	65	[Test]_Instant MP restore IV [Crystal]			[Teste]	icon_items.customize11dr_tex	icon_items.customize11dr_tex	False
11114	MPChange	Buff	True	abs	1000	1	73	[Test]_Instant MP restore V [Crystal]			[Teste]	icon_items.customize11er_tex	icon_items.customize11er_tex	False
11115	MPChange	Buff	True	abs	1000	1	81	[Test]_Instant MP restore VI [Crystal]			[Teste]	icon_items.customize11fr_tex	icon_items.customize11fr_tex	False
11119	MPChange	Buff	True	abs	1000	1	84	Instant MP restore VII [Crystal]			Teste	icon_items.customize11gr_tex	icon_items.customize11gr_tex	False
11120	MPChange	Buff	True	abs	1000	1	35	Instant MP restore I [Crystal]			[Teste]	icon_items.customize11ar_tex	icon_items.customize11ar_tex	False
11121	MPChange	Buff	True	abs	1000	1	42	Instant MP restore II [Crystal]			[Teste]	icon_items.customize11br_tex	icon_items.customize11br_tex	False
11122	MPChange	Buff	True	abs	1000	1	49	Instant MP restore III [Crystal]			[Teste]	icon_items.customize11cr_tex	icon_items.customize11cr_tex	False
11123	MPChange	Buff	True	abs	1000	1	56	Instant MP restore IV [Crystal]			[Teste]	icon_items.customize11dr_tex	icon_items.customize11dr_tex	False
11124	MPChange	Buff	True	abs	1000	1	63	Instant MP restore V [Crystal]			[Teste]	icon_items.customize11er_tex	icon_items.customize11er_tex	False
11125	MPChange	Buff	True	abs	1000	1	71	Instant MP restore VI [Crystal]			[Teste]	icon_items.customize11fr_tex	icon_items.customize11fr_tex	False
11200	MPChange	Buff	True	abs	1000	1	39	[Test]_Instant MP restore I [Crystal]			[Teste]	icon_items.customize10ab_tex	icon_items.customize10ab_tex	False
11201	MPChange	Buff	True	abs	1000	1	47	[Test]_Instant MP restore II [Crystal]			[Teste]	icon_items.customize10bb_tex	icon_items.customize10bb_tex	False
11202	MPChange	Buff	True	abs	1000	1	55	[Test]_Instant MP restore III [Crystal]			[Teste]	icon_items.customize10cb_tex	icon_items.customize10cb_tex	False
11203	MPChange	Buff	True	abs	1000	1	63	[Test]_Instant MP restore IV [Crystal]			[Teste]	icon_items.customize10db_tex	icon_items.customize10db_tex	False
11204	MPChange	Buff	True	abs	1000	1	71	[Test]_Instant MP restore V [Crystal]			[Teste]	icon_items.customize10eb_tex	icon_items.customize10eb_tex	False
11205	MPChange	Buff	True	abs	1000	1	79	[Test]_Instant MP restore VI [Crystal]			[Teste]	icon_items.customize10fb_tex	icon_items.customize10fb_tex	False
11206	MPChange	Buff	True	abs	1000	1	82	Instant MP restore VII [Crystal]			Teste	icon_items.customize10gb_tex	icon_items.customize10gb_tex	False
11210	MPChange	Buff	True	abs	1000	1	53	[Test]_Instant MP restore I [Crystal]			[Teste]	icon_items.customize10ab_tex	icon_items.customize10ab_tex	False
11211	MPChange	Buff	True	abs	1000	1	64	[Test]_Instant MP restore II [Crystal]			[Teste]	icon_items.customize10bb_tex	icon_items.customize10bb_tex	False
11212	MPChange	Buff	True	abs	1000	1	74	[Test]_Instant MP restore III [Crystal]			[Teste]	icon_items.customize10cb_tex	icon_items.customize10cb_tex	False
11213	MPChange	Buff	True	abs	1000	1	85	[Test]_Instant MP restore IV [Crystal]			[Teste]	icon_items.customize10db_tex	icon_items.customize10db_tex	False
11214	MPChange	Buff	True	abs	1000	1	95	[Test]_Instant MP restore V [Crystal]			[Teste]	icon_items.customize10eb_tex	icon_items.customize10eb_tex	False
11215	MPChange	Buff	True	abs	1000	1	106	[Test]_Instant MP restore VI [Crystal]			[Teste]	icon_items.customize10fb_tex	icon_items.customize10fb_tex	False
11216	MPChange	Buff	True	abs	1000	1	110	Instant MP restore VII [Crystal]			Teste	icon_items.customize10gb_tex	icon_items.customize10gb_tex	False
11220	MPChange	Buff	True	abs	1000	1	46	Instant MP restore I [Crystal]			[Teste]	icon_items.customize10ab_tex	icon_items.customize10ab_tex	False
11221	MPChange	Buff	True	abs	1000	1	55	Instant MP restore II [Crystal]			[Teste]	icon_items.customize10bb_tex	icon_items.customize10bb_tex	False
11222	MPChange	Buff	True	abs	1000	1	65	Instant MP restore III [Crystal]			[Teste]	icon_items.customize10cb_tex	icon_items.customize10cb_tex	False
11223	MPChange	Buff	True	abs	1000	1	74	Instant MP restore IV [Crystal]			[Teste]	icon_items.customize10db_tex	icon_items.customize10db_tex	False
11224	MPChange	Buff	True	abs	1000	1	83	Instant MP restore V [Crystal]			[Teste]	icon_items.customize10eb_tex	icon_items.customize10eb_tex	False
11225	MPChange	Buff	True	abs	1000	1	92	Instant MP restore VI [Crystal]			[Teste]	icon_items.customize10fb_tex	icon_items.customize10fb_tex	False
12001	MPChange	Buff	True	abs	3000	1	20	Rain of Blows VII [Artifact Effect]			Restaura $H_W_GOOD20$COLOR_END do MP a cada $H_W_GOOD1s$COLOR_END.	icon_items.customize12gr_tex	icon_items.customize12gr_tex	True
12003	MPChange	Buff	True	abs	3000	1	21	Infused VII [Artifact Effect]			Restaura $H_W_GOOD21$COLOR_END do MP a cada $H_W_GOOD1s$COLOR_END.	icon_items.customize12gr_tex	icon_items.customize12gr_tex	True
12004	MPChange	Buff	True	abs	1000	1	21	Salivating VII [Artifact Effect]			Teste	icon_items.customize11gr_tex	icon_items.customize11gr_tex	False
12010	MPChange	Buff	True	abs	1000	1	28	Grieving VII [Artifact Effect]			Teste	icon_items.customize10gb_tex	icon_items.customize10gb_tex	False
12060	HPChange	DOT	False	abs	5000	1	-1373	Virulence VII [Artifact Effect]			O HP diminui em $H_W_BAD-1373$COLOR_END a cada $H_W_BAD1s$COLOR_END.	icon_items.customize9gr_tex	icon_items.customize9gr_tex	True
12080	CritPower	Buff	True	perc	7000	0	124	Cruel VII [Artifact Effect]			O dano crítico aumentou $H_W_GOOD+0,48$COLOR_END.	icon_items.customize6gr_tex	icon_items.customize6gr_tex	True
12090	Power	Buff	True	abs	10000	0	21	Forcefullness VII [Artifact Effect]			A potência aumenta em $H_W_GOOD21$COLOR_END.	icon_items.customize3gr_tex	icon_items.customize3gr_tex	True
12120	MPChange	Buff	True	abs	3000	1	85	Infused VII [Artifact]			Restaura $H_W_GOOD85$COLOR_END do MP a cada $H_W_GOOD1s$COLOR_END.	icon_items.customize12gr_tex	icon_items.customize12gr_tex	True
12130	MPChange	Buff	True	abs	3000	1	83	Rain of Blows VII [Artifact]			Restaura $H_W_GOOD83$COLOR_END do MP a cada $H_W_GOOD1s$COLOR_END.	icon_items.customize12gr_tex	icon_items.customize12gr_tex	True
12170	MPChange	Buff	True	abs	1000	1	89	Salivating VII [Artifact]			Teste	icon_items.customize11gr_tex	icon_items.customize11gr_tex	False
12230	Absorb	Buff	True	swch	10000	0	6903	Empyrean VII [Artifact]			Absorve até $H_W_GOOD6903$COLOR_END de dano.	icon_items.customize8gb_tex	icon_items.customize8gb_tex	True
12240	Absorb	Buff	True	swch	7000	0	5664	Warding VII [Artifact]			Absorve até $H_W_GOOD5664$COLOR_END de dano.	icon_items.customize7gb_tex	icon_items.customize7gb_tex	True
12250	HPChange	Buff	True	abs	10000	2	755	Inspiring VII [Artifact]			Cura $H_W_GOOD755$COLOR_END HP a cada $H_W_GOOD2s$COLOR_END.	icon_items.customize7gb_tex	icon_items.customize7gb_tex	True
12290	MPChange	Buff	True	abs	1000	1	117	Grieving VII [Artifact]			Teste	icon_items.customize10gb_tex	icon_items.customize10gb_tex	False
15000	Block	Debuff	False	swch	30000	0	0	Akasha's Silence			Incapacidade de usar as habilidades.	icon_status.sealskill_tex	icon_status.sealskill_tex	True
15010	AllResist	Debuff	False	perc	10000	0	85	Godsword: Vulnerability			Todas as resistências diminuem em $H_W_BAD8400%$COLOR_END.	icon_status.delayheal_tex	icon_status.delayheal_tex	True
15020	Endurance	Buff	True	abs	30000	0	10	Dancing Bones			Aumenta a resistência em $H_W_GOOD10$COLOR_END.	icon_status.plusedefence_tex	icon_status.plusedefence_tex	True
15030	Stun	Stun	False	swch	5000	0	5	Freezing Prison			Atordoado e congelado no lugar.	icon_status.exhaustion_tex	icon_status.exhaustion_tex	True
15031	Stun	Stun	False	swch	3000	0	5	Freezing Prison			Atordoado e congelado no lugar.	icon_status.exhaustion_tex	icon_status.exhaustion_tex	True
15040	HPChange	DOT	False	abs	6000	2	-3710	Pulsing Flame			Atordoado a cada $H_W_BAD2s$COLOR_END e diminui o HP em $H_W_BAD-3710$COLOR_END sempre que for atordoado por uma chama não extinta.	icon_status.delaydamage_tex	icon_status.delaydamage_tex	True
15040	Stun1	DOT	False	swch	6000	2	1	Pulsing Flame			Atordoado a cada $H_W_BAD2s$COLOR_END e diminui o HP em $H_W_BAD-3710$COLOR_END sempre que for atordoado por uma chama não extinta.	icon_status.delaydamage_tex	icon_status.delaydamage_tex	True
15041	HPChange	DOT	False	abs	6000	2	-3710	Pulsing Flame			Atordoado a cada $H_W_BAD2s$COLOR_END e diminui o HP em $H_W_BAD-3710$COLOR_END sempre que for atordoado por uma chama não extinta.	icon_status.delaydamage_tex	icon_status.delaydamage_tex	True
15041	Stun1	DOT	False	swch	6000	5	1	Pulsing Flame			Atordoado a cada $H_W_BAD2s$COLOR_END e diminui o HP em $H_W_BAD-3710$COLOR_END sempre que for atordoado por uma chama não extinta.	icon_status.delaydamage_tex	icon_status.delaydamage_tex	True
15050	ASpd	Buff	True	perc	30000	0	12	Ancestor's Call			A velocidade de ataque aumenta em $H_W_GOOD1100%$COLOR_END.	icon_status.pluswill_tex	icon_status.pluswill_tex	True
15060	Stun	Stun	False	swch	2000	0	5	Stupifying Blow			Atordoado pelo forte impacto.	icon_status.exhaustion_tex	icon_status.exhaustion_tex	True
15070	MovSpd	Debuff	False	setp	10000	0	5	Evil God's Curse: Decomposition			A velocidade de movimento é reduzida em $H_W_BAD400%$COLOR_END.	icon_status.minusmove_tex	icon_status.minusmove_tex	True
15070	HPDrain	Debuff	False	perc	10000	0	9	Evil God's Curse: Decomposition			A velocidade de movimento é reduzida em $H_W_BAD400%$COLOR_END.	icon_status.minusmove_tex	icon_status.minusmove_tex	True
15080	MovSpd	DOT	False	abs	30000	0	-10	Shargrim's Lightning			A velocidade de movimento é reduzida em $H_W_BAD-10$COLOR_END e o HP é reduzido em $H_W_BAD-10$COLOR_END a cada $H_W_BAD1s$COLOR_END por raio atingido.	icon_status.minusmove_tex	icon_status.minusmove_tex	True
15080	HPChange	DOT	False	abs	30000	1	-10	Shargrim's Lightning			A velocidade de movimento é reduzida em $H_W_BAD-10$COLOR_END e o HP é reduzido em $H_W_BAD-10$COLOR_END a cada $H_W_BAD1s$COLOR_END por raio atingido.	icon_status.minusmove_tex	icon_status.minusmove_tex	True
15090	CritPower	Buff	True	abs	30000	1	10	Mottled Vulcan's Wrath			O dano crítico aumenta $H_W_GOOD10$COLOR_END com a fúria.	icon_status.plusecritical_tex	icon_status.plusecritical_tex	True
15100	HPChange	DOT	False	abs	4000	2	-4770	Curse of Beast: Intoxicate			Diminui o HP em $H_W_BAD-4770$COLOR_END a cada $H_W_BAD2s$COLOR_END por veneno mortal.	icon_status.delaydamage_tex	icon_status.delaydamage_tex	True
15110	Attack	Buff	True	perc	30000	0	12	Outer Plane's Lightning			O dano das habilidades aumenta em $H_W_GOOD1100%$COLOR_END.	icon_status.plusattack_tex	icon_status.plusattack_tex	True
15120	MovSpd	Stun	False	setp	30000	0	0	Root's Entangle			Imobiliza durante o combate e diminui a velocidade de movimento fora do combate.	icon_status.paralyzestatus_tex	icon_status.paralyzestatus_tex	True
15120	MovSpdInCombat	Stun	False	setp	30000	0	0	Root's Entangle			Imobiliza durante o combate e diminui a velocidade de movimento fora do combate.	icon_status.paralyzestatus_tex	icon_status.paralyzestatus_tex	True
15120	HPDrain	Stun	False	perc	30000	0	1	Root's Entangle			Imobiliza durante o combate e diminui a velocidade de movimento fora do combate.	icon_status.paralyzestatus_tex	icon_status.paralyzestatus_tex	True
15130	MovSpd	Debuff	False	setp	5000	0	2	Curse of Beast: Binding			A velocidade de movimento é reduzida em $H_W_BAD100%$COLOR_END.	icon_status.minusmove_tex	icon_status.minusmove_tex	True
15130	HPDrain	Debuff	False	perc	5000	0	9	Curse of Beast: Binding			A velocidade de movimento é reduzida em $H_W_BAD100%$COLOR_END.	icon_status.minusmove_tex	icon_status.minusmove_tex	True
15140	ResistNegative	Buff	True	swch	30000	0	0	Magical Armor			Enquanto estiver em vigor, 100% de resistência a todos os efeitos nocivos com armadura mágica.	icon_status.immunedebuff_tex	icon_status.immunedebuff_tex	True
15150	AllowAggro	Buff	True	swch	5000	0	0	Assimilate with Nature			Não ganhe agressividade enquanto estiver em vigor.	icon_status.boundmovedown_tex	icon_status.boundmovedown_tex	True
15160	Stun	Stun	False	swch	3000	0	5	Blacksmith's Hammerstrike			Você está atordoado e imobilizado.	icon_status.confuseup_tex	icon_status.confuseup_tex	True
15170	HPChange	DOT	False	abs	6000	2	-3710	Thunderlash			Um raio atravessa você como um chicote, drenando $H_W_BAD-3710$COLOR_END HP a cada $H_W_BAD2s$COLOR_END.	icon_status.paralyzestatus_tex	icon_status.paralyzestatus_tex	True
18500	HPChange	Buff	True	perc	10000	1	2	Restoration			Cura 20% do HP total, $H_W_GOOD2%$COLOR_END a cada $H_W_GOOD1s$COLOR_END.	icon_status.delayheal_tex	icon_status.delayheal_tex	True
18501	HPChange	Buff	True	perc	10000	1	25	Continual HP Recovery [Equipment Effect]			Cura $H_W_GOOD2,5%$COLOR_END do total de HP a cada $H_W_GOOD1s$COLOR_END. Cura um total de 25% de HP.	icon_status.delayheal_tex	icon_status.delayheal_tex	True
18502	HPChange	Buff	True	perc	10000	1	3	Continual HP Recovery [Equipment Effect]			Cura $H_W_GOOD3%$COLOR_END do total de HP a cada $H_W_GOOD1s$COLOR_END. Cura um total de 30% de HP.	icon_status.delayheal_tex	icon_status.delayheal_tex	True
18600	MPChange	Buff	True	perc	10000	1	15	Infusion			Restaura 15% do MP total, $H_W_GOOD1.5%$COLOR_END a cada $H_W_GOOD1s$COLOR_END.	icon_status.delaympgain_tex	icon_status.delaympgain_tex	True
18601	MPChange	Buff	True	perc	10000	1	17	Continual MP Recovery [Equipment Effect]			Restaura $H_W_GOOD1,7%$COLOR_END do total de PM a cada $H_W_GOOD1s$COLOR_END. Restaura um total de 17% de PM.	icon_status.delaympgain_tex	icon_status.delaympgain_tex	True
18602	MPChange	Buff	True	perc	10000	1	2	Continual MP Recovery [Equipment Effect]			Restaura $H_W_GOOD2%$COLOR_END do total de PM a cada $H_W_GOOD1s$COLOR_END. Restaura um total de 20% de PM.	icon_status.delaympgain_tex	icon_status.delaympgain_tex	True
19101	MovSpd	Debuff	True	perc	0	0	1	test string			teste.	icon_skills.voidtrap_tex	icon_skills.voidtrap_tex	False
21010	ASpd	Buff	True	perc	10000	0	115	Rolamento Evasivo Rápido			A velocidade de ataque aumenta em $H_W_GOOD11400%$COLOR_END.	icon_skills.tumbling_tex	icon_crest.crestactiveattackspeedup_tex	True
21020	ReducedMPCost	Buff	True	abs	10000	0	-88	Torrent de golpes influentes			Diminui o consumo de MP da próxima habilidade em cadeia em $H_W_GOOD-88$COLOR_END: Chuva de golpes.	icon_skills.nanmu_tex	icon_crest.crestnextskillmpdown_tex	True
21030	ReducedMPCost	Buff	True	abs	10000	0	-75	Retaliação influente			Diminui o consumo de MP da próxima habilidade em cadeia em $H_W_GOOD-75$COLOR_END: Leaping Strike (Golpe de Salto).	icon_skills.risingattack_tex	icon_crest.crestnextskillmpdown_tex	True
21040	AtkPotion	Buff	True	perc	7000	0	12	Ataque combativo com ligação elétrica			Aumenta o poder da próxima habilidade em cadeia em $H_W_GOOD1100%$COLOR_END: Fúria crescente.	icon_skills.aggravatingstrike_tex	icon_crest.crestnextskillattackup_tex	True
21050	ReducedMPCost	Buff	True	abs	10000	0	-50	Slash de carregamento influente			Diminui o consumo de MP da próxima habilidade em cadeia em $H_W_GOOD-50$COLOR_END: Poison Blade (Lâmina venenosa).	icon_skills.rushingslash_tex	icon_crest.crestnextskillmpdown_tex	True
21060	ReducedMPCost	Buff	True	abs	10000	0	-88	Cascata influente de atordoamentos			Diminui o consumo de MP da próxima habilidade em cadeia em $H_W_GOOD-88$COLOR_END: Chuva de golpes.	icon_skills.hardslash_tex	icon_crest.crestnextskillmpdown_tex	True
21070	ASpd	Buff	True	perc	10000	0	115	Morte rápida vinda do alto			A velocidade de ataque aumenta em $H_W_GOOD11400%$COLOR_END.	icon_skills.evasionattack_tex	icon_crest.crestactiveattackspeedup_tex	True
21080	AtkPotion	Buff	True	perc	5000	0	12	Cascata de atordoamentos com ligação elétrica			Aumenta o poder da próxima habilidade em cadeia em $H_W_GOOD1100%$COLOR_END: Chuva de golpes.	icon_skills.hardslash_tex	icon_crest.crestnextskillattackup_tex	True
21090	ASpd	Debuff	False	perc	7000	0	85	Fúria crescente entorpecente			Diminui a velocidade de ataque em $H_W_BAD8400%$COLOR_END.	icon_skills.tenaciousattack_tex	icon_crest.crestactiveattackspeeddown_tex	True
21100	MovSpd	Debuff	False	setp	4000	0	0	Vinculação de torrentes de golpes			Não pode se mover durante o efeito. O efeito termina quando é derrubado.	icon_skills.nanmu_tex	icon_crest.crestactivespeeddown_tex	True
21100	HPDrain	Debuff	False	perc	4000	0	1	Vinculação de torrentes de golpes			Não pode se mover durante o efeito. O efeito termina quando é derrubado.	icon_skills.nanmu_tex	icon_crest.crestactivespeeddown_tex	True
21110	AtkPotion	Buff	True	perc	5000	0	12	Corte de carregamento com link de energia			Aumenta o poder da próxima habilidade em cadeia em $H_W_GOOD1100%$COLOR_END: Combative Strike (Golpe combativo).	icon_skills.rushingslash_tex	icon_crest.crestnextskillattackup_tex	True
21111	AtkPotion	Buff	True	perc	5000	0	15	Corte de carregamento com link de energia			Aumenta o poder da próxima habilidade em cadeia em $H_W_GOOD1400%$COLOR_END: Combative Strike (Golpe combativo).	icon_skills.rushingslash_tex	icon_crest.crestnextskillattackup_tex	True
21120	Stun	Stun	False	swch	2000	0	5	Ataque combinado de sabotagem			Você fica atordoado e não consegue se mover.	icon_skills.comboattack_tex	icon_crest.crestactivestun_tex	True
21130	AtkPotion	Buff	True	perc	5000	0	135	Ataque combativo com ligação elétrica			Aumenta o poder da próxima habilidade em cadeia em $H_W_GOOD13400%$COLOR_END: Leaping Strike (Golpe de salto).	icon_skills.aggravatingstrike_tex	icon_crest.crestnextskillattackup_tex	True
21131	AtkPotion	Buff	True	perc	5000	0	145	Ataque combativo com ligação elétrica			Aumenta o poder da próxima habilidade em cadeia em $H_W_GOOD14400%$COLOR_END: Leaping Strike (Golpe de salto).	icon_skills.aggravatingstrike_tex	icon_crest.crestnextskillattackup_tex	True
21140	RestoreHpOnHit	Buff	True	perc	5000	0	103	Rolo Evasivo Restaurador			Cura $H_W_GOOD10200%$COLOR_END do total de HP para a próxima habilidade em cadeia: Poison Blade (Lâmina venenosa).	icon_skills.tumbling_tex	icon_crest.crestnextskillhpheal_tex	True
21150	ASpd	Debuff	False	perc	5000	0	6	Glyph of Numbing			Diminui a velocidade de ataque em $H_W_BAD500%$COLOR_END.	icon_crest.crestactiveattackspeeddown_tex	icon_crest.crestactiveattackspeeddown_tex	True
21160	Endurance	Buff	True	abs	8000	0	25	Grounded Death From Above			Aumenta a resistência em $H_W_GOOD25$COLOR_END.	icon_skills.evasionattack_tex	icon_crest.crestactivedefenceup_tex	True
21170	Crit	Buff	True	perc	0	0	2	Glyph of Carving			$H_W_GOODDoubles$COLOR_END a taxa de crítico.	icon_crest.crestpassivecriticalup_tex	icon_crest.crestpassivecriticalup_tex	True
21180	Power	Buff	True	perc	10000	0	115	Parry cruzado bombeado			Aumenta a potência em $H_W_GOOD11400%$COLOR_END.	icon_skills.twinswordsdefence_tex	icon_crest.crestactiveattackup_tex	True
21190	AtkPotion	Buff	True	perc	5000	0	11	Contador de escalonamento com link de energia			Aumenta o poder de ataque da próxima habilidade em cadeia em $H_W_GOOD1000%$COLOR_END: Cascata de atordoamentos.	icon_skills.reversalturningattack_tex	icon_crest.crestnextskillattackup_tex	True
22010	Power	Buff	True	perc	10000	0	115	Bombado Fique firme			A potência aumenta em $H_W_GOOD11400%$COLOR_END.	icon_skills.defence_tex	icon_crest.crestactiveattackup_tex	True
22020	ReducedMPCost	Buff	True	abs	10000	0	-115	Influenciador Stand Fast			Diminui o consumo de MP da próxima habilidade em cadeia em $H_W_GOOD-115$COLOR_END: Shield Counter (contador de escudo).	icon_skills.defence_tex	icon_crest.crestnextskillmpdown_tex	True
22030	MovSpd	Debuff	False	setp	5000	0	5	Desacelerar Enfurecer			Diminui a velocidade de movimento em $H_W_BAD400%$COLOR_END.	icon_skills.provokerage_tex	icon_crest.crestpassivespeeddown_tex	True
22030	HPDrain	Debuff	False	perc	5000	0	9	Desacelerar Enfurecer			Diminui a velocidade de movimento em $H_W_BAD400%$COLOR_END.	icon_skills.provokerage_tex	icon_crest.crestpassivespeeddown_tex	True
22040	AtkPotion	Buff	True	perc	10000	0	125	Suporte com ligação elétrica rápida			Aumenta a potência da próxima habilidade em cadeia em $H_W_GOOD12400%$COLOR_END: Contador de escudo.	icon_skills.defence_tex	icon_crest.crestnextskillattackup_tex	True
22050	IncreasedHeal	Buff	True	perc	10000	0	11	Glyph of Major Restoration			Aumenta a quantidade de recuperação de HP em $H_W_GOOD1000%$COLOR_END.	icon_crest.crestactivehprecoveryup_tex	icon_crest.crestactivehprecoveryup_tex	True
22060	SkillCastSpeed	Buff	True	perc	5000	0	125	Golpe de Escudo Ardente			Acelera o lançamento em $H_W_GOOD12400%$COLOR_END para Onslaught.	icon_skills.shieldstrike_tex	icon_crest.crestnextskillattackspeedup_tex	True
22070	IncreasedHeal	Buff	True	perc	20000	0	12	Compromisso restaurativo de proteção			Aumenta a quantidade de recuperação de HP em $H_W_GOOD1100%$COLOR_END.	icon_skills.vowofprotection_tex	icon_crest.crestactivehprecoveryup_tex	True
22080	MovSpdInCombat	Buff	True	abs	7000	0	10	Lunge de carregamento com pés de frota			Aumenta a velocidade de movimento durante o combate em $H_W_GOOD10$COLOR_END.	icon_skills.advancingcharge_tex	icon_crest.crestactivespeedup_tex	True
22090	MovSpd	Debuff	False	setp	4000	0	5	Controle de desaceleração			Diminui a velocidade de movimento em $H_W_BAD400%$COLOR_END.	icon_skills.hookthrow_tex	icon_crest.crestpassivespeeddown_tex	True
22090	HPDrain	Debuff	False	perc	4000	0	9	Controle de desaceleração			Diminui a velocidade de movimento em $H_W_BAD400%$COLOR_END.	icon_skills.hookthrow_tex	icon_crest.crestpassivespeeddown_tex	True
22100	ASpd	Debuff	False	perc	4000	0	6	Coleira de entorpecimento			Diminui a velocidade de ataque em $H_W_BAD500%$COLOR_END.	icon_skills.hookthrow_tex	icon_crest.crestpassivetargetspeeddown_tex	True
22110	Endurance	Buff	True	abs	8000	0	21	Grito de desafio fundamentado			Aumenta a resistência em $H_W_GOOD21$COLOR_END.	icon_skills.roar_tex	icon_crest.crestactivedefenceup_tex	True
22120	Crit	Buff	True	perc	0	0	2	Glyph of Carving			Aumenta a taxa de crítico em $H_W_GOOD2times$COLOR_END.	icon_crest.crestpassivecriticalup_tex	icon_crest.crestpassivecriticalup_tex	True
22130	ASpd	Debuff	False	perc	7000	0	7	Ataque de primavera entorpecente			Diminui a velocidade de ataque em $H_W_GOOD600%$COLOR_END.	icon_skills.leaprampage_tex	icon_crest.crestactiveattackspeeddown_tex	True
23010	MovSpd	Buff	True	perc	10000	0	115	Rolagem evasiva com pés de frota			A velocidade aumenta em $H_W_GOOD11400%$COLOR_END.	icon_skills.tumbling_tex	icon_crest.crestactivespeedup_tex	True
23020	ASpd	Buff	True	perc	10000	0	115	Ataque Combo Rápido			A velocidade de ataque aumenta em $H_W_GOOD11400%$COLOR_END.	icon_skills.comboattack_tex	icon_crest.crestactiveattackspeedup_tex	True
23030	AtkPotion	Buff	True	perc	8000	0	125	Golpe de derrubada com ligação elétrica			Aumenta a potência da próxima habilidade em cadeia em $H_W_GOOD12400%$COLOR_END: Whirlwind.	icon_skills.handyslash_tex	icon_crest.crestnextskillattackup_tex	True
23031	AtkPotion	Buff	True	perc	8000	0	125	Golpe de mão com ligação elétrica			Aumenta a potência da próxima habilidade em cadeia em $H_W_GOOD12400%$COLOR_END: Overhand Strike.	icon_skills.jawbreaker_tex	icon_crest.crestnextskillattackup_tex	True
23032	AtkPotion	Buff	True	perc	8000	0	125	Eviscerar com ligação elétrica			Aumenta a potência da próxima habilidade em cadeia em $H_W_GOOD12400%$COLOR_END: Fatia medida.	icon_skills.jawbreaker_tex	icon_crest.crestnextskillattackup_tex	True
23040	AtkPotion	Buff	True	perc	6000	0	125	Retaliação Powerlinked			Aumenta o poder da próxima habilidade em cadeia em $H_W_GOOD12400%$COLOR_END: Leaping Strike (Golpe de salto).	icon_skills.risingattack_tex	icon_crest.crestnextskillattackup_tex	True
23050	Endurance	Buff	True	perc	10000	0	12	Grito triunfante aterrado			Aumenta a resistência em $H_W_GOOD1100%$COLOR_END.	icon_skills.shout_tex	icon_crest.crestactivedefenceup_tex	True
23060	SkillCastSpeed	Buff	True	perc	10000	0	125	Punhalada nas costas em chamas			Acelera o lançamento em $H_W_GOOD12400%$COLOR_END para Heart Thrust.	icon_skills.turnaroundattack_tex	icon_crest.crestnextskillattackspeedup_tex	True
23061	SkillCastSpeed	Buff	True	perc	10000	0	135	Punhalada nas costas em chamas			Acelera o lançamento em $H_W_GOOD13400%$COLOR_END para Heart Thrust.	icon_skills.turnaroundattack_tex	icon_crest.crestnextskillattackspeedup_tex	True
23070	SkillCastSpeed	Buff	True	perc	5000	0	125	Punhalada nas costas em chamas			Acelera o lançamento em $H_W_GOOD12400%$COLOR_END para Knockdown Strike.	icon_skills.turnaroundattack_tex	icon_crest.crestnextskillattackspeedup_tex	True
23080	SkillCastSpeed	Buff	True	perc	5000	0	125	Ataque de Fúria Ardente			Acelera o lançamento em $H_W_GOOD12400%$COLOR_END para Whirlwind.	icon_skills.ragingstrike_tex	icon_crest.crestnextskillattackspeedup_tex	True
23090	RestoreHpOnHit	Buff	True	perc	7000	0	104	Golpe de Fúria Restaurativa			Cura $H_W_GOOD10300%$COLOR_END do total de HP para a próxima habilidade em cadeia: Stunning Backhand.	icon_skills.ragingstrike_tex	icon_crest.crestnextskillhpheal_tex	True
23100	ASpd	Debuff	False	perc	5000	0	85	Lâmina distante entorpecente			Diminui a velocidade de ataque em $H_W_BAD8400%$COLOR_END.	icon_skills.tripleslash_tex	icon_crest.crestactiveattackspeeddown_tex	True
23110	Ballance	Buff	True	perc	15000	0	15	Equilibrando a tenacidade			Aumenta o saldo em $H_W_GOOD1,5 vezes$COLOR_END.	icon_skills.tenacity_tex	icon_crest.crestactivereactionresist_tex	True
23111	Ballance	Buff	True	perc	15000	0	2	Equilibrando a tenacidade			Aumenta o saldo em $H_W_GOOD2times$COLOR_END.	icon_skills.tenacity_tex	icon_crest.crestactivereactionresist_tex	True
23120	AtkPotion	Buff	True	perc	5000	0	125	Rolagem evasiva com link de energia			Aumenta o poder da próxima habilidade em cadeia em $H_W_GOOD12400%$COLOR_END: Golpe de fúria.	icon_skills.tumbling_tex	icon_crest.crestnextskillattackup_tex	True
23130	AtkPotion	Buff	True	perc	5000	0	12	Golpe de derrubada com ligação elétrica			Aumenta a potência da próxima habilidade em cadeia em $H_W_GOOD1100%$COLOR_END: Overhand Strike.	icon_skills.handyslash_tex	icon_crest.crestnextskillattackup_tex	True
23140	Crit	Buff	True	perc	0	0	2	Sobrepujança afiada			Aumenta a taxa de críticos do próximo ataque em $H_W_GOOD2times$COLOR_END.	icon_skills.gatheringstrength_tex	icon_crest.crestpassivecriticalup_tex	True
23150	AtkPotion	Buff	True	perc	0	0	11	Superpotência reforçada			Adiciona 10% de dano de habilidade no próximo ataque.	icon_skills.gatheringstrength_tex	icon_crest.crestnextskillattackup_tex	True
23155	Stun	Stun	False	swch	3000	0	5	Glyph of Sap			Você está atordoado e não pode se mover.	icon_crest.crestactivestun_tex	icon_crest.crestactivestun_tex	True
23160	Crit	Buff	True	perc	0	0	3	Turbilhão Keen			$H_W_GOODTriples$COLOR_END taxa de crítico para o próximo ataque.	icon_skills.sworddance_tex	icon_crest.crestpassivecriticalup_tex	True
23170	Crit	Buff	True	perc	0	0	3	Impulso do coração afiado			$H_W_GOODTriples$COLOR_END taxa de crítico para o próximo ataque.	icon_skills.stingerblade_tex	icon_crest.crestpassivecriticalup_tex	True
23180	Crit	Buff	True	perc	0	0	2	Glyph of Carving			$H_W_GOODDoubles$COLOR_END crit rate for the next attack.	icon_crest.crestpassivecriticalup_tex	icon_crest.crestpassivecriticalup_tex	True
23190	AtkPotion	Buff	True	perc	5000	0	125	Corrida de cabeça com links de energia			Aumenta o poder de ataque da próxima habilidade em cadeia em $H_W_GOOD12400%$COLOR_END: Knockdown Strike.	icon_skills.advancingleap_tex	icon_crest.crestnextskillattackup_tex	True
23200	AtkPotion	Buff	True	perc	5000	0	125	Rolagem evasiva com link de energia			Aumenta o poder de ataque da próxima habilidade em cadeia em $H_W_GOOD12400%$COLOR_END: Backstab.	icon_skills.tumbling_tex	icon_crest.crestnextskillattackup_tex	True
23210	MPChange	Buff	True	perc	5000	1	6	Tenacidade espirituosa			Restaura $H_W_GOOD6%$COLOR_END do total de MP a cada $H_W_GOOD1s$COLOR_END.	icon_skills.tenacity_tex	icon_crest.crestpassivemprecoveryup_tex	True
24010	Power	Buff	True	perc	5000	0	12	Bloco de machado bombeado			A potência aumenta em $H_W_GOOD1100%$COLOR_END.	icon_skills.weapondefence_tex	icon_crest.crestactiveattackup_tex	True
24020	ReducedMPCost	Buff	True	abs	10000	0	-63	Influência de uma greve impressionante			Diminui o consumo de MP da próxima habilidade em cadeia em $H_W_GOOD-63$COLOR_END: Achatar.	icon_skills.turnback_tex	icon_crest.crestnextskillmpdown_tex	True
24030	ReducedMPCost	Buff	True	abs	10000	0	-75	Grito triunfante influente			Diminui o consumo de MP da próxima habilidade em cadeia em $H_W_GOOD-75$COLOR_END: Dash.	icon_skills.shout_tex	icon_crest.crestnextskillmpdown_tex	True
24050	ReducedMPCost	Buff	True	abs	10000	0	-63	Influência da desgraça inevitável			Diminui o consumo de MP da próxima habilidade em cadeia em $H_W_GOOD-63$COLOR_END: Achatar.	icon_skills.murderousvent_tex	icon_crest.crestnextskillmpdown_tex	True
24060	Power	Buff	True	perc	20000	0	11	Fúria ardente bombeada			A potência aumenta em $H_W_GOOD1000%$COLOR_END.	icon_skills.berserk_tex	icon_crest.crestactiveattackup_tex	True
24070	AtkPotion	Buff	True	perc	5000	0	125	Grito de zombaria com ligação elétrica			Aumenta a potência da próxima habilidade em cadeia em $H_W_GOOD12400%$COLOR_END: Staggering Strike.	icon_skills.shockingshout_tex	icon_crest.crestnextskillattackup_tex	True
24080	ImpactEffective	Buff	True	perc	20000	0	11	Raiva desencadeada fortalecida			Aumenta o fator de impacto em $H_W_GOOD1000%$COLOR_END.	icon_skills.vitalconversion_tex	icon_crest.crestactivereactionup_tex	True
24090	MovSpdInCombat	Buff	True	abs	15000	0	20	Fúria Ardente e Veloz			Aumenta a velocidade de movimento durante o combate em $H_W_GOOD20$COLOR_END.	icon_skills.berserk_tex	icon_crest.crestactivespeedup_tex	True
24091	MovSpdInCombat	Buff	True	abs	15000	0	20	Equipamento de pés rápidos			Aumenta a velocidade de movimento durante o combate em $H_W_GOOD20$COLOR_END.	icon_skills.throwaxe_tex	icon_crest.crestactivespeedup_tex	True
24100	SkillCastSpeed	Buff	True	perc	5000	0	125	Perdição inescapável e ardente			Acelera a fundição em $H_W_GOOD12400%$COLOR_END para Achatamento.	icon_skills.murderousvent_tex	icon_crest.crestnextskillattackspeedup_tex	True
24101	SkillCastSpeed	Buff	True	perc	5000	0	13	Perdição inescapável e ardente			Acelera a fundição em $H_W_GOOD1200%$COLOR_END para Achatamento.	icon_skills.murderousvent_tex	icon_crest.crestnextskillattackspeedup_tex	True
24110	Ballance	Buff	True	perc	15000	0	15	Equilibrando a tenacidade			Aumenta o saldo em $H_W_GOOD1,5 vezes$COLOR_END.	icon_skills.tenacity_tex	icon_crest.crestactivereactionresist_tex	True
24111	Ballance	Buff	True	perc	15000	0	2	Equilibrando a tenacidade			Aumenta o saldo em $H_W_GOOD2times$COLOR_END.	icon_skills.tenacity_tex	icon_crest.crestactivereactionresist_tex	True
24120	CastSpeed	Buff	True	perc	6000	0	13	Golpe de Salto Ardente			Acelera o carregamento em $H_W_GOOD1200%$COLOR_END para o Lethal Strike.	icon_skills.downattack_tex	icon_crest.crestnextskillattackspeedup_tex	True
24130	CastSpeed	Buff	True	perc	6000	0	13	Golpe de escalonamento flamejante			Acelera o carregamento em $H_W_GOOD1200%$COLOR_END para o Thunder Strike.	icon_skills.turnback_tex	icon_crest.crestnextskillattackspeedup_tex	True
24140	Endurance	Buff	True	abs	12000	0	16	Grito triunfante aterrado			Aumenta a resistência em $H_W_GOOD16$COLOR_END.	icon_skills.shout_tex	icon_crest.crestpassiveskilleffectup_tex	True
24150	MPChange	Buff	True	perc	5000	1	6	Tenacidade espirituosa			Restaura $H_W_GOOD6%$COLOR_END do total de MP a cada $H_W_GOOD1s$COLOR_END.	icon_skills.tenacity_tex	icon_crest.crestpassivemprecoveryup_tex	True
24160	Crit	Buff	True	perc	0	0	2	Golpe de salto certeiro			$H_W_GOODDoubles$COLOR_END crit rate for the next attack.	icon_skills.downattack_tex	icon_crest.crestpassivecriticalup_tex	True
24161	Crit	Buff	True	perc	0	0	2	Equipamento Keen			$H_W_GOODDoubles$COLOR_END a taxa de crítico.	icon_skills.throwaxe_tex	icon_crest.crestpassivecriticalup_tex	True
24170	SkillCastSpeed	Buff	True	perc	5000	0	125	Ataque do trovão flamejante			Acelera o lançamento do Thunder Strike em $H_W_GOOD12400%$COLOR_END.	icon_skills.sideslash_tex	icon_crest.crestnextskillattackspeedup_tex	True
25010	Power	Buff	True	perc	15000	0	11	Barreira de Mana bombeada			A potência aumenta em $H_W_GOOD1000%$COLOR_END.	icon_skills.manashield_tex	icon_crest.crestactiveattackup_tex	True
25020	Endurance	Buff	True	perc	15000	0	12	Barreira de mana aterrada			Aumenta a resistência em $H_W_GOOD1100%$COLOR_END.	icon_skills.manashield_tex	icon_crest.crestactivedefenceup_tex	True
25021	Endurance	Buff	True	abs	15000	0	16	Nova com base			Aumenta a resistência em $H_W_GOOD16$COLOR_END.	icon_skills.manaburst_tex	icon_crest.crestactivedefenceup_tex	True
25030	AtkPotion	Buff	True	perc	5000	0	125	Pulso Arcano com ligação elétrica			Aumenta o poder da próxima habilidade em cadeia em $H_W_GOOD12400%$COLOR_END: Ice Needle (Agulha de gelo).	icon_skills.blastball_tex	icon_crest.crestnextskillattackup_tex	True
25040	ReducedMPCost	Buff	True	abs	10000	0	-80	Armadilha dolorosa influente			Diminui o consumo de MP da próxima habilidade em cadeia em $H_W_GOOD-80$COLOR_END: Pilar de chamas.	icon_skills.blastmine_tex	icon_crest.crestnextskillmpdown_tex	True
25050	AtkPotion	Buff	True	perc	10000	0	12	Armadilha para raios com ligação elétrica			Aumenta a potência da próxima habilidade em cadeia em $H_W_GOOD1100%$COLOR_END: Explosão de fogo.	icon_skills.shocktrap_tex	icon_crest.crestnextskillattackup_tex	True
25060	SkillCastSpeed	Buff	True	perc	10000	0	125	Sifão de Mana Ardente			Acelera o lançamento em $H_W_GOOD12400%$COLOR_END para Flaming Barrage.	icon_skills.manaextortion_tex	icon_crest.crestnextskillattackspeedup_tex	True
25070	SkillCastSpeed	Buff	True	perc	5000	0	125	Armadilha de relâmpago flamejante			Acelera o lançamento em $H_W_GOOD12400%$COLOR_END para Flame Pillar.	icon_skills.shocktrap_tex	icon_crest.crestnextskillattackspeedup_tex	True
25080	AtkPotion	Buff	True	perc	10000	0	135	Powerlink Burning Breath			Aumenta a potência da próxima habilidade em cadeia em $H_W_GOOD13400%$COLOR_END: Barragem Flamejante.	icon_skills.burningbreath_tex	icon_crest.crestnextskillattackup_tex	True
25090	SkillCastSpeed	Buff	True	perc	5000	0	14	Retiro Glacial Ardente			Acelera o lançamento em $H_W_GOOD1300%$COLOR_END para Lightning Trap.	icon_skills.freezingtheearth_tex	icon_crest.crestnextskillattackspeedup_tex	True
25100	SkillCastSpeed	Buff	True	perc	7000	0	125	Giro do Tempo Ardente			Acelera o lançamento em $H_W_GOOD12400%$COLOR_END para Fireblast.	icon_skills.curseofshackle_tex	icon_crest.crestnextskillattackspeedup_tex	True
25110	SkillCastSpeed	Buff	True	perc	7000	0	14	Agulha de gelo flamejante			Acelera o lançamento em $H_W_GOOD1300%$COLOR_END para Mindblast.	icon_skills.icicle_tex	icon_crest.crestnextskillattackspeedup_tex	True
25120	MovSpd	Debuff	False	setp	7000	0	5	Desaceleração do Painblast			Diminui a velocidade de movimento em $H_W_BAD400%$COLOR_END.	icon_skills.disease_tex	icon_crest.crestactivespeeddown_tex	True
25120	HPDrain	Debuff	False	perc	7000	0	9	Desaceleração do Painblast			Diminui a velocidade de movimento em $H_W_BAD400%$COLOR_END.	icon_skills.disease_tex	icon_crest.crestactivespeeddown_tex	True
25130	AtkPotion	Buff	True	perc	5000	0	12	Glyph of Powerlink			Aumenta o poder da próxima habilidade em cadeia em $H_W_GOOD1100%$COLOR_END-mas apenas uma vez.	icon_crest.crestnextskillattackup_tex	icon_crest.crestnextskillattackup_tex	True
25140	CastSpeed	Buff	True	perc	6000	0	13	Retiro Glacial Ardente			Acelera o carregamento em $H_W_GOOD1200%$COLOR_END para o Pulso Arcano.	icon_skills.freezingtheearth_tex	icon_crest.crestnextskillattackspeedup_tex	True
25150	AbsorbToMP	Buff	True	swch	45000	0	7063	Pilar de chamas de proteção			Absorve até $H_W_GOOD7063$COLOR_END de dano. Custa 1 PM para cada 14 pontos de dano. Termina quando você atinge o dano máximo ou fica sem PM.	icon_skills.auraburn_tex	icon_crest.crestpassivehpattackup_tex	True
25160	IncreasedHeal	Debuff	True	perc	10000	0	5	Impedimento da respiração ardente			Receber $H_W_GOOD400%$COLOR_END menos HP de efeitos de cura ou restauração.	icon_skills.burningbreath_tex	icon_crest.crestpassivetargethealdown_tex	True
25170	Crit	Buff	True	perc	4000	0	2	Pulso Arcano de Keen			$H_W_GOODDoubles$COLOR_END crit rate for the next attack.	icon_skills.blastball_tex	icon_crest.crestpassivecriticalup_tex	True
25171	Crit	Buff	True	perc	4000	0	2	Keen Nova			$H_W_GOODDoubles$COLOR_END crit rate for the next attack.	icon_skills.manaburst_tex	icon_crest.crestpassivecriticalup_tex	True
25180	HPChange	Buff	True	perc	1000	1	2	Glyph of Restoration			Restaura $H_W_GOOD20%$COLOR_END do total de HP.	icon_crest.crestpassivehpheal_tex	icon_crest.crestpassivehpheal_tex	True
25190	MovSpd	Buff	True	perc	2000	0	12	Passo para trás com o pé na frota			Aumenta a velocidade de movimento em $H_W_GOOD1100%$COLOR_END.	icon_skills.backstep_tex	icon_crest.crestactivespeedup_tex	True
25200	AtkPotion	Buff	True	perc	10000	0	125	Jato de tinta com ligação elétrica			Aumenta o poder de ataque da próxima habilidade em cadeia em $H_W_GOOD12400%$COLOR_END: Barragem Flamejante.	icon_skills.disease_tex	icon_crest.crestnextskillattackup_tex	True
26010	MovSpd	Debuff	False	setp	3000	0	5	Seta de desaceleração			Diminui a velocidade de movimento em $H_W_BAD400%$COLOR_END.	icon_skills.arrowshot_tex	icon_crest.crestactivespeeddown_tex	True
26010	HPDrain	Debuff	False	perc	3000	0	9	Seta de desaceleração			Diminui a velocidade de movimento em $H_W_BAD400%$COLOR_END.	icon_skills.arrowshot_tex	icon_crest.crestactivespeeddown_tex	True
26020	Stun	Stun	False	swch	1000	0	5	Flecha de sabotagem			Você fica atordoado e não consegue se mover.	icon_skills.arrowshot_tex	icon_crest.crestactivestun_tex	True
26030	AtkPotion	Buff	True	perc	7000	0	125	Glyph of Powerlink			Aumenta a potência da próxima habilidade em cadeia em $H_W_GOOD12400%$COLOR_END: Arrow Volley.	icon_crest.crestnextskillattackup_tex	icon_crest.crestnextskillattackup_tex	True
26040	ReducedMPCost	Buff	True	abs	10000	0	-13	Seta de rede influente			Diminui o consumo de MP da próxima habilidade em cadeia em $H_W_GOOD-13$COLOR_END: Flecha de teia.	icon_skills.focusstance_tex	icon_crest.crestnextskillmpdown_tex	True
26050	ReducedMPCost	Buff	True	abs	10000	0	-38	Flecha Venenosa Influente			Diminui o consumo de MP da próxima habilidade em cadeia em $H_W_GOOD-38$COLOR_END: Poison Arrow (Flecha venenosa).	icon_skills.markingofarcher_tex	icon_crest.crestnextskillmpdown_tex	True
26060	ReducedMPCost	Buff	True	abs	10000	0	-75	Armadilha Incendiária Influente			Reduz o custo de MP da próxima habilidade em cadeia em $H_W_GOOD-75$COLOR_END: Incendiary Trap (Armadilha incendiária).	icon_skills.arrowshower_tex	icon_crest.crestnextskillmpdown_tex	True
26070	AtkPotion	Buff	True	perc	10000	0	125	Flecha penetrante com link de energia			Aumenta o poder de ataque da próxima habilidade em cadeia em $H_W_GOOD12400%$COLOR_END: Flecha Penetrante.	icon_skills.escapingattack_tex	icon_crest.crestnextskillattackup_tex	True
26080	MovSpdInCombat	Buff	False	abs	12000	0	10	Flecha de teia veloz			Aumenta a velocidade de movimento durante o combate em $H_W_GOOD10$COLOR_END.	icon_skills.spiderarrow_tex	icon_crest.crestactivespeedup_tex	True
26090	Stun	Stun	False	swch	3000	0	5	Flecha de restrição de sabotagem			Você fica atordoado e não consegue se mover.	icon_skills.contaningshot_tex	icon_crest.crestactivestun_tex	True
26100	SkillCastSpeed	Buff	True	perc	10000	0	125	Flecha Venenosa Ardente			Acelera o lançamento em $H_W_GOOD12400%$COLOR_END para Poison Arrow.	icon_skills.markingofarcher_tex	icon_crest.crestnextskillattackspeedup_tex	True
26110	SkillCastSpeed	Buff	True	perc	5000	0	14	Armadilha de fogo impressionante			Acelera o lançamento em $H_W_GOOD1300%$COLOR_END para Stunning Trap.	icon_skills.arrowshower_tex	icon_crest.crestnextskillattackspeedup_tex	True
26111	SkillCastSpeed	Buff	True	perc	5000	0	15	Armadilha de fogo impressionante			Acelera o lançamento em $H_W_GOOD1400%$COLOR_END para Stunning Trap.	icon_skills.arrowshower_tex	icon_crest.crestnextskillattackspeedup_tex	True
26120	MovSpdInCombat	Buff	True	abs	8000	0	10	Parafuso de fuga Fleetfooted			Aumenta a velocidade de movimento durante o combate em $H_W_GOOD10$COLOR_END.	icon_skills.escapingattack_tex	icon_crest.crestactivespeedup_tex	True
26130	AtkPotion	Buff	True	perc	10000	0	125	Glyph of Powerlink			Aumenta a potência da próxima habilidade em cadeia em $H_W_GOOD12400%$COLOR_END: Incendiary Trap (Armadilha incendiária).	icon_crest.crestnextskillattackup_tex	icon_crest.crestnextskillattackup_tex	True
26140	HPChange	Buff	True	perc	15000	1	2	Regeneração da morte falsa			Cura $H_W_GOOD2%$COLOR_END do total de HP a cada $H_W_GOOD1s$COLOR_END. Termina quando você entra em combate.	icon_skills.feigndeath_tex	icon_crest.crestpassivehpheal_tex	True
26141	HPChange	Buff	True	perc	8000	1	5	Regeneração da morte falsa			Cura $H_W_GOOD5%$COLOR_END do total de HP a cada $H_W_GOOD1s$COLOR_END. Termina quando você entra em combate.	icon_skills.feigndeath_tex	icon_crest.crestpassivehpheal_tex	True
26150	AtkPotion	Buff	True	perc	7000	0	125	Vôlei de flecha com ligação elétrica			Aumenta a potência da próxima habilidade em cadeia em $H_W_GOOD12400%$COLOR_END: Arrow Volley.	icon_skills.explosiontrap_tex	icon_crest.crestnextskillattackup_tex	True
26160	CastSpeed	Buff	True	perc	6000	0	13	Flecha Penetrante Ardente			Acelera o carregamento em $H_W_GOOD1200%$COLOR_END para a Flecha Penetrante.	icon_skills.paralysistrap_tex	icon_crest.crestnextskillattackspeedup_tex	True
26170	CastSpeed	Buff	True	perc	6000	0	13	Flecha Penetrante Ardente			Acelera o carregamento em $H_W_GOOD1200%$COLOR_END para a Flecha Penetrante.	icon_skills.arrowshower_tex	icon_crest.crestnextskillattackspeedup_tex	True
26171	CastSpeed	Buff	True	perc	6000	0	14	Flecha Penetrante Ardente			Acelera o carregamento em $H_W_GOOD1300%$COLOR_END para a Flecha Penetrante.	icon_skills.arrowshower_tex	icon_crest.crestnextskillattackspeedup_tex	True
26180	CastSpeed	Buff	True	perc	6000	0	13	Flecha Radiante Ardente			Acelera o carregamento em $H_W_GOOD1200%$COLOR_END para Radiant Arrow.	icon_skills.venomarrow_tex	icon_crest.crestnextskillattackspeedup_tex	True
26190	CastSpeed	Buff	True	perc	6000	0	13	Flecha Penetrante Ardente			Acelera o carregamento em $H_W_GOOD1200%$COLOR_END para a Flecha Penetrante.	icon_skills.chainrapidshot_tex	icon_crest.crestnextskillattackspeedup_tex	True
26200	MovSpdInCombat	Buff	True	abs	3000	0	50	Fleetfooted Close Quarters			Aumenta a velocidade de movimento em $H_W_GOOD50$COLOR_END durante o combate.	icon_skills.turningkick_tex	icon_crest.crestpassiveskilleffectup_tex	True
26210	MovSpd	Debuff	False	setp	6000	0	6	Desaceleração do parafuso de ruptura			Diminui a velocidade de movimento em $H_W_BAD500%$COLOR_END.	icon_skills.escapingattack_tex	icon_crest.crestactivespeeddown_tex	True
26210	HPDrain	Debuff	False	perc	6000	0	9	Desaceleração do parafuso de ruptura			Diminui a velocidade de movimento em $H_W_BAD500%$COLOR_END.	icon_skills.escapingattack_tex	icon_crest.crestactivespeeddown_tex	True
26220	Endurance	Debuff	False	perc	9000	0	955	Armadilha de Enfeite			Diminui a resistência em $H_W_BAD95400%$COLOR_END.	icon_skills.webtraparrow_tex	icon_crest.crestactivedefencedown_tex	True
26230	MPChange	Buff	True	perc	5000	1	6	Tenacidade espirituosa			Restaura $H_W_GOOD6%$COLOR_END do total de MP a cada $H_W_GOOD1s$COLOR_END.	icon_skills.tenacity_tex	icon_crest.crestpassivemprecoveryup_tex	True
26240	Ballance	Buff	True	perc	15000	0	15	Equilibrando a tenacidade			Aumenta o saldo em $H_W_GOOD1,5 vezes$COLOR_END.	icon_skills.tenacity_tex	icon_crest.crestactivereactionresist_tex	True
26241	Ballance	Buff	True	perc	15000	0	2	Equilibrando a tenacidade			Aumenta o saldo em $H_W_GOOD2,5 vezes$COLOR_END.	icon_skills.tenacity_tex	icon_crest.crestactivereactionresist_tex	True
26250	Crit	Buff	True	perc	0	0	3	Flecha Radiante Afiada				icon_skills.chargearrow_tex	icon_crest.e_crestpassivecriticalup_tex	True
27010	MovSpd	Debuff	False	setp	2000	0	6	Glyph of Slowing			Diminui a velocidade de movimento em $H_W_BAD500%$COLOR_END.	icon_crest.crestpassivespeeddown_tex	icon_crest.crestpassivespeeddown_tex	True
27010	HPDrain	Debuff	False	perc	2000	0	9	Glyph of Slowing			Diminui a velocidade de movimento em $H_W_BAD500%$COLOR_END.	icon_crest.crestpassivespeeddown_tex	icon_crest.crestpassivespeeddown_tex	True
27020	ReducedMPCost	Buff	True	abs	10000	0	-41	Smite metamórfico influente			Reduz o custo de PM em $H_W_GOOD-41$COLOR_END para a Explosão Metamórfica.	icon_skills.rageofearth_tex	icon_crest.crestnextskillmpdown_tex	True
27030	ReducedMPCost	Buff	True	abs	10000	0	-33	Vôlei influente de maldições			Diminui o consumo de MP da próxima habilidade em cadeia em $H_W_GOOD-33$COLOR_END: Vôlei de maldições.	icon_skills.painfulshackle_tex	icon_crest.crestnextskillmpdown_tex	True
27040	ReducedMPCost	Buff	True	abs	10000	0	-100	Influência da Ira do Titanic			Diminui o consumo de MP da próxima habilidade em cadeia em $H_W_GOOD-100$COLOR_END: Arun's Vitae.	icon_skills.rage_tex	icon_crest.crestnextskillmpdown_tex	True
27050	ReducedMPCost	Buff	True	abs	20000	0	-100	Anel de Corrupção Influente			Diminui o consumo de MP da próxima habilidade em cadeia em $H_W_GOOD-100$COLOR_END: Arun's Tears (Lágrimas de Arun).	icon_skills.suckhp_tex	icon_crest.crestnextskillmpdown_tex	True
27060	ASpd	Debuff	False	perc	6000	0	7	Anestesia de encadernação antiga			Diminui a velocidade de ataque em $H_W_BAD600%$COLOR_END.	icon_skills.slowball_tex	icon_crest.crestactiveattackspeeddown_tex	True
27070	SkillCastSpeed	Buff	True	perc	10000	0	125	Lágrimas de Arun em chamas			Acelera o lançamento em $H_W_GOOD12400%$COLOR_END para a Vitae de Arun.	icon_skills.mprefresher_tex	icon_crest.crestnextskillattackspeedup_tex	True
27080	SkillCastSpeed	Buff	True	perc	10000	0	125	Salto de teletransporte flamejante			Acelera o lançamento em $H_W_GOOD12400%$COLOR_END para a Vitae de Arun.	icon_skills.shortteleport_tex	icon_crest.crestnextskillattackspeedup_tex	True
27090	SkillCastSpeed	Buff	True	perc	5000	0	125	Salto de teletransporte flamejante			Acelera o lançamento em $H_W_GOOD12400%$COLOR_END para Thrall of Life.	icon_skills.shortteleport_tex	icon_crest.crestnextskillattackspeedup_tex	True
27100	SkillCastSpeed	Buff	True	perc	20000	0	125	Vitae de Blazing Arun			Acelera o lançamento em $H_W_GOOD12400%$COLOR_END para Arun's Tears.	icon_skills.hprefresher_tex	icon_crest.crestnextskillattackspeedup_tex	True
27110	MovSpdInCombat	Buff	True	abs	3000	0	50	Chicote de Shara Veloz			Aumenta a velocidade de movimento em $H_W_GOOD50$COLOR_END durante o combate.	icon_skills.flashball_tex	icon_crest.crestpassiveskilleffectup_tex	True
27120	Endurance	Buff	True	perc	600000	0	11	Thrall of Protection Resistente			Aumenta a resistência em $H_W_GOOD1000%$COLOR_END.	icon_skills.summonspiritofaggro_tex	icon_crest.crestactivedefenceup_tex	True
27130	Ballance	Buff	True	perc	2000	0	5	Equilíbrio de Retaliate			Aumenta o saldo em $H_W_GOOD5times$COLOR_END.	icon_skills.risingattack_tex	icon_crest.crestactivereactionresist_tex	True
27140	HPChange	Buff	True	perc	1000	1	2	Vitae do Arun Restaurativo			Restaura $H_W_GOOD15%$COLOR_END do total de HP.	icon_skills.hprefresher_tex	icon_crest.crestpassivehpheal_tex	True
27150	IncreasedHeal	Buff	True	perc	60000	0	12	Totem de Proteção Restaurativa			O Totem de Proteção restaura mais PV de $H_W_GOOD1100%$COLOR_END.	icon_skills.energiesofprotection_tex	icon_crest.crestactivehprecoveryup_tex	True
27160	Endurance	Debuff	False	perc	16000	0	97	Súplica de maldições enfurecedoras			Diminui a resistência em $H_W_BAD9600%$COLOR_END.	icon_skills.painfulshackle_tex	icon_crest.crestactivedefencedown_tex	True
28010	AtkPotion	Buff	True	perc	6000	0	125	Implosão chocante do Powerlinked			Aumenta o poder em $H_W_GOOD12400%$COLOR_END para Final Reprisal.	icon_skills.damagedeal_tex	icon_crest.crestnextskillattackup_tex	True
28020	AtkPotion	Buff	True	perc	5000	0	125	Nêmesis triplo com ligação elétrica			Aumenta o poder de ataque em $H_W_GOOD12400%$COLOR_END para Metamorphic Blast.	icon_skills.divineretribution_tex	icon_crest.crestnextskillattackup_tex	True
28030	Endurance	Buff	True	perc	12000	0	13	Escudo da Kaia aterrado			Aumente a resistência em $H_W_GOOD1200%$COLOR_END.	icon_skills.armorofprotection_tex	icon_crest.crestactivedefenceup_tex	True
28040	ReducedMPCost	Buff	True	abs	10000	0	-85	Círculo de Regeneração Influente			Diminui o consumo de MP da próxima habilidade em cadeia em $H_W_GOOD-85$COLOR_END: Focus Heal.	icon_skills.healingwind_tex	icon_crest.crestnextskillmpdown_tex	True
28050	MovSpdInCombat	Buff	True	abs	600000	0	15	Bênção de Zenobia com pés de frota			Aumenta a velocidade de movimento em $H_W_GOOD15$COLOR_END durante o combate.	icon_skills.fastwalk_tex	icon_crest.crestactivespeedup_tex	True
28060	AtkPotion	Buff	True	perc	5000	0	125	Carga de Mana com ligação elétrica			Aumenta o poder da próxima habilidade em cadeia em $H_W_GOOD12400%$COLOR_END: Shocking Implosion (Implosão chocante).	icon_skills.manarejuvenation_tex	icon_crest.crestnextskillattackup_tex	True
28070	MovSpd	Debuff	False	setp	4000	0	7	Retardando a represália final			Diminui a velocidade de movimento em $H_W_BAD600%$COLOR_END.	icon_skills.punishingtouch_tex	icon_crest.crestactivespeeddown_tex	True
28080	ASpd	Debuff	False	perc	7000	0	85	Explosão metamórfica entorpecente			Diminui a velocidade de ataque em $H_W_BAD8400%$COLOR_END.	icon_skills.punishingshield_tex	icon_crest.crestactiveattackspeeddown_tex	True
28090	Endurance	Debuff	False	perc	12000	0	9	Nêmesis Triplo Enfurecedor			Diminui a resistência em $H_W_BAD800%$COLOR_END.	icon_skills.divineretribution_tex	icon_crest.crestactivedefencedown_tex	True
28100	HPChange	Buff	True	perc	6000	2	5	Regenerando o escudo da Kaia			Cura $H_W_GOOD5%$COLOR_END do total de HP a cada $H_W_GOOD2s$COLOR_END. Termina quando você entra em combate.	icon_skills.armorofprotection_tex	icon_crest.crestpassivehpwhileheal_tex	True
28110	HPChange	Debuff	True	perc	5000	1	15	Glyph of Restoration			Cura $H_W_GOOD15%$COLOR_END do total de HP a cada $H_W_GOOD1s$COLOR_END. Termina quando você entra em combate.	icon_crest.crestpassivehpwhileheal_tex	icon_crest.crestpassivehpwhileheal_tex	True
28120	Ballance	Buff	True	perc	30000	0	2	Equilíbrio do Guardian Sanctuary			Aumenta o saldo em $H_W_GOOD5times$COLOR_END.	icon_skills.guardianaura_tex	icon_crest.crestactivedefenceup_tex	True
28130	MPChange	Buff	True	abs	5000	1	80	Explosão restauradora espirituosa			Restaura o MP $H_W_GOOD50$COLOR_END a cada $H_W_GOOD$H_W_GOOD1s$COLOR_END$COLOR_END.	icon_skills.sanctuaryofregeneration_tex	icon_crest.crestpassivemprecoveryup_tex	True
29010	ASpd	Buff	True	perc	10000	0	115	Barragem espiral rápida			Aumenta a velocidade de ataque em $H_W_GOOD11400%$COLOR_END.	icon_skills.comboattack2_tex	icon_crest.crestactiveattackspeedup_tex	True
29011	Crit	Buff	True	perc	0	0	2	Glyph of Carving			$H_W_GOODDoubles$COLOR_END a taxa de crítico.	icon_crest.crestpassivecriticalup_tex	icon_crest.crestpassivecriticalup_tex	True
29020	AtkPotion	Buff	True	perc	5000	0	12	Tesoura dupla com ligação elétrica			Aumenta o dano de habilidade da próxima habilidade em cadeia em $H_W_GOOD1100%$COLOR_END: Grim Strike.	icon_skills.chainsmash_tex	icon_crest.crestnextskillattackup_tex	True
29030	SkillCastSpeed	Buff	True	perc	5000	0	125	Ataque Sombrio e Ardente			Aumenta a velocidade de ataque da próxima habilidade em cadeia em $H_W_GOOD12400%$COLOR_END: Double Shear (Corte duplo).	icon_skills.chainsuperblow_tex	icon_crest.crestnextskillattackspeedup_tex	True
29040	AtkPotion	Buff	True	perc	5000	0	12	Espiral da morte com link de energia			Aumenta o dano de habilidade da próxima habilidade em cadeia em $H_W_GOOD1100%$COLOR_END: Corte duplo.	icon_skills.chainbrandish_tex	icon_crest.crestnextskillattackup_tex	True
29041	AtkPotion	Buff	True	perc	5000	0	12	Espiral da morte com link de energia			Aumenta o dano de habilidade da próxima habilidade em cadeia em $H_W_GOOD1100%$COLOR_END: Grim Strike.	icon_skills.chainbrandish_tex	icon_crest.crestnextskillattackup_tex	True
29050	ASpd	Debuff	False	perc	7000	0	9	Chicote entorpecente			Diminui a velocidade de ataque em $H_W_BAD800%$COLOR_END por golpe sobreposto.	icon_skills.chainblade_tex	icon_crest.crestactiveattackspeeddown_tex	True
29060	CritChance	Buff	True	abs	5000	0	3	Golpe de pêndulo com ligação elétrica			Aumenta a taxa de críticos da próxima habilidade em cadeia em $H_W_GOOD30%$COLOR_END: Whipsaw.	icon_skills.chainuppercut_tex	icon_crest.crestnextskillattackup_tex	True
29070	MovSpd	Debuff	False	setp	4000	0	0	Glyph of Binding			Você não pode se mover durante a duração da habilidade. Os efeitos da habilidade são cancelados se você for nocauteado por um ataque.	icon_crest.crestactivespeeddown_tex	icon_crest.crestactivespeeddown_tex	True
29070	HPDrain	Debuff	False	perc	4000	0	1	Glyph of Binding			Você não pode se mover durante a duração da habilidade. Os efeitos da habilidade são cancelados se você for nocauteado por um ataque.	icon_crest.crestactivespeeddown_tex	icon_crest.crestactivespeeddown_tex	True
29090	ASpd	Buff	True	perc	5000	0	15	Passo do cabo Swift			Um ataque bem-sucedido do Cable Step acelera o lançamento da próxima habilidade em 50%.	icon_skills.reversecapture_tex	icon_crest.crestactivespeedup_tex	True
29100	AtkPotion	Buff	True	perc	5000	0	12	Passo do cabo com ligação elétrica			Aumenta o dano de habilidade da próxima habilidade em cadeia em $H_W_GOOD1100%$COLOR_END: Shadow Burst.	icon_skills.reversecapture_tex	icon_crest.crestnextskillattackup_tex	True
29110	MovSpdInCombat	Buff	True	abs	2000	0	50	Fleetfooted Shadow Step			Aumenta a velocidade de movimento em $H_W_GOOD50$COLOR_END durante o combate.	icon_skills.instantleap_tex	icon_crest.crestpassiveskilleffectup_tex	True
29111	Crit	Buff	True	perc	0	0	2	Esculpindo o Grim Strike			$H_W_GOODDoubles$COLOR_END a taxa de crítico.	icon_skills.chainsuperblow_tex	icon_crest.crestpassivecriticalup_tex	True
45301	StackCounter	Debuff	False	swch	30000	0	45302	Great Shock			Muito chocado.	icon_status.minusdefence_tex	icon_status.minusdefence_tex	True
45302	StunKnockDown	Debuff	False	swch	20000	0	2	Blown Over			Chocado e derrubado.	icon_status.minuscriticalresist_tex	icon_status.minuscriticalresist_tex	True
48730	StackCounter	Buff	True	seta	600000	0	48732	Chilled Mouth	70047	Sarberry Ice	Você comeu comida fria.	icon_status.icedamage_tex	icon_status.icedamage_tex	True
48731	MPChange	Buff	True	perc	15000	1	5	Sarberry Deliciousness	70047	Sarberry Ice	Restaura $H_W_GOOD5%$COLOR_END do total de MP a cada $H_W_GOOD1s$COLOR_END.	icon_items.bluesmoothie_tex	icon_items.bluesmoothie_tex	True
48732	MovSpd	Stun	False	perc	10000	0	9	Brain Freeze			Você comeu comida gelada muito rapidamente. Seu corpo está frio e sua velocidade de movimento diminui em $H_W_BAD800%$COLOR_END.	icon_status.confusedown_tex	icon_status.confusedown_tex	True
48732	Drunk	Stun	False	60023	10000	1	0	Brain Freeze			Você comeu comida gelada muito rapidamente. Seu corpo está frio e sua velocidade de movimento diminui em $H_W_BAD800%$COLOR_END.	icon_status.confusedown_tex	icon_status.confusedown_tex	True
48733	StackCounter	Buff	True	swch	60000	0	48734	Summer Wine	70054	Wine Bomb	O vinho forte de Ramsay. Quanto mais você consome, mais inclinado você fica.	icon_items.q_bottlewine_tex	icon_items.q_bottlewine_tex	True
48734	Endurance	Buff	True	abs	60000	0	1	Tipsy			Você está bêbado. Sua visão está embaçada e seus sentidos estão embotados. Aumenta a resistência em $H_W_GOOD1$COLOR_END.	icon_status.poisondown_tex	icon_status.poisondown_tex	True
48734	Drunk	Buff	True	60024	60000	1	0	Tipsy			Você está bêbado. Sua visão está embaçada e seus sentidos estão embotados. Aumenta a resistência em $H_W_GOOD1$COLOR_END.	icon_status.poisondown_tex	icon_status.poisondown_tex	True
48735	Endurance	Buff	True	abs	60000	0	2	Intoxicated			Você está tonto. Sua visão está embaçada e seus sentidos estão embotados. Aumenta a resistência em $H_W_GOOD2$COLOR_END.	icon_status.poisondown_tex	icon_status.poisondown_tex	True
48735	Drunk	Buff	True	60025	60000	1	0	Intoxicated			Você está tonto. Sua visão está embaçada e seus sentidos estão embotados. Aumenta a resistência em $H_W_GOOD2$COLOR_END.	icon_status.poisondown_tex	icon_status.poisondown_tex	True
48736	Endurance	Buff	True	abs	60000	0	3	Inebriated			Você está muito tonto. Sua visão está embaçada e seus sentidos estão embotados. Aumenta a resistência em $H_W_GOOD3$COLOR_END.	icon_status.poisondown_tex	icon_status.poisondown_tex	True
48736	Drunk	Buff	True	60026	60000	1	0	Inebriated			Você está muito tonto. Sua visão está embaçada e seus sentidos estão embotados. Aumenta a resistência em $H_W_GOOD3$COLOR_END.	icon_status.poisondown_tex	icon_status.poisondown_tex	True
48737	Endurance	Buff	True	abs	60000	0	3	Drunk			Você está seriamente tonto. Aumenta a resistência em $H_W_GOOD3$COLOR_END.	icon_status.poisondown_tex	icon_status.poisondown_tex	True
48737	Drunk	Buff	True	60027	60000	1	0	Drunk			Você está seriamente tonto. Aumenta a resistência em $H_W_GOOD3$COLOR_END.	icon_status.poisondown_tex	icon_status.poisondown_tex	True
48738	Endurance	Buff	True	abs	60000	0	3	Wasted			Se beber mais, você se machucará. Aumenta a resistência em $H_W_GOOD3$COLOR_END.	icon_status.poisondown_tex	icon_status.poisondown_tex	True
48738	Drunk	Buff	True	60028	60000	1	0	Wasted			Se beber mais, você se machucará. Aumenta a resistência em $H_W_GOOD3$COLOR_END.	icon_status.poisondown_tex	icon_status.poisondown_tex	True
48739	Stun	Stun	False	swch	3000	0	5	Passed Out			Você está muito bêbado e não consegue se mover até ficar sóbrio.	icon_status.confuseup_tex	icon_status.confuseup_tex	True
48739	Drunk	Stun	False	60031	3000	1	0	Passed Out			Você está muito bêbado e não consegue se mover até ficar sóbrio.	icon_status.confuseup_tex	icon_status.confuseup_tex	True
48741	Stun	Stun	False	swch	5000	0	15	Dance Party			Todos dançam agora!	icon_status.staminaup_tex	icon_status.staminaup_tex	True
48742	Stun	Stun	False	swch	5000	0	13	Sadness			É muito triste! Você não consegue conter as lágrimas.	icon_status.staminadown_tex	icon_status.staminadown_tex	True
48743	Drunk1	Buff	True	seta	1000	0	0	Summer Wine			O vinho forte de Ramsay. Quanto mais você consome, mais inclinado você fica.	icon_items.q_bottlewine_tex	icon_items.q_bottlewine_tex	False
48744	MPChange	Buff	True	abs	15000	1	170	Sarberry Deliciousness	70098	Sarberry Deliciousness	Reabastece $H_W_GOOD170$COLOR_END MP por $H_W_GOOD1s$COLOR_END.	icon_items.bluesmoothie_tex	icon_items.bluesmoothie_tex	True
60001	Power	Buff	True	abs	20000	0	12	Robust Etching			Aumenta a força em $H_W_GOOD12$COLOR_END e a velocidade de ataque em $H_W_GOOD10300%$COLOR_END.	icon_items.weapon_enchant_scroll_3_tex	icon_items.weapon_enchant_scroll_3_tex	True
60001	ASpd	Buff	True	perc	20000	0	104	Robust Etching			Aumenta a força em $H_W_GOOD12$COLOR_END e a velocidade de ataque em $H_W_GOOD10300%$COLOR_END.	icon_items.weapon_enchant_scroll_3_tex	icon_items.weapon_enchant_scroll_3_tex	True
60002	Crit	Buff	True	abs	20000	0	20	Sharp Etching III			Aumenta a taxa de críticos em $H_W_GOOD20$COLOR_END e a velocidade de ataque em $H_W_GOOD10300%$COLOR_END.	icon_items.weapon_enchant_scroll_3_tex	icon_items.weapon_enchant_scroll_3_tex	True
60002	ASpd	Buff	True	perc	20000	0	104	Sharp Etching III			Aumenta a taxa de críticos em $H_W_GOOD20$COLOR_END e a velocidade de ataque em $H_W_GOOD10300%$COLOR_END.	icon_items.weapon_enchant_scroll_3_tex	icon_items.weapon_enchant_scroll_3_tex	True
60003	MPChange	Buff	True	abs	1000	1	300	Infused Etching III			O MP recupera por $H_W_GOOD300$COLOR_END a cada $H_W_GOOD1s$COLOR_END.	icon_items.weapon_enchant_scroll_3_tex	icon_items.weapon_enchant_scroll_3_tex	True
60004	HPChange	DOT	False	abs	8000	1	-900	Lacerating			A armadura afiada causa sangramento e o HP diminui em $H_W_BAD-900$COLOR_END a cada $H_W_BAD1s$COLOR_END.	icon_status.minuscriticalresist_tex	icon_status.minuscriticalresist_tex	True
60005	KnockDownChance	Buff	True	perc	60000	0	0	Bulwark Etching III			Absorve danos de até $H_W_GOOD8000$COLOR_END. Assim que a quantidade máxima de absorção for excedida, o efeito desaparecerá independentemente do tempo de duração.	icon_items.body_enchant_scroll_3_tex	icon_items.body_enchant_scroll_3_tex	True
60005	Absorb	Buff	True	swch	60000	0	8000	Bulwark Etching III			Absorve danos de até $H_W_GOOD8000$COLOR_END. Assim que a quantidade máxima de absorção for excedida, o efeito desaparecerá independentemente do tempo de duração.	icon_items.body_enchant_scroll_3_tex	icon_items.body_enchant_scroll_3_tex	True
60006	HPChange	Buff	True	abs	15000	1	900	Recovery Etching III			Recupera continuamente o HP em $H_W_GOOD900$COLOR_END e o MP em $H_W_GOOD90$COLOR_END a cada $H_W_GOOD1s$COLOR_END.	icon_items.body_enchant_scroll_3_tex	icon_items.body_enchant_scroll_3_tex	True
60006	MPChange	Buff	True	abs	15000	1	90	Recovery Etching III			Recupera continuamente o HP em $H_W_GOOD900$COLOR_END e o MP em $H_W_GOOD90$COLOR_END a cada $H_W_GOOD1s$COLOR_END.	icon_items.body_enchant_scroll_3_tex	icon_items.body_enchant_scroll_3_tex	True
60007	Power	Buff	True	abs	259200000	0	3	Heaven's Elixir	6312	Heaven's Elixir	Aumenta a potência, a resistência, a resistência, o equilíbrio, a taxa de críticos e a velocidade de movimento em $H_W_GOOD3$COLOR_END por $H_W_GOOD259200s$COLOR_END de tempo real.	icon_items.drug_all_stats_up_tex	icon_items.drug_all_stats_up_tex	True
60007	Endurance	Buff	True	abs	259200000	0	3	Heaven's Elixir	6312	Heaven's Elixir	Aumenta a potência, a resistência, a resistência, o equilíbrio, a taxa de críticos e a velocidade de movimento em $H_W_GOOD3$COLOR_END por $H_W_GOOD259200s$COLOR_END de tempo real.	icon_items.drug_all_stats_up_tex	icon_items.drug_all_stats_up_tex	True
60007	MovSpd	Buff	True	abs	259200000	0	3	Heaven's Elixir	6312	Heaven's Elixir	Aumenta a potência, a resistência, a resistência, o equilíbrio, a taxa de críticos e a velocidade de movimento em $H_W_GOOD3$COLOR_END por $H_W_GOOD259200s$COLOR_END de tempo real.	icon_items.drug_all_stats_up_tex	icon_items.drug_all_stats_up_tex	True
60007	Crit	Buff	True	abs	259200000	0	3	Heaven's Elixir	6312	Heaven's Elixir	Aumenta a potência, a resistência, a resistência, o equilíbrio, a taxa de críticos e a velocidade de movimento em $H_W_GOOD3$COLOR_END por $H_W_GOOD259200s$COLOR_END de tempo real.	icon_items.drug_all_stats_up_tex	icon_items.drug_all_stats_up_tex	True
60007	ImpactEffective	Buff	True	abs	259200000	0	3	Heaven's Elixir	6312	Heaven's Elixir	Aumenta a potência, a resistência, a resistência, o equilíbrio, a taxa de críticos e a velocidade de movimento em $H_W_GOOD3$COLOR_END por $H_W_GOOD259200s$COLOR_END de tempo real.	icon_items.drug_all_stats_up_tex	icon_items.drug_all_stats_up_tex	True
60007	Ballance	Buff	True	abs	259200000	0	3	Heaven's Elixir	6312	Heaven's Elixir	Aumenta a potência, a resistência, a resistência, o equilíbrio, a taxa de críticos e a velocidade de movimento em $H_W_GOOD3$COLOR_END por $H_W_GOOD259200s$COLOR_END de tempo real.	icon_items.drug_all_stats_up_tex	icon_items.drug_all_stats_up_tex	True
60008	HPChange	DOT	False	abs	5000	1	-227	Weapon: Toxicity			O HP diminui em $H_W_BAD-227$COLOR_END a cada $H_W_BAD1s$COLOR_END.	icon_status.poisonstatus_tex	icon_status.poisonstatus_tex	True
60009	MovSpd	DOT	False	perc	5000	0	8	Weapon: Lightning			Reduz a velocidade de movimento em $H_W_BAD700%$COLOR_END e o HP em $H_W_BAD-882$COLOR_END a cada $H_W_BAD1s$COLOR_END.	icon_status.minusmove_tex	icon_status.minusmove_tex	True
60009	HPChange	DOT	False	abs	5000	1	-882	Weapon: Lightning			Reduz a velocidade de movimento em $H_W_BAD700%$COLOR_END e o HP em $H_W_BAD-882$COLOR_END a cada $H_W_BAD1s$COLOR_END.	icon_status.minusmove_tex	icon_status.minusmove_tex	True
60010	Endurance	Debuff	False	perc	20000	0	9	Armor: Hurricane			Reduz a defesa em $H_W_BAD800%$COLOR_END contra ventos fortes.	icon_skills.armorbreak_tex	icon_skills.armorbreak_tex	True
60011	HPChange	DOT	False	abs	5000	1	-351	Armor: Thorngrip			Sangramento. O HP diminui em $H_W_BAD-351$COLOR_END a cada $H_W_BAD1s$COLOR_END.	icon_status.minuscriticalresist_tex	icon_status.minuscriticalresist_tex	True
60012	Endurance	Buff	True	perc	60000	0	11	Armor: Carapace			Aumenta a resistência em $H_W_GOOD1000%$COLOR_END.	icon_status.plusedefence_tex	icon_status.plusedefence_tex	True
60013	HPChange	Buff	True	perc	10000	1	3	Armor: Lifeswell			Restaura $H_W_GOOD3%$COLOR_END do total de HP a cada $H_W_GOOD1s$COLOR_END.	icon_items.potion1_tex	icon_items.potion1_tex	True
60014	Power	Buff	True	abs	20000	0	15	Robust Etching			Aumenta a força em $H_W_GOOD15$COLOR_END e a velocidade de ataque em $H_W_GOOD10400%$COLOR_END.	icon_items.weapon_enchant_scroll_3_tex	icon_items.weapon_enchant_scroll_3_tex	True
60014	ASpd	Buff	True	perc	20000	0	105	Robust Etching			Aumenta a força em $H_W_GOOD15$COLOR_END e a velocidade de ataque em $H_W_GOOD10400%$COLOR_END.	icon_items.weapon_enchant_scroll_3_tex	icon_items.weapon_enchant_scroll_3_tex	True
60015	Crit	Buff	True	abs	20000	0	25	Sharp Etching III			Aumenta a taxa de críticos em $H_W_GOOD25$COLOR_END e a velocidade de ataque em $H_W_GOOD10400%$COLOR_END.	icon_items.weapon_enchant_scroll_3_tex	icon_items.weapon_enchant_scroll_3_tex	True
60015	ASpd	Buff	True	perc	20000	0	105	Sharp Etching III			Aumenta a taxa de críticos em $H_W_GOOD25$COLOR_END e a velocidade de ataque em $H_W_GOOD10400%$COLOR_END.	icon_items.weapon_enchant_scroll_3_tex	icon_items.weapon_enchant_scroll_3_tex	True
60016	MPChange	Buff	True	abs	1000	1	436	Infused Etching III			O MP recupera por $H_W_GOOD436$COLOR_END a cada $H_W_GOOD1s$COLOR_END.	icon_items.weapon_enchant_scroll_3_tex	icon_items.weapon_enchant_scroll_3_tex	True
60017	HPChange	DOT	False	abs	10000	1	-1200	Lacerating Etching			A armadura afiada causa sangramento e o HP diminui em $H_W_BAD-1200$COLOR_END a cada $H_W_BAD1s$COLOR_END.	icon_status.minuscriticalresist_tex	icon_status.minuscriticalresist_tex	True
60018	KnockDownChance	Buff	True	perc	60000	0	0	Bulwark Etching III			Absorve danos de até $H_W_GOOD12000$COLOR_END. Assim que a quantidade máxima de absorção for excedida, o efeito desaparecerá independentemente do tempo de duração.	icon_items.body_enchant_scroll_3_tex	icon_items.body_enchant_scroll_3_tex	True
60018	Absorb	Buff	True	swch	60000	0	12000	Bulwark Etching III			Absorve danos de até $H_W_GOOD12000$COLOR_END. Assim que a quantidade máxima de absorção for excedida, o efeito desaparecerá independentemente do tempo de duração.	icon_items.body_enchant_scroll_3_tex	icon_items.body_enchant_scroll_3_tex	True
60019	HPChange	Buff	True	abs	15000	1	1405	Recovery Etching III			Recupera continuamente o HP em $H_W_GOOD1405$COLOR_END e o MP em $H_W_GOOD145$COLOR_END a cada $H_W_GOOD1s$COLOR_END.	icon_items.body_enchant_scroll_3_tex	icon_items.body_enchant_scroll_3_tex	True
60019	MPChange	Buff	True	abs	15000	1	145	Recovery Etching III			Recupera continuamente o HP em $H_W_GOOD1405$COLOR_END e o MP em $H_W_GOOD145$COLOR_END a cada $H_W_GOOD1s$COLOR_END.	icon_items.body_enchant_scroll_3_tex	icon_items.body_enchant_scroll_3_tex	True
60020	MovSpd	DOT	False	perc	10000	0	5	Weak Energy Curse			Diminui o HP em $H_W_BAD-250$COLOR_END a cada $H_W_BAD1s$COLOR_END e diminui a velocidade de movimento em $H_W_BAD-250$COLOR_END.	icon_status.minusmove_tex	icon_status.minusmove_tex	True
60020	HPChange	DOT	False	abs	10000	1	-250	Weak Energy Curse			Diminui o HP em $H_W_BAD-250$COLOR_END a cada $H_W_BAD1s$COLOR_END e diminui a velocidade de movimento em $H_W_BAD-250$COLOR_END.	icon_status.minusmove_tex	icon_status.minusmove_tex	True
60021	Power	Debuff	False	perc	10000	0	5	Catastrophe Curse			Diminui a força em $H_W_BAD400%$COLOR_END e a velocidade de ataque em $H_W_BAD200%$COLOR_END.	icon_skills.ribbreaker_tex	icon_skills.ribbreaker_tex	True
60021	ASpd	Debuff	False	perc	10000	0	3	Catastrophe Curse			Diminui a força em $H_W_BAD400%$COLOR_END e a velocidade de ataque em $H_W_BAD200%$COLOR_END.	icon_skills.ribbreaker_tex	icon_skills.ribbreaker_tex	True
70201	MaxHP	Buff	True	perc	900000	0	105	Popped Cobseed	71415	Popped Cobseed	Aumenta o HP máximo em $H_W_GOOD10400%$COLOR_END.	icon_items.fallfestival_popcorn_tex	icon_items.fallfestival_popcorn_tex	True
70202	HPChange	Buff	True	perc	900000	5	1	Mudroot Salad	71416	Mudroot Salad	Restaura $H_W_GOOD1%$COLOR_END do seu HP total a cada $H_W_GOOD5s$COLOR_END.	icon_items.fallfestival_potatosalad_tex	icon_items.fallfestival_potatosalad_tex	True
70203	MPChange	Buff	True	perc	900000	5	1	Grilled Pigling	71417	Grilled Pigling	Restaura $H_W_GOOD1%$COLOR_END do seu total de PM a cada $H_W_GOOD5s$COLOR_END.	icon_items.q_roastmeat_tex	icon_items.q_roastmeat_tex	True
70211	MaxHP	Buff	True	perc	900000	0	105	Floretta Soup	71413	Floretta Soup	Aumenta o HP máximo em $H_W_GOOD10400%$COLOR_END e a taxa de críticos em $H_W_GOOD10$COLOR_END.	icon_items.fallfestival_broccolisoup_tex	icon_items.fallfestival_broccolisoup_tex	True
70211	Crit	Buff	True	abs	900000	0	10	Floretta Soup	71413	Floretta Soup	Aumenta o HP máximo em $H_W_GOOD10400%$COLOR_END e a taxa de críticos em $H_W_GOOD10$COLOR_END.	icon_items.fallfestival_broccolisoup_tex	icon_items.fallfestival_broccolisoup_tex	True
70212	Endurance	Buff	True	abs	900000	0	1	Moongourd Muffin	71414	Moongourd Muffin	Restaura $H_W_GOOD1%$COLOR_END do seu HP total a cada $H_W_GOOD5s$COLOR_END e aumenta a resistência em $H_W_GOOD1$COLOR_END.	icon_items.fallfestival_pumpkinmuffin_tex	icon_items.fallfestival_pumpkinmuffin_tex	True
70212	HPChange	Buff	True	perc	900000	5	1	Moongourd Muffin	71414	Moongourd Muffin	Restaura $H_W_GOOD1%$COLOR_END do seu HP total a cada $H_W_GOOD5s$COLOR_END e aumenta a resistência em $H_W_GOOD1$COLOR_END.	icon_items.fallfestival_pumpkinmuffin_tex	icon_items.fallfestival_pumpkinmuffin_tex	True
70213	Power	Buff	True	abs	900000	0	1	Shevranberry Cookie	71420	Shevranberry Cookie	Restaura $H_W_GOOD1%$COLOR_END do seu total de PM a cada $H_W_GOOD5s$COLOR_END e aumenta o poder em $H_W_GOOD1$COLOR_END.	icon_items.fallfestival_cookies_tex	icon_items.fallfestival_cookies_tex	True
70213	MPChange	Buff	True	perc	900000	5	1	Shevranberry Cookie	71420	Shevranberry Cookie	Restaura $H_W_GOOD1%$COLOR_END do seu total de PM a cada $H_W_GOOD5s$COLOR_END e aumenta o poder em $H_W_GOOD1$COLOR_END.	icon_items.fallfestival_cookies_tex	icon_items.fallfestival_cookies_tex	True
70221	MaxHP	Buff	True	perc	900000	0	105	Lamb Bulgogi	71418	Lamb Bulgogi	Aumenta o HP máximo em $H_W_GOOD10400%$COLOR_END, a taxa de críticos em $H_W_GOOD20$COLOR_END e a velocidade de ataque em $H_W_GOOD3$COLOR_END.	icon_items.fallfestival_bulgogi_tex	icon_items.fallfestival_bulgogi_tex	True
70221	Crit	Buff	True	abs	900000	0	20	Lamb Bulgogi	71418	Lamb Bulgogi	Aumenta o HP máximo em $H_W_GOOD10400%$COLOR_END, a taxa de críticos em $H_W_GOOD20$COLOR_END e a velocidade de ataque em $H_W_GOOD3$COLOR_END.	icon_items.fallfestival_bulgogi_tex	icon_items.fallfestival_bulgogi_tex	True
70221	ASpd	Buff	True	abs	900000	0	3	Lamb Bulgogi	71418	Lamb Bulgogi	Aumenta o HP máximo em $H_W_GOOD10400%$COLOR_END, a taxa de críticos em $H_W_GOOD20$COLOR_END e a velocidade de ataque em $H_W_GOOD3$COLOR_END.	icon_items.fallfestival_bulgogi_tex	icon_items.fallfestival_bulgogi_tex	True
70222	Endurance	Buff	True	abs	900000	0	2	Struthio Breast Salad	71419	Struthio Breast Salad	Restaura $H_W_GOOD1%$COLOR_END do seu HP total a cada $H_W_GOOD5s$COLOR_END enquanto aumenta a resistência em $H_W_GOOD2$COLOR_END e a velocidade de ataque em $H_W_GOOD3$COLOR_END.	icon_items.fallfestival_salad_tex	icon_items.fallfestival_salad_tex	True
70222	ASpd	Buff	True	abs	900000	0	3	Struthio Breast Salad	71419	Struthio Breast Salad	Restaura $H_W_GOOD1%$COLOR_END do seu HP total a cada $H_W_GOOD5s$COLOR_END enquanto aumenta a resistência em $H_W_GOOD2$COLOR_END e a velocidade de ataque em $H_W_GOOD3$COLOR_END.	icon_items.fallfestival_salad_tex	icon_items.fallfestival_salad_tex	True
70222	HPChange	Buff	True	perc	900000	5	1	Struthio Breast Salad	71419	Struthio Breast Salad	Restaura $H_W_GOOD1%$COLOR_END do seu HP total a cada $H_W_GOOD5s$COLOR_END enquanto aumenta a resistência em $H_W_GOOD2$COLOR_END e a velocidade de ataque em $H_W_GOOD3$COLOR_END.	icon_items.fallfestival_salad_tex	icon_items.fallfestival_salad_tex	True
70223	Power	Buff	True	abs	900000	0	2	Half-Moon Croquette	71421	Half-Moon Croquette	Restaura $H_W_GOOD1%$COLOR_END do seu MP total a cada $H_W_GOOD5s$COLOR_END enquanto aumenta o poder em $H_W_GOOD2$COLOR_END e a velocidade de ataque em $H_W_GOOD3$COLOR_END.	icon_items.fallfestival_croquette_tex	icon_items.fallfestival_croquette_tex	True
70223	ASpd	Buff	True	abs	900000	0	3	Half-Moon Croquette	71421	Half-Moon Croquette	Restaura $H_W_GOOD1%$COLOR_END do seu MP total a cada $H_W_GOOD5s$COLOR_END enquanto aumenta o poder em $H_W_GOOD2$COLOR_END e a velocidade de ataque em $H_W_GOOD3$COLOR_END.	icon_items.fallfestival_croquette_tex	icon_items.fallfestival_croquette_tex	True
70223	MPChange	Buff	True	perc	900000	5	1	Half-Moon Croquette	71421	Half-Moon Croquette	Restaura $H_W_GOOD1%$COLOR_END do seu MP total a cada $H_W_GOOD5s$COLOR_END enquanto aumenta o poder em $H_W_GOOD2$COLOR_END e a velocidade de ataque em $H_W_GOOD3$COLOR_END.	icon_items.fallfestival_croquette_tex	icon_items.fallfestival_croquette_tex	True
70231	Stamina	Buff	True	abs	900000	0	15	Freeholds Flame Salad	71423	Freeholds Flame Salad	Aumenta a resistência máxima em $H_W_GOOD15$COLOR_END para você e até 20 pessoas em um raio de 20 m.	icon_items.fallfestival_rikanosalad_tex	icon_items.fallfestival_rikanosalad_tex	True
70232	StaminaDecay	Buff	True	seta	900000	0	0	Bleak Wings	71424	Bleak Wings	Impede que a resistência diminua para você e para até 20 pessoas em um raio de 20 m.	icon_items.fallfestival_wing_tex	icon_items.fallfestival_wing_tex	True
70233	IncreasedHeal	Buff	True	perc	900000	0	109	Traditional Bleakfields BBQ	71422	Traditional Bleakfields BBQ	Aumenta os efeitos de cura em $H_W_GOOD10800%$COLOR_END para você e até 20 pessoas em um raio de 20 m.	icon_items.pigling_ribs_tex	icon_items.pigling_ribs_tex	True
70234	Drunk	Buff	True	60032	10000	1	0	Freeholds Root Beer	80078	Freeholds Root Beer	Anima o seu humor por um tempo, mas o chute pode deixá-lo muito tonto.	icon_items.solventd15_tex	icon_items.solventd15_tex	True
70235	Drunk	Buff	True	60032	10000	1	0	Shevranberry Wine	80079	Shevranberry Wine	Anima seu humor por um tempo, mas você pode se sentir muito tonto.	icon_items.solventa12_tex	icon_items.solventa12_tex	True
70236	KnockDownChance	Buff	True	perc	10000	0	0	Sky Lotus Drink	80080	Sky Lotus Drink	Torna-o $H_W_GOOD100%$COLOR_END resistente a knockdown e imobilização por 10s, mas você pode se sentir muito tonto.	icon_items.solventf16_tex	icon_items.solventf16_tex	True
70236	Drunk	Buff	True	60032	10000	1	0	Sky Lotus Drink	80080	Sky Lotus Drink	Torna-o $H_W_GOOD100%$COLOR_END resistente a knockdown e imobilização por 10s, mas você pode se sentir muito tonto.	icon_items.solventf16_tex	icon_items.solventf16_tex	True
70237	ASpd	Buff	True	abs	10000	0	20	Lein’s Dark Root Beer	80081	Lein's Dark Root Beer	Aumenta a velocidade de ataque em $H_W_GOOD20$COLOR_END por 10s, mas o chute pode deixá-lo muito tonto.	icon_items.solventc15_tex	icon_items.solventc15_tex	True
70237	Drunk	Buff	True	60032	10000	1	0	Lein’s Dark Root Beer	80081	Lein's Dark Root Beer	Aumenta a velocidade de ataque em $H_W_GOOD20$COLOR_END por 10s, mas o chute pode deixá-lo muito tonto.	icon_items.solventc15_tex	icon_items.solventc15_tex	True
70238	Endurance	Buff	True	abs	10000	0	10	Digory’s Honey Moongourd Drink	80082	Digory's Honey Moongourd Drink	Aumenta a resistência em $H_W_GOOD10$COLOR_END por 10s, mas você pode se sentir muito tonto.	icon_items.solventd5_tex	icon_items.solventd5_tex	True
70238	Drunk	Buff	True	60032	10000	1	0	Digory’s Honey Moongourd Drink	80082	Digory's Honey Moongourd Drink	Aumenta a resistência em $H_W_GOOD10$COLOR_END por 10s, mas você pode se sentir muito tonto.	icon_items.solventd5_tex	icon_items.solventd5_tex	True
70301	MovSpdInCombat	Buff	True	abs	180000	0	2	Tranquil Celerity			Aumenta a velocidade de movimento em combate em $H_W_GOOD2$COLOR_END. O efeito se acumula até três vezes.	icon_status.aura_of_wind_tex	icon_status.aura_of_wind_tex	True
70302	DamageAura	Buff	True	abs	180001	0	20	Tranquil Focus			Aumenta o dano da habilidade em $H_W_GOOD20$COLOR_END.	icon_status.aura_of_damage_tex	icon_status.aura_of_damage_tex	True
70303	Stamina	Buff	True	abs	180002	0	5	Tranquil Vigor			Aumenta a resistência máxima em $H_W_GOOD5$COLOR_END. O efeito se acumula até três vezes.	icon_status.aura_of_condition_tex	icon_status.aura_of_condition_tex	True
70304	HPChange	Buff	True	perc	180003	3	5	Tranquil Regeneration			Cura $H_W_GOOD0,5%$COLOR_END do total de HP por pilha a cada $H_W_GOOD3s$COLOR_END. O efeito é acumulado até três vezes.	icon_status.aura_of_regeneration_hp_tex	icon_status.aura_of_regeneration_hp_tex	True
70305	MPChange	Buff	True	perc	180004	3	5	Tranquil Replenishment			Regenera $H_W_GOOD0,5%$COLOR_END do total de PM por acúmulo a cada $H_W_GOOD3s$COLOR_END. O efeito é acumulado até três vezes.	icon_status.aura_of_regeneration_mp_tex	icon_status.aura_of_regeneration_mp_tex	True
82102	Endurance	Buff	True	perc	45000	0	13	Potion of Shielding			Diminui o dano de projéteis por 45s.	icon_items.potion16_tex	icon_items.potion16_tex	True
82102	Ballance	Buff	True	perc	45000	0	11	Potion of Shielding			Diminui o dano de projéteis por 45s.	icon_items.potion16_tex	icon_items.potion16_tex	True
82601	MovSpd	Buff	False	seta	5000	0	0	Sanguine Snag			A magia de sangue impede o movimento.	icon_status.staminadown_tex	icon_status.staminadown_tex	True
82601	MovSpdInCombat	Buff	False	seta	5000	0	0	Sanguine Snag			A magia de sangue impede o movimento.	icon_status.staminadown_tex	icon_status.staminadown_tex	True
82601	OutOfCombatMovSpd	Buff	False	seta	5000	0	0	Sanguine Snag			A magia de sangue impede o movimento.	icon_status.staminadown_tex	icon_status.staminadown_tex	True
82601	HPDrain	Buff	False	seta	5000	0	0	Sanguine Snag			A magia de sangue impede o movimento.	icon_status.staminadown_tex	icon_status.staminadown_tex	True
82601	Block	Buff	False	swch	5000	0	0	Sanguine Snag			A magia de sangue impede o movimento.	icon_status.staminadown_tex	icon_status.staminadown_tex	True
82605	Endurance	Debuff	True	perc	180000	0	100	Cruor Aegis			Dakuryon se protege com magia.<BR>Distraia-o para remover esse efeito.	icon_skills.darkexplosion_tex	icon_skills.darkexplosion_tex	True
82606	Immune	Debuff	True	seta	3000	0	0	Cruor Aegis			Dakuryon se protege com magia.<BR>Distraia-o para remover esse efeito.	icon_skills.darkexplosion_tex	icon_skills.darkexplosion_tex	True
82607	MovSpd	Buff	False	seta	600000	0	0	Sanguine Snag			A magia de sangue impede o movimento.	icon_status.staminadown_tex	icon_status.staminadown_tex	True
82607	MovSpdInCombat	Buff	False	seta	600000	0	0	Sanguine Snag			A magia de sangue impede o movimento.	icon_status.staminadown_tex	icon_status.staminadown_tex	True
82607	OutOfCombatMovSpd	Buff	False	seta	600000	0	0	Sanguine Snag			A magia de sangue impede o movimento.	icon_status.staminadown_tex	icon_status.staminadown_tex	True
82607	HPDrain	Buff	False	seta	600000	0	0	Sanguine Snag			A magia de sangue impede o movimento.	icon_status.staminadown_tex	icon_status.staminadown_tex	True
82607	Block	Buff	False	swch	600000	0	0	Sanguine Snag			A magia de sangue impede o movimento.	icon_status.staminadown_tex	icon_status.staminadown_tex	True
90100	KnockDownChance	Buff	True	perc	180000	0	7	Deft Footwork			Os outros jogadores têm menos chance de derrubá-lo ou de deixá-lo atordoado.	icon_skills.duelmastery_tex	icon_skills.duelmastery_tex	True
90101	HPChange	Buff	True	perc	10000	1	5	Resilience of Body			Cura $H_W_GOOD5%$COLOR_END do total de HP a cada $H_W_GOOD1s$COLOR_END.	icon_skills.toughnut_tex	icon_skills.toughnut_tex	True
90200	MPChange	Buff	True	perc	10000	1	5	Resilience of Mind			Restaura $H_W_GOOD5%$COLOR_END do total de MP a cada $H_W_GOOD1s$COLOR_END.	icon_skills.arcanebirthright_tex	icon_skills.arcanebirthright_tex	True
90300	MovSpdInCombat	Buff	True	abs	180000	0	30	Skirmish Running			A velocidade de movimento aumenta em $H_W_GOOD30$COLOR_END durante o combate, mas as chances de ser imobilizado ou derrubado aumentam em $H_W_BAD1100%$COLOR_END. Termina se for derrubado.	icon_skills.markoflok_tex	icon_skills.markoflok_tex	True
90300	KnockDownChance	Buff	True	perc	180000	0	12	Skirmish Running			A velocidade de movimento aumenta em $H_W_GOOD30$COLOR_END durante o combate, mas as chances de ser imobilizado ou derrubado aumentam em $H_W_BAD1100%$COLOR_END. Termina se for derrubado.	icon_skills.markoflok_tex	icon_skills.markoflok_tex	True
90400	KnockDownChance	Buff	True	perc	30000	0	5	Last Aman Standing			As chances de ser imobilizado ou derrubado diminuem.	icon_skills.expertfighter_tex	icon_skills.expertfighter_tex	True
90500	MovSpd	Buff	True	setp	60000	0	6	Soothing Presence			[Presença Tranquilizante] Diminui a velocidade de movimento em $H_W_BAD500%$COLOR_END, mas os inimigos não atacarão a menos que você os ataque. O efeito termina se você usar outra habilidade ou item ou entrar em combate.	icon_skills.naturesfriend_tex	icon_skills.naturesfriend_tex	True
90500	HPDrain	Buff	True	perc	60000	0	9	Soothing Presence			[Presença Tranquilizante] Diminui a velocidade de movimento em $H_W_BAD500%$COLOR_END, mas os inimigos não atacarão a menos que você os ataque. O efeito termina se você usar outra habilidade ou item ou entrar em combate.	icon_skills.naturesfriend_tex	icon_skills.naturesfriend_tex	True
90500	AllowAggro	Buff	True	perc	60000	0	0	Soothing Presence			[Presença Tranquilizante] Diminui a velocidade de movimento em $H_W_BAD500%$COLOR_END, mas os inimigos não atacarão a menos que você os ataque. O efeito termina se você usar outra habilidade ou item ou entrar em combate.	icon_skills.naturesfriend_tex	icon_skills.naturesfriend_tex	True
90510	OutOfCombatMovSpd	Buff	True	abs	180000	0	20	Horizon Run			[Corrida do Horizonte] Sua velocidade de movimento fora de combate aumenta em $H_W_GOOD20$COLOR_END.	icon_skills.journeyman_tex	icon_skills.journeyman_tex	True
90600	HPChange	Buff	True	perc	1000	1	1	Ancient Wellspring			Teste	icon_skills.earthmeld_tex	icon_skills.earthmeld_tex	False
100100	Power	Buff	True	perc	0	0	136	Sniper's Eye			Aumenta a potência em $H_W_GOOD13500%$COLOR_END e a taxa crítica em $H_W_GOOD30$COLOR_END. No entanto, diminui a resistência em $H_W_BAD800%$COLOR_END.	icon_skills.focusstance_tex	icon_skills.ironwilla_tex	True
100100	Endurance	Buff	True	perc	0	0	9	Sniper's Eye			Aumenta a potência em $H_W_GOOD13500%$COLOR_END e a taxa crítica em $H_W_GOOD30$COLOR_END. No entanto, diminui a resistência em $H_W_BAD800%$COLOR_END.	icon_skills.focusstance_tex	icon_skills.ironwilla_tex	True
100100	Crit	Buff	True	abs	0	0	30	Sniper's Eye			Aumenta a potência em $H_W_GOOD13500%$COLOR_END e a taxa crítica em $H_W_GOOD30$COLOR_END. No entanto, diminui a resistência em $H_W_BAD800%$COLOR_END.	icon_skills.focusstance_tex	icon_skills.ironwilla_tex	True
100100	209	Buff	True	perc	0	0	0	Sniper's Eye			Aumenta a potência em $H_W_GOOD13500%$COLOR_END e a taxa crítica em $H_W_GOOD30$COLOR_END. No entanto, diminui a resistência em $H_W_BAD800%$COLOR_END.	icon_skills.focusstance_tex	icon_skills.ironwilla_tex	True
100101	Power	Buff	True	perc	0	0	148	Assault Stance II			Aumenta a potência em $H_W_GOOD14700%$COLOR_END e a taxa crítica em $H_W_GOOD40$COLOR_END. No entanto, a resistência diminui em $H_W_BAD800%$COLOR_END.	icon_skills.ironwilla_tex	icon_skills.ironwilla_tex	True
100101	Endurance	Buff	True	perc	0	0	9	Assault Stance II			Aumenta a potência em $H_W_GOOD14700%$COLOR_END e a taxa crítica em $H_W_GOOD40$COLOR_END. No entanto, a resistência diminui em $H_W_BAD800%$COLOR_END.	icon_skills.ironwilla_tex	icon_skills.ironwilla_tex	True
100101	Crit	Buff	True	abs	0	0	40	Assault Stance II			Aumenta a potência em $H_W_GOOD14700%$COLOR_END e a taxa crítica em $H_W_GOOD40$COLOR_END. No entanto, a resistência diminui em $H_W_BAD800%$COLOR_END.	icon_skills.ironwilla_tex	icon_skills.ironwilla_tex	True
100101	209	Buff	True	perc	0	0	0	Assault Stance II			Aumenta a potência em $H_W_GOOD14700%$COLOR_END e a taxa crítica em $H_W_GOOD40$COLOR_END. No entanto, a resistência diminui em $H_W_BAD800%$COLOR_END.	icon_skills.ironwilla_tex	icon_skills.ironwilla_tex	True
100102	Power	Buff	True	perc	0	0	16	Assault Stance			Aumenta a potência em $H_W_GOOD1500%$COLOR_END e a taxa crítica em $H_W_GOOD50$COLOR_END. No entanto, a resistência diminui em $H_W_BAD800%$COLOR_END.	icon_skills.ironwilla_tex	icon_skills.ironwilla_tex	True
100102	Endurance	Buff	True	perc	0	0	9	Assault Stance			Aumenta a potência em $H_W_GOOD1500%$COLOR_END e a taxa crítica em $H_W_GOOD50$COLOR_END. No entanto, a resistência diminui em $H_W_BAD800%$COLOR_END.	icon_skills.ironwilla_tex	icon_skills.ironwilla_tex	True
100102	Crit	Buff	True	abs	0	0	50	Assault Stance			Aumenta a potência em $H_W_GOOD1500%$COLOR_END e a taxa crítica em $H_W_GOOD50$COLOR_END. No entanto, a resistência diminui em $H_W_BAD800%$COLOR_END.	icon_skills.ironwilla_tex	icon_skills.ironwilla_tex	True
100102	209	Buff	True	perc	0	0	0	Assault Stance			Aumenta a potência em $H_W_GOOD1500%$COLOR_END e a taxa crítica em $H_W_GOOD50$COLOR_END. No entanto, a resistência diminui em $H_W_BAD800%$COLOR_END.	icon_skills.ironwilla_tex	icon_skills.ironwilla_tex	True
100103	Power	Buff	True	perc	0	0	166	Assault Stance IV			Aumenta a potência em $H_W_GOOD16500%$COLOR_END e a taxa crítica em $H_W_GOOD55$COLOR_END. No entanto, diminui a resistência em $H_W_BAD800%$COLOR_END.	icon_skills.ironwilla_tex	icon_skills.ironwilla_tex	True
100103	Endurance	Buff	True	perc	0	0	9	Assault Stance IV			Aumenta a potência em $H_W_GOOD16500%$COLOR_END e a taxa crítica em $H_W_GOOD55$COLOR_END. No entanto, diminui a resistência em $H_W_BAD800%$COLOR_END.	icon_skills.ironwilla_tex	icon_skills.ironwilla_tex	True
100103	Crit	Buff	True	abs	0	0	55	Assault Stance IV			Aumenta a potência em $H_W_GOOD16500%$COLOR_END e a taxa crítica em $H_W_GOOD55$COLOR_END. No entanto, diminui a resistência em $H_W_BAD800%$COLOR_END.	icon_skills.ironwilla_tex	icon_skills.ironwilla_tex	True
100103	209	Buff	True	perc	0	0	0	Assault Stance IV			Aumenta a potência em $H_W_GOOD16500%$COLOR_END e a taxa crítica em $H_W_GOOD55$COLOR_END. No entanto, diminui a resistência em $H_W_BAD800%$COLOR_END.	icon_skills.ironwilla_tex	icon_skills.ironwilla_tex	True
100200	Endurance	Buff	True	perc	0	0	115	Defensive Stance I			Aumenta a resistência em $H_W_GOOD11400%$COLOR_END e o equilíbrio em $H_W_GOOD20$COLOR_END. Os ataques atraem $H_W_GOOD14400%$COLOR_END mais agressividade.	icon_skills.ironwillb_tex	icon_skills.ironwillb_tex	True
100200	Ballance	Buff	True	abs	0	0	20	Defensive Stance I			Aumenta a resistência em $H_W_GOOD11400%$COLOR_END e o equilíbrio em $H_W_GOOD20$COLOR_END. Os ataques atraem $H_W_GOOD14400%$COLOR_END mais agressividade.	icon_skills.ironwillb_tex	icon_skills.ironwillb_tex	True
100200	Aggro	Buff	True	perc	0	0	145	Defensive Stance I			Aumenta a resistência em $H_W_GOOD11400%$COLOR_END e o equilíbrio em $H_W_GOOD20$COLOR_END. Os ataques atraem $H_W_GOOD14400%$COLOR_END mais agressividade.	icon_skills.ironwillb_tex	icon_skills.ironwillb_tex	True
100200	209	Buff	True	perc	0	0	0	Defensive Stance I			Aumenta a resistência em $H_W_GOOD11400%$COLOR_END e o equilíbrio em $H_W_GOOD20$COLOR_END. Os ataques atraem $H_W_GOOD14400%$COLOR_END mais agressividade.	icon_skills.ironwillb_tex	icon_skills.ironwillb_tex	True
100201	Endurance	Buff	True	perc	0	0	12	Defensive Stance II			Aumenta a resistência em $H_W_GOOD1100%$COLOR_END e o equilíbrio em $H_W_GOOD20$COLOR_END. Os ataques atraem $H_W_GOOD15400%$COLOR_END mais agressividade.	icon_skills.ironwillb_tex	icon_skills.ironwillb_tex	True
100201	Ballance	Buff	True	abs	0	0	20	Defensive Stance II			Aumenta a resistência em $H_W_GOOD1100%$COLOR_END e o equilíbrio em $H_W_GOOD20$COLOR_END. Os ataques atraem $H_W_GOOD15400%$COLOR_END mais agressividade.	icon_skills.ironwillb_tex	icon_skills.ironwillb_tex	True
100201	Aggro	Buff	True	perc	0	0	155	Defensive Stance II			Aumenta a resistência em $H_W_GOOD1100%$COLOR_END e o equilíbrio em $H_W_GOOD20$COLOR_END. Os ataques atraem $H_W_GOOD15400%$COLOR_END mais agressividade.	icon_skills.ironwillb_tex	icon_skills.ironwillb_tex	True
100201	209	Buff	True	perc	0	0	0	Defensive Stance II			Aumenta a resistência em $H_W_GOOD1100%$COLOR_END e o equilíbrio em $H_W_GOOD20$COLOR_END. Os ataques atraem $H_W_GOOD15400%$COLOR_END mais agressividade.	icon_skills.ironwillb_tex	icon_skills.ironwillb_tex	True
100202	Endurance	Buff	True	perc	0	0	125	Defensive Stance			Aumenta a resistência em $H_W_GOOD12400%$COLOR_END e os ataques atraem $H_W_GOOD100%$COLOR_END mais agressividade.	icon_skills.ironwillb_tex	icon_skills.ironwillb_tex	True
100202	Ballance	Buff	True	abs	0	0	20	Defensive Stance			Aumenta a resistência em $H_W_GOOD12400%$COLOR_END e os ataques atraem $H_W_GOOD100%$COLOR_END mais agressividade.	icon_skills.ironwillb_tex	icon_skills.ironwillb_tex	True
100202	Aggro	Buff	True	perc	0	0	17	Defensive Stance			Aumenta a resistência em $H_W_GOOD12400%$COLOR_END e os ataques atraem $H_W_GOOD100%$COLOR_END mais agressividade.	icon_skills.ironwillb_tex	icon_skills.ironwillb_tex	True
100202	209	Buff	True	perc	0	0	0	Defensive Stance			Aumenta a resistência em $H_W_GOOD12400%$COLOR_END e os ataques atraem $H_W_GOOD100%$COLOR_END mais agressividade.	icon_skills.ironwillb_tex	icon_skills.ironwillb_tex	True
100203	Endurance	Buff	True	perc	0	0	125	Defensive Stance IV			Aumenta a resistência em $H_W_GOOD12400%$COLOR_END e o equilíbrio em $H_W_GOOD30$COLOR_END. Os ataques atraem $H_W_GOOD18400%$COLOR_END mais agressividade.	icon_skills.ironwillb_tex	icon_skills.ironwillb_tex	True
100203	Ballance	Buff	True	abs	0	0	30	Defensive Stance IV			Aumenta a resistência em $H_W_GOOD12400%$COLOR_END e o equilíbrio em $H_W_GOOD30$COLOR_END. Os ataques atraem $H_W_GOOD18400%$COLOR_END mais agressividade.	icon_skills.ironwillb_tex	icon_skills.ironwillb_tex	True
100203	Aggro	Buff	True	perc	0	0	185	Defensive Stance IV			Aumenta a resistência em $H_W_GOOD12400%$COLOR_END e o equilíbrio em $H_W_GOOD30$COLOR_END. Os ataques atraem $H_W_GOOD18400%$COLOR_END mais agressividade.	icon_skills.ironwillb_tex	icon_skills.ironwillb_tex	True
100203	209	Buff	True	perc	0	0	0	Defensive Stance IV			Aumenta a resistência em $H_W_GOOD12400%$COLOR_END e o equilíbrio em $H_W_GOOD30$COLOR_END. Os ataques atraem $H_W_GOOD18400%$COLOR_END mais agressividade.	icon_skills.ironwillb_tex	icon_skills.ironwillb_tex	True
100300	Stun	Stun	False	swch	2000	0	5	Battle Cry			Atordoado. Não pode se mover.	icon_skills.thunderingroar_tex	icon_skills.thunderingroar_tex	True
100301	Stun	Stun	False	swch	4000	0	5	Battle Cry			Atordoado. Não pode se mover.	icon_skills.thunderingroar_tex	icon_skills.thunderingroar_tex	True
100400	209	Buff	True	perc	5000	0	0	Evasive Roll			Agora você pode usar o Vortex Slash.	icon_skills.tumbling_tex	icon_skills.allroundslash_tex	True
100500	HPChange	DOT	False	abs	10000	2	-116	Poison Blade I			Perder $H_W_BAD-116$COLOR_END HP a cada $H_W_BAD2s$COLOR_END.	icon_skills.poisonblowattack_tex	icon_skills.poisonblowattack_tex	True
100501	HPChange	DOT	False	abs	10000	2	-175	Poison Blade II			Perder $H_W_BAD-175$COLOR_END HP a cada $H_W_BAD2s$COLOR_END.	icon_skills.poisonblowattack_tex	icon_skills.poisonblowattack_tex	True
100502	HPChange	DOT	False	abs	10000	2	-292	Poison Blade III			Perder $H_W_BAD-292$COLOR_END HP a cada $H_W_BAD2s$COLOR_END.	icon_skills.poisonblowattack_tex	icon_skills.poisonblowattack_tex	True
100503	HPChange	DOT	False	abs	10000	2	-438	Poison Blade IV			Perder $H_W_BAD-438$COLOR_END HP a cada $H_W_BAD2s$COLOR_END.	icon_skills.poisonblowattack_tex	icon_skills.poisonblowattack_tex	True
100504	HPChange	DOT	False	abs	10000	2	-612	Poison Blade V			Perder $H_W_BAD-612$COLOR_END HP a cada $H_W_BAD2s$COLOR_END.	icon_skills.poisonblowattack_tex	icon_skills.poisonblowattack_tex	True
100505	HPChange	DOT	False	abs	10000	2	-845	Poison Blade VI			Perder $H_W_BAD-845$COLOR_END HP a cada $H_W_BAD2s$COLOR_END.	icon_skills.poisonblowattack_tex	icon_skills.poisonblowattack_tex	True
100506	HPChange	DOT	False	abs	10000	2	-1428	Poison Blade VII			Perder $H_W_BAD-1428$COLOR_END HP a cada $H_W_BAD2s$COLOR_END.	icon_skills.poisonblowattack_tex	icon_skills.poisonblowattack_tex	True
100507	HPChange	DOT	False	abs	10000	2	-1892	Poison Blade			Perder $H_W_BAD-1892$COLOR_END HP a cada $H_W_BAD2s$COLOR_END.	icon_skills.poisonblowattack_tex	icon_skills.poisonblowattack_tex	True
100508	HPChange	DOT	False	abs	10000	2	-6068	Poison Blade IX			Perder $H_W_BAD-6068$COLOR_END HP a cada $H_W_BAD2s$COLOR_END.	icon_skills.poisonblowattack_tex	icon_skills.poisonblowattack_tex	True
100520	HPChange	DOT	False	abs	10000	2	-92	Poison Blade I			Perder $H_W_BAD-92$COLOR_END HP a cada $H_W_BAD2s$COLOR_END.	icon_skills.poisonblowattack_tex	icon_skills.poisonblowattack_tex	True
100521	HPChange	DOT	False	abs	10000	2	-127	Poison Blade II			Perder $H_W_BAD-127$COLOR_END HP a cada $H_W_BAD2s$COLOR_END.	icon_skills.poisonblowattack_tex	icon_skills.poisonblowattack_tex	True
100522	HPChange	DOT	False	abs	10000	2	-175	Poison Blade III			Perder $H_W_BAD-175$COLOR_END HP a cada $H_W_BAD2s$COLOR_END.	icon_skills.poisonblowattack_tex	icon_skills.poisonblowattack_tex	True
100523	HPChange	DOT	False	abs	10000	2	-242	Poison Blade IV			Perder $H_W_BAD-242$COLOR_END HP a cada $H_W_BAD2s$COLOR_END.	icon_skills.poisonblowattack_tex	icon_skills.poisonblowattack_tex	True
100524	HPChange	DOT	False	abs	10000	2	-334	Poison Blade V			Perder $H_W_BAD-334$COLOR_END HP a cada $H_W_BAD2s$COLOR_END.	icon_skills.poisonblowattack_tex	icon_skills.poisonblowattack_tex	True
100525	HPChange	DOT	False	abs	10000	2	-461	Poison Blade VI			Perder $H_W_BAD-461$COLOR_END HP a cada $H_W_BAD2s$COLOR_END.	icon_skills.poisonblowattack_tex	icon_skills.poisonblowattack_tex	True
100526	HPChange	DOT	False	abs	10000	2	-720	Poison Blade VII			Perder $H_W_BAD-720$COLOR_END HP a cada $H_W_BAD2s$COLOR_END.	icon_skills.poisonblowattack_tex	icon_skills.poisonblowattack_tex	True
100527	HPChange	DOT	False	abs	10000	2	-954	Poison Blade VIII			Perder $H_W_BAD-954$COLOR_END HP a cada $H_W_BAD2s$COLOR_END.	icon_skills.poisonblowattack_tex	icon_skills.poisonblowattack_tex	True
100528	HPChange	DOT	False	abs	10000	2	-1420	Poison Blade IX			Perder $H_W_BAD-1420$COLOR_END HP a cada $H_W_BAD2s$COLOR_END.	icon_skills.poisonblowattack_tex	icon_skills.poisonblowattack_tex	True
100600	MovSpd	Debuff	False	setp	5000	0	85	Inescapable Doom			Seu quarto uso consecutivo da habilidade Ataque Combinado reduz a velocidade de ataque e o movimento do seu oponente em $H_W_GOOD15%$COLOR_END. Você gasta $H_W_BAD-10$COLOR_END de PM a cada $H_W_BAD2s$COLOR_END enquanto esse efeito estiver ativo.	icon_skills.murderousvent_tex	icon_skills.aimingankle_tex	True
100600	MPChange	Buff	True	abs	0	2	-10	Inescapable Doom			Seu quarto uso consecutivo da habilidade Ataque Combinado reduz a velocidade de ataque e o movimento do seu oponente em $H_W_GOOD15%$COLOR_END. Você gasta $H_W_BAD-10$COLOR_END de PM a cada $H_W_BAD2s$COLOR_END enquanto esse efeito estiver ativo.	icon_skills.murderousvent_tex	icon_skills.aimingankle_tex	True
100630	MovSpd	Debuff	False	setp	5000	0	85	Mangle			A velocidade diminui em $H_W_BAD8400%$COLOR_END.	icon_skills.aimingankle_tex	icon_skills.aimingankle_tex	True
100630	ASpd	Debuff	False	perc	5000	0	85	Mangle			A velocidade diminui em $H_W_BAD8400%$COLOR_END.	icon_skills.aimingankle_tex	icon_skills.aimingankle_tex	True
100630	HPDrain	Debuff	False	perc	5000	0	9	Mangle			A velocidade diminui em $H_W_BAD8400%$COLOR_END.	icon_skills.aimingankle_tex	icon_skills.aimingankle_tex	True
100700	209	Buff	True	perc	5000	0	0	Staggering Counter Active			Agora você pode usar o Staggering Counter.	icon_skills.reversalturningattack_tex	icon_skills.reversalturningattack_tex	True
100800	Crit	Buff	True	abs	20000	0	36	Deadly Gamble			A taxa de críticos aumenta em $H_W_GOOD36$COLOR_END, enquanto a resistência a críticos diminui em $H_W_BAD-30$COLOR_END.	icon_skills.deadlywill_tex	icon_skills.deadlywill_tex	True
100800	CritResist	Buff	True	abs	20000	0	-30	Deadly Gamble			A taxa de críticos aumenta em $H_W_GOOD36$COLOR_END, enquanto a resistência a críticos diminui em $H_W_BAD-30$COLOR_END.	icon_skills.deadlywill_tex	icon_skills.deadlywill_tex	True
100801	Crit	Buff	True	abs	20000	0	48	Deadly Gamble II			A taxa de crítico aumenta em $H_W_GOOD48$COLOR_END por 20s . No entanto, a resistência a críticos diminui em $H_W_BAD-30$COLOR_END. A recarga da habilidade de ataque corpo a corpo diminui em $H_W_GOOD50%$COLOR_END.	icon_skills.deadlywill_tex	icon_skills.deadlywill_tex	True
100801	CritResist	Buff	True	abs	20000	0	-30	Deadly Gamble II			A taxa de crítico aumenta em $H_W_GOOD48$COLOR_END por 20s . No entanto, a resistência a críticos diminui em $H_W_BAD-30$COLOR_END. A recarga da habilidade de ataque corpo a corpo diminui em $H_W_GOOD50%$COLOR_END.	icon_skills.deadlywill_tex	icon_skills.deadlywill_tex	True
100801	CDR	Buff	True	perc	20000	0	5	Deadly Gamble II			A taxa de crítico aumenta em $H_W_GOOD48$COLOR_END por 20s . No entanto, a resistência a críticos diminui em $H_W_BAD-30$COLOR_END. A recarga da habilidade de ataque corpo a corpo diminui em $H_W_GOOD50%$COLOR_END.	icon_skills.deadlywill_tex	icon_skills.deadlywill_tex	True
100802	CDR	Buff	True	perc	20000	0	5	Deadly Gamble II_reduced cooldown			Anormalidade invisível.			False
100803	CDR	Buff	True	perc	20000	0	5	Deadly Gamble II_reduced cooldown			Anormalidade invisível.			False
100900	Stun	Stun	False	swch	4000	0	5	Cascade of Stuns I			Atordoado. Não pode se mover.	icon_skills.hardslash_tex	icon_skills.hardslash_tex	True
100901	Stun	Stun	False	swch	4000	0	5	Cascade of Stuns II			Atordoado. Não pode se mover.	icon_skills.hardslash_tex	icon_skills.hardslash_tex	True
101000	Stun	Stun	False	swch	3000	0	5	Backstab			Não pode se mover. Termina se for derrubado.	icon_skills.backattack_tex	icon_skills.backattack_tex	True
101001	Stun	Stun	False	swch	3200	0	5	Backstab II			Não pode se mover. Termina se for derrubado.	icon_skills.backattack_tex	icon_skills.backattack_tex	True
101100	Stun	Stun	False	swch	3000	0	5	Staggering Counter I			Atordoado. Não pode se mover.	icon_skills.reversalturningattack_tex	icon_skills.reversalturningattack_tex	True
101101	Stun	Stun	False	swch	3000	0	5	Staggering Counter II			Atordoado. Não pode se mover.	icon_skills.reversalturningattack_tex	icon_skills.reversalturningattack_tex	True
101200	Endurance	Debuff	False	perc	15000	0	945	Combative Strike			Reduz a resistência em $H_W_BAD94400%$COLOR_END.	icon_skills.aggravatingstrike_tex	icon_skills.aggravatingstrike_tex	True
101220	Endurance	Debuff	False	perc	15000	0	945	Combative Strike			Reduz a resistência em $H_W_BAD94400%$COLOR_END e a recuperação de HP em $H_W_BAD400%$COLOR_END.	icon_skills.aggravatingstrike_tex	icon_skills.aggravatingstrike_tex	True
101220	IncreasedHeal	Debuff	False	perc	15000	0	5	Combative Strike			Reduz a resistência em $H_W_BAD94400%$COLOR_END e a recuperação de HP em $H_W_BAD400%$COLOR_END.	icon_skills.aggravatingstrike_tex	icon_skills.aggravatingstrike_tex	True
101300	Endurance	Debuff	False	perc	18000	0	9945	Traverse Cut			A resistência diminui em $H_W_BAD0.85%$COLOR_END. O efeito se acumula até 13 vezes.	icon_skills.dualrapidpiercing_tex	icon_skills.dualrapidpiercing_tex	True
101400	MovSpd	Debuff	False	setp	3000	0	5	Pounce			A velocidade de deslocamento diminui em $H_W_BAD400%$COLOR_END.	icon_skills.heavybite_tex	icon_skills.heavybite_tex	True
101400	HPDrain	Debuff	False	perc	3000	0	7	Pounce			A velocidade de deslocamento diminui em $H_W_BAD400%$COLOR_END.	icon_skills.heavybite_tex	icon_skills.heavybite_tex	True
101500	DefPotion	Debuff	False	perc	15000	0	125	Reaping Slash			Recebe $H_W_BAD12400%$COLOR_END mais dano da Scythe.	icon_skills.rupture_tex	icon_skills.rupture_tex	True
101600	Endurance	Buff	True	perc	15000	0	1	Smoke Flanker			Sua sombra dura por um período definido.	icon_skills.voidtrap_tex	icon_skills.voidtrap_tex	True
101700	StackCounter	Buff	True	seta	10000	0	101750	Combo Attack			Aumenta a velocidade do ataque combinado após 14 acertos bem-sucedidos com ataques combinados.	icon_skills.comboattack_tex	icon_skills.comboattack_tex	True
101750	SkillCastSpeed	Buff	True	perc	10000	0	12	Combo Attack			Aumenta a velocidade do ataque combinado em $H_W_GOOD1100%$COLOR_END.	icon_skills.comboattack_tex	icon_skills.comboattack_tex	True
101800	ReloadingSkill	Buff	True	perc	5000	0	1034	Foe Harvest			Atraia inimigos para você enquanto o poder estiver em vigor.	icon_skills.bindingblade_tex	icon_skills.bindingblade_tex	True
101801	Block	Buff	True	swch	3000	0	0	Binding Sword			Bônus para o lançador de Binding Sword. Anormalidade invisível	icon_skills.bindingblade_tex	icon_skills.bindingblade_tex	False
101801	ReloadingSkill	Buff	True	perc	3000	0	1034	Binding Sword			Bônus para o lançador de Binding Sword. Anormalidade invisível	icon_skills.bindingblade_tex	icon_skills.bindingblade_tex	False
101900	263	Debuff	False	perc	5000	0	101800	Binding Sword			Colhido. Vulnerável por 5s.	icon_skills.bindingblade_tex	icon_skills.bindingblade_tex	True
200100	Stun	Stun	False	swch	2000	0	5	Thunderbolt			Atordoado. Não pode se mover.	icon_skills.thunderdrake_tex	icon_skills.hookthrow_tex	True
200200	BuffNearbyParty	Buff	True	swch	30000	3	200230	Guardian Shout I			Os outros membros do seu grupo recebem $H_W_GOODGuardian Power$COLOR_END quando estiverem a até 20 m de você. Termina se você for derrubado.	icon_skills.inspiringroar_tex	icon_skills.inspiringroar_tex	True
200201	BuffNearbyParty	Buff	True	swch	40000	3	200231	Guardian Shout			Os outros membros do seu grupo recebem $H_W_GOODGuardian Power$COLOR_END quando estiverem a até 20 m de você. Termina se você for derrubado.	icon_skills.inspiringroar_tex	icon_skills.inspiringroar_tex	True
200202	BuffNearbyParty	Buff	True	swch	45000	3	200232	Guardian Shout III			Os outros membros do seu grupo recebem $H_W_GOODGuardian Power$COLOR_END quando estiverem a até 20 m de você. Termina se você for derrubado.	icon_skills.inspiringroar_tex	icon_skills.inspiringroar_tex	True
200230	Endurance	Buff	True	perc	0	0	191	Guardian Power I			A resistência aumenta em $H_W_GOOD19000%$COLOR_END enquanto estiver a 20 m do lançador.	icon_status.plusedefence_tex	icon_status.plusedefence_tex	True
200231	Endurance	Buff	True	perc	0	0	191	Guardian Power II			A resistência aumenta em $H_W_GOOD19000%$COLOR_END enquanto estiver a 20 m do lançador.	icon_status.plusedefence_tex	icon_status.plusedefence_tex	True
200232	Endurance	Buff	True	perc	0	0	191	Guardian Power III			A resistência aumenta em $H_W_GOOD19000%$COLOR_END enquanto estiver a 20 m do lançador.	icon_status.plusedefence_tex	icon_status.plusedefence_tex	True
200300	Endurance	Debuff	False	perc	12000	0	97	Debilitate			A resistência diminui em $H_W_BAD9600%$COLOR_END (cumulativo até 3 acertos). Quando envolvido em PvP, também diminui a recuperação de HP do alvo em $H_W_BAD50%$COLOR_END em qualquer número de acúmulos.	icon_skills.armorbreak_tex	icon_skills.armorbreak_tex	True
200301	Endurance	Debuff	False	perc	15000	0	97	Debilitate II			A resistência diminui em $H_W_BAD9600%$COLOR_END (cumulativo até 3 acertos). Quando envolvido em PvP, também diminui a recuperação de HP do alvo em $H_W_BAD50%$COLOR_END em qualquer número de acúmulos.	icon_skills.armorbreak_tex	icon_skills.armorbreak_tex	True
200302	Endurance	Debuff	False	perc	18000	0	965	Debilitate III			A resistência diminui em $H_W_BAD96400%$COLOR_END (cumulativo até 3 acertos). Quando envolvido em PvP, também diminui a recuperação de HP do alvo em $H_W_BAD50%$COLOR_END em qualquer número de acúmulos.	icon_skills.armorbreak_tex	icon_skills.armorbreak_tex	True
200350	IncreasedHeal	Debuff	False	perc	12000	0	5	Debilitate				icon_skills.armorbreak_tex	icon_skills.armorbreak_tex	False
200351	IncreasedHeal	Debuff	False	perc	15000	0	5	Debilitate II				icon_skills.armorbreak_tex	icon_skills.armorbreak_tex	False
200352	IncreasedHeal	Debuff	False	perc	15000	0	5	Debilitate III			Teste	icon_skills.armorbreak_tex	icon_skills.armorbreak_tex	False
200400	Stun	Stun	False	swch	4000	0	5	Shield Bash			Atordoado. Não pode se mover.	icon_skills.shieldstrike_tex	icon_skills.shieldstrike_tex	True
200500	Power	Buff	True	abs	2000	0	0	Mana Extraction			###A mana extraída de uma Pedra Mágica restaura rapidamente seu PM.	icon_skills.useholywater_tex	icon_skills.useholywater_tex	False
200700	ASpd	Buff	True	perc	20000	0	115	Adrenaline Rush I			A velocidade de ataque aumenta em $H_W_GOOD11400%$COLOR_END.	icon_skills.fightingwill_tex	icon_skills.fightingwill_tex	True
200701	ASpd	Buff	True	perc	20000	0	12	Adrenaline Rush II			A velocidade de ataque aumenta em $H_W_GOOD1100%$COLOR_END e você ganha $H_W_GOOD$8%$COLOR_END mais aggro em cada habilidade de ataque. A recarga da habilidade de ataque corpo a corpo diminui em $H_W_GOOD50%$COLOR_END.	icon_skills.fightingwill_tex	icon_skills.fightingwill_tex	True
200731	Aggro	Buff	True	perc	20000	0	108	Adrenaline Rush II			Anormalidade invisível.	icon_skills.fightingwill_tex	icon_skills.fightingwill_tex	False
200731	CDR	Buff	True	perc	20000	0	5	Adrenaline Rush II			Anormalidade invisível.	icon_skills.fightingwill_tex	icon_skills.fightingwill_tex	False
200800	Stun	Stun	False	swch	3000	0	5	Shield Barrage			Atordoado. Não pode se mover.	icon_skills.shieldattack_tex	icon_skills.shieldattack_tex	True
200900	BuffNearbyParty	Buff	True	swch	12000	3	200930	Pledge of Protection			Seu $H_W_GOODPledge of Protection$COLOR_END protege os outros membros do seu grupo em um raio de 20 m de você.	icon_skills.vowofprotection_tex	icon_skills.vowofprotection_tex	True
200901	BuffNearbyParty	Buff	True	swch	12000	3	200931	Pledge of Protection II			Seu $H_W_GOODPledge of Protection$COLOR_END protege os outros membros do seu grupo em um raio de 20 m de você.	icon_skills.vowofprotection_tex	icon_skills.vowofprotection_tex	True
200930	DefPotion	Buff	True	perc	0	0	65	Pledge of Protection I			O lanceiro que o protege recebe $H_W_GOOD35%$COLOR_END do dano que você recebe e diminui o dano recebido em $H_W_GOOD6400%$COLOR_END, desde que você permaneça a uma distância de 20 m.	icon_skills.vowofprotection_tex	icon_skills.vowofprotection_tex	True
200930	ShareDamageWithNearbyTank	Buff	True	perc	0	0	35	Pledge of Protection I			O lanceiro que o protege recebe $H_W_GOOD35%$COLOR_END do dano que você recebe e diminui o dano recebido em $H_W_GOOD6400%$COLOR_END, desde que você permaneça a uma distância de 20 m.	icon_skills.vowofprotection_tex	icon_skills.vowofprotection_tex	True
200931	DefPotion	Buff	True	perc	0	0	67	Pledge of Protection II			O lanceiro que o protege recebe $H_W_GOOD35%$COLOR_END do dano que você recebe e diminui o dano recebido em $H_W_GOOD6600%$COLOR_END, desde que você permaneça a uma distância de 20 m.	icon_skills.vowofprotection_tex	icon_skills.vowofprotection_tex	True
200931	ShareDamageWithNearbyTank	Buff	True	perc	0	0	35	Pledge of Protection II			O lanceiro que o protege recebe $H_W_GOOD35%$COLOR_END do dano que você recebe e diminui o dano recebido em $H_W_GOOD6600%$COLOR_END, desde que você permaneça a uma distância de 20 m.	icon_skills.vowofprotection_tex	icon_skills.vowofprotection_tex	True
201000	209	Buff	True	perc	4000	0	0	Leash			Agora você pode usar a Master's Leash.	icon_skills.hookthrow_tex	icon_skills.chaincapture_tex	True
201100	MovSpd	Debuff	False	setp	3000	0	7	Lockdown Blow I			A velocidade de execução diminui em 600%.	icon_skills.shockblow_tex	icon_skills.shockblow_tex	True
201100	HPDrain	Debuff	False	perc	3000	0	9	Lockdown Blow I			A velocidade de execução diminui em 600%.	icon_skills.shockblow_tex	icon_skills.shockblow_tex	True
201101	MovSpd	Debuff	False	setp	5000	0	7	Lockdown Blow II			A velocidade de execução diminui em 600% ou mais.	icon_skills.shockblow_tex	icon_skills.shockblow_tex	True
201101	HPDrain	Debuff	False	perc	5000	0	9	Lockdown Blow II			A velocidade de execução diminui em 600% ou mais.	icon_skills.shockblow_tex	icon_skills.shockblow_tex	True
201102	MovSpd	Debuff	False	setp	7000	0	7	Lockdown Blow			A velocidade de execução diminui em 600% ou mais.	icon_skills.shockblow_tex	icon_skills.shockblow_tex	True
201102	HPDrain	Debuff	False	perc	7000	0	9	Lockdown Blow			A velocidade de execução diminui em 600% ou mais.	icon_skills.shockblow_tex	icon_skills.shockblow_tex	True
201103	MovSpd	Debuff	False	setp	7000	0	68	Lockdown Blow IV			A velocidade de execução diminui em 6700% ou mais.	icon_skills.shockblow_tex	icon_skills.shockblow_tex	True
201103	HPDrain	Debuff	False	perc	7000	0	88	Lockdown Blow IV			A velocidade de execução diminui em 6700% ou mais.	icon_skills.shockblow_tex	icon_skills.shockblow_tex	True
201104	MovSpd	Debuff	False	setp	7000	0	66	Lockdown Blow			A velocidade de execução diminui em 6500% ou mais.	icon_skills.shockblow_tex	icon_skills.shockblow_tex	True
201104	HPDrain	Debuff	False	perc	7000	0	86	Lockdown Blow			A velocidade de execução diminui em 6500% ou mais.	icon_skills.shockblow_tex	icon_skills.shockblow_tex	True
201200	MovSpd	Debuff	False	setp	5000	0	85	Menacing Wave			A velocidade de movimento e a velocidade de ataque diminuem em 8400%.	icon_skills.menacewave_tex	icon_skills.menacewave_tex	True
201200	ASpd	Debuff	False	perc	5000	0	85	Menacing Wave			A velocidade de movimento e a velocidade de ataque diminuem em 8400%.	icon_skills.menacewave_tex	icon_skills.menacewave_tex	True
201200	HPDrain	Debuff	False	perc	5000	0	9	Menacing Wave			A velocidade de movimento e a velocidade de ataque diminuem em 8400%.	icon_skills.menacewave_tex	icon_skills.menacewave_tex	True
201300	AbsorbToMP	Buff	True	swch	10000	0	3359	Iron Will I			Absorve até $H_W_GOOD3359$COLOR_END de dano.$BRCusta 1 PM para cada 20 de dano absorvido. Termina quando o dano máximo é atingido ou quando você fica sem PM.	icon_skills.armoredwill_tex	icon_skills.armoredwill_tex	True
201301	AbsorbToMP	Buff	True	swch	10000	0	4637	Iron Will II			Absorve até $H_W_GOOD4637$COLOR_END de dano.$BRCusta 1 PM para cada 33 de dano absorvido. Termina quando o dano máximo é atingido ou quando você fica sem PM.	icon_skills.armoredwill_tex	icon_skills.armoredwill_tex	True
201302	AbsorbToMP	Buff	True	swch	10000	0	6401	Iron Will III			Absorve até $H_W_GOOD6401$COLOR_END de dano.$BRCusta 1 PM para cada 50 de dano absorvido. Termina quando o dano máximo é atingido ou quando você fica sem MP.	icon_skills.armoredwill_tex	icon_skills.armoredwill_tex	True
201303	AbsorbToMP	Buff	True	swch	10000	0	8845	Iron Will IV			Absorve até $H_W_GOOD8845$COLOR_END de dano.$BRCusta 1 PM para cada 50 de dano absorvido. Termina quando o dano máximo é atingido ou quando você fica sem MP.	icon_skills.armoredwill_tex	icon_skills.armoredwill_tex	True
201304	AbsorbToMP	Buff	True	swch	10000	0	12387	Iron Will			Absorve até $H_W_GOOD12387$COLOR_END de dano.$BRCusta 1 PM para cada 100 de dano absorvido. Termina quando o dano máximo é atingido ou quando você fica sem MP.	icon_skills.armoredwill_tex	icon_skills.armoredwill_tex	True
201305	AbsorbToMP	Buff	True	swch	10000	0	16417	Iron Will VI			Absorve até $H_W_GOOD16417$COLOR_END de dano.$BRCusta 1 PM para cada 100 de dano absorvido. Termina quando o dano máximo é atingido ou quando você fica sem MP.	icon_skills.armoredwill_tex	icon_skills.armoredwill_tex	True
201400	Stun	Stun	False	swch	2000	0	5	Chained Leash			Atordoa e imobiliza você.	icon_skills.harpoonshot_tex	icon_skills.harpoonshot_tex	True
201401	Stun	Stun	False	swch	2000	0	5	Chained Leash			Atordoa e imobiliza você.	icon_skills.harpoonshot_tex	icon_skills.harpoonshot_tex	True
201500	StackCounter	Buff	True	seta	10000	0	201550	Combo Attack			Aumenta a velocidade da Barragem de Escudo após 8 acertos bem-sucedidos com ataques combinados.	icon_skills.comboattack_tex	icon_skills.comboattack_tex	True
201550	SkillCastSpeed	Buff	True	perc	10000	0	12	Combo Attack			Aumenta a velocidade da Barragem de Escudo no próximo ataque.	icon_skills.comboattack_tex	icon_skills.comboattack_tex	True
201600	KnockDownChance	Buff	True	perc	7000	0	0	Rallying Cry			Você e as pessoas ao seu redor são imunes a knockdown e imobilização enquanto isso estiver em vigor.	icon_skills.holdtheline_tex	icon_skills.holdtheline_tex	True
201700	181	Buff	True	abs	1000	0	50	Stand Fast Enforced I			Anormalidade invisível.	icon_skills.defence_tex	icon_skills.defence_tex	False
201701	Power	Buff	True	abs	20000	0	4	Stand Fast Enforced I			A cada acúmulo, você ganha $H_W_GOOD10500%$COLOR_END mais aggro. Pode acumular 20 vezes e é removido ao ser atingido com sucesso.	icon_skills.defence_tex	icon_skills.defence_tex	True
201701	Crit	Buff	True	abs	20000	0	5	Stand Fast Enforced I			A cada acúmulo, você ganha $H_W_GOOD10500%$COLOR_END mais aggro. Pode acumular 20 vezes e é removido ao ser atingido com sucesso.	icon_skills.defence_tex	icon_skills.defence_tex	True
201701	Aggro	Buff	True	perc	20000	0	106	Stand Fast Enforced I			A cada acúmulo, você ganha $H_W_GOOD10500%$COLOR_END mais aggro. Pode acumular 20 vezes e é removido ao ser atingido com sucesso.	icon_skills.defence_tex	icon_skills.defence_tex	True
300100	NoMPDecay	Buff	True	seta	20000	0	0	Triumphant Shout			Previne a deterioração da MP.	icon_skills.shout_tex	icon_skills.shout_tex	True
300101	NoMPDecay	Buff	True	seta	22000	0	0	Triumphant Shout II			Previne a deterioração da MP.	icon_skills.shout_tex	icon_skills.shout_tex	True
300200	MovSpd	Stun	False	setp	5000	0	0	Backstab			Não pode se mover. O efeito termina quando é derrubado.	icon_skills.turnaroundattack_tex	icon_skills.turnaroundattack_tex	True
300200	MovSpdInCombat	Stun	False	setp	5000	0	0	Backstab			Não pode se mover. O efeito termina quando é derrubado.	icon_skills.turnaroundattack_tex	icon_skills.turnaroundattack_tex	True
300200	HPDrain	Stun	False	perc	5000	0	1	Backstab			Não pode se mover. O efeito termina quando é derrubado.	icon_skills.turnaroundattack_tex	icon_skills.turnaroundattack_tex	True
300201	MovSpd	Stun	False	setp	5000	0	0	Backstab II			Não pode se mover. O efeito termina quando é derrubado.	icon_skills.turnaroundattack_tex	icon_skills.turnaroundattack_tex	True
300201	MovSpdInCombat	Stun	False	setp	5000	0	0	Backstab II			Não pode se mover. O efeito termina quando é derrubado.	icon_skills.turnaroundattack_tex	icon_skills.turnaroundattack_tex	True
300201	HPDrain	Stun	False	perc	5000	0	1	Backstab II			Não pode se mover. O efeito termina quando é derrubado.	icon_skills.turnaroundattack_tex	icon_skills.turnaroundattack_tex	True
300300	Attack	Buff	True	perc	20000	0	13	Overpower			Seu próximo ataque causa mais dano, $H_W_GOOD1200%$COLOR_END.	icon_skills.gatheringstrength_tex	icon_skills.gatheringstrength_tex	True
300301	Attack	Buff	True	perc	20000	0	133	Overpower II			Seu próximo ataque causa mais dano, $H_W_GOOD13200%$COLOR_END.	icon_skills.gatheringstrength_tex	icon_skills.gatheringstrength_tex	True
300400	Stun	Stun	False	swch	2500	0	5	Startling Kick			Atordoado. Não pode se mover.	icon_skills.retreatingkick_tex	icon_skills.retreatingkick_tex	True
300500	ASpd	Buff	True	perc	10000	0	13	Headlong Rush I			Seu próximo ataque é $H_W_GOOD1200%$COLOR_END mais rápido.	icon_skills.advancingleap_tex	icon_skills.advancingleap_tex	True
300501	ASpd	Buff	True	perc	10000	0	14	Headlong Rush II			Seu próximo ataque é $H_W_GOOD1300%$COLOR_END mais rápido.	icon_skills.advancingleap_tex	icon_skills.advancingleap_tex	True
300502	ASpd	Buff	True	perc	10000	0	15	Headlong Rush III			Seu próximo ataque é $H_W_GOOD1400%$COLOR_END mais rápido.	icon_skills.advancingleap_tex	icon_skills.advancingleap_tex	True
300503	ASpd	Buff	True	perc	10000	0	16	Headlong Rush IV			Seu próximo ataque é $H_W_GOOD1500%$COLOR_END mais rápido.	icon_skills.advancingleap_tex	icon_skills.advancingleap_tex	True
300600	MovSpd	Buff	True	perc	10000	0	15	Dash I			A velocidade aumenta em $H_W_GOOD1400%$COLOR_END.	icon_skills.dash_tex	icon_skills.dash_tex	True
300601	MovSpd	Buff	True	perc	15000	0	15	Dash			A velocidade aumenta em $H_W_GOOD1400%$COLOR_END.	icon_skills.dash_tex	icon_skills.dash_tex	True
300602	MovSpd	Buff	True	perc	15000	0	155	Dash III			A velocidade aumenta em $H_W_GOOD15400%$COLOR_END.	icon_skills.dash_tex	icon_skills.dash_tex	True
300700	Stun	Stun	False	swch	2000	0	5	Stunning Backhand			Atordoado. Não pode se mover.	icon_skills.flatblade_tex	icon_skills.flatblade_tex	True
300800	Power	Buff	True	abs	20000	0	26	In Cold Blood I			O poder aumenta em 26. Seu dano contra outros jogadores aumenta em 10500%.	icon_skills.destructionvigor_tex	icon_skills.destructionvigor_tex	True
300800	ASpd	Buff	True	perc	20000	0	106	In Cold Blood I			O poder aumenta em 26. Seu dano contra outros jogadores aumenta em 10500%.	icon_skills.destructionvigor_tex	icon_skills.destructionvigor_tex	True
300801	Power	Buff	True	abs	20000	0	29	In Cold Blood II			O poder aumenta em 29. Seu dano contra outros jogadores aumenta em 10700% e a velocidade de ataque aumenta em 302400%$. Ultimate: Overhand Strike é ativado.	icon_skills.destructionvigor_tex	icon_skills.destructionvigor_tex	True
300801	ASpd	Buff	True	perc	20000	0	108	In Cold Blood II			O poder aumenta em 29. Seu dano contra outros jogadores aumenta em 10700% e a velocidade de ataque aumenta em 302400%$. Ultimate: Overhand Strike é ativado.	icon_skills.destructionvigor_tex	icon_skills.destructionvigor_tex	True
300801	276	Buff	True	perc	20000	0	3025	In Cold Blood II			O poder aumenta em 29. Seu dano contra outros jogadores aumenta em 10700% e a velocidade de ataque aumenta em 302400%$. Ultimate: Overhand Strike é ativado.	icon_skills.destructionvigor_tex	icon_skills.destructionvigor_tex	True
300802	276	Buff	True	perc	20000	0	3025	Reset Ultimate: Overhand Strike			Reinicia a suprema: Overhand Strike	icon_skills.destructionvigor_tex	icon_skills.destructionvigor_tex	False
300900	CDR	Debuff	False	perc	15000	0	15	Exhausting Blow			A recarga de todas as habilidades aumenta em 1400% enquanto estiver em vigor.	icon_skills.veinslash_tex	icon_skills.veinslash_tex	True
300901	CDR	Debuff	False	perc	15000	0	153	Exhausting Blow			A recarga de todas as habilidades aumenta em 15200% enquanto estiver em vigor.	icon_skills.veinslash_tex	icon_skills.veinslash_tex	True
300902	CDR	Debuff	False	perc	15000	0	155	Exhausting Blow			A recarga de todas as habilidades aumenta em 15400% enquanto estiver em vigor.	icon_skills.veinslash_tex	icon_skills.veinslash_tex	True
301000	HPLoss	Debuff	False	abs	1000	0	-1000000	Measured Slice			Mata você assim que o debuff termina.	icon_skills.cuthead_tex	icon_skills.cuthead_tex	True
301001	HPLoss	Debuff	False	abs	1000	0	-1000000	Measured Slice			Mata você assim que o debuff termina.	icon_skills.cuthead_tex	icon_skills.cuthead_tex	True
301002	HPLoss	Debuff	False	perc	2000	0	95	Measured Slice			Diminui o HP em $H_W_BAD9400%$COLOR_END quando o debuff termina.	icon_skills.cuthead_tex	icon_skills.cuthead_tex	True
301020	HPLoss	Debuff	False	perc	3000	0	7	Measured Slice			Diminui o HP em $H_W_BAD600%$COLOR_END quando o debuff termina.	icon_skills.cuthead_tex	icon_skills.cuthead_tex	True
301030	IncreasedHeal	Debuff	False	perc	10000	0	5	Fury Strike			Diminui a recuperação de HP em $H_W_BAD400%$COLOR_END.	icon_skills.ragingstrike_tex	icon_skills.ragingstrike_tex	True
301040	StunResist	Buff	True	perc	5000	0	100000	Tenacity			Aumenta significativamente a resistência ao atordoamento.	icon_skills.tenacity_tex	icon_skills.tenacity_tex	True
301100	StackCounter	Buff	True	seta	10000	0	301150	Combo Attack			Aumenta a velocidade do Whirlwind após 4 acertos bem-sucedidos com ataques combinados.	icon_skills.comboattack_tex	icon_skills.comboattack_tex	True
301150	SkillCastSpeed	Buff	True	perc	10000	0	12	Combo Attack			Aumenta a velocidade do Whirlwind no próximo ataque.	icon_skills.comboattack_tex	icon_skills.comboattack_tex	True
301200	239	Buff	True	perc	4000	0	1	Evasive Roll II			Você pode usar Evasive Roll mais uma vez dentro de 4s.	icon_skills.tumbling_tex	icon_skills.tumbling_tex	True
400100	Power	Buff	True	perc	15000	0	12	Fiery Rage I			Seu poder aumenta em $H_W_GOOD1100%$COLOR_END e a resistência diminui em $H_W_BAD500%$COLOR_END.	icon_skills.berserk_tex	icon_skills.berserk_tex	True
400100	Endurance	Buff	True	perc	15000	0	6	Fiery Rage I			Seu poder aumenta em $H_W_GOOD1100%$COLOR_END e a resistência diminui em $H_W_BAD500%$COLOR_END.	icon_skills.berserk_tex	icon_skills.berserk_tex	True
400101	Power	Buff	True	perc	17000	0	12	Fiery Rage II			Seu poder aumenta em $H_W_GOOD1100%$COLOR_END e a resistência diminui em $H_W_BAD500%$COLOR_END.	icon_skills.berserk_tex	icon_skills.berserk_tex	True
400101	Endurance	Buff	True	perc	17000	0	6	Fiery Rage II			Seu poder aumenta em $H_W_GOOD1100%$COLOR_END e a resistência diminui em $H_W_BAD500%$COLOR_END.	icon_skills.berserk_tex	icon_skills.berserk_tex	True
400102	Power	Buff	True	perc	20000	0	12	Fiery Rage III			Seu poder aumenta em $H_W_GOOD1100%$COLOR_END e a resistência diminui em $H_W_BAD500%$COLOR_END.	icon_skills.berserk_tex	icon_skills.berserk_tex	True
400102	Endurance	Buff	True	perc	20000	0	6	Fiery Rage III			Seu poder aumenta em $H_W_GOOD1100%$COLOR_END e a resistência diminui em $H_W_BAD500%$COLOR_END.	icon_skills.berserk_tex	icon_skills.berserk_tex	True
400103	Power	Buff	True	perc	25000	0	12	Fiery Rage			Seu poder aumenta em $H_W_GOOD1100%$COLOR_END e a resistência diminui em $H_W_BAD500%$COLOR_END.	icon_skills.berserk_tex	icon_skills.berserk_tex	True
400103	Endurance	Buff	True	perc	25000	0	6	Fiery Rage			Seu poder aumenta em $H_W_GOOD1100%$COLOR_END e a resistência diminui em $H_W_BAD500%$COLOR_END.	icon_skills.berserk_tex	icon_skills.berserk_tex	True
400104	Power	Buff	True	perc	27000	0	12	Fúria Ardente V			Seu poder aumenta em $H_W_GOOD1100%$COLOR_END e a resistência diminui em $H_W_BAD500%$COLOR_END.	icon_skills.berserk_tex	icon_skills.berserk_tex	True
400104	Endurance	Buff	True	perc	27000	0	6	Fúria Ardente V			Seu poder aumenta em $H_W_GOOD1100%$COLOR_END e a resistência diminui em $H_W_BAD500%$COLOR_END.	icon_skills.berserk_tex	icon_skills.berserk_tex	True
400200	Stun	Stun	False	swch	2000	0	5	Staggering Strike			Atordoado e desorientado.	icon_skills.turnback_tex	icon_skills.turnback_tex	True
400300	MovSpd	Buff	True	perc	10000	0	15	Dash I			A velocidade aumenta em $H_W_GOOD1400%$COLOR_END.	icon_skills.dash_tex	icon_skills.dash_tex	True
400301	MovSpd	Buff	True	perc	15000	0	15	Dash			A velocidade aumenta em $H_W_GOOD1400%$COLOR_END.	icon_skills.dash_tex	icon_skills.dash_tex	True
400302	MovSpd	Buff	True	perc	15000	0	155	Dash III			A velocidade aumenta em $H_W_GOOD15400%$COLOR_END.	icon_skills.dash_tex	icon_skills.dash_tex	True
400400	NoMPDecay	Buff	True	seta	20000	0	0	Triumphant Shout			Previne a deterioração da MP.	icon_skills.shout_tex	icon_skills.shout_tex	True
400401	NoMPDecay	Buff	True	seta	22000	0	0	Triumphant Shout II			Previne a deterioração da MP.	icon_skills.shout_tex	icon_skills.shout_tex	True
400500	ASpd	Buff	True	perc	15000	0	12	Fúria furiosa sem correntes			A velocidade de ataque e de carga aumenta em $H_W_GOOD1100%$COLOR_END.	icon_skills.vitalconversion_tex	icon_skills.gatheringrage_tex	True
400500	29	Buff	True	perc	15000	0	12	Fúria furiosa sem correntes			A velocidade de ataque e de carga aumenta em $H_W_GOOD1100%$COLOR_END.	icon_skills.vitalconversion_tex	icon_skills.gatheringrage_tex	True
400501	ASpd	Buff	True	perc	15000	0	14	Flurry of Blows			A velocidade de ataque e de carga aumenta em $H_W_GOOD1300%$COLOR_END.	icon_skills.gatheringrage_tex	icon_skills.gatheringrage_tex	True
400501	29	Buff	True	perc	15000	0	14	Flurry of Blows			A velocidade de ataque e de carga aumenta em $H_W_GOOD1300%$COLOR_END.	icon_skills.gatheringrage_tex	icon_skills.gatheringrage_tex	True
400600	Fear	Stun	False	abs	3000	0	150	Fearsome Shout I			Em pânico! Fugindo! O efeito de medo termina se for derrubado. No PvP, o efeito do Fear termina se for atacado.	icon_skills.piercingshout_tex	icon_skills.piercingshout_tex	True
400601	Fear	Stun	False	abs	5000	0	150	Fearsome Shout II			Em pânico! Fugindo! O efeito do medo termina se for derrubado. No PvP, o efeito do medo termina se for atacado.	icon_skills.piercingshout_tex	icon_skills.piercingshout_tex	True
400602	Fear	Stun	False	abs	7000	0	150	Fearsome Shout			Em pânico! Fugindo! O efeito de medo termina se for derrubado. No PvP, o efeito do Fear termina se for atacado.	icon_skills.piercingshout_tex	icon_skills.piercingshout_tex	True
400603	Fear	Stun	False	abs	8000	0	150	Fearsome Shout IV			Em pânico! Fugindo! O efeito de medo termina se for derrubado. No PvP, o efeito do Fear termina se for atacado.	icon_skills.piercingshout_tex	icon_skills.piercingshout_tex	True
400604	Fear	Stun	False	abs	9000	0	150	Fearsome Shout V			Em pânico! Fugindo! O efeito de medo termina se for derrubado. No PvP, o efeito do Fear termina se for atacado.	icon_skills.piercingshout_tex	icon_skills.piercingshout_tex	True
400620	Fear	Stun	False	abs	2000	0	150	Fearsome Shout I			Em pânico! Fugindo! O efeito de medo termina se for derrubado. No PvP, o efeito do Fear termina se for atacado.	icon_skills.piercingshout_tex	icon_skills.piercingshout_tex	True
400621	Fear	Stun	False	abs	3500	0	150	Fearsome Shout II			Em pânico! Fugindo! O efeito de medo termina se for derrubado. No PvP, o efeito do Fear termina se for atacado.	icon_skills.piercingshout_tex	icon_skills.piercingshout_tex	True
400622	Fear	Stun	False	abs	5000	0	150	Fearsome Shout			Em pânico! Fugindo! O efeito de medo termina se for derrubado. No PvP, o efeito do Fear termina se for atacado.	icon_skills.piercingshout_tex	icon_skills.piercingshout_tex	True
400623	Fear	Stun	False	abs	5500	0	150	Fearsome Shout IV			Em pânico! Fugindo! O efeito de medo termina se for derrubado. No PvP, o efeito do Fear termina se for atacado.	icon_skills.piercingshout_tex	icon_skills.piercingshout_tex	True
400624	Fear	Stun	False	abs	6000	0	150	Fearsome Shout V			Em pânico! Fugindo! O efeito de medo termina se for derrubado. No PvP, o efeito do Fear termina se for atacado.	icon_skills.piercingshout_tex	icon_skills.piercingshout_tex	True
400700	Power	Buff	True	abs	30000	0	26	Bloodlust I			O poder aumenta em 26. $BRBalanço e impacto aumentam 50%.$BRInflict $H_W_GOOD11400%$COLOR_END mais dano ao atacar outros jogadores.	icon_skills.fury_tex	icon_skills.fury_tex	True
400700	ImpactEffective	Buff	True	perc	30000	0	15	Bloodlust I			O poder aumenta em 26. $BRBalanço e impacto aumentam 50%.$BRInflict $H_W_GOOD11400%$COLOR_END mais dano ao atacar outros jogadores.	icon_skills.fury_tex	icon_skills.fury_tex	True
400700	Ballance	Buff	True	perc	30000	0	15	Bloodlust I			O poder aumenta em 26. $BRBalanço e impacto aumentam 50%.$BRInflict $H_W_GOOD11400%$COLOR_END mais dano ao atacar outros jogadores.	icon_skills.fury_tex	icon_skills.fury_tex	True
400700	AtkPotion	Buff	True	perc	30000	0	115	Bloodlust I			O poder aumenta em 26. $BRBalanço e impacto aumentam 50%.$BRInflict $H_W_GOOD11400%$COLOR_END mais dano ao atacar outros jogadores.	icon_skills.fury_tex	icon_skills.fury_tex	True
400701	Power	Buff	True	abs	30000	0	29	Bloodlust II			O poder aumenta em 29. $BRBalanço e impacto aumentam 50%.$BRInflict $H_W_GOOD11500%$COLOR_END mais dano ao atacar outros jogadores.	icon_skills.fury_tex	icon_skills.fury_tex	True
400701	ImpactEffective	Buff	True	perc	30000	0	16	Bloodlust II			O poder aumenta em 29. $BRBalanço e impacto aumentam 50%.$BRInflict $H_W_GOOD11500%$COLOR_END mais dano ao atacar outros jogadores.	icon_skills.fury_tex	icon_skills.fury_tex	True
400701	Ballance	Buff	True	perc	30000	0	16	Bloodlust II			O poder aumenta em 29. $BRBalanço e impacto aumentam 50%.$BRInflict $H_W_GOOD11500%$COLOR_END mais dano ao atacar outros jogadores.	icon_skills.fury_tex	icon_skills.fury_tex	True
400701	AtkPotion	Buff	True	perc	30000	0	116	Bloodlust II			O poder aumenta em 29. $BRBalanço e impacto aumentam 50%.$BRInflict $H_W_GOOD11500%$COLOR_END mais dano ao atacar outros jogadores.	icon_skills.fury_tex	icon_skills.fury_tex	True
400800	MovSpd	Stun	False	setp	6000	0	4	Inescapable Doom I			A velocidade diminui em 300%.$BROs jogadores não podem usar habilidades evasivas ou de movimento.	icon_skills.murderousvent_tex	icon_skills.murderousvent_tex	True
400800	HPDrain	Stun	False	perc	6000	0	9	Inescapable Doom I			A velocidade diminui em 300%.$BROs jogadores não podem usar habilidades evasivas ou de movimento.	icon_skills.murderousvent_tex	icon_skills.murderousvent_tex	True
400800	Block	Stun	False	perc	6000	0	0	Inescapable Doom I			A velocidade diminui em 300%.$BROs jogadores não podem usar habilidades evasivas ou de movimento.	icon_skills.murderousvent_tex	icon_skills.murderousvent_tex	True
400801	MovSpd	Stun	False	setp	6000	0	38	Inescapable Doom II			A velocidade diminui em 3700%.$BROs jogadores não podem usar habilidades evasivas ou de movimento.	icon_skills.murderousvent_tex	icon_skills.murderousvent_tex	True
400801	HPDrain	Stun	False	perc	6000	0	87	Inescapable Doom II			A velocidade diminui em 3700%.$BROs jogadores não podem usar habilidades evasivas ou de movimento.	icon_skills.murderousvent_tex	icon_skills.murderousvent_tex	True
400801	Block	Stun	False	perc	6000	0	0	Inescapable Doom II			A velocidade diminui em 3700%.$BROs jogadores não podem usar habilidades evasivas ou de movimento.	icon_skills.murderousvent_tex	icon_skills.murderousvent_tex	True
400900	209	Buff	True	perc	4000	0	0	Evasive Smash			Você pode usar a parte de esmagamento de costelas dessa habilidade.	icon_skills.ribbreaker_tex	icon_skills.ribbreaker_tex	True
401000	WeakResist	Buff	True	perc	12000	0	1001	Mocking Shout			Imune a knockdown e imobilização. Grande aumento da resistência a efeitos de enfraquecimento.	icon_skills.shockingshout_tex	icon_skills.shockingshout_tex	True
401000	KnockDownChance	Buff	True	perc	12000	0	0	Mocking Shout			Imune a knockdown e imobilização. Grande aumento da resistência a efeitos de enfraquecimento.	icon_skills.shockingshout_tex	icon_skills.shockingshout_tex	True
401001	WeakResist	Buff	True	perc	8000	0	1001	Mocking Shout II			Imune a knockdown e imobilização. Grande aumento da resistência a efeitos de enfraquecimento.	icon_skills.shockingshout_tex	icon_skills.shockingshout_tex	True
401001	KnockDownChance	Buff	True	perc	8000	0	0	Mocking Shout II			Imune a knockdown e imobilização. Grande aumento da resistência a efeitos de enfraquecimento.	icon_skills.shockingshout_tex	icon_skills.shockingshout_tex	True
401002	WeakResist	Buff	True	perc	9000	0	1001	Mocking Shout III			Imune a knockdown e imobilização. Grande aumento da resistência a efeitos de enfraquecimento.	icon_skills.shockingshout_tex	icon_skills.shockingshout_tex	True
401002	KnockDownChance	Buff	True	perc	9000	0	0	Mocking Shout III			Imune a knockdown e imobilização. Grande aumento da resistência a efeitos de enfraquecimento.	icon_skills.shockingshout_tex	icon_skills.shockingshout_tex	True
401100	StackCounter	Buff	True	seta	10000	0	401150	Combo Attack			Aumenta a velocidade de carregamento após 4 acertos bem-sucedidos com ataques combinados.	icon_skills.comboattack_tex	icon_skills.comboattack_tex	True
401150	29	Buff	True	perc	10000	0	12	Combo Attack			Aumenta a velocidade de carga do próximo ataque de carga.	icon_skills.comboattack_tex	icon_skills.comboattack_tex	True
401200	StunResist	Buff	True	perc	5000	0	100000	Tenacity			Aumenta significativamente a resistência ao atordoamento.	icon_skills.tenacity_tex	icon_skills.tenacity_tex	True
401300	275	Buff	True	swch	8000	0	0	Unbreakable			Seu HP não cairá abaixo de 1 enquanto isso estiver em vigor. O dano que exceder o seu HP máximo em um único golpe ainda o matará.	icon_skills.selfbuff_tex	icon_skills.selfbuff_tex	True
473650	Stun	Stun	False	swch	5000	0	5	Transferred Terror			Atordoado. Não pode se mover.	icon_status.fearstatus_tex	icon_status.fearstatus_tex	True
475150	Power	Buff	True	perc	3600000	0	3	Rampancy			Kelsaik está em alta! Ninguém pode detê-lo agora.	icon_status.confusestatusnpc_tex	icon_status.confusestatusnpc_tex	True
475150	ASpd	Buff	True	perc	3600000	0	13	Rampancy			Kelsaik está em alta! Ninguém pode detê-lo agora.	icon_status.confusestatusnpc_tex	icon_status.confusestatusnpc_tex	True
475151	AtkPotion	Debuff	False	perc	0	0	5	Futility			Diminui o dano da habilidade em $H_W_BAD400%$COLOR_END. Esse efeito afetará continuamente todos os membros do grupo até que Harbinger of Futility seja removido do membro do grupo afetado.	icon_status.minusattack_tex	icon_status.minusattack_tex	True
476106	Stun	Stun	False	swch	4000	0	5	Electric Shock			Atordoado. Não pode se mover!	icon_status.confuseup_tex	icon_status.confuseup_tex	True
476107	MovSpd	Debuff	False	perc	10000	0	1	Torpor			A velocidade de movimento é reduzida em $H_W_BAD0%$COLOR_END. Essa maldição de Suryati não pode ser removida.	icon_status.minusmove_tex	icon_status.minusmove_tex	True
476107	HPDrain	Debuff	False	perc	10000	0	9	Torpor			A velocidade de movimento é reduzida em $H_W_BAD0%$COLOR_END. Essa maldição de Suryati não pode ser removida.	icon_status.minusmove_tex	icon_status.minusmove_tex	True
476108	Power	Debuff	False	perc	10000	0	1	Weakness			A potência é reduzida em $H_W_BAD0%$COLOR_END. Esse efeito não pode ser removido.	icon_status.diseaseup_tex	icon_status.diseaseup_tex	True
476109	HPLoss	Buff	True	abs	1000	0	-10000000	Doom			Você morre quando o efeito termina. Esse efeito não pode ser removido.	icon_status.firedamage_tex	icon_status.firedamage_tex	True
476110	Chaos	Stun	False	swch	10000	0	0	Insanity			Uma bagunça! Suas teclas de movimento estão invertidas. Esse efeito não pode ser removido.	icon_status.fearstatus_tex	icon_status.fearstatus_tex	True
476111	Fear	Stun	False	swch	10000	0	200	Panic			Fuja aterrorizado! O pânico não pode ser removido. Termina se o alvo for derrubado.	icon_status.fearstatus_tex	icon_status.fearstatus_tex	True
476112	Block	Stun	False	swch	10000	0	0	Failure			Não pode acionar novas habilidades enquanto estiver em vigor. O efeito não pode ser removido	icon_status.sealskill_tex	icon_status.sealskill_tex	True
476211	Power	Debuff	False	perc	5000	0	8	Orcan Sloth II			Diminui a velocidade de movimento e o poder em $H_W_BAD700%$COLOR_END e H_W_BAD700%$COLOR_END, respectivamente.	icon_status.minusattack_tex	icon_status.minusattack_tex	True
476211	MovSpd	Debuff	False	setp	5000	0	8	Orcan Sloth II			Diminui a velocidade de movimento e o poder em $H_W_BAD700%$COLOR_END e H_W_BAD700%$COLOR_END, respectivamente.	icon_status.minusattack_tex	icon_status.minusattack_tex	True
476211	HPDrain	Debuff	False	perc	5000	0	9	Orcan Sloth II			Diminui a velocidade de movimento e o poder em $H_W_BAD700%$COLOR_END e H_W_BAD700%$COLOR_END, respectivamente.	icon_status.minusattack_tex	icon_status.minusattack_tex	True
476211	DelayedEffect	Debuff	False	abs	5000	0	476212	Orcan Sloth II			Diminui a velocidade de movimento e o poder em $H_W_BAD700%$COLOR_END e H_W_BAD700%$COLOR_END, respectivamente.	icon_status.minusattack_tex	icon_status.minusattack_tex	True
476212	Power	Debuff	False	perc	5000	0	7	Orcan Sloth III			Diminui a velocidade de movimento e o poder em $H_W_BAD600%$COLOR_END e H_W_BAD600%$COLOR_END, respectivamente.	icon_status.minusattack_tex	icon_status.minusattack_tex	True
476212	MovSpd	Debuff	False	setp	5000	0	7	Orcan Sloth III			Diminui a velocidade de movimento e o poder em $H_W_BAD600%$COLOR_END e H_W_BAD600%$COLOR_END, respectivamente.	icon_status.minusattack_tex	icon_status.minusattack_tex	True
476212	HPDrain	Debuff	False	perc	5000	0	9	Orcan Sloth III			Diminui a velocidade de movimento e o poder em $H_W_BAD600%$COLOR_END e H_W_BAD600%$COLOR_END, respectivamente.	icon_status.minusattack_tex	icon_status.minusattack_tex	True
476212	DelayedEffect	Debuff	False	abs	5000	0	476213	Orcan Sloth III			Diminui a velocidade de movimento e o poder em $H_W_BAD600%$COLOR_END e H_W_BAD600%$COLOR_END, respectivamente.	icon_status.minusattack_tex	icon_status.minusattack_tex	True
476213	Power	Debuff	False	perc	5000	0	6	Orcan Sloth IV			Diminui a velocidade de movimento e o poder em $H_W_BAD500%$COLOR_END e H_W_BAD500%$COLOR_END, respectivamente.	icon_status.minusattack_tex	icon_status.minusattack_tex	True
476213	MovSpd	Debuff	False	setp	5000	0	6	Orcan Sloth IV			Diminui a velocidade de movimento e o poder em $H_W_BAD500%$COLOR_END e H_W_BAD500%$COLOR_END, respectivamente.	icon_status.minusattack_tex	icon_status.minusattack_tex	True
476213	HPDrain	Debuff	False	perc	5000	0	9	Orcan Sloth IV			Diminui a velocidade de movimento e o poder em $H_W_BAD500%$COLOR_END e H_W_BAD500%$COLOR_END, respectivamente.	icon_status.minusattack_tex	icon_status.minusattack_tex	True
476213	DelayedEffect	Debuff	False	abs	5000	0	476214	Orcan Sloth IV			Diminui a velocidade de movimento e o poder em $H_W_BAD500%$COLOR_END e H_W_BAD500%$COLOR_END, respectivamente.	icon_status.minusattack_tex	icon_status.minusattack_tex	True
476214	Power	Debuff	False	perc	5000	0	5	Orcan Sloth V			Diminui a velocidade de movimento e o poder em $H_W_BAD400%$COLOR_END e H_W_BAD400%$COLOR_END, respectivamente.	icon_status.minusattack_tex	icon_status.minusattack_tex	True
476214	MovSpd	Debuff	False	setp	5000	0	5	Orcan Sloth V			Diminui a velocidade de movimento e o poder em $H_W_BAD400%$COLOR_END e H_W_BAD400%$COLOR_END, respectivamente.	icon_status.minusattack_tex	icon_status.minusattack_tex	True
476214	HPDrain	Debuff	False	perc	5000	0	9	Orcan Sloth V			Diminui a velocidade de movimento e o poder em $H_W_BAD400%$COLOR_END e H_W_BAD400%$COLOR_END, respectivamente.	icon_status.minusattack_tex	icon_status.minusattack_tex	True
476214	DelayedEffect	Debuff	False	abs	5000	0	476215	Orcan Sloth V			Diminui a velocidade de movimento e o poder em $H_W_BAD400%$COLOR_END e H_W_BAD400%$COLOR_END, respectivamente.	icon_status.minusattack_tex	icon_status.minusattack_tex	True
476215	Power	Debuff	False	perc	5000	0	4	Orcan Sloth VI			Diminui a velocidade de movimento e o poder em $H_W_BAD300%$COLOR_END e H_W_BAD300%$COLOR_END, respectivamente.	icon_status.minusattack_tex	icon_status.minusattack_tex	True
476215	MovSpd	Debuff	False	setp	5000	0	4	Orcan Sloth VI			Diminui a velocidade de movimento e o poder em $H_W_BAD300%$COLOR_END e H_W_BAD300%$COLOR_END, respectivamente.	icon_status.minusattack_tex	icon_status.minusattack_tex	True
476215	HPDrain	Debuff	False	perc	5000	0	9	Orcan Sloth VI			Diminui a velocidade de movimento e o poder em $H_W_BAD300%$COLOR_END e H_W_BAD300%$COLOR_END, respectivamente.	icon_status.minusattack_tex	icon_status.minusattack_tex	True
476215	DelayedEffect	Debuff	False	abs	5000	0	476216	Orcan Sloth VI			Diminui a velocidade de movimento e o poder em $H_W_BAD300%$COLOR_END e H_W_BAD300%$COLOR_END, respectivamente.	icon_status.minusattack_tex	icon_status.minusattack_tex	True
476216	Power	Debuff	False	perc	60000	0	3	Orcan Sloth VII			Diminui a velocidade de movimento e o poder em $H_W_BAD200%$COLOR_END e H_W_BAD200%$COLOR_END, respectivamente. O Orcan Sloth não pode ser removido.	icon_status.minusattack_tex	icon_status.minusattack_tex	True
476216	MovSpd	Debuff	False	setp	60000	0	3	Orcan Sloth VII			Diminui a velocidade de movimento e o poder em $H_W_BAD200%$COLOR_END e H_W_BAD200%$COLOR_END, respectivamente. O Orcan Sloth não pode ser removido.	icon_status.minusattack_tex	icon_status.minusattack_tex	True
476216	HPDrain	Debuff	False	perc	60000	0	9	Orcan Sloth VII			Diminui a velocidade de movimento e o poder em $H_W_BAD200%$COLOR_END e H_W_BAD200%$COLOR_END, respectivamente. O Orcan Sloth não pode ser removido.	icon_status.minusattack_tex	icon_status.minusattack_tex	True
476217	Power	Debuff	False	perc	5000	0	8	Double-edged Parry II			Aumenta a resistência em $H_W_GOOD700%$COLOR_END, diminui a potência em $H_W_BAD476218$COLOR_END.	icon_status.plusedefence_tex	icon_status.plusedefence_tex	True
476217	DelayedEffect	Debuff	False	abs	5000	0	476218	Double-edged Parry II			Aumenta a resistência em $H_W_GOOD700%$COLOR_END, diminui a potência em $H_W_BAD476218$COLOR_END.	icon_status.plusedefence_tex	icon_status.plusedefence_tex	True
476218	Power	Debuff	False	perc	5000	0	7	Double-edged Parry III			Aumenta a resistência em $H_W_GOOD600%$COLOR_END, diminui a potência em $H_W_BAD476219$COLOR_END.	icon_status.plusedefence_tex	icon_status.plusedefence_tex	True
476218	DelayedEffect	Debuff	False	abs	5000	0	476219	Double-edged Parry III			Aumenta a resistência em $H_W_GOOD600%$COLOR_END, diminui a potência em $H_W_BAD476219$COLOR_END.	icon_status.plusedefence_tex	icon_status.plusedefence_tex	True
476219	Power	Debuff	False	perc	5000	0	6	Double-edged Parry IV			Aumenta a resistência em $H_W_GOOD500%$COLOR_END, diminui a potência em $H_W_BAD476220$COLOR_END.	icon_status.plusedefence_tex	icon_status.plusedefence_tex	True
476219	Endurance	Debuff	False	perc	5000	0	14	Double-edged Parry IV			Aumenta a resistência em $H_W_GOOD500%$COLOR_END, diminui a potência em $H_W_BAD476220$COLOR_END.	icon_status.plusedefence_tex	icon_status.plusedefence_tex	True
476219	DelayedEffect	Debuff	False	abs	5000	0	476220	Double-edged Parry IV			Aumenta a resistência em $H_W_GOOD500%$COLOR_END, diminui a potência em $H_W_BAD476220$COLOR_END.	icon_status.plusedefence_tex	icon_status.plusedefence_tex	True
476220	Power	Debuff	False	perc	300000	0	5	Double-edged Parry V			Aumenta a resistência em $H_W_GOOD400%$COLOR_END, diminui a potência em $H_W_BAD1400%$COLOR_END. O Parry V de dois gumes não pode ser removido.	icon_status.plusedefence_tex	icon_status.plusedefence_tex	True
476220	Endurance	Debuff	False	perc	300000	0	15	Double-edged Parry V			Aumenta a resistência em $H_W_GOOD400%$COLOR_END, diminui a potência em $H_W_BAD1400%$COLOR_END. O Parry V de dois gumes não pode ser removido.	icon_status.plusedefence_tex	icon_status.plusedefence_tex	True
476221	Power	Debuff	False	perc	5000	0	12	Double-edged Strike II			Diminui a resistência em $H_W_Bad700%$COLOR_END, aumenta a potência em $H_W_GOOD1100%$COLOR_END.	icon_status.plusattack_tex	icon_status.plusattack_tex	True
476221	Endurance	Debuff	False	perc	5000	0	8	Double-edged Strike II			Diminui a resistência em $H_W_Bad700%$COLOR_END, aumenta a potência em $H_W_GOOD1100%$COLOR_END.	icon_status.plusattack_tex	icon_status.plusattack_tex	True
476221	DelayedEffect	Debuff	False	abs	5000	0	476222	Double-edged Strike II			Diminui a resistência em $H_W_Bad700%$COLOR_END, aumenta a potência em $H_W_GOOD1100%$COLOR_END.	icon_status.plusattack_tex	icon_status.plusattack_tex	True
476222	Power	Debuff	False	perc	5000	0	13	Double-edged Strike III			Diminui a resistência em $H_W_Bad600%$COLOR_END, aumenta a potência em $H_W_GOOD1200%$COLOR_END.	icon_status.plusattack_tex	icon_status.plusattack_tex	True
476222	Endurance	Debuff	False	perc	5000	0	7	Double-edged Strike III			Diminui a resistência em $H_W_Bad600%$COLOR_END, aumenta a potência em $H_W_GOOD1200%$COLOR_END.	icon_status.plusattack_tex	icon_status.plusattack_tex	True
476222	DelayedEffect	Debuff	False	abs	5000	0	476223	Double-edged Strike III			Diminui a resistência em $H_W_Bad600%$COLOR_END, aumenta a potência em $H_W_GOOD1200%$COLOR_END.	icon_status.plusattack_tex	icon_status.plusattack_tex	True
476223	Power	Debuff	False	perc	5000	0	14	Double-edged Strike IV			Diminui a resistência em $H_W_Bad500%$COLOR_END, aumenta a potência em $H_W_GOOD1300%$COLOR_END.	icon_status.plusattack_tex	icon_status.plusattack_tex	True
476223	Endurance	Debuff	False	perc	5000	0	6	Double-edged Strike IV			Diminui a resistência em $H_W_Bad500%$COLOR_END, aumenta a potência em $H_W_GOOD1300%$COLOR_END.	icon_status.plusattack_tex	icon_status.plusattack_tex	True
476223	DelayedEffect	Debuff	False	abs	5000	0	476224	Double-edged Strike IV			Diminui a resistência em $H_W_Bad500%$COLOR_END, aumenta a potência em $H_W_GOOD1300%$COLOR_END.	icon_status.plusattack_tex	icon_status.plusattack_tex	True
476224	Power	Debuff	False	perc	300000	0	15	Double-edged Strike V			Diminui a resistência em $H_W_Bad400%$COLOR_END, aumenta a potência em $H_W_GOOD1400%$COLOR_END. O Golpe V de dois gumes não pode ser removido.	icon_status.plusattack_tex	icon_status.plusattack_tex	True
476224	Endurance	Debuff	False	perc	300000	0	5	Double-edged Strike V			Diminui a resistência em $H_W_Bad400%$COLOR_END, aumenta a potência em $H_W_GOOD1400%$COLOR_END. O Golpe V de dois gumes não pode ser removido.	icon_status.plusattack_tex	icon_status.plusattack_tex	True
476225	Stun	Stun	False	swch	1000	0	5	Faint			Atordoado. Não pode se mover.	icon_status.confuseup_tex	icon_status.confuseup_tex	True
476302	Stun	Stun	False	swch	10000	4	5	Blindlight			Atordoado. Não pode se mover. O Blindlight não pode ser removido.	icon_status.confuseup_tex	icon_status.confuseup_tex	True
476602	Stun	DOT	False	swch	30000	0	5	Shocking Electricity			Atordoado e imobilizado pela Fonte de Choque em um raio de 12 m. A Shocking Electricity não pode ser removida.	icon_status.confuseup_tex	icon_status.confuseup_tex	True
476611	Power	Buff	False	perc	0	0	95	Electricity Recharge First Stage			Aumenta a potência em $H_W_GOOD9400%$COLOR_END. O Electricity Recharge pode ser empilhado até 4 vezes. O primeiro estágio da Electricity Recharge não pode ser removido.	icon_status.electriccharge1_tex	icon_status.electriccharge1_tex	True
476612	Power	Buff	False	perc	0	0	95	Electricity Recharge Second Stage			Aumenta a potência em $H_W_GOOD9400%$COLOR_END. O Electricity Recharge pode ser empilhado até 4 vezes. O segundo estágio do Electricity Recharge não pode ser removido.	icon_status.electriccharge2_tex	icon_status.electriccharge2_tex	True
476613	Power	Buff	False	perc	0	0	95	Electricity Recharge Third Stage			Aumenta a potência em $H_W_GOOD9400%$COLOR_END. O Electricity Recharge pode ser empilhado até 4 vezes. O terceiro estágio da Electricity Recharge não pode ser removido.	icon_status.electriccharge3_tex	icon_status.electriccharge3_tex	True
476614	Power	Buff	False	perc	30000	0	15	Full Recharge			Aumenta a potência em $H_W_GOOD1400%$COLOR_END e a velocidade de ataque em $H_W_GOOD1400%$COLOR_END. A recarga completa não pode ser removida.	icon_status.fullcharge_tex	icon_status.fullcharge_tex	True
476614	ASpd	Buff	False	perc	30000	0	15	Full Recharge			Aumenta a potência em $H_W_GOOD1400%$COLOR_END e a velocidade de ataque em $H_W_GOOD1400%$COLOR_END. A recarga completa não pode ser removida.	icon_status.fullcharge_tex	icon_status.fullcharge_tex	True
476615	DefPotion	Debuff	False	perc	30000	0	95	Electric Shock Stage 1			Aumenta o dano causado pela eletricidade em $H_W_BAD9400%$COLOR_END. O quarto estágio de Choque elétrico - Atordoado em choque não pode ser removido.	icon_status.electriceffect1_tex	icon_status.electriceffect1_tex	True
476616	DefPotion	Debuff	False	perc	30000	0	95	Electric Shock Stage 2			Aumenta o dano causado pela eletricidade em $H_W_BAD9400%$COLOR_END. O quarto estágio de Choque elétrico - Atordoado em choque não pode ser removido.	icon_status.electriceffect2_tex	icon_status.electriceffect2_tex	True
476617	DefPotion	Debuff	False	perc	30000	0	95	Electric Shock Stage 3			Aumenta o dano causado pela eletricidade em $H_W_BAD9400%$COLOR_END. O quarto estágio de Choque elétrico - Atordoado em choque não pode ser removido.	icon_status.electriceffect3_tex	icon_status.electriceffect3_tex	True
476618	HPChange	Debuff	False	perc	10000	10	-6	Stunned in Shock			Diminui o HP em $H_W_BAD60%$COLOR_END após $H_W_BAD10s$COLOR_END. Atordoa e imobiliza você. O atordoamento em Shock não pode ser removido.	icon_status.fullelectriceffect_tex	icon_status.fullelectriceffect_tex	True
476618	Stun	Debuff	False	swch	10000	0	5	Stunned in Shock			Diminui o HP em $H_W_BAD60%$COLOR_END após $H_W_BAD10s$COLOR_END. Atordoa e imobiliza você. O atordoamento em Shock não pode ser removido.	icon_status.fullelectriceffect_tex	icon_status.fullelectriceffect_tex	True
476618	Immune	Debuff	False	16	10000	0	0	Stunned in Shock			Diminui o HP em $H_W_BAD60%$COLOR_END após $H_W_BAD10s$COLOR_END. Atordoa e imobiliza você. O atordoamento em Shock não pode ser removido.	icon_status.fullelectriceffect_tex	icon_status.fullelectriceffect_tex	True
476618	StackCounter	Debuff	False	swch	10000	0	476619	Stunned in Shock			Diminui o HP em $H_W_BAD60%$COLOR_END após $H_W_BAD10s$COLOR_END. Atordoa e imobiliza você. O atordoamento em Shock não pode ser removido.	icon_status.fullelectriceffect_tex	icon_status.fullelectriceffect_tex	True
476619	Endurance	Debuff	False	perc	1000	0	1	Electricity Recharge Basic Remove			Teste	icon_skills.voidtrap_tex	icon_skills.voidtrap_tex	False
476621	HPChange	Buff	True	perc	1000	1	2	Deep Sleep			Restaura $H_W_GOOD20%$COLOR_END do total de HP a cada $H_W_GOOD1s$COLOR_END.	icon_status.delayheal_tex	icon_status.delayheal_tex	True
476625	DefPotion	Debuff	False	perc	30000	0	95	Electric Shock Stage 1			Aumenta o dano causado pela eletricidade em $H_W_BAD9400%$COLOR_END. O quarto estágio de Choque elétrico - Atordoado em choque não pode ser removido.	icon_status.electriceffect1_tex	icon_status.electriceffect1_tex	True
476626	DefPotion	Debuff	False	perc	30000	0	95	Electric Shock Stage 2			Aumenta o dano causado pela eletricidade em $H_W_BAD9400%$COLOR_END. O quarto estágio de Choque elétrico - Atordoado em choque não pode ser removido.	icon_status.electriceffect2_tex	icon_status.electriceffect2_tex	True
476627	DefPotion	Debuff	False	perc	30000	0	95	Electric Shock Stage 3			Aumenta o dano causado pela eletricidade em $H_W_BAD9400%$COLOR_END. O quarto estágio de Choque elétrico - Atordoado em choque não pode ser removido.	icon_status.electriceffect3_tex	icon_status.electriceffect3_tex	True
476628	HPChange	Debuff	False	perc	5000	5	-3	Stunned in Shock			Diminui o HP em $H_W_BAD30%$COLOR_END após $H_W_BAD5s$COLOR_END. Atordoa e imobiliza você. O atordoamento em Shock não pode ser removido.	icon_status.fullelectriceffect_tex	icon_status.fullelectriceffect_tex	True
476628	Stun	Debuff	False	swch	5000	0	5	Stunned in Shock			Diminui o HP em $H_W_BAD30%$COLOR_END após $H_W_BAD5s$COLOR_END. Atordoa e imobiliza você. O atordoamento em Shock não pode ser removido.	icon_status.fullelectriceffect_tex	icon_status.fullelectriceffect_tex	True
476628	Immune	Debuff	False	16	5000	0	0	Stunned in Shock			Diminui o HP em $H_W_BAD30%$COLOR_END após $H_W_BAD5s$COLOR_END. Atordoa e imobiliza você. O atordoamento em Shock não pode ser removido.	icon_status.fullelectriceffect_tex	icon_status.fullelectriceffect_tex	True
476628	StackCounter	Debuff	False	swch	5000	0	476629	Stunned in Shock			Diminui o HP em $H_W_BAD30%$COLOR_END após $H_W_BAD5s$COLOR_END. Atordoa e imobiliza você. O atordoamento em Shock não pode ser removido.	icon_status.fullelectriceffect_tex	icon_status.fullelectriceffect_tex	True
476629	Endurance	Debuff	False	perc	1000	0	1	Electricity Recharge Basic Remove			Teste	icon_skills.voidtrap_tex	icon_skills.voidtrap_tex	False
476705	MPChange	DOT	False	perc	30000	1	-5	Purification of Dagon Effect			A Purificação reduz a PM em $H_W_BAD50%$COLOR_END a cada $H_W_BAD1s$COLOR_END. A Purificação de Dagon não pode ser removida.	icon_status.purifydagon_tex	icon_status.purifydagon_tex	True
476806	HPLoss	Debuff	False	abs	10000	0	-10000000	Nexus Implosion!			Um nexo implode sobre você! Em $H_W_BAD10s$COLOR_END, você morrerá.	icon_status.darkriftdestroy_tex	icon_status.darkriftdestroy_tex	True
476806	Drunk	Debuff	False	60018	10000	0	0	Nexus Implosion!			Um nexo implode sobre você! Em $H_W_BAD10s$COLOR_END, você morrerá.	icon_status.darkriftdestroy_tex	icon_status.darkriftdestroy_tex	True
476814	Stun	Stun	False	swch	5000	0	15	Untimely Frivolity			Infundido com o Nexus Revelry, você é forçado a dançar! Oh, nossa, você não consegue parar!	icon_status.confusestatusnpc_tex	icon_status.confusestatusnpc_tex	True
476815	Power	Buff	True	perc	20000	0	115	High! Higher!			Aumenta o poder em $H_W_GOOD11400%$COLOR_END (até $H_W_GOOD75%$COLOR_END) toda vez que você pula devido ao Dimensional Vigor.	icon_status.plusepoisonresist_tex	icon_status.plusepoisonresist_tex	True
476818	Power	Buff	True	perc	20000	0	15	Nexus Energy			Aumenta a potência em $H_W_GOOD1400%$COLOR_END e a velocidade de ataque em $H_W_GOOD1100%$COLOR_END.	icon_status.darkriftarearage_tex	icon_status.darkriftarearage_tex	True
476818	ASpd	Buff	True	perc	20000	0	12	Nexus Energy			Aumenta a potência em $H_W_GOOD1400%$COLOR_END e a velocidade de ataque em $H_W_GOOD1100%$COLOR_END.	icon_status.darkriftarearage_tex	icon_status.darkriftarearage_tex	True
476905	Stun1	Debuff	False	swch	15000	2	1	Electric Arc			Derruba e imobiliza os alvos a cada $H_W_GOOD2s$COLOR_END.$BRElectric Arc não pode ser removido.	icon_status.paralyzestatus_tex	icon_status.paralyzestatus_tex	True
476906	HPChange	Debuff	False	perc	1000	1	-5	Death's Touch			Drena $H_W_BAD50%$COLOR_END do HP total a cada $H_W_BAD1s$COLOR_END.	icon_status.poisonstatus_tex	icon_status.poisonstatus_tex	True
476907	HPChange	DOT	False	perc	60000	1	-2	Spiritual Breakdown			Atordoa e imobiliza você enquanto drena $H_W_BAD2%$COLOR_END do total de HP a cada $H_W_BAD1s$COLOR_END.$BRSpiritual Breakdown não pode ser removido.	icon_status.confuseup_tex	icon_status.confuseup_tex	True
476907	Stun	DOT	False	swch	60000	0	5	Spiritual Breakdown			Atordoa e imobiliza você enquanto drena $H_W_BAD2%$COLOR_END do total de HP a cada $H_W_BAD1s$COLOR_END.$BRSpiritual Breakdown não pode ser removido.	icon_status.confuseup_tex	icon_status.confuseup_tex	True
476908	Endurance	Debuff	False	perc	15000	0	1	Electric Arc			Sem efeito.	icon_status.paralyzestatus_tex	icon_status.paralyzestatus_tex	True
477007	HPChange	DOT	False	perc	2000	2	-5	Parasitic Bite			Perde $H_W_BAD50%$COLOR_END do total de HP.	icon_status.delaydamage_tex	icon_status.delaydamage_tex	True
477007	Drunk	DOT	False	426718	2000	0	0	Parasitic Bite			Perde $H_W_BAD50%$COLOR_END do total de HP.	icon_status.delaydamage_tex	icon_status.delaydamage_tex	True
477008	MovSpd	Buff	True	perc	10000	0	11	Shaken Off			Aumenta a velocidade de movimento em $H_W_GOOD1000%$COLOR_END.$BRCNão pode ser removido.	icon_status.plusattack_tex	icon_status.plusattack_tex	True
477008	Drunk	Buff	True	426719	10000	0	0	Shaken Off			Aumenta a velocidade de movimento em $H_W_GOOD1000%$COLOR_END.$BRCNão pode ser removido.	icon_status.plusattack_tex	icon_status.plusattack_tex	True
477014	MovSpd	DOT	False	perc	6000	0	5	System Seizure			Perde $H_W_BAD50%$COLOR_END do total de HP a cada $H_W_BAD1s$COLOR_END e diminui a velocidade de movimento em $H_W_GOOD400%$COLOR_END. Também causa vertigem.$BRSystem Seizure não pode ser removido.	icon_status.poisonstatus_tex	icon_status.poisonstatus_tex	True
477014	HPDrain	DOT	False	perc	6000	0	9	System Seizure			Perde $H_W_BAD50%$COLOR_END do total de HP a cada $H_W_BAD1s$COLOR_END e diminui a velocidade de movimento em $H_W_GOOD400%$COLOR_END. Também causa vertigem.$BRSystem Seizure não pode ser removido.	icon_status.poisonstatus_tex	icon_status.poisonstatus_tex	True
477014	HPChange	DOT	False	perc	6000	1	-5	System Seizure			Perde $H_W_BAD50%$COLOR_END do total de HP a cada $H_W_BAD1s$COLOR_END e diminui a velocidade de movimento em $H_W_GOOD400%$COLOR_END. Também causa vertigem.$BRSystem Seizure não pode ser removido.	icon_status.poisonstatus_tex	icon_status.poisonstatus_tex	True
477014	Drunk	DOT	False	426716	6000	0	0	System Seizure			Perde $H_W_BAD50%$COLOR_END do total de HP a cada $H_W_BAD1s$COLOR_END e diminui a velocidade de movimento em $H_W_GOOD400%$COLOR_END. Também causa vertigem.$BRSystem Seizure não pode ser removido.	icon_status.poisonstatus_tex	icon_status.poisonstatus_tex	True
477018	Power	Buff	True	perc	20000	0	15	Queen's Shriek 1			Grito da Rainha 1	icon_status.plusattack_tex	icon_status.plusattack_tex	True
477019	Power	Buff	True	perc	20000	0	2	Queen's Shriek 2			Grito da Rainha 2	icon_status.plusattack_tex	icon_status.plusattack_tex	True
477020	Power	Buff	True	perc	20000	0	5	Queen's Shriek 3			Grito da Rainha 3	icon_status.plusattack_tex	icon_status.plusattack_tex	True
477022	HPLoss	DOT	False	seta	10000	0	100	Queen's Curse Aura			Quando a maldição terminar, seu HP será definido como $H_W_BAD100$COLOR_END.	icon_status.delaydamage_tex	icon_status.delaydamage_tex	True
477023	Power	Buff	True	perc	10000	0	13	Queen's Arrogance Aura			Aumenta a potência em $H_W_GOOD1200%$COLOR_END.	icon_status.plusattack_tex	icon_status.plusattack_tex	True
477026	Power	Buff	False	perc	0	0	3	Queen's Wrath			Aumenta a potência em $H_W_GOOD200%$COLOR_END e a velocidade de ataque em $H_W_GOOD1100%$COLOR_END.	icon_status.plusattack_tex	icon_status.plusattack_tex	True
477026	ASpd	Buff	False	perc	0	0	12	Queen's Wrath			Aumenta a potência em $H_W_GOOD200%$COLOR_END e a velocidade de ataque em $H_W_GOOD1100%$COLOR_END.	icon_status.plusattack_tex	icon_status.plusattack_tex	True
477101	Endurance	Buff	True	perc	0	0	2	Indomitable Spirit			Aumenta o equilíbrio em $H_W_GOOD100%$COLOR_END e a resistência a ataques críticos em $H_W_GOOD100%$COLOR_END. Também aumenta a resistência em $H_W_GOOD100%$COLOR_END.$BRIndomitable Spirit não pode ser removido.	icon_status.plusedefence_tex	icon_status.plusedefence_tex	True
477101	CritResist	Buff	True	perc	0	0	2	Indomitable Spirit			Aumenta o equilíbrio em $H_W_GOOD100%$COLOR_END e a resistência a ataques críticos em $H_W_GOOD100%$COLOR_END. Também aumenta a resistência em $H_W_GOOD100%$COLOR_END.$BRIndomitable Spirit não pode ser removido.	icon_status.plusedefence_tex	icon_status.plusedefence_tex	True
477101	Ballance	Buff	True	perc	0	0	2	Indomitable Spirit			Aumenta o equilíbrio em $H_W_GOOD100%$COLOR_END e a resistência a ataques críticos em $H_W_GOOD100%$COLOR_END. Também aumenta a resistência em $H_W_GOOD100%$COLOR_END.$BRIndomitable Spirit não pode ser removido.	icon_status.plusedefence_tex	icon_status.plusedefence_tex	True
494550	HPChange	DOT	False	perc	0	1	-2	Polluted Blood			Perde $H_W_BAD2%$COLOR_END do total de HP a cada $H_W_BAD1s$COLOR_END.	icon_status.poisonstatus_tex	icon_status.poisonstatus_tex	True
495006	AtkPotion	Debuff	False	perc	0	0	5	Futility			Diminui o dano da habilidade em $H_W_BAD400%$COLOR_END. O efeito continua enquanto você estiver perto de um Precursor da Futilidade.	icon_status.minusattack_tex	icon_status.minusattack_tex	True
500100	Attack	Buff	True	perc	20000	0	125	Overchannel			O próximo ataque causa mais danos a $H_W_GOOD12400%$COLOR_END.	icon_skills.kicharge_tex	icon_skills.kicharge_tex	True
500200	MovSpd	Debuff	False	setp	5000	0	3	Curse of Confusion			A velocidade diminui em $H_W_BAD200%$COLOR_END.	icon_skills.spiritofconfusion_tex	icon_skills.freezingtheearth_tex	True
500200	HPDrain	Debuff	False	perc	5000	0	9	Curse of Confusion			A velocidade diminui em $H_W_BAD200%$COLOR_END.	icon_skills.spiritofconfusion_tex	icon_skills.freezingtheearth_tex	True
500300	MPChange	Buff	True	abs	25000	2	120	Mana Infusion I			Restaura o MP $H_W_GOOD120$COLOR_END a cada $H_W_GOOD2s$COLOR_END.	icon_skills.mpcondensing_tex	icon_skills.mpcondensing_tex	True
500301	MPChange	Buff	True	abs	25000	2	160	Mana Infusion			Restaura o MP $H_W_GOOD160$COLOR_END a cada $H_W_GOOD2s$COLOR_END.	icon_skills.mpcondensing_tex	icon_skills.mpcondensing_tex	True
500500	MovSpd	Debuff	False	setp	5000	0	8	Slow			A velocidade diminui em $H_W_BAD700%$COLOR_END ou mais.	icon_skills.icicle_tex	icon_skills.icicle_tex	True
500500	HPDrain	Debuff	False	perc	5000	0	9	Slow			A velocidade diminui em $H_W_BAD700%$COLOR_END ou mais.	icon_skills.icicle_tex	icon_skills.icicle_tex	True
500600	AbsorbToMP	Buff	True	swch	45000	0	7063	Mana Barrier I			Absorve até $H_W_GOOD7063$COLOR_END de dano. Custa 1 PM para cada 14 pontos de dano. Termina quando o dano máximo é atingido ou quando você fica sem MP.	icon_skills.manashield_tex	icon_skills.manashield_tex	True
500601	AbsorbToMP	Buff	True	swch	45000	0	13529	Mana Barrier II			Absorve até $H_W_GOOD13529$COLOR_END de dano. Custa 1 PM para cada 33 pontos de dano. Termina quando o dano máximo é atingido ou quando você fica sem MP.	icon_skills.manashield_tex	icon_skills.manashield_tex	True
500602	AbsorbToMP	Buff	True	swch	45000	0	17346	Mana Barrier III			Absorve até $H_W_GOOD17346$COLOR_END de dano. Custa 1 PM para cada 33 pontos de dano. Termina quando o dano máximo é atingido ou quando você fica sem MP.	icon_skills.manashield_tex	icon_skills.manashield_tex	True
500700	HPChange	DOT	False	abs	10000	2	-26	Painblast I			Perder $H_W_BAD-26$COLOR_END HP a cada $H_W_BAD2s$COLOR_END.	icon_skills.disease_tex	icon_skills.disease_tex	True
500701	HPChange	DOT	False	abs	10000	2	-40	Painblast II			Perder $H_W_BAD-40$COLOR_END HP a cada $H_W_BAD2s$COLOR_END.	icon_skills.disease_tex	icon_skills.disease_tex	True
500702	HPChange	DOT	False	abs	10000	2	-58	Painblast III			Perder $H_W_BAD-58$COLOR_END HP a cada $H_W_BAD2s$COLOR_END.	icon_skills.disease_tex	icon_skills.disease_tex	True
500703	HPChange	DOT	False	abs	10000	2	-85	Painblast IV			Perder $H_W_BAD-85$COLOR_END HP a cada $H_W_BAD2s$COLOR_END.	icon_skills.disease_tex	icon_skills.disease_tex	True
500704	HPChange	DOT	False	abs	10000	2	-121	Painblast V			Perder $H_W_BAD-121$COLOR_END HP a cada $H_W_BAD2s$COLOR_END.	icon_skills.disease_tex	icon_skills.disease_tex	True
500705	HPChange	DOT	False	abs	10000	2	-174	Painblast VI			Perder $H_W_BAD-174$COLOR_END HP a cada $H_W_BAD2s$COLOR_END.	icon_skills.disease_tex	icon_skills.disease_tex	True
500706	HPChange	DOT	False	abs	10000	2	-241	Painblast VII			Perder $H_W_BAD-241$COLOR_END HP a cada $H_W_BAD2s$COLOR_END.	icon_skills.disease_tex	icon_skills.disease_tex	True
500707	HPChange	DOT	False	abs	10000	2	-341	Painblast			Perder $H_W_BAD-341$COLOR_END HP a cada $H_W_BAD2s$COLOR_END.	icon_skills.disease_tex	icon_skills.disease_tex	True
500708	HPChange	DOT	False	abs	10000	2	-516	Painblast IX			Perder $H_W_BAD-516$COLOR_END HP a cada $H_W_BAD2s$COLOR_END.	icon_skills.disease_tex	icon_skills.disease_tex	True
500720	HPChange	DOT	False	abs	10000	2	-27	Painblast I			Perder $H_W_BAD-27$COLOR_END HP a cada $H_W_BAD2s$COLOR_END.	icon_skills.disease_tex	icon_skills.disease_tex	True
500721	HPChange	DOT	False	abs	10000	2	-37	Painblast II			Perder $H_W_BAD-37$COLOR_END HP a cada $H_W_BAD2s$COLOR_END.	icon_skills.disease_tex	icon_skills.disease_tex	True
500722	HPChange	DOT	False	abs	10000	2	-51	Painblast III			Perder $H_W_BAD-51$COLOR_END HP a cada $H_W_BAD2s$COLOR_END.	icon_skills.disease_tex	icon_skills.disease_tex	True
500723	HPChange	DOT	False	abs	10000	2	-71	Painblast IV			Perder $H_W_BAD-71$COLOR_END HP a cada $H_W_BAD2s$COLOR_END.	icon_skills.disease_tex	icon_skills.disease_tex	True
500724	HPChange	DOT	False	abs	10000	2	-97	Painblast V			Perder $H_W_BAD-97$COLOR_END HP a cada $H_W_BAD2s$COLOR_END.	icon_skills.disease_tex	icon_skills.disease_tex	True
500725	HPChange	DOT	False	abs	10000	2	-134	Painblast VI			Perder $H_W_BAD-134$COLOR_END HP a cada $H_W_BAD2s$COLOR_END.	icon_skills.disease_tex	icon_skills.disease_tex	True
500726	HPChange	DOT	False	abs	10000	2	-186	Painblast VII			Perder $H_W_BAD-186$COLOR_END HP a cada $H_W_BAD2s$COLOR_END.	icon_skills.disease_tex	icon_skills.disease_tex	True
500727	HPChange	DOT	False	abs	10000	2	-258	Painblast			Perder $H_W_BAD-258$COLOR_END HP a cada $H_W_BAD2s$COLOR_END.	icon_skills.disease_tex	icon_skills.disease_tex	True
500728	HPChange	DOT	False	abs	10000	2	-382	Painblast IX			Perder $H_W_BAD-382$COLOR_END HP a cada $H_W_BAD2s$COLOR_END.	icon_skills.disease_tex	icon_skills.disease_tex	True
500800	Stun	Stun	False	swch	7000	0	5	Mindblast I			Atordoado. Não pode se mover.	icon_skills.sleepwind_tex	icon_skills.sleepwind_tex	True
500801	Stun	Stun	False	swch	10000	0	5	Mindblast			Atordoado. Não pode se mover.	icon_skills.sleepwind_tex	icon_skills.sleepwind_tex	True
500802	Stun	Stun	False	swch	12000	0	5	Mindblast III			Atordoado. Não pode se mover.	icon_skills.sleepwind_tex	icon_skills.sleepwind_tex	True
500900	Block	Stun	False	swch	4000	0	0	Nerve Exhaustion			Incapacidade de usar as habilidades.	icon_skills.neurasthenia_tex	icon_skills.neurasthenia_tex	True
501000	HPChange	DOT	False	abs	10000	2	-1175	Burning Breath I			O HP diminui em $H_W_BAD-1175$COLOR_END a cada $H_W_BAD2s$COLOR_END.	icon_skills.burningbreath_tex	icon_skills.burningbreath_tex	True
501001	HPChange	DOT	False	abs	10000	2	-1631	Burning Breath II			O HP diminui em $H_W_BAD-1631$COLOR_END a cada $H_W_BAD2s$COLOR_END.	icon_skills.burningbreath_tex	icon_skills.burningbreath_tex	True
501002	HPChange	DOT	False	abs	10000	2	-2305	Burning Breath			O HP diminui em $H_W_BAD-2305$COLOR_END a cada $H_W_BAD2s$COLOR_END.	icon_skills.burningbreath_tex	icon_skills.burningbreath_tex	True
501003	HPChange	DOT	False	abs	10000	2	-3120	Burning Breath IV			O HP diminui em $H_W_BAD-3120$COLOR_END a cada $H_W_BAD2s$COLOR_END.	icon_skills.burningbreath_tex	icon_skills.burningbreath_tex	True
501020	HPChange	DOT	False	abs	10000	2	-890	Burning Breath I			O HP diminui em $H_W_BAD-890$COLOR_END a cada $H_W_BAD2s$COLOR_END.	icon_skills.burningbreath_tex	icon_skills.burningbreath_tex	True
501021	HPChange	DOT	False	abs	10000	2	-1228	Burning Breath II			O HP diminui em $H_W_BAD-1228$COLOR_END a cada $H_W_BAD2s$COLOR_END.	icon_skills.burningbreath_tex	icon_skills.burningbreath_tex	True
501022	HPChange	DOT	False	abs	10000	2	-1704	Burning Breath			O HP diminui em $H_W_BAD-1704$COLOR_END a cada $H_W_BAD2s$COLOR_END.	icon_skills.burningbreath_tex	icon_skills.burningbreath_tex	True
501023	HPChange	DOT	False	abs	10000	2	-2259	Burning Breath IV			O HP diminui em $H_W_BAD-2259$COLOR_END a cada $H_W_BAD2s$COLOR_END.	icon_skills.burningbreath_tex	icon_skills.burningbreath_tex	True
501100	MPChange	DOT	False	abs	10000	2	-172	Mana Volley			Perder $H_W_BAD-172$COLOR_END MP a cada $H_W_BAD2s$COLOR_END.	icon_skills.mpsink_tex	icon_skills.mpsink_tex	True
501101	MPChange	DOT	False	abs	10000	2	-206	Mana Volley II			Perder $H_W_BAD-206$COLOR_END MP a cada $H_W_BAD2s$COLOR_END.	icon_skills.mpsink_tex	icon_skills.mpsink_tex	True
501150	MPChange	DOT	False	perc	1000	1	-25	Mana Volley			[Teste]	icon_skills.mpsink_tex	icon_skills.mpsink_tex	False
501151	MPChange	DOT	False	perc	1000	1	-3	Mana Volley II			Teste	icon_skills.mpsink_tex	icon_skills.mpsink_tex	False
501160	MPChange	DOT	True	perc	1000	1	25	Mana Volley				icon_skills.mpsink_tex	icon_skills.mpsink_tex	False
501161	MPChange	DOT	True	perc	1000	1	3	Mana Volley II				icon_skills.mpsink_tex	icon_skills.mpsink_tex	False
501200	ASpd	Buff	True	perc	15000	0	12	Burst of Celerity			Aumenta a velocidade de ataque em 1100%.	icon_skills.contractofquickness_tex	icon_skills.contractofquickness_tex	True
501300	MovSpd	Stun	False	setp	5000	0	0	Time Gyre I			Não é possível se mover durante o efeito. O efeito termina se você sofrer uma certa quantidade de dano ou for derrubado.	icon_skills.curseofshackle_tex	icon_skills.curseofshackle_tex	True
501300	MovSpdInCombat	Stun	False	setp	5000	0	0	Time Gyre I			Não é possível se mover durante o efeito. O efeito termina se você sofrer uma certa quantidade de dano ou for derrubado.	icon_skills.curseofshackle_tex	icon_skills.curseofshackle_tex	True
501300	HPDrain	Stun	False	perc	5000	0	1	Time Gyre I			Não é possível se mover durante o efeito. O efeito termina se você sofrer uma certa quantidade de dano ou for derrubado.	icon_skills.curseofshackle_tex	icon_skills.curseofshackle_tex	True
501301	MovSpd	Stun	False	setp	6000	0	0	Time Gyre II			Não é possível se mover durante o efeito. O efeito termina se você sofrer uma certa quantidade de dano ou for derrubado.	icon_skills.curseofshackle_tex	icon_skills.curseofshackle_tex	True
501301	MovSpdInCombat	Stun	False	setp	6000	0	0	Time Gyre II			Não é possível se mover durante o efeito. O efeito termina se você sofrer uma certa quantidade de dano ou for derrubado.	icon_skills.curseofshackle_tex	icon_skills.curseofshackle_tex	True
501301	HPDrain	Stun	False	perc	6000	0	1	Time Gyre II			Não é possível se mover durante o efeito. O efeito termina se você sofrer uma certa quantidade de dano ou for derrubado.	icon_skills.curseofshackle_tex	icon_skills.curseofshackle_tex	True
501302	MovSpd	Stun	False	setp	7000	0	0	Time Gyre			Não é possível se mover durante o efeito. O efeito termina se você sofrer uma certa quantidade de dano ou for derrubado.	icon_skills.curseofshackle_tex	icon_skills.curseofshackle_tex	True
501302	MovSpdInCombat	Stun	False	setp	7000	0	0	Time Gyre			Não é possível se mover durante o efeito. O efeito termina se você sofrer uma certa quantidade de dano ou for derrubado.	icon_skills.curseofshackle_tex	icon_skills.curseofshackle_tex	True
501302	HPDrain	Stun	False	perc	7000	0	1	Time Gyre			Não é possível se mover durante o efeito. O efeito termina se você sofrer uma certa quantidade de dano ou for derrubado.	icon_skills.curseofshackle_tex	icon_skills.curseofshackle_tex	True
501303	MovSpd	Stun	False	setp	8000	0	0	Time Gyre IV			Não é possível se mover durante o efeito. O efeito termina se você sofrer uma certa quantidade de dano ou for derrubado.	icon_skills.curseofshackle_tex	icon_skills.curseofshackle_tex	True
501303	MovSpdInCombat	Stun	False	setp	8000	0	0	Time Gyre IV			Não é possível se mover durante o efeito. O efeito termina se você sofrer uma certa quantidade de dano ou for derrubado.	icon_skills.curseofshackle_tex	icon_skills.curseofshackle_tex	True
501303	HPDrain	Stun	False	perc	8000	0	1	Time Gyre IV			Não é possível se mover durante o efeito. O efeito termina se você sofrer uma certa quantidade de dano ou for derrubado.	icon_skills.curseofshackle_tex	icon_skills.curseofshackle_tex	True
501320	MovSpd	Stun	False	setp	3500	0	0	Time Gyre I			Não pode se mover ou usar habilidades evasivas enquanto estiver em vigor. O efeito termina se você sofrer uma certa quantidade de dano ou for derrubado.	icon_skills.curseofshackle_tex	icon_skills.curseofshackle_tex	True
501320	MovSpdInCombat	Stun	False	setp	3500	0	0	Time Gyre I			Não pode se mover ou usar habilidades evasivas enquanto estiver em vigor. O efeito termina se você sofrer uma certa quantidade de dano ou for derrubado.	icon_skills.curseofshackle_tex	icon_skills.curseofshackle_tex	True
501320	Block	Stun	False	perc	3500	0	0	Time Gyre I			Não pode se mover ou usar habilidades evasivas enquanto estiver em vigor. O efeito termina se você sofrer uma certa quantidade de dano ou for derrubado.	icon_skills.curseofshackle_tex	icon_skills.curseofshackle_tex	True
501321	MovSpd	Stun	False	setp	4200	0	0	Time Gyre II			Não pode se mover ou usar habilidades evasivas enquanto estiver em vigor. O efeito termina se você sofrer uma certa quantidade de dano ou for derrubado.	icon_skills.curseofshackle_tex	icon_skills.curseofshackle_tex	True
501321	MovSpdInCombat	Stun	False	setp	4200	0	0	Time Gyre II			Não pode se mover ou usar habilidades evasivas enquanto estiver em vigor. O efeito termina se você sofrer uma certa quantidade de dano ou for derrubado.	icon_skills.curseofshackle_tex	icon_skills.curseofshackle_tex	True
501321	Block	Stun	False	perc	4200	0	0	Time Gyre II			Não pode se mover ou usar habilidades evasivas enquanto estiver em vigor. O efeito termina se você sofrer uma certa quantidade de dano ou for derrubado.	icon_skills.curseofshackle_tex	icon_skills.curseofshackle_tex	True
501322	MovSpd	Stun	False	setp	5000	0	0	Time Gyre			Não pode se mover ou usar habilidades evasivas enquanto estiver em vigor. O efeito termina se você sofrer uma certa quantidade de dano ou for derrubado.	icon_skills.curseofshackle_tex	icon_skills.curseofshackle_tex	True
501322	MovSpdInCombat	Stun	False	setp	5000	0	0	Time Gyre			Não pode se mover ou usar habilidades evasivas enquanto estiver em vigor. O efeito termina se você sofrer uma certa quantidade de dano ou for derrubado.	icon_skills.curseofshackle_tex	icon_skills.curseofshackle_tex	True
501322	Block	Stun	False	perc	5000	0	0	Time Gyre			Não pode se mover ou usar habilidades evasivas enquanto estiver em vigor. O efeito termina se você sofrer uma certa quantidade de dano ou for derrubado.	icon_skills.curseofshackle_tex	icon_skills.curseofshackle_tex	True
501323	MovSpd	Stun	False	setp	5900	0	0	Time Gyre IV			Não pode se mover ou usar habilidades evasivas enquanto estiver em vigor. O efeito termina se você sofrer uma certa quantidade de dano ou for derrubado.	icon_skills.curseofshackle_tex	icon_skills.curseofshackle_tex	True
501323	MovSpdInCombat	Stun	False	setp	5900	0	0	Time Gyre IV			Não pode se mover ou usar habilidades evasivas enquanto estiver em vigor. O efeito termina se você sofrer uma certa quantidade de dano ou for derrubado.	icon_skills.curseofshackle_tex	icon_skills.curseofshackle_tex	True
501323	Block	Stun	False	perc	5900	0	0	Time Gyre IV			Não pode se mover ou usar habilidades evasivas enquanto estiver em vigor. O efeito termina se você sofrer uma certa quantidade de dano ou for derrubado.	icon_skills.curseofshackle_tex	icon_skills.curseofshackle_tex	True
501400	MovSpd	Debuff	False	perc	3000	0	9	Hail Storm			Diminui a velocidade de movimento em $H_W_BAD800%$COLOR_END. O efeito se acumula até 4 vezes.	icon_skills.icestorm_tex	icon_skills.icestorm_tex	True
501400	HPDrain	Debuff	False	perc	3000	0	9	Hail Storm			Diminui a velocidade de movimento em $H_W_BAD800%$COLOR_END. O efeito se acumula até 4 vezes.	icon_skills.icestorm_tex	icon_skills.icestorm_tex	True
501402	MovSpd	Debuff	False	perc	3000	0	9	Hail Storm			Diminui a velocidade de movimento em $H_W_BAD800%$COLOR_END. O efeito se acumula até 4 vezes.	icon_skills.icestorm_tex	icon_skills.icestorm_tex	True
501402	HPDrain	Debuff	False	perc	3000	0	9	Hail Storm			Diminui a velocidade de movimento em $H_W_BAD800%$COLOR_END. O efeito se acumula até 4 vezes.	icon_skills.icestorm_tex	icon_skills.icestorm_tex	True
501500	212	Buff	True	seta	5000	0	6	Stone Skin			Não sofrerá danos causados por nenhum efeito prejudicial.	icon_skills.stoneshape_tex	icon_skills.stoneshape_tex	True
501500	Immune	Buff	True	26	5000	0	0	Stone Skin			Não sofrerá danos causados por nenhum efeito prejudicial.	icon_skills.stoneshape_tex	icon_skills.stoneshape_tex	True
501501	AllowAggro	Buff	True	swch	8000	0	0	Stone Skin				icon_skills.stoneshape_tex	icon_skills.voidtrap_tex	False
501600	102	Buff	True	perc	1500	0	3	Warp Barrier			Todo o dano é cancelado por 1s e recupera 3% do MP máximo por acerto.	icon_skills.distortionfield_tex	icon_skills.distortionfield_tex	True
501600	Immune	Buff	True	10	1500	0	0	Warp Barrier			Todo o dano é cancelado por 1s e recupera 3% do MP máximo por acerto.	icon_skills.distortionfield_tex	icon_skills.distortionfield_tex	True
501700	DefPotion	Buff	True	perc	4800	0	5	Nova			Recebe $H_W_GOOD400%$COLOR_END menos dano de outro jogador.	icon_skills.manaburst_tex	icon_skills.manaburst_tex	False
600100	AllowAggro	Buff	True	swch	60000	0	0	Feign Death			Ignorado pelos oponentes. Duração: $H_W_GOOD60s$COLOR_END.	icon_skills.feigndeath_tex	icon_skills.feigndeath_tex	True
600100	220	Buff	True	swch	60000	0	0	Feign Death			Ignorado pelos oponentes. Duração: $H_W_GOOD60s$COLOR_END.	icon_skills.feigndeath_tex	icon_skills.feigndeath_tex	True
600101	AllowAggro	Buff	True	swch	60000	0	0	Feign Death II			Ignorado pelos oponentes. Duração: $H_W_GOOD60s$COLOR_END.	icon_skills.feigndeath_tex	icon_skills.feigndeath_tex	True
600101	220	Buff	True	swch	60000	0	0	Feign Death II			Ignorado pelos oponentes. Duração: $H_W_GOOD60s$COLOR_END.	icon_skills.feigndeath_tex	icon_skills.feigndeath_tex	True
600102	AllowAggro	Buff	True	swch	60000	0	0	Feign Death III			Ignorado pelos oponentes. Duração: $H_W_GOOD60s$COLOR_END.	icon_skills.feigndeath_tex	icon_skills.feigndeath_tex	True
600102	220	Buff	True	swch	60000	0	0	Feign Death III			Ignorado pelos oponentes. Duração: $H_W_GOOD60s$COLOR_END.	icon_skills.feigndeath_tex	icon_skills.feigndeath_tex	True
600103	AllowAggro	Buff	True	swch	60000	0	0	Feign Death IV			Ignorado pelos oponentes. Duração: $H_W_GOOD60s$COLOR_END.	icon_skills.feigndeath_tex	icon_skills.feigndeath_tex	True
600103	220	Buff	True	swch	60000	0	0	Feign Death IV			Ignorado pelos oponentes. Duração: $H_W_GOOD60s$COLOR_END.	icon_skills.feigndeath_tex	icon_skills.feigndeath_tex	True
600200	209	Buff	True	perc	7000	0	0	Radiant Arrow			Agora você pode usar o Final Salvo.	icon_skills.chargearrow_tex	icon_skills.chainrapidshot_tex	True
600300	Stun	Stun	False	swch	4000	0	5	Stunning Trap			Atordoado. Não pode se mover.	icon_skills.paralysistrap_tex	icon_skills.paralysistrap_tex	True
600400	MovSpd	Debuff	False	setp	7000	0	3	Slow Trap			A velocidade diminui em $H_W_BAD200%$COLOR_END.	icon_skills.webtrap_tex	icon_skills.webtrap_tex	True
600400	HPDrain	Debuff	False	perc	7000	0	9	Slow Trap			A velocidade diminui em $H_W_BAD200%$COLOR_END.	icon_skills.webtrap_tex	icon_skills.webtrap_tex	True
600500	Mark	Debuff	False	swch	30000	0	12	Velik's Mark I			Você recebe $H_W_BAD10%$COLOR_END de dano adicional quando é atingido pelo inimigo que o marcou.	icon_skills.markingofarcher_tex	icon_skills.markingofarcher_tex	True
600501	Mark	Debuff	False	swch	35000	0	12	Velik's Mark II			Você recebe $H_W_BAD10%$COLOR_END de dano adicional quando é atingido pelo inimigo que o marcou.	icon_skills.markingofarcher_tex	icon_skills.markingofarcher_tex	True
600502	Mark	Debuff	False	swch	40000	0	12	Velik's Mark			Você recebe $H_W_BAD10%$COLOR_END de dano adicional quando é atingido pelo inimigo que o marcou.	icon_skills.markingofarcher_tex	icon_skills.markingofarcher_tex	True
600600	HPChange	DOT	False	abs	10000	2	-58	Poison Trap I			Perder $H_W_BAD-58$COLOR_END HP a cada $H_W_BAD2s$COLOR_END.	icon_skills.venomtrap_tex	icon_skills.venomtrap_tex	True
600601	HPChange	DOT	False	abs	10000	2	-124	Poison Trap II			Perder $H_W_BAD-124$COLOR_END HP a cada $H_W_BAD2s$COLOR_END.	icon_skills.venomtrap_tex	icon_skills.venomtrap_tex	True
600602	HPChange	DOT	False	abs	10000	2	-271	Poison Trap III			Perder $H_W_BAD-271$COLOR_END HP a cada $H_W_BAD2s$COLOR_END.	icon_skills.venomtrap_tex	icon_skills.venomtrap_tex	True
600603	HPChange	DOT	False	abs	10000	2	-518	Poison Trap IV			Perder $H_W_BAD-518$COLOR_END HP a cada $H_W_BAD2s$COLOR_END.	icon_skills.venomtrap_tex	icon_skills.venomtrap_tex	True
600604	HPChange	DOT	False	abs	10000	2	-1048	Poison Trap V			Perder $H_W_BAD-1048$COLOR_END HP a cada $H_W_BAD2s$COLOR_END.	icon_skills.venomtrap_tex	icon_skills.venomtrap_tex	True
600605	HPChange	DOT	False	abs	10000	2	-1575	Poison Trap VI			Perder $H_W_BAD-1575$COLOR_END HP a cada $H_W_BAD2s$COLOR_END.	icon_skills.venomtrap_tex	icon_skills.venomtrap_tex	True
600620	HPChange	DOT	False	abs	10000	2	-57	Poison Trap			Perder $H_W_BAD-57$COLOR_END HP a cada $H_W_BAD2s$COLOR_END.	icon_skills.venomtrap_tex	icon_skills.venomtrap_tex	True
600621	HPChange	DOT	False	abs	10000	2	-109	Poison Trap			Perder $H_W_BAD-109$COLOR_END HP a cada $H_W_BAD2s$COLOR_END.	icon_skills.venomtrap_tex	icon_skills.venomtrap_tex	True
600622	HPChange	DOT	False	abs	10000	2	-209	Poison Trap			Perder $H_W_BAD-209$COLOR_END HP a cada $H_W_BAD2s$COLOR_END.	icon_skills.venomtrap_tex	icon_skills.venomtrap_tex	True
600623	HPChange	DOT	False	abs	10000	2	-398	Poison Trap			Perder $H_W_BAD-398$COLOR_END HP a cada $H_W_BAD2s$COLOR_END.	icon_skills.venomtrap_tex	icon_skills.venomtrap_tex	True
600624	HPChange	DOT	False	abs	10000	2	-778	Poison Trap			Perder $H_W_BAD-778$COLOR_END HP a cada $H_W_BAD2s$COLOR_END.	icon_skills.venomtrap_tex	icon_skills.venomtrap_tex	True
600625	HPChange	DOT	False	abs	10000	2	-1091	Poison Trap			Perder $H_W_BAD-1091$COLOR_END HP a cada $H_W_BAD2s$COLOR_END.	icon_skills.venomtrap_tex	icon_skills.venomtrap_tex	True
600700	MovSpd	Debuff	False	setp	7000	0	8	Web Arrow			A velocidade diminui em $H_W_BAD700%$COLOR_END.	icon_skills.spiderarrow_tex	icon_skills.spiderarrow_tex	True
600700	HPDrain	Debuff	False	perc	7000	0	9	Web Arrow			A velocidade diminui em $H_W_BAD700%$COLOR_END.	icon_skills.spiderarrow_tex	icon_skills.spiderarrow_tex	True
600701	MovSpd	Debuff	False	setp	7000	0	7	Web Arrow			A velocidade diminui em $H_W_BAD600%$COLOR_END.	icon_skills.spiderarrow_tex	icon_skills.spiderarrow_tex	True
600701	HPDrain	Debuff	False	perc	7000	0	9	Web Arrow			A velocidade diminui em $H_W_BAD600%$COLOR_END.	icon_skills.spiderarrow_tex	icon_skills.spiderarrow_tex	True
600702	MovSpd	Debuff	False	setp	7000	0	67	Web Arrow III			A velocidade diminui em $H_W_BAD6600%$COLOR_END.	icon_skills.spiderarrow_tex	icon_skills.spiderarrow_tex	True
600702	HPDrain	Debuff	False	perc	7000	0	9	Web Arrow III			A velocidade diminui em $H_W_BAD6600%$COLOR_END.	icon_skills.spiderarrow_tex	icon_skills.spiderarrow_tex	True
600800	Stun	Stun	False	swch	3000	0	5	Close Quarters			Atordoado. Não pode se mover.	icon_skills.turningkick_tex	icon_skills.turningkick_tex	True
600900	HPChange	DOT	False	abs	12000	2	-270	Poison Arrow I			O HP diminui em $H_W_BAD-270$COLOR_END a cada $H_W_BAD2s$COLOR_END. Esse efeito pode ser acumulado até 3 vezes.	icon_skills.venomarrow_tex	icon_skills.venomarrow_tex	True
600901	HPChange	DOT	False	abs	12000	2	-389	Poison Arrow II			O HP diminui em $H_W_BAD-389$COLOR_END a cada $H_W_BAD2s$COLOR_END. Esse efeito pode ser acumulado até 3 vezes.	icon_skills.venomarrow_tex	icon_skills.venomarrow_tex	True
600902	HPChange	DOT	False	abs	12000	2	-589	Poison Arrow III			O HP diminui em $H_W_BAD-589$COLOR_END a cada $H_W_BAD2s$COLOR_END. Esse efeito pode ser acumulado até 3 vezes.	icon_skills.venomarrow_tex	icon_skills.venomarrow_tex	True
600903	HPChange	DOT	False	abs	12000	2	-849	Poison Arrow IV			O HP diminui em $H_W_BAD-849$COLOR_END a cada $H_W_BAD2s$COLOR_END. Esse efeito pode ser acumulado até 3 vezes.	icon_skills.venomarrow_tex	icon_skills.venomarrow_tex	True
600904	HPChange	DOT	False	abs	12000	2	-1179	Poison Arrow V			O HP diminui em $H_W_BAD-1179$COLOR_END a cada $H_W_BAD2s$COLOR_END. Esse efeito pode ser acumulado até 3 vezes.	icon_skills.venomarrow_tex	icon_skills.venomarrow_tex	True
600905	HPChange	DOT	False	abs	12000	2	-1626	Poison Arrow VI			O HP diminui em $H_W_BAD-1626$COLOR_END a cada $H_W_BAD2s$COLOR_END. Esse efeito pode ser acumulado até 3 vezes.	icon_skills.venomarrow_tex	icon_skills.venomarrow_tex	True
600906	HPChange	DOT	False	abs	12000	2	-2360	Poison Arrow			O HP diminui em $H_W_BAD-2360$COLOR_END a cada $H_W_BAD2s$COLOR_END. Esse efeito pode ser acumulado até 3 vezes.	icon_skills.venomarrow_tex	icon_skills.venomarrow_tex	True
600907	HPChange	DOT	False	abs	12000	2	-3128	Poison Arrow VIII			O HP diminui em $H_W_BAD-3128$COLOR_END a cada $H_W_BAD2s$COLOR_END. Esse efeito pode ser acumulado até 3 vezes.	icon_skills.venomarrow_tex	icon_skills.venomarrow_tex	True
600908	HPChange	DOT	False	abs	12000	2	-3780	Poison Arrow			O HP diminui em $H_W_BAD-3780$COLOR_END a cada $H_W_BAD2s$COLOR_END. Esse efeito pode ser acumulado até 3 vezes.	icon_skills.venomarrow_tex	icon_skills.venomarrow_tex	True
600920	HPChange	DOT	False	abs	12000	2	-232	Poison Arrow I			O HP diminui em $H_W_BAD-232$COLOR_END a cada $H_W_BAD2s$COLOR_END. Esse efeito pode ser acumulado até 3 vezes.	icon_skills.venomarrow_tex	icon_skills.venomarrow_tex	True
600921	HPChange	DOT	False	abs	12000	2	-160	Poison Arrow II			O HP diminui em $H_W_BAD-160$COLOR_END a cada $H_W_BAD2s$COLOR_END. Esse efeito pode ser acumulado até 3 vezes.	icon_skills.venomarrow_tex	icon_skills.venomarrow_tex	True
600922	HPChange	DOT	False	abs	12000	2	-221	Poison Arrow III			O HP diminui em $H_W_BAD-221$COLOR_END a cada $H_W_BAD2s$COLOR_END. Esse efeito pode ser acumulado até 3 vezes.	icon_skills.venomarrow_tex	icon_skills.venomarrow_tex	True
600923	HPChange	DOT	False	abs	12000	2	-306	Poison Arrow IV			O HP diminui em $H_W_BAD-306$COLOR_END a cada $H_W_BAD2s$COLOR_END. Esse efeito pode ser acumulado até 3 vezes.	icon_skills.venomarrow_tex	icon_skills.venomarrow_tex	True
600924	HPChange	DOT	False	abs	12000	2	-422	Poison Arrow V			O HP diminui em $H_W_BAD-422$COLOR_END a cada $H_W_BAD2s$COLOR_END. Esse efeito pode ser acumulado até 3 vezes.	icon_skills.venomarrow_tex	icon_skills.venomarrow_tex	True
600925	HPChange	DOT	False	abs	12000	2	-583	Poison Arrow VI			O HP diminui em $H_W_BAD-583$COLOR_END a cada $H_W_BAD2s$COLOR_END. Esse efeito pode ser acumulado até 3 vezes.	icon_skills.venomarrow_tex	icon_skills.venomarrow_tex	True
600926	HPChange	DOT	False	abs	12000	2	-813	Poison Arrow			O HP diminui em $H_W_BAD-813$COLOR_END a cada $H_W_BAD2s$COLOR_END. Esse efeito pode ser acumulado até 3 vezes.	icon_skills.venomarrow_tex	icon_skills.venomarrow_tex	True
600927	HPChange	DOT	False	abs	12000	2	-1078	Poison Arrow VIII			O HP diminui em $H_W_BAD-1078$COLOR_END a cada $H_W_BAD2s$COLOR_END. Esse efeito pode ser acumulado até 3 vezes.	icon_skills.venomarrow_tex	icon_skills.venomarrow_tex	True
600928	HPChange	DOT	False	abs	12000	2	-1427	Poison Arrow IX			O HP diminui em $H_W_BAD-1427$COLOR_END a cada $H_W_BAD2s$COLOR_END. Esse efeito pode ser acumulado até 3 vezes.	icon_skills.venomarrow_tex	icon_skills.venomarrow_tex	True
601000	MovSpd	Debuff	False	setp	4000	0	5	Restraining Arrow I			Diminui a velocidade de movimento em 400% e a velocidade de ataque em 8400%.	icon_skills.contaningshot_tex	icon_skills.contaningshot_tex	True
601000	ASpd	Debuff	False	perc	4000	0	85	Restraining Arrow I			Diminui a velocidade de movimento em 400% e a velocidade de ataque em 8400%.	icon_skills.contaningshot_tex	icon_skills.contaningshot_tex	True
601000	HPDrain	Debuff	False	perc	4000	0	9	Restraining Arrow I			Diminui a velocidade de movimento em 400% e a velocidade de ataque em 8400%.	icon_skills.contaningshot_tex	icon_skills.contaningshot_tex	True
601001	MovSpd	Debuff	False	setp	5000	0	5	Restraining Arrow II			Diminui a velocidade de movimento em 400% e a velocidade de ataque em 8400%.	icon_skills.contaningshot_tex	icon_skills.contaningshot_tex	True
601001	ASpd	Debuff	False	perc	5000	0	85	Restraining Arrow II			Diminui a velocidade de movimento em 400% e a velocidade de ataque em 8400%.	icon_skills.contaningshot_tex	icon_skills.contaningshot_tex	True
601001	HPDrain	Debuff	False	perc	5000	0	9	Restraining Arrow II			Diminui a velocidade de movimento em 400% e a velocidade de ataque em 8400%.	icon_skills.contaningshot_tex	icon_skills.contaningshot_tex	True
601100	Power	Buff	True	abs	0	0	30	Sniper's Eye I			Aumenta o poder em 30 e a velocidade de ataque em 4. Em PvP, essa habilidade aumenta o dano em 4,3%. Não pode ser usada em conjunto com Eagle's Eye.	icon_skills.focusstance_tex	icon_skills.focusstance_tex	True
601100	MovSpd	Buff	True	abs	0	0	8	Sniper's Eye I			Aumenta o poder em 30 e a velocidade de ataque em 4. Em PvP, essa habilidade aumenta o dano em 4,3%. Não pode ser usada em conjunto com Eagle's Eye.	icon_skills.focusstance_tex	icon_skills.focusstance_tex	True
601100	ASpd	Buff	True	abs	0	0	4	Sniper's Eye I			Aumenta o poder em 30 e a velocidade de ataque em 4. Em PvP, essa habilidade aumenta o dano em 4,3%. Não pode ser usada em conjunto com Eagle's Eye.	icon_skills.focusstance_tex	icon_skills.focusstance_tex	True
601100	AtkPotion	Buff	True	perc	0	0	105	Sniper's Eye I			Aumenta o poder em 30 e a velocidade de ataque em 4. Em PvP, essa habilidade aumenta o dano em 4,3%. Não pode ser usada em conjunto com Eagle's Eye.	icon_skills.focusstance_tex	icon_skills.focusstance_tex	True
601101	Power	Buff	True	abs	0	0	30	Sniper's Eye II			Aumenta o poder em 30 e a velocidade de ataque em 4. Em PvP, essa habilidade aumenta o dano em 4,3%. Não pode ser usada em conjunto com Eagle's Eye.	icon_skills.focusstance_tex	icon_skills.focusstance_tex	True
601101	MovSpd	Buff	True	abs	0	0	10	Sniper's Eye II			Aumenta o poder em 30 e a velocidade de ataque em 4. Em PvP, essa habilidade aumenta o dano em 4,3%. Não pode ser usada em conjunto com Eagle's Eye.	icon_skills.focusstance_tex	icon_skills.focusstance_tex	True
601101	ASpd	Buff	True	abs	0	0	8	Sniper's Eye II			Aumenta o poder em 30 e a velocidade de ataque em 4. Em PvP, essa habilidade aumenta o dano em 4,3%. Não pode ser usada em conjunto com Eagle's Eye.	icon_skills.focusstance_tex	icon_skills.focusstance_tex	True
601101	AtkPotion	Buff	True	perc	0	0	105	Sniper's Eye II			Aumenta o poder em 30 e a velocidade de ataque em 4. Em PvP, essa habilidade aumenta o dano em 4,3%. Não pode ser usada em conjunto com Eagle's Eye.	icon_skills.focusstance_tex	icon_skills.focusstance_tex	True
601110	Power	Buff	True	abs	0	0	30	Eagle's Eye I			Aumenta a potência em 30 e a velocidade de movimento em 8. Em PvP, essa habilidade aumenta o dano em 4,3%. Não pode ser usada em conjunto com Sniper's Eye.	icon_skills.focusstance_moveslow_tex	icon_skills.focusstance_moveslow_tex	True
601110	Endurance	Buff	True	abs	0	0	4	Eagle's Eye I			Aumenta a potência em 30 e a velocidade de movimento em 8. Em PvP, essa habilidade aumenta o dano em 4,3%. Não pode ser usada em conjunto com Sniper's Eye.	icon_skills.focusstance_moveslow_tex	icon_skills.focusstance_moveslow_tex	True
601110	ASpd	Buff	True	abs	0	0	4	Eagle's Eye I			Aumenta a potência em 30 e a velocidade de movimento em 8. Em PvP, essa habilidade aumenta o dano em 4,3%. Não pode ser usada em conjunto com Sniper's Eye.	icon_skills.focusstance_moveslow_tex	icon_skills.focusstance_moveslow_tex	True
601110	AtkPotion	Buff	True	perc	0	0	11	Eagle's Eye I			Aumenta a potência em 30 e a velocidade de movimento em 8. Em PvP, essa habilidade aumenta o dano em 4,3%. Não pode ser usada em conjunto com Sniper's Eye.	icon_skills.focusstance_moveslow_tex	icon_skills.focusstance_moveslow_tex	True
601111	Power	Buff	True	abs	0	0	30	Eagle's Eye II			Aumenta a potência em 30 e a velocidade de movimento em 8. Em PvP, essa habilidade aumenta o dano em 4,3%. Não pode ser usada em conjunto com Sniper's Eye.	icon_skills.focusstance_moveslow_tex	icon_skills.focusstance_moveslow_tex	True
601111	Endurance	Buff	True	abs	0	0	8	Eagle's Eye II			Aumenta a potência em 30 e a velocidade de movimento em 8. Em PvP, essa habilidade aumenta o dano em 4,3%. Não pode ser usada em conjunto com Sniper's Eye.	icon_skills.focusstance_moveslow_tex	icon_skills.focusstance_moveslow_tex	True
601111	ASpd	Buff	True	abs	0	0	8	Eagle's Eye II			Aumenta a potência em 30 e a velocidade de movimento em 8. Em PvP, essa habilidade aumenta o dano em 4,3%. Não pode ser usada em conjunto com Sniper's Eye.	icon_skills.focusstance_moveslow_tex	icon_skills.focusstance_moveslow_tex	True
601111	AtkPotion	Buff	True	perc	0	0	11	Eagle's Eye II			Aumenta a potência em 30 e a velocidade de movimento em 8. Em PvP, essa habilidade aumenta o dano em 4,3%. Não pode ser usada em conjunto com Sniper's Eye.	icon_skills.focusstance_moveslow_tex	icon_skills.focusstance_moveslow_tex	True
601130	AtkPotion	Buff	True	perc	0	0	105	Sniper's Eye I			Aumenta o poder em 30 e a velocidade de ataque em 4. Em PvP, essa habilidade aumenta o dano em 4,3%. Não pode ser usada em conjunto com Eagle's Eye.	icon_skills.focusstance_tex	icon_skills.focusstance_tex	False
601131	AtkPotion	Buff	True	perc	0	0	105	Sniper's Eye II			Aumenta o poder em 30 e a velocidade de ataque em 4. Em PvP, essa habilidade aumenta o dano em 4,3%. Não pode ser usada em conjunto com Eagle's Eye.	icon_skills.focusstance_tex	icon_skills.focusstance_tex	False
601140	AtkPotion	Buff	True	perc	0	0	11	Eagle's Eye I			Aumenta a potência em 30 e a velocidade de movimento em 8. Em PvP, essa habilidade aumenta o dano em 4,3%. Não pode ser usada em conjunto com Sniper's Eye.	icon_skills.focusstance_moveslow_tex	icon_skills.focusstance_moveslow_tex	False
601141	AtkPotion	Buff	True	perc	0	0	11	Eagle's Eye II			Aumenta a potência em 30 e a velocidade de movimento em 8. Em PvP, essa habilidade aumenta o dano em 4,3%. Não pode ser usada em conjunto com Sniper's Eye.	icon_skills.focusstance_moveslow_tex	icon_skills.focusstance_moveslow_tex	False
601200	Stun	Stun	False	swch	3000	0	5	Concussion Trap			Você está atordoado e imobilizado.	icon_skills.paralysistraparrow_tex	icon_skills.paralysistraparrow_tex	True
601201	Stun	Stun	False	swch	3000	0	5	Concussion Trap II			Você está atordoado e imobilizado.	icon_skills.paralysistraparrow_tex	icon_skills.paralysistraparrow_tex	True
601300	MovSpd	Debuff	False	perc	10000	0	65	Ensnaring Trap			Diminui a velocidade de movimento em $H_W_BAD6400%$COLOR_END.	icon_skills.webtraparrow_tex	icon_skills.webtraparrow_tex	True
601300	HPDrain	Debuff	False	perc	10000	0	9	Ensnaring Trap			Diminui a velocidade de movimento em $H_W_BAD6400%$COLOR_END.	icon_skills.webtraparrow_tex	icon_skills.webtraparrow_tex	True
601301	MovSpd	Debuff	False	perc	11000	0	65	Ensnaring Trap II			Diminui a velocidade de movimento em $H_W_BAD6400%$COLOR_END.	icon_skills.webtraparrow_tex	icon_skills.webtraparrow_tex	True
601301	HPDrain	Debuff	False	perc	11000	0	9	Ensnaring Trap II			Diminui a velocidade de movimento em $H_W_BAD6400%$COLOR_END.	icon_skills.webtraparrow_tex	icon_skills.webtraparrow_tex	True
601400	StackCounter	Buff	True	seta	10000	0	601450	Arrow			Aumenta a velocidade de carregamento da Flecha Penetrante após 10 acertos bem-sucedidos com a Flecha. Esse efeito é cancelado quando a Penetrating Arrow é usada.	icon_skills.arrowshot_tex	icon_skills.arrowshot_tex	True
601450	CastSpeed	Buff	True	perc	10000	0	15	Arrow 			Aumenta a velocidade de carregamento do próximo ataque usando a Flecha Penetrante.	icon_skills.arrowshot_tex	icon_skills.arrowshot_tex	True
601500	StunResist	Buff	True	perc	5000	0	100000	Tenacity			Aumenta significativamente a resistência a atordoamentos.	icon_skills.tenacity_tex	icon_skills.tenacity_tex	True
700100	Resurrect	Buff	True	swch	1200000	0	7	Vow of Rebirth			Ressuscita instantaneamente se você for morto durante o efeito.	icon_skills.autoresurrect_tex	icon_skills.autoresurrect_tex	True
700200	MPChange	Buff	True	abs	0	2	-30	Aura of the Unyielding I			Uma aura emana em um raio de 30 m de você, conferindo aos membros do seu grupo o efeito Aura do Inflexível. $H_W_BAD-30$COLOR_END MP é perdido por $H_W_BAD2s$COLOR_END enquanto a habilidade estiver em vigor.	icon_skills.areahpgain_tex	icon_skills.areahpgain_tex	True
700200	BuffNearbyParty	Buff	True	seta	0	3	700230	Aura of the Unyielding I			Uma aura emana em um raio de 30 m de você, conferindo aos membros do seu grupo o efeito Aura do Inflexível. $H_W_BAD-30$COLOR_END MP é perdido por $H_W_BAD2s$COLOR_END enquanto a habilidade estiver em vigor.	icon_skills.areahpgain_tex	icon_skills.areahpgain_tex	True
700201	MPChange	Buff	True	abs	0	2	-30	Aura of the Unyielding II			Uma aura emana em um raio de 30 m de você, conferindo aos membros do seu grupo o efeito Aura do Inflexível. $H_W_BAD-30$COLOR_END MP é perdido por $H_W_BAD2s$COLOR_END enquanto a habilidade estiver em vigor.	icon_skills.areahpgain_tex	icon_skills.areahpgain_tex	True
700201	BuffNearbyParty	Buff	True	seta	0	3	700231	Aura of the Unyielding II			Uma aura emana em um raio de 30 m de você, conferindo aos membros do seu grupo o efeito Aura do Inflexível. $H_W_BAD-30$COLOR_END MP é perdido por $H_W_BAD2s$COLOR_END enquanto a habilidade estiver em vigor.	icon_skills.areahpgain_tex	icon_skills.areahpgain_tex	True
700202	MPChange	Buff	True	abs	0	2	-30	Aura of the Unyielding			Uma aura emana em um raio de 30 m de você, conferindo aos membros do seu grupo o efeito Aura do Inflexível. $H_W_BAD-30$COLOR_END MP é perdido por $H_W_BAD2s$COLOR_END enquanto a habilidade estiver em vigor.	icon_skills.areahpgain_tex	icon_skills.areahpgain_tex	True
700202	BuffNearbyParty	Buff	True	seta	0	3	700232	Aura of the Unyielding			Uma aura emana em um raio de 30 m de você, conferindo aos membros do seu grupo o efeito Aura do Inflexível. $H_W_BAD-30$COLOR_END MP é perdido por $H_W_BAD2s$COLOR_END enquanto a habilidade estiver em vigor.	icon_skills.areahpgain_tex	icon_skills.areahpgain_tex	True
700203	MPChange	Buff	True	abs	0	2	-30	Aura of the Unyielding IV			Uma aura emana em um raio de 30 m de você, conferindo aos membros do seu grupo o efeito Aura do Inflexível. $H_W_BAD-30$COLOR_END MP é perdido por $H_W_BAD2s$COLOR_END enquanto a habilidade estiver em vigor.	icon_skills.areahpgain_tex	icon_skills.areahpgain_tex	True
700203	BuffNearbyParty	Buff	True	seta	0	3	700233	Aura of the Unyielding IV			Uma aura emana em um raio de 30 m de você, conferindo aos membros do seu grupo o efeito Aura do Inflexível. $H_W_BAD-30$COLOR_END MP é perdido por $H_W_BAD2s$COLOR_END enquanto a habilidade estiver em vigor.	icon_skills.areahpgain_tex	icon_skills.areahpgain_tex	True
700230	CritResist	Buff	True	perc	0	0	13	Aura of the Unyielding I			Adiciona resistência a críticos $H_W_GOOD1200%$COLOR_END aos personagens em um raio de 30 m ao redor do lançador.	icon_status.plusciriticalresist_tex	icon_status.plusciriticalresist_tex	True
700231	CritResist	Buff	True	perc	0	0	14	Aura of the Unyielding II			Adiciona resistência a críticos $H_W_GOOD1300%$COLOR_END aos personagens em um raio de 30 m ao redor do lançador.	icon_status.plusciriticalresist_tex	icon_status.plusciriticalresist_tex	True
700232	CritResist	Buff	True	perc	0	0	15	Aura of the Unyielding III			Adiciona resistência a críticos $H_W_GOOD1400%$COLOR_END aos personagens em um raio de 30 m ao redor do lançador.	icon_status.plusciriticalresist_tex	icon_status.plusciriticalresist_tex	True
700233	CritResist	Buff	True	perc	0	0	16	Aura of the Unyielding IV			Adiciona resistência crítica $H_W_GOOD1500%$COLOR_END aos personagens em um raio de 30 m ao seu redor.	icon_status.plusciriticalresist_tex	icon_status.plusciriticalresist_tex	True
700300	MPChange	Buff	True	abs	0	2	-30	Aura of the Tenacious			Uma aura emana 30 m ao seu redor, dotando os membros do seu grupo com o efeito Aura do Tenaz. $H_W_BAD-30$COLOR_END O MP é gasto por $H_W_BAD2s$COLOR_END enquanto a habilidade estiver em vigor.	icon_skills.areampgain_tex	icon_skills.areampgain_tex	True
700300	BuffNearbyParty	Buff	True	swch	0	3	700330	Aura of the Tenacious			Uma aura emana 30 m ao seu redor, dotando os membros do seu grupo com o efeito Aura do Tenaz. $H_W_BAD-30$COLOR_END O MP é gasto por $H_W_BAD2s$COLOR_END enquanto a habilidade estiver em vigor.	icon_skills.areampgain_tex	icon_skills.areampgain_tex	True
700330	MPChange	Buff	True	perc	0	1	2	Aura of the Tenacious			Restaura continuamente $H_W_GOOD200%$COLOR_END MP por $H_W_GOOD1s$COLOR_END para personagens em um raio de 30 m do lançador.	icon_status.mprecoverup_tex	icon_status.mprecoverup_tex	True
700400	HPChange	Buff	True	abs	10000	1	43	Titanic Favor I			Cura o HP a cada $H_W_GOOD1s$COLOR_END.	icon_skills.healshot_tex	icon_skills.healshot_tex	True
700401	HPChange	Buff	True	abs	10000	1	54	Titanic Favor II			Cura o HP a cada $H_W_GOOD1s$COLOR_END.	icon_skills.healshot_tex	icon_skills.healshot_tex	True
700402	HPChange	Buff	True	abs	10000	1	66	Titanic Favor III			Cura o HP a cada $H_W_GOOD1s$COLOR_END.	icon_skills.healshot_tex	icon_skills.healshot_tex	True
700403	HPChange	Buff	True	abs	10000	1	79	Titanic Favor IV			Cura o HP a cada $H_W_GOOD1s$COLOR_END.	icon_skills.healshot_tex	icon_skills.healshot_tex	True
700404	HPChange	Buff	True	abs	10000	1	89	Titanic Favor V			Cura o HP a cada $H_W_GOOD1s$COLOR_END.	icon_skills.healshot_tex	icon_skills.healshot_tex	True
700405	HPChange	Buff	True	abs	10000	1	97	Titanic Favor VI			Cura o HP a cada $H_W_GOOD1s$COLOR_END.	icon_skills.healshot_tex	icon_skills.healshot_tex	True
700406	HPChange	Buff	True	abs	10000	1	101	Titanic Favor VII			Cura o HP a cada $H_W_GOOD1s$COLOR_END.	icon_skills.healshot_tex	icon_skills.healshot_tex	True
700407	HPChange	Buff	True	abs	10000	1	105	Titanic Favor VIII			Cura o HP a cada $H_W_GOOD1s$COLOR_END.	icon_skills.healshot_tex	icon_skills.healshot_tex	True
700408	HPChange	Buff	True	abs	10000	1	109	Titanic Favor IX			Cura o HP a cada $H_W_GOOD1s$COLOR_END.	icon_skills.healshot_tex	icon_skills.healshot_tex	True
700500	MovSpd	Debuff	False	setp	6000	0	5	Ancient Binding			A velocidade diminui em $H_W_BAD400%$COLOR_END.	icon_skills.slowball_tex	icon_skills.slowball_tex	True
700500	HPDrain	Debuff	False	perc	6000	0	9	Ancient Binding			A velocidade diminui em $H_W_BAD400%$COLOR_END.	icon_skills.slowball_tex	icon_skills.slowball_tex	True
700501	MovSpd	Debuff	False	setp	6000	0	4	Ancient Binding			A velocidade diminui em $H_W_BAD300%$COLOR_END.	icon_skills.slowball_tex	icon_skills.slowball_tex	True
700501	HPDrain	Debuff	False	perc	6000	0	9	Ancient Binding			A velocidade diminui em $H_W_BAD300%$COLOR_END.	icon_skills.slowball_tex	icon_skills.slowball_tex	True
700600	MPChange	Buff	True	abs	0	2	-30	Aura of the Merciless			Uma aura emana 30 m ao seu redor, conferindo aos membros do seu grupo o efeito Aura do Impiedoso. $H_W_BAD-30$COLOR_END O MP é gasto por $H_W_BAD2s$COLOR_END enquanto a habilidade estiver em vigor.	icon_skills.criticalupaura_tex	icon_skills.criticalupaura_tex	True
700600	BuffNearbyParty	Buff	True	seta	0	3	700630	Aura of the Merciless			Uma aura emana 30 m ao seu redor, conferindo aos membros do seu grupo o efeito Aura do Impiedoso. $H_W_BAD-30$COLOR_END O MP é gasto por $H_W_BAD2s$COLOR_END enquanto a habilidade estiver em vigor.	icon_skills.criticalupaura_tex	icon_skills.criticalupaura_tex	True
700601	MPChange	Buff	True	abs	0	2	-30	Aura of the Merciless II			Uma aura emana 30 m ao seu redor, conferindo aos membros do seu grupo o efeito Aura do Impiedoso. $H_W_BAD-30$COLOR_END O MP é gasto por $H_W_BAD2s$COLOR_END enquanto a habilidade estiver em vigor.	icon_skills.criticalupaura_tex	icon_skills.criticalupaura_tex	True
700601	BuffNearbyParty	Buff	True	seta	0	3	700631	Aura of the Merciless II			Uma aura emana 30 m ao seu redor, conferindo aos membros do seu grupo o efeito Aura do Impiedoso. $H_W_BAD-30$COLOR_END O MP é gasto por $H_W_BAD2s$COLOR_END enquanto a habilidade estiver em vigor.	icon_skills.criticalupaura_tex	icon_skills.criticalupaura_tex	True
700630	Crit	Buff	True	perc	0	0	2	Aura of the Merciless I			$H_W_GOODDuplica$COLOR_END a taxa de crítico dos personagens em um raio de 30 m do lançador.	icon_status.plusecritical_tex	icon_status.plusecritical_tex	True
700631	Crit	Buff	True	perc	0	0	21	Aura of the Merciless II			$H_W_GOODDuplica$COLOR_END a taxa de crítico dos personagens em um raio de 30 m do lançador.	icon_status.plusecritical_tex	icon_status.plusecritical_tex	True
700700	MPChange	Buff	True	abs	0	2	-30	Aura of the Swift			Uma aura emana 30 m em torno de você, dotando os membros do seu grupo com o efeito Aura of the Swift. $H_W_BAD-30$COLOR_END O MP é gasto por $H_W_BAD2s$COLOR_END enquanto a habilidade estiver em vigor.	icon_skills.speedupaura_tex	icon_skills.speedupaura_tex	True
700700	BuffNearbyParty	Buff	True	seta	0	3	700730	Aura of the Swift			Uma aura emana 30 m em torno de você, dotando os membros do seu grupo com o efeito Aura of the Swift. $H_W_BAD-30$COLOR_END O MP é gasto por $H_W_BAD2s$COLOR_END enquanto a habilidade estiver em vigor.	icon_skills.speedupaura_tex	icon_skills.speedupaura_tex	True
700701	MPChange	Buff	True	abs	0	2	-30	Aura of the Swift II			Uma aura emana 30 m em torno de você, dotando os membros do seu grupo com o efeito Aura of the Swift. $H_W_BAD-30$COLOR_END O MP é gasto por $H_W_BAD2sCOLOR_END enquanto a habilidade estiver em vigor.	icon_skills.speedupaura_tex	icon_skills.speedupaura_tex	True
700701	BuffNearbyParty	Buff	True	seta	0	3	700731	Aura of the Swift II			Uma aura emana 30 m em torno de você, dotando os membros do seu grupo com o efeito Aura of the Swift. $H_W_BAD-30$COLOR_END O MP é gasto por $H_W_BAD2sCOLOR_END enquanto a habilidade estiver em vigor.	icon_skills.speedupaura_tex	icon_skills.speedupaura_tex	True
700730	MovSpd	Buff	True	perc	0	0	11	Aura of the Swift I			Aumenta a velocidade de movimento em $H_W_GOOD1000%$COLOR_END para personagens em um raio de 30 m do lançador.	icon_status.plusmove_tex	icon_status.plusmove_tex	True
700731	MovSpd	Buff	True	perc	0	0	12	Aura of the Swift II			Aumenta a velocidade de movimento em $H_W_GOOD1100%$COLOR_END para personagens em um raio de 30 m do lançador.	icon_status.plusmove_tex	icon_status.plusmove_tex	True
700800	HPChange	DOT	False	abs	10000	2	-62	Volley of Curses			Perder $H_W_BAD-62$COLOR_END HP a cada $H_W_BAD2s$COLOR_END.	icon_skills.painfulshackle_tex	icon_skills.painfulshackle_tex	True
700801	HPChange	DOT	False	abs	10000	2	-96	Volley of Curses			Perder $H_W_BAD-96$COLOR_END HP a cada $H_W_BAD2s$COLOR_END.	icon_skills.painfulshackle_tex	icon_skills.painfulshackle_tex	True
700802	HPChange	DOT	False	abs	10000	2	-138	Volley of Curses			Perder $H_W_BAD-138$COLOR_END HP a cada $H_W_BAD2s$COLOR_END.	icon_skills.painfulshackle_tex	icon_skills.painfulshackle_tex	True
700803	HPChange	DOT	False	abs	10000	2	-205	Volley of Curses			Perder $H_W_BAD-205$COLOR_END HP a cada $H_W_BAD2s$COLOR_END.	icon_skills.painfulshackle_tex	icon_skills.painfulshackle_tex	True
700804	HPChange	DOT	False	abs	10000	2	-289	Volley of Curses			Perder $H_W_BAD-289$COLOR_END HP a cada $H_W_BAD2s$COLOR_END.	icon_skills.painfulshackle_tex	icon_skills.painfulshackle_tex	True
700805	HPChange	DOT	False	abs	10000	2	-417	Volley of Curses			Perder $H_W_BAD-417$COLOR_END HP a cada $H_W_BAD2s$COLOR_END.	icon_skills.painfulshackle_tex	icon_skills.painfulshackle_tex	True
700806	HPChange	DOT	False	abs	10000	2	-578	Volley of Curses			Perder $H_W_BAD-578$COLOR_END HP a cada $H_W_BAD2s$COLOR_END.	icon_skills.painfulshackle_tex	icon_skills.painfulshackle_tex	True
700807	HPChange	DOT	False	abs	10000	2	-817	Volley of Curses			Perder $H_W_BAD-817$COLOR_END HP a cada $H_W_BAD2s$COLOR_END.	icon_skills.painfulshackle_tex	icon_skills.painfulshackle_tex	True
700808	HPChange	DOT	False	abs	10000	2	-1238	Volley of Curses IX			Perder $H_W_BAD-1238$COLOR_END HP a cada $H_W_BAD2s$COLOR_END.	icon_skills.painfulshackle_tex	icon_skills.painfulshackle_tex	True
700820	HPChange	DOT	False	abs	10000	2	-63	Volley of Curses I			Perder $H_W_BAD-63$COLOR_END HP a cada $H_W_BAD2s$COLOR_END.	icon_skills.painfulshackle_tex	icon_skills.painfulshackle_tex	True
700821	HPChange	DOT	False	abs	10000	2	-86	Volley of Curses II			Perder $H_W_BAD-86$COLOR_END HP a cada $H_W_BAD2s$COLOR_END.	icon_skills.painfulshackle_tex	icon_skills.painfulshackle_tex	True
700822	HPChange	DOT	False	abs	10000	2	-133	Volley of Curses III			Perder $H_W_BAD-133$COLOR_END HP a cada $H_W_BAD2s$COLOR_END.	icon_skills.painfulshackle_tex	icon_skills.painfulshackle_tex	True
700823	HPChange	DOT	False	abs	10000	2	-191	Volley of Curses IV			Perder $H_W_BAD-191$COLOR_END HP a cada $H_W_BAD2s$COLOR_END.	icon_skills.painfulshackle_tex	icon_skills.painfulshackle_tex	True
700824	HPChange	DOT	False	abs	10000	2	-283	Volley of Curses V			Perder $H_W_BAD-283$COLOR_END HP a cada $H_W_BAD2s$COLOR_END.	icon_skills.painfulshackle_tex	icon_skills.painfulshackle_tex	True
700825	HPChange	DOT	False	abs	10000	2	-399	Volley of Curses VI			Perder $H_W_BAD-399$COLOR_END HP a cada $H_W_BAD2s$COLOR_END.	icon_skills.painfulshackle_tex	icon_skills.painfulshackle_tex	True
700826	HPChange	DOT	False	abs	10000	2	-576	Volley of Curses VII			Perder $H_W_BAD-576$COLOR_END HP a cada $H_W_BAD2s$COLOR_END.	icon_skills.painfulshackle_tex	icon_skills.painfulshackle_tex	True
700827	HPChange	DOT	False	abs	10000	2	-802	Volley of Curses			Perder $H_W_BAD-802$COLOR_END HP a cada $H_W_BAD2s$COLOR_END.	icon_skills.painfulshackle_tex	icon_skills.painfulshackle_tex	True
700828	HPChange	DOT	False	abs	10000	2	-1212	Volley of Curses IX			Perder $H_W_BAD-1212$COLOR_END HP a cada $H_W_BAD2s$COLOR_END.	icon_skills.painfulshackle_tex	icon_skills.painfulshackle_tex	True
700900	MPChange	Buff	True	abs	20000	1	100	Mana Infusion			Restaura o MP de $H_W_GOOD100$COLOR_END a cada $H_W_GOOD1s$COLOR_END ou até que você receba dano ou use outra habilidade ou item de combate.	icon_skills.mpcharge_tex	icon_skills.mpcharge_tex	True
701000	HPChange	Buff	True	abs	10000	2	70	Grace of the Spirit I			Restaura o HP de $H_W_GOOD70$COLOR_END a cada $H_W_GOOD2s$COLOR_END.	icon_skills.summonspiritofheal_tex	icon_skills.summonspiritofheal_tex	True
701001	HPChange	Buff	True	abs	10000	2	88	Grace of the Spirit II			Restaura o HP de $H_W_GOOD88$COLOR_END a cada $H_W_GOOD2s$COLOR_END.	icon_skills.summonspiritofheal_tex	icon_skills.summonspiritofheal_tex	True
701002	HPChange	Buff	True	abs	10000	2	109	Grace of the Spirit III			Restaura o HP de $H_W_GOOD109$COLOR_END a cada $H_W_GOOD2s$COLOR_END.	icon_skills.summonspiritofheal_tex	icon_skills.summonspiritofheal_tex	True
701003	HPChange	Buff	True	abs	10000	2	135	Grace of the Spirit IV			Restaura o HP de $H_W_GOOD135$COLOR_END a cada $H_W_GOOD2s$COLOR_END.	icon_skills.summonspiritofheal_tex	icon_skills.summonspiritofheal_tex	True
701004	HPChange	Buff	True	abs	10000	2	168	Grace of the Spirit V			Restaura o HP de $H_W_GOOD168$COLOR_END a cada $H_W_GOOD2s$COLOR_END.	icon_skills.summonspiritofheal_tex	icon_skills.summonspiritofheal_tex	True
701005	HPChange	Buff	True	abs	10000	2	208	Grace of the Spirit VI			Restaura o HP de $H_W_GOOD208$COLOR_END a cada $H_W_GOOD2s$COLOR_END.	icon_skills.summonspiritofheal_tex	icon_skills.summonspiritofheal_tex	True
701006	HPChange	Buff	True	abs	10000	2	258	Grace of the Spirit VII			Restaura o HP de $H_W_GOOD258$COLOR_END a cada $H_W_GOOD2s$COLOR_END.	icon_skills.summonspiritofheal_tex	icon_skills.summonspiritofheal_tex	True
701007	HPChange	Buff	True	abs	10000	2	320	Grace of the Spirit VIII			Restaura o HP de $H_W_GOOD320$COLOR_END a cada $H_W_GOOD2s$COLOR_END.	icon_skills.summonspiritofheal_tex	icon_skills.summonspiritofheal_tex	True
701008	HPChange	Buff	True	abs	10000	2	397	Grace of the Spirit IX			Restaura o HP de $H_W_GOOD397$COLOR_END a cada $H_W_GOOD2s$COLOR_END.	icon_skills.summonspiritofheal_tex	icon_skills.summonspiritofheal_tex	True
701009	HPChange	Buff	True	abs	10000	2	493	Grace of the Spirit X			Restaura o HP de $H_W_GOOD493$COLOR_END a cada $H_W_GOOD2s$COLOR_END.	icon_skills.summonspiritofheal_tex	icon_skills.summonspiritofheal_tex	True
701010	HPChange	Buff	True	abs	10000	2	614	Grace of the Spirit XI			Restaura o HP de $H_W_GOOD614$COLOR_END a cada $H_W_GOOD2s$COLOR_END.	icon_skills.summonspiritofheal_tex	icon_skills.summonspiritofheal_tex	True
701011	HPChange	Buff	True	abs	10000	2	769	Grace of the Spirit XII			Restaura o HP de $H_W_GOOD769$COLOR_END a cada $H_W_GOOD2s$COLOR_END.	icon_skills.summonspiritofheal_tex	icon_skills.summonspiritofheal_tex	True
701012	HPChange	Buff	True	abs	10000	2	914	Grace of the Spirit XIII			Cura $H_W_GOOD914$COLOR_END HP a cada $H_W_GOOD2s$COLOR_END.	icon_skills.summonspiritofheal_tex	icon_skills.summonspiritofheal_tex	True
701100	Stun	Stun	False	swch	20000	0	5	Sonorous Dreams I			Dormir confortavelmente. Termina imediatamente quando atingido.	icon_skills.shackleofquicksand_tex	icon_skills.shackleofquicksand_tex	True
701101	Stun	Stun	False	swch	20000	0	5	Sonorous Dreams			Dormir confortavelmente. Termina imediatamente quando atingido.	icon_skills.shackleofquicksand_tex	icon_skills.shackleofquicksand_tex	True
701200	CDR	DOT	False	perc	6000	0	12	Curse of Exhaustion I			Aumenta em $H_W_BAD1100%$COLOR_END o tempo de recarga de todas as habilidades que você usa enquanto estão em vigor.	icon_skills.spiritoflassitude_tex	icon_skills.spiritoflassitude_tex	True
701201	CDR	DOT	False	perc	8000	0	12	Curse of Exhaustion			Aumenta em $H_W_BAD1100%$COLOR_END o tempo de recarga de todas as habilidades que você usa enquanto estão em vigor.	icon_skills.spiritoflassitude_tex	icon_skills.spiritoflassitude_tex	True
701202	CDR	DOT	False	perc	10000	0	12	Curse of Exhaustion III			Aumenta em $H_W_BAD1100%$COLOR_END o tempo de recarga de todas as habilidades que você usa enquanto estão em vigor.	icon_skills.spiritoflassitude_tex	icon_skills.spiritoflassitude_tex	True
701300	Fear	Stun	False	abs	9000	0	150	Curse of Confusion			Fuja aterrorizado! O efeito de medo termina se for derrubado. No PvP, o efeito do Fear termina se for atacado.	icon_skills.spiritofconfusion_tex	icon_skills.spiritofconfusion_tex	True
701320	Fear	Stun	False	abs	4000	0	150	Curse of Confusion			Fuja aterrorizado! O efeito de medo termina se for derrubado. No PvP, o efeito do Fear termina se for atacado.	icon_skills.spiritofconfusion_tex	icon_skills.spiritofconfusion_tex	True
701400	MovSpd	Stun	False	setp	4000	0	1	Mire I			A velocidade diminui em $H_W_BAD0%$COLOR_END e o equilíbrio aumenta em $H_W_GOOD100%$COLOR_END por 4s. O efeito termina quando sofre dano significativo ou é derrubado.	icon_skills.shackleofstone_tex	icon_skills.shackleofstone_tex	True
701400	Ballance	Stun	False	perc	4000	0	2	Mire I			A velocidade diminui em $H_W_BAD0%$COLOR_END e o equilíbrio aumenta em $H_W_GOOD100%$COLOR_END por 4s. O efeito termina quando sofre dano significativo ou é derrubado.	icon_skills.shackleofstone_tex	icon_skills.shackleofstone_tex	True
701400	HPDrain	Stun	False	perc	4000	0	1	Mire I			A velocidade diminui em $H_W_BAD0%$COLOR_END e o equilíbrio aumenta em $H_W_GOOD100%$COLOR_END por 4s. O efeito termina quando sofre dano significativo ou é derrubado.	icon_skills.shackleofstone_tex	icon_skills.shackleofstone_tex	True
701401	MovSpd	Stun	False	setp	6000	0	1	Mire			A velocidade diminui em $H_W_BAD0%$COLOR_END e o equilíbrio aumenta em $H_W_GOOD100%$COLOR_END por 6s. O efeito termina quando sofre dano significativo ou é derrubado.	icon_skills.shackleofstone_tex	icon_skills.shackleofstone_tex	True
701401	Ballance	Stun	False	perc	6000	0	2	Mire			A velocidade diminui em $H_W_BAD0%$COLOR_END e o equilíbrio aumenta em $H_W_GOOD100%$COLOR_END por 6s. O efeito termina quando sofre dano significativo ou é derrubado.	icon_skills.shackleofstone_tex	icon_skills.shackleofstone_tex	True
701401	HPDrain	Stun	False	perc	6000	0	1	Mire			A velocidade diminui em $H_W_BAD0%$COLOR_END e o equilíbrio aumenta em $H_W_GOOD100%$COLOR_END por 6s. O efeito termina quando sofre dano significativo ou é derrubado.	icon_skills.shackleofstone_tex	icon_skills.shackleofstone_tex	True
701420	MovSpd	Stun	False	setp	5500	0	1	Mire I			A velocidade diminui em $H_W_BAD0%$COLOR_END e o equilíbrio aumenta em $H_W_GOOD100%$COLOR_END por 5s. O efeito termina quando sofre dano significativo ou é derrubado.	icon_skills.shackleofstone_tex	icon_skills.shackleofstone_tex	True
701420	Ballance	Stun	False	perc	5500	0	2	Mire I			A velocidade diminui em $H_W_BAD0%$COLOR_END e o equilíbrio aumenta em $H_W_GOOD100%$COLOR_END por 5s. O efeito termina quando sofre dano significativo ou é derrubado.	icon_skills.shackleofstone_tex	icon_skills.shackleofstone_tex	True
701420	HPDrain	Stun	False	perc	5500	0	1	Mire I			A velocidade diminui em $H_W_BAD0%$COLOR_END e o equilíbrio aumenta em $H_W_GOOD100%$COLOR_END por 5s. O efeito termina quando sofre dano significativo ou é derrubado.	icon_skills.shackleofstone_tex	icon_skills.shackleofstone_tex	True
701421	MovSpd	Stun	False	setp	8000	0	1	Mire			A velocidade diminui em $H_W_BAD0%$COLOR_END e o equilíbrio aumenta em $H_W_GOOD100%$COLOR_END por 8s. O efeito termina quando sofre dano significativo ou é derrubado.	icon_skills.shackleofstone_tex	icon_skills.shackleofstone_tex	True
701421	Ballance	Stun	False	perc	8000	0	2	Mire			A velocidade diminui em $H_W_BAD0%$COLOR_END e o equilíbrio aumenta em $H_W_GOOD100%$COLOR_END por 8s. O efeito termina quando sofre dano significativo ou é derrubado.	icon_skills.shackleofstone_tex	icon_skills.shackleofstone_tex	True
701421	HPDrain	Stun	False	perc	8000	0	1	Mire			A velocidade diminui em $H_W_BAD0%$COLOR_END e o equilíbrio aumenta em $H_W_GOOD100%$COLOR_END por 8s. O efeito termina quando sofre dano significativo ou é derrubado.	icon_skills.shackleofstone_tex	icon_skills.shackleofstone_tex	True
701500	HPChange	Buff	True	abs	5000	1	187	Arun's Vitae I	8008	Orbe Arun's Vitae I	Cura $H_W_GOOD187$COLOR_END HP a cada $H_W_GOOD1s$COLOR_END.	icon_skills.hprefresher_tex	icon_skills.hprefresher_tex	True
701501	HPChange	Buff	True	abs	5000	1	247	Arun's Vitae II	8009	Orbe Arun's Vitae II	Cura $H_W_GOOD247$COLOR_END HP a cada $H_W_GOOD1s$COLOR_END.	icon_skills.hprefresher_tex	icon_skills.hprefresher_tex	True
701502	HPChange	Buff	True	abs	5000	1	344	Arun's Vitae III	8010	Orbe Arun's Vitae III	Cura $H_W_GOOD344$COLOR_END HP a cada $H_W_GOOD1s$COLOR_END.	icon_skills.hprefresher_tex	icon_skills.hprefresher_tex	True
701503	HPChange	Buff	True	abs	5000	1	476	Arun's Vitae IV	8011	Orbe Arun's Vitae IV	Cura $H_W_GOOD476$COLOR_END HP a cada $H_W_GOOD1s$COLOR_END.	icon_skills.hprefresher_tex	icon_skills.hprefresher_tex	True
701504	HPChange	Buff	True	abs	5000	1	659	Arun's Vitae V	8012	Orbe Arun's Vitae V	Cura $H_W_GOOD659$COLOR_END HP a cada $H_W_GOOD1s$COLOR_END.	icon_skills.hprefresher_tex	icon_skills.hprefresher_tex	True
701505	HPChange	Buff	True	abs	5000	1	912	Arun's Vitae VI	8013	Orbe Arun's Vitae VI	Cura $H_W_GOOD912$COLOR_END HP a cada $H_W_GOOD1s$COLOR_END.	icon_skills.hprefresher_tex	icon_skills.hprefresher_tex	True
701506	HPChange	Buff	True	abs	5000	1	1259	Arun's Vitae VII	8014	Orbe Arun's Vitae VII	Cura $H_W_GOOD1259$COLOR_END HP a cada $H_W_GOOD1s$COLOR_END.	icon_skills.hprefresher_tex	icon_skills.hprefresher_tex	True
701507	HPChange	Buff	True	abs	5000	1	1739	Arun's Vitae VIII	8015	Orbe Arun's Vitae VIII	Cura $H_W_GOOD1739$COLOR_END HP a cada $H_W_GOOD1s$COLOR_END.	icon_skills.hprefresher_tex	icon_skills.hprefresher_tex	True
701508	HPChange	Buff	True	abs	5000	1	2401	Arun's Vitae IX	8016	Orbe Arun's Vitae IX	Cura $H_W_GOOD2401$COLOR_END HP a cada $H_W_GOOD1s$COLOR_END.	icon_skills.hprefresher_tex	icon_skills.hprefresher_tex	True
701509	HPChange	Buff	True	abs	5000	1	3319	Arun's Vitae X	8017	Orbe Arun's Vitae X	Cura $H_W_GOOD3319$COLOR_END HP a cada $H_W_GOOD1s$COLOR_END.	icon_skills.hprefresher_tex	icon_skills.hprefresher_tex	True
701510	HPChange	Buff	True	abs	5000	1	4917	Arun's Vitae XI	8018	Orbe Arun's Vitae XI	Cura $H_W_GOOD4917$COLOR_END HP a cada $H_W_GOOD1s$COLOR_END.	icon_skills.hprefresher_tex	icon_skills.hprefresher_tex	True
701511	HPChange	Buff	True	abs	5000	1	3319	Arun's Vitae XII			Cura $H_W_GOOD3319$COLOR_END HP a cada $H_W_GOOD1s$COLOR_END.	icon_skills.hprefresher_tex	icon_skills.hprefresher_tex	True
701600	Ballance	Buff	True	perc	3000	0	2	Energy Summoning - Balance I			Aumenta o saldo em $H_W_GOOD100%$COLOR_END.	icon_skills.energiesofshock_tex	icon_skills.energiesofshock_tex	True
701601	ASpd	Debuff	False	perc	3000	0	9	Numbing Totem			Diminui a velocidade de ataque em $H_W_BAD800%$COLOR_END.	icon_skills.energiesofrestriction_tex	icon_skills.energiesofrestriction_tex	True
701602	ASpd	Buff	True	perc	3000	0	105	Speed Totem			Aumenta a velocidade de ataque em $H_W_GOOD10400%$COLOR_END.	icon_skills.energiesofquickness_tex	icon_skills.energiesofquickness_tex	True
701603	AllResist	Debuff	False	perc	3000	0	75	Assailing Totem			Diminui a resistência a todas as penalidades em $H_W_BAD7400%$COLOR_END.	icon_skills.energiesofwillpower_tex	icon_skills.energiesofwillpower_tex	True
701604	Absorb	Buff	True	swch	5000	0	5395	Warding Totem I			A energia convocada absorve dano de até $H_W_GOOD5395$COLOR_END. O efeito termina quando o totem absorve seu dano máximo.	icon_skills.energiesofprotection_tex	icon_skills.energiesofprotection_tex	True
701605	HPChange	Buff	True	abs	15000	2	529	Warding Totem I			A energia convocada restaura o HP em $H_W_GOOD529$COLOR_END a cada $H_W_GOOD2s$COLOR_END.	icon_skills.energiesofprotection_tex	icon_skills.energiesofprotection_tex	True
701606	Absorb	Buff	True	swch	5000	0	7149	Warding Totem II			A energia convocada absorve danos de até $H_W_GOOD7149$COLOR_END. Assim que a quantidade máxima de absorção for excedida, o efeito desaparecerá independentemente do tempo de duração.	icon_skills.energiesofprotection_tex	icon_skills.energiesofprotection_tex	True
701607	HPChange	Buff	True	abs	15000	2	700	Warding Totem II			A energia convocada restaura o HP em $H_W_GOOD700$COLOR_END a cada $H_W_GOOD2s$COLOR_END.	icon_skills.energiesofprotection_tex	icon_skills.energiesofprotection_tex	True
701700	Endurance	Debuff	False	perc	20000	0	95	Contagion			Você está doente por 20s. A resistência diminui em $H_W_BAD9400%$COLOR_END. Não pode ser eliminada com a habilidade de purificação. Infecta criaturas em um raio de 7 m de você.	icon_skills.plague_tex	icon_skills.plague_tex	True
701700	Plague	Debuff	False	perc	20000	0	701800	Contagion			Você está doente por 20s. A resistência diminui em $H_W_BAD9400%$COLOR_END. Não pode ser eliminada com a habilidade de purificação. Infecta criaturas em um raio de 7 m de você.	icon_skills.plague_tex	icon_skills.plague_tex	True
701701	Endurance	Debuff	False	perc	20000	0	95	Contagion			Você está doente por 20s. A resistência diminui em $H_W_BAD9400%$COLOR_END. Não pode ser eliminada com a habilidade de purificação. Infecta criaturas em um raio de 7 m de você.	icon_skills.plague_tex	icon_skills.plague_tex	True
701701	Plague	Debuff	False	7	20000	0	701801	Contagion			Você está doente por 20s. A resistência diminui em $H_W_BAD9400%$COLOR_END. Não pode ser eliminada com a habilidade de purificação. Infecta criaturas em um raio de 7 m de você.	icon_skills.plague_tex	icon_skills.plague_tex	True
701800	HPChange	DOT	False	abs	5000	1	-15086	Contagion			Você está doente. Você recebe dano constante de $H_W_BAD-15086$COLOR_END.	icon_skills.plague_tex	icon_skills.plague_tex	True
701801	HPChange	DOT	False	abs	5000	1	-1953	Contagion			Você está doente. Sua recuperação de HP diminui em $H_W_BAD800%$COLOR_END e você recebe $H_W_BAD-1953$COLOR_END de dano constantemente.	icon_skills.plague_tex	icon_skills.plague_tex	True
701801	IncreasedHeal	DOT	False	perc	5000	0	9	Contagion			Você está doente. Sua recuperação de HP diminui em $H_W_BAD800%$COLOR_END e você recebe $H_W_BAD-1953$COLOR_END de dano constantemente.	icon_skills.plague_tex	icon_skills.plague_tex	True
776017	Power	Buff	False	perc	30000	0	2	Power of Darkness			Fortalecido pela escuridão. Barbosa é muito poderoso agora.	icon_status.angerwarrior_tex	icon_status.angerwarrior_tex	True
776017	ASpd	Buff	False	perc	30000	0	125	Power of Darkness			Fortalecido pela escuridão. Barbosa é muito poderoso agora.	icon_status.angerwarrior_tex	icon_status.angerwarrior_tex	True
776017	Drunk	Buff	False	766002	30000	0	0	Power of Darkness			Fortalecido pela escuridão. Barbosa é muito poderoso agora.	icon_status.angerwarrior_tex	icon_status.angerwarrior_tex	True
776018	AllResist	Debuff	True	perc	4000	0	1	Charging Darkness			Barbosa está indefeso enquanto acumula energia.	icon_status.minushp_tex	icon_status.minushp_tex	True
776019	Immune	Debuff	False	seta	0	0	0	Unbreakable			Essa porta não pode ser quebrada.	icon_status.darkriftrage_tex	icon_status.darkriftrage_tex	False
776020	HPChange	DOT	False	perc	3000	0	-5	Broking Down			A porta se quebrará em breve.	icon_status.fearstatus_tex	icon_status.fearstatus_tex	False
776021	Stun	Debuff	False	swch	1000	0	5	Flash Blindness			Você não consegue ver nada.	icon_status.confusestatusnpc_tex	icon_status.confusestatusnpc_tex	False
776021	Drunk	Debuff	False	766001	1000	0	0	Flash Blindness			Você não consegue ver nada.	icon_status.confusestatusnpc_tex	icon_status.confusestatusnpc_tex	False
776022	Stun	Debuff	False	swch	5000	0	5	Shattered Fleet			Você foi pego em uma armadilha.	icon_status.sealskill_tex	icon_status.sealskill_tex	True
776023	MovSpd	Debuff	False	setp	8000	0	2	Unsteady Motion			Diminui a velocidade de movimento.	icon_status.minusmove_tex	icon_status.minusmove_tex	True
776024	DelayedEffect	Stun	False	seta	5000	1	776025	Pirate Ship_Host of Darkness			Quando isso expirar, a área ao redor sofrerá grandes danos.	icon_status.cruel_slayer_3_tex	icon_status.cruel_slayer_3_tex	True
776025	HPChange	Debuff	False	abs	5000	1	-30000	Pirate Ship_Explosion of Darkness			A área ao redor está sendo amplamente danificada.	icon_status.cruel_slayer_2_tex	icon_status.cruel_slayer_2_tex	True
776025	BuffNearbyParty	Debuff	False	seta	5000	1	776026	Pirate Ship_Explosion of Darkness			A área ao redor está sendo amplamente danificada.	icon_status.cruel_slayer_2_tex	icon_status.cruel_slayer_2_tex	True
776026	HPChange	DOT	False	perc	5000	1	-3	Pirate Ship_Damage of Darkness Serial Effect			Os danos estão sendo causados pela Explosão das Trevas.	icon_status.cruel_slayer_2_tex	icon_status.cruel_slayer_2_tex	True
777001	CritChance	Buff	True	abs	20000	2	1	Complete Frenzy			Aumenta a taxa crítica em $H_W_GOOD100%$COLOR_END.	icon_status.cruel_slayer_4_tex	icon_status.cruel_slayer_4_tex	True
777002	MaxHP	Buff	True	perc	20000	0	1	Complete Empowerment			Aumenta o poder de ataque em $H_W_GOOD100%$COLOR_END.	icon_status.cruel_slayer_3_tex	icon_status.cruel_slayer_3_tex	True
777002	AtkPotion	Buff	True	perc	20000	2	2	Complete Empowerment			Aumenta o poder de ataque em $H_W_GOOD100%$COLOR_END.	icon_status.cruel_slayer_3_tex	icon_status.cruel_slayer_3_tex	True
777007	HPChange	DOT	False	perc	2000	2	-3	Parasitic Bite			Drena $H_W_BAD2%$COLOR_END do total de HP.	icon_status.delaydamage_tex	icon_status.delaydamage_tex	True
777007	Drunk	DOT	False	426718	2000	0	0	Parasitic Bite			Drena $H_W_BAD2%$COLOR_END do total de HP.	icon_status.delaydamage_tex	icon_status.delaydamage_tex	True
777009	Plague	Debuff	True	seta	0	1	777010	Underground Waterway_Chamber No. 1_Get Hit Together_Cancel_1			Get Hit Together_Cancel_1	icon_status.poisonstatus_tex	icon_status.poisonstatus_tex	True
777010	Plague	Debuff	True	seta	0	1	777009	Underground Waterway_Chamber No. 1_Get Hit Together_Cancel_2			Get Hit Together_Cancel_2	icon_status.poisonstatus_tex	icon_status.poisonstatus_tex	True
777014	MovSpd	DOT	False	perc	6000	0	5	System Seizure			Perde $H_W_BAD20%$COLOR_END do total de HP a cada $H_W_BAD1s$COLOR_END e diminui a velocidade de movimento em $H_W_GOOD400%$COLOR_END. Também causa vertigem.$BRSystem Seizure não pode ser removido.	icon_status.poisonstatus_tex	icon_status.poisonstatus_tex	True
777014	HPDrain	DOT	False	perc	6000	0	9	System Seizure			Perde $H_W_BAD20%$COLOR_END do total de HP a cada $H_W_BAD1s$COLOR_END e diminui a velocidade de movimento em $H_W_GOOD400%$COLOR_END. Também causa vertigem.$BRSystem Seizure não pode ser removido.	icon_status.poisonstatus_tex	icon_status.poisonstatus_tex	True
777014	HPChange	DOT	False	perc	6000	1	-2	System Seizure			Perde $H_W_BAD20%$COLOR_END do total de HP a cada $H_W_BAD1s$COLOR_END e diminui a velocidade de movimento em $H_W_GOOD400%$COLOR_END. Também causa vertigem.$BRSystem Seizure não pode ser removido.	icon_status.poisonstatus_tex	icon_status.poisonstatus_tex	True
777014	Drunk	DOT	False	426716	6000	0	0	System Seizure			Perde $H_W_BAD20%$COLOR_END do total de HP a cada $H_W_BAD1s$COLOR_END e diminui a velocidade de movimento em $H_W_GOOD400%$COLOR_END. Também causa vertigem.$BRSystem Seizure não pode ser removido.	icon_status.poisonstatus_tex	icon_status.poisonstatus_tex	True
777015	MovSpd	Debuff	False	setp	0	0	7	Parasitic Hatching			Os parasitas logo eclodirão.	icon_status.poisonstatus_tex	icon_status.poisonstatus_tex	True
777023	MaxHP	Debuff	True	perc	0	0	1	Imminent Hatching			Os parasitas estão prontos para eclodir.	icon_status.cruel_slayer_3_tex	icon_status.cruel_slayer_3_tex	True
777026	Power	Buff	False	perc	30000	0	3	Queen's Wrath			Aumenta a potência em $H_W_GOOD200%$COLOR_END e a velocidade de ataque em $H_W_GOOD1100%$COLOR_END.	icon_status.plusattack_tex	icon_status.plusattack_tex	True
777026	ASpd	Buff	False	perc	30000	0	12	Queen's Wrath			Aumenta a potência em $H_W_GOOD200%$COLOR_END e a velocidade de ataque em $H_W_GOOD1100%$COLOR_END.	icon_status.plusattack_tex	icon_status.plusattack_tex	True
777027	Power	Buff	False	perc	30000	0	3	Queen's Wrath			Aumenta a potência em $H_W_GOOD200%$COLOR_END e a velocidade de ataque em $H_W_GOOD1100%$COLOR_END.	icon_status.plusattack_tex	icon_status.plusattack_tex	True
777027	ASpd	Buff	False	perc	30000	0	12	Queen's Wrath			Aumenta a potência em $H_W_GOOD200%$COLOR_END e a velocidade de ataque em $H_W_GOOD1100%$COLOR_END.	icon_status.plusattack_tex	icon_status.plusattack_tex	True
777032	Power	Buff	False	perc	30000	0	25	Demokron Absorption			Depois de devorar demokrons, o Krakatox agora está mais forte.	icon_skills.paralysistrap_tex	icon_skills.paralysistrap_tex	True
777032	ASpd	Buff	False	perc	30000	0	12	Demokron Absorption			Depois de devorar demokrons, o Krakatox agora está mais forte.	icon_skills.paralysistrap_tex	icon_skills.paralysistrap_tex	True
777032	MovSpdInCombat	Buff	False	perc	30000	0	3	Demokron Absorption			Depois de devorar demokrons, o Krakatox agora está mais forte.	icon_skills.paralysistrap_tex	icon_skills.paralysistrap_tex	True
777033	HPChange	DOT	False	abs	20000	2	-5000	Demokron Virus			Perca HP em intervalos regulares.	icon_status.minuscriticalresist_tex	icon_status.minuscriticalresist_tex	True
777034	Power	DOT	False	perc	70000	0	125	Demokron's Curse			Aumenta a força em $H_W_GOOD12400%$COLOR_END e diminui o HP em $H_W_BAD1% Max HP$COLOR_END a cada $H_W_BAD1s$COLOR_END. Esse efeito pode ser acumulado até 99 vezes.	icon_status.diseaseup_tex	icon_status.diseaseup_tex	True
777034	HPChange	DOT	False	perc	70000	1	-1	Demokron's Curse			Aumenta a força em $H_W_GOOD12400%$COLOR_END e diminui o HP em $H_W_BAD1% Max HP$COLOR_END a cada $H_W_BAD1s$COLOR_END. Esse efeito pode ser acumulado até 99 vezes.	icon_status.diseaseup_tex	icon_status.diseaseup_tex	True
777035	StunKnockDown	Debuff	False	swch	1000	0	2	Shaky Ground			Perder o equilíbrio e cair.	icon_status.minuscriticalresist_tex	icon_status.minuscriticalresist_tex	True
777036	MovSpd	Debuff	False	setp	30000	0	2	Demokron’s Token			O vírus demokron o envolve, tornando-o mais lento e marcando-o como o principal alvo do demokron.	icon_status.poisonup_tex	icon_status.poisonup_tex	True
777037	Block	Buff	True	seta	30000	0	0	Demokron’s Token			Todas as habilidades relacionadas a evasão e movimento ficam indisponíveis durante a duração desse efeito.	icon_items.cancel_evade_potion_level_51_tex	icon_items.cancel_evade_potion_level_51_tex	True
800100	HPChange	Buff	True	abs	10000	2	88	Regeneration Circle I			Cura o HP a cada $H_W_GOOD2s$COLOR_END.	icon_skills.healingwind_tex	icon_skills.healingwind_tex	True
800101	HPChange	Buff	True	abs	10000	2	111	Regeneration Circle II			Cura o HP a cada $H_W_GOOD2s$COLOR_END.	icon_skills.healingwind_tex	icon_skills.healingwind_tex	True
800102	HPChange	Buff	True	abs	10000	2	136	Regeneration Circle III			Cura o HP a cada $H_W_GOOD2s$COLOR_END.	icon_skills.healingwind_tex	icon_skills.healingwind_tex	True
800103	HPChange	Buff	True	abs	10000	2	161	Regeneration Circle IV			Cura o HP a cada $H_W_GOOD2s$COLOR_END.	icon_skills.healingwind_tex	icon_skills.healingwind_tex	True
800104	HPChange	Buff	True	abs	10000	2	182	Regeneration Circle V			Cura o HP a cada $H_W_GOOD2s$COLOR_END.	icon_skills.healingwind_tex	icon_skills.healingwind_tex	True
800105	HPChange	Buff	True	abs	10000	2	198	Regeneration Circle VI			Cura o HP a cada $H_W_GOOD2s$COLOR_END.	icon_skills.healingwind_tex	icon_skills.healingwind_tex	True
800106	HPChange	Buff	True	abs	10000	2	208	Regeneration Circle VII			Cura o HP a cada $H_W_GOOD2s$COLOR_END.	icon_skills.healingwind_tex	icon_skills.healingwind_tex	True
800107	HPChange	Buff	True	abs	10000	2	214	Regeneration Circle VIII			Cura o HP a cada $H_W_GOOD2s$COLOR_END.	icon_skills.healingwind_tex	icon_skills.healingwind_tex	True
800108	HPChange	Buff	True	abs	10000	2	220	Regeneration Circle IX			Cura o HP a cada $H_W_GOOD2s$COLOR_END.	icon_skills.healingwind_tex	icon_skills.healingwind_tex	True
800200	MPChange	Buff	True	abs	20000	1	100	Mana Infusion			Restaura o MP de $H_W_GOOD100$COLOR_END a cada $H_W_GOOD1s$COLOR_END ou até que você receba dano ou use outra habilidade ou item de combate.	icon_skills.mpcharge_tex	icon_skills.mpcharge_tex	True
800300	KnockDownChance	Buff	True	perc	12000	0	0	Kaia's Shield I			Absorve até $H_W_GOOD5111$COLOR_END de dano. Imune a knockdown e imobilização. Termina quando o dano máximo é atingido.	icon_skills.armorofprotection_tex	icon_skills.armorofprotection_tex	True
800300	Absorb	Buff	True	swch	12000	0	5111	Kaia's Shield I			Absorve até $H_W_GOOD5111$COLOR_END de dano. Imune a knockdown e imobilização. Termina quando o dano máximo é atingido.	icon_skills.armorofprotection_tex	icon_skills.armorofprotection_tex	True
800301	KnockDownChance	Buff	True	perc	12000	0	0	Kaia's Shield II			Absorve até $H_W_GOOD7095$COLOR_END de dano. Imune a knockdown e imobilização. Termina quando o dano máximo é atingido.	icon_skills.armorofprotection_tex	icon_skills.armorofprotection_tex	True
800301	Absorb	Buff	True	swch	12000	0	7095	Kaia's Shield II			Absorve até $H_W_GOOD7095$COLOR_END de dano. Imune a knockdown e imobilização. Termina quando o dano máximo é atingido.	icon_skills.armorofprotection_tex	icon_skills.armorofprotection_tex	True
800302	KnockDownChance	Buff	True	perc	12000	0	0	Kaia's Shield III			Absorve até $H_W_GOOD9803$COLOR_END de dano. Imune a knockdown e imobilização. Termina quando o dano máximo é atingido.	icon_skills.armorofprotection_tex	icon_skills.armorofprotection_tex	True
800302	Absorb	Buff	True	swch	12000	0	9803	Kaia's Shield III			Absorve até $H_W_GOOD9803$COLOR_END de dano. Imune a knockdown e imobilização. Termina quando o dano máximo é atingido.	icon_skills.armorofprotection_tex	icon_skills.armorofprotection_tex	True
800303	KnockDownChance	Buff	True	perc	12000	0	0	Kaia's Shield IV			Absorve até $H_W_GOOD14282$COLOR_END de dano. Imune a knockdown e imobilização. Termina quando o dano máximo é atingido.	icon_skills.armorofprotection_tex	icon_skills.armorofprotection_tex	True
800303	Absorb	Buff	True	swch	12000	0	14282	Kaia's Shield IV			Absorve até $H_W_GOOD14282$COLOR_END de dano. Imune a knockdown e imobilização. Termina quando o dano máximo é atingido.	icon_skills.armorofprotection_tex	icon_skills.armorofprotection_tex	True
800304	KnockDownChance	Buff	True	perc	12000	0	0	Kaia's Shield V			Absorve até $H_W_GOOD18928$COLOR_END de dano. Imune a knockdown e imobilização. Termina quando o dano máximo é atingido.	icon_skills.armorofprotection_tex	icon_skills.armorofprotection_tex	True
800304	Absorb	Buff	True	swch	12000	0	18928	Kaia's Shield V			Absorve até $H_W_GOOD18928$COLOR_END de dano. Imune a knockdown e imobilização. Termina quando o dano máximo é atingido.	icon_skills.armorofprotection_tex	icon_skills.armorofprotection_tex	True
800400	AllResist	Buff	True	abs	1500000	0	5	Blessing of Arachne			As resistências aumentam em $H_W_GOOD5$COLOR_END.	icon_skills.resistancebless_tex	icon_skills.resistancebless_tex	True
800500	Endurance	Buff	True	abs	900000	0	6	Blessing of Seren I			A resistência aumenta em $H_W_GOOD6$COLOR_END.	icon_skills.agilitybless_tex	icon_skills.agilitybless_tex	True
800501	Endurance	Buff	True	abs	900000	0	11	Blessing of Seren II			A resistência aumenta em $H_W_GOOD11$COLOR_END.	icon_skills.agilitybless_tex	icon_skills.agilitybless_tex	True
800600	HPChange	Buff	True	abs	900000	2	55	Blessing of Balder I			Cura o HP a cada $H_W_GOOD2s$COLOR_END.	icon_skills.refreshbless_tex	icon_skills.refreshbless_tex	True
800601	HPChange	Buff	True	abs	900000	2	62	Blessing of Balder II			Cura o HP a cada $H_W_GOOD2s$COLOR_END.	icon_skills.refreshbless_tex	icon_skills.refreshbless_tex	True
800602	HPChange	Buff	True	abs	900000	2	67	Blessing of Balder III			Cura o HP a cada $H_W_GOOD2s$COLOR_END.	icon_skills.refreshbless_tex	icon_skills.refreshbless_tex	True
800603	HPChange	Buff	True	abs	900000	2	71	Blessing of Balder IV			Cura o HP a cada $H_W_GOOD2s$COLOR_END.	icon_skills.refreshbless_tex	icon_skills.refreshbless_tex	True
800604	HPChange	Buff	True	abs	900000	2	73	Blessing of Balder V			Cura o HP a cada $H_W_GOOD2s$COLOR_END.	icon_skills.refreshbless_tex	icon_skills.refreshbless_tex	True
800700	Power	Buff	True	abs	2000	0	0	Mana Extraction			###A mana extraída de uma Pedra Mágica restaura rapidamente seu PM.	icon_skills.useholywater_tex	icon_skills.useholywater_tex	False
800800	MovSpd	Debuff	False	setp	8000	0	5	Fiery Escape			A velocidade diminui em $H_W_BAD400%$COLOR_END.	icon_skills.sanctuary_tex	icon_skills.sanctuary_tex	True
800800	HPDrain	Debuff	False	perc	8000	0	9	Fiery Escape			A velocidade diminui em $H_W_BAD400%$COLOR_END.	icon_skills.sanctuary_tex	icon_skills.sanctuary_tex	True
800900	HPChange	DOT	False	abs	15000	3	-136	Plague of Exhaustion I			Diminui o HP em $H_W_BAD-136$COLOR_END a cada $H_W_BAD3s$COLOR_END.	icon_skills.prophecyoflethargy_tex	icon_skills.prophecyoflethargy_tex	True
800901	HPChange	DOT	False	abs	15000	3	-193	Plague of Exhaustion II			Diminui o HP em $H_W_BAD-193$COLOR_END a cada $H_W_BAD3s$COLOR_END.	icon_skills.prophecyoflethargy_tex	icon_skills.prophecyoflethargy_tex	True
800902	HPChange	DOT	False	abs	15000	3	-284	Plague of Exhaustion III			Diminui o HP em $H_W_BAD-284$COLOR_END a cada $H_W_BAD3s$COLOR_END.	icon_skills.prophecyoflethargy_tex	icon_skills.prophecyoflethargy_tex	True
800903	HPChange	DOT	False	abs	15000	3	-410	Plague of Exhaustion IV			Diminui o HP em $H_W_BAD-410$COLOR_END a cada $H_W_BAD3s$COLOR_END.	icon_skills.prophecyoflethargy_tex	icon_skills.prophecyoflethargy_tex	True
800904	HPChange	DOT	False	abs	15000	3	-569	Plague of Exhaustion V			Diminui o HP em $H_W_BAD-569$COLOR_END a cada $H_W_BAD3s$COLOR_END.	icon_skills.prophecyoflethargy_tex	icon_skills.prophecyoflethargy_tex	True
800905	HPChange	DOT	False	abs	15000	3	-786	Plague of Exhaustion VI			Diminui o HP em $H_W_BAD-786$COLOR_END a cada $H_W_BAD3s$COLOR_END.	icon_skills.prophecyoflethargy_tex	icon_skills.prophecyoflethargy_tex	True
800906	HPChange	DOT	False	abs	15000	3	-1145	Plague of Exhaustion			Diminui o HP em $H_W_BAD-1145$COLOR_END a cada $H_W_BAD3s$COLOR_END.	icon_skills.prophecyoflethargy_tex	icon_skills.prophecyoflethargy_tex	True
800907	HPChange	DOT	False	abs	15000	3	-1518	Plague of Exhaustion VIII			Perder $H_W_BAD-1518$COLOR_END HP a cada $H_W_BAD3s$COLOR_END.	icon_skills.prophecyoflethargy_tex	icon_skills.prophecyoflethargy_tex	True
800920	HPChange	DOT	False	abs	15000	3	-116	Plague of Exhaustion I			Diminui o HP em $H_W_BAD-116$COLOR_END a cada $H_W_BAD3s$COLOR_END. Além disso, aumenta o tempo de recarga das suas habilidades de curto alcance em $H_W_BAD1400%$COLOR_END enquanto estiver em vigor.	icon_skills.prophecyoflethargy_tex	icon_skills.prophecyoflethargy_tex	True
800920	CDR	DOT	False	perc	15000	0	15	Plague of Exhaustion I			Diminui o HP em $H_W_BAD-116$COLOR_END a cada $H_W_BAD3s$COLOR_END. Além disso, aumenta o tempo de recarga das suas habilidades de curto alcance em $H_W_BAD1400%$COLOR_END enquanto estiver em vigor.	icon_skills.prophecyoflethargy_tex	icon_skills.prophecyoflethargy_tex	True
800921	HPChange	DOT	False	abs	15000	3	-161	Plague of Exhaustion II			Diminui o HP em $H_W_BAD-161$COLOR_END a cada $H_W_BAD3s$COLOR_END. Além disso, aumenta em $H_W_BAD1400%$COLOR_END o tempo de recarga de todas as habilidades de ataque a curta distância usadas enquanto durar esse efeito.	icon_skills.prophecyoflethargy_tex	icon_skills.prophecyoflethargy_tex	True
800921	CDR	DOT	False	perc	15000	0	15	Plague of Exhaustion II			Diminui o HP em $H_W_BAD-161$COLOR_END a cada $H_W_BAD3s$COLOR_END. Além disso, aumenta em $H_W_BAD1400%$COLOR_END o tempo de recarga de todas as habilidades de ataque a curta distância usadas enquanto durar esse efeito.	icon_skills.prophecyoflethargy_tex	icon_skills.prophecyoflethargy_tex	True
800922	HPChange	DOT	False	abs	15000	3	-222	Plague of Exhaustion III			Diminui o HP em $H_W_BAD-222$COLOR_END a cada $H_W_BAD3s$COLOR_END. Além disso, aumenta em $H_W_BAD1400%$COLOR_END o tempo de recarga de todas as habilidades de ataque a curta distância usadas enquanto durar esse efeito.	icon_skills.prophecyoflethargy_tex	icon_skills.prophecyoflethargy_tex	True
800922	CDR	DOT	False	perc	15000	0	15	Plague of Exhaustion III			Diminui o HP em $H_W_BAD-222$COLOR_END a cada $H_W_BAD3s$COLOR_END. Além disso, aumenta em $H_W_BAD1400%$COLOR_END o tempo de recarga de todas as habilidades de ataque a curta distância usadas enquanto durar esse efeito.	icon_skills.prophecyoflethargy_tex	icon_skills.prophecyoflethargy_tex	True
800923	HPChange	DOT	False	abs	15000	3	-307	Plague of Exhaustion IV			Diminui o HP em $H_W_BAD-307$COLOR_END a cada $H_W_BAD3s$COLOR_END. Além disso, aumenta em $H_W_BAD1400%$COLOR_END o tempo de recarga de todas as habilidades de ataque a curta distância usadas enquanto durar esse efeito.	icon_skills.prophecyoflethargy_tex	icon_skills.prophecyoflethargy_tex	True
800923	CDR	DOT	False	perc	15000	0	15	Plague of Exhaustion IV			Diminui o HP em $H_W_BAD-307$COLOR_END a cada $H_W_BAD3s$COLOR_END. Além disso, aumenta em $H_W_BAD1400%$COLOR_END o tempo de recarga de todas as habilidades de ataque a curta distância usadas enquanto durar esse efeito.	icon_skills.prophecyoflethargy_tex	icon_skills.prophecyoflethargy_tex	True
800924	HPChange	DOT	False	abs	15000	3	-423	Plague of Exhaustion V			Diminui o HP em $H_W_BAD-423$COLOR_END a cada $H_W_BAD3s$COLOR_END. Além disso, aumenta em $H_W_BAD1400%$COLOR_END o tempo de recarga de todas as habilidades de ataque a curta distância usadas enquanto durar esse efeito.	icon_skills.prophecyoflethargy_tex	icon_skills.prophecyoflethargy_tex	True
800924	CDR	DOT	False	perc	15000	0	15	Plague of Exhaustion V			Diminui o HP em $H_W_BAD-423$COLOR_END a cada $H_W_BAD3s$COLOR_END. Além disso, aumenta em $H_W_BAD1400%$COLOR_END o tempo de recarga de todas as habilidades de ataque a curta distância usadas enquanto durar esse efeito.	icon_skills.prophecyoflethargy_tex	icon_skills.prophecyoflethargy_tex	True
800925	HPChange	DOT	False	abs	15000	3	-585	Plague of Exhaustion VI			Diminui o HP em $H_W_BAD-585$COLOR_END a cada $H_W_BAD3s$COLOR_END. Além disso, aumenta em $H_W_BAD1400%$COLOR_END o tempo de recarga de todas as habilidades de ataque a curta distância usadas enquanto durar esse efeito.	icon_skills.prophecyoflethargy_tex	icon_skills.prophecyoflethargy_tex	True
800925	CDR	DOT	False	perc	15000	0	15	Plague of Exhaustion VI			Diminui o HP em $H_W_BAD-585$COLOR_END a cada $H_W_BAD3s$COLOR_END. Além disso, aumenta em $H_W_BAD1400%$COLOR_END o tempo de recarga de todas as habilidades de ataque a curta distância usadas enquanto durar esse efeito.	icon_skills.prophecyoflethargy_tex	icon_skills.prophecyoflethargy_tex	True
800926	HPChange	DOT	False	abs	15000	3	-819	Plague of Exhaustion			Diminui o HP em $H_W_BAD-819$COLOR_END a cada $H_W_BAD3s$COLOR_END. Além disso, aumenta em $H_W_BAD1400%$COLOR_END o tempo de recarga de todas as habilidades de ataque a curta distância usadas enquanto durar esse efeito.	icon_skills.prophecyoflethargy_tex	icon_skills.prophecyoflethargy_tex	True
800926	CDR	DOT	False	perc	15000	0	15	Plague of Exhaustion			Diminui o HP em $H_W_BAD-819$COLOR_END a cada $H_W_BAD3s$COLOR_END. Além disso, aumenta em $H_W_BAD1400%$COLOR_END o tempo de recarga de todas as habilidades de ataque a curta distância usadas enquanto durar esse efeito.	icon_skills.prophecyoflethargy_tex	icon_skills.prophecyoflethargy_tex	True
800927	HPChange	DOT	False	abs	15000	3	-1086	Plague of Exhaustion VIII			Diminui o HP em $H_W_BAD-1086$COLOR_END a cada $H_W_BAD3s$COLOR_END. Além disso, aumenta em $H_W_BAD1400%$COLOR_END o tempo de recarga de todas as habilidades de ataque a curta distância usadas enquanto durar esse efeito.	icon_skills.prophecyoflethargy_tex	icon_skills.prophecyoflethargy_tex	True
800927	CDR	DOT	False	perc	15000	0	15	Plague of Exhaustion VIII			Diminui o HP em $H_W_BAD-1086$COLOR_END a cada $H_W_BAD3s$COLOR_END. Além disso, aumenta em $H_W_BAD1400%$COLOR_END o tempo de recarga de todas as habilidades de ataque a curta distância usadas enquanto durar esse efeito.	icon_skills.prophecyoflethargy_tex	icon_skills.prophecyoflethargy_tex	True
801000	StunResist	Buff	True	perc	5000	0	100000	Guardian Sanctuary I			Reduz o dano de longo alcance recebido em $H_W_GOOD600%$COLOR_END, ao mesmo tempo em que aumenta as resistências a enfraquecimento e DOT em $H_W_GOOD100%$COLOR_END e aumenta consideravelmente a resistência a atordoamento.	icon_skills.guardianaura_tex	icon_skills.guardianaura_tex	True
801000	AllResist	Buff	True	perc	5000	0	2	Guardian Sanctuary I			Reduz o dano de longo alcance recebido em $H_W_GOOD600%$COLOR_END, ao mesmo tempo em que aumenta as resistências a enfraquecimento e DOT em $H_W_GOOD100%$COLOR_END e aumenta consideravelmente a resistência a atordoamento.	icon_skills.guardianaura_tex	icon_skills.guardianaura_tex	True
801000	DefPotion	Buff	True	perc	5000	0	7	Guardian Sanctuary I			Reduz o dano de longo alcance recebido em $H_W_GOOD600%$COLOR_END, ao mesmo tempo em que aumenta as resistências a enfraquecimento e DOT em $H_W_GOOD100%$COLOR_END e aumenta consideravelmente a resistência a atordoamento.	icon_skills.guardianaura_tex	icon_skills.guardianaura_tex	True
801001	StunResist	Buff	True	perc	7000	0	100000	Guardian Sanctuary II			Reduz o dano de longo alcance recebido em $H_W_GOOD600%$COLOR_END, ao mesmo tempo em que aumenta as resistências a enfraquecimento e DOT em $H_W_GOOD100%$COLOR_END e aumenta consideravelmente a resistência a atordoamento.	icon_skills.guardianaura_tex	icon_skills.guardianaura_tex	True
801001	AllResist	Buff	True	perc	7000	0	2	Guardian Sanctuary II			Reduz o dano de longo alcance recebido em $H_W_GOOD600%$COLOR_END, ao mesmo tempo em que aumenta as resistências a enfraquecimento e DOT em $H_W_GOOD100%$COLOR_END e aumenta consideravelmente a resistência a atordoamento.	icon_skills.guardianaura_tex	icon_skills.guardianaura_tex	True
801001	DefPotion	Buff	True	perc	7000	0	7	Guardian Sanctuary II			Reduz o dano de longo alcance recebido em $H_W_GOOD600%$COLOR_END, ao mesmo tempo em que aumenta as resistências a enfraquecimento e DOT em $H_W_GOOD100%$COLOR_END e aumenta consideravelmente a resistência a atordoamento.	icon_skills.guardianaura_tex	icon_skills.guardianaura_tex	True
801100	HPChange	Buff	True	perc	10000	1	18	Divine Respite I			Cura $H_W_GOOD1,8%$COLOR_END do total de HP a cada $H_W_GOOD1s$COLOR_END.	icon_skills.restoration_tex	icon_skills.restoration_tex	True
801101	HPChange	Buff	True	perc	10000	1	2	Divine Respite II			Cura $H_W_GOOD2%$COLOR_END do total de HP a cada $H_W_GOOD1s$COLOR_END.	icon_skills.restoration_tex	icon_skills.restoration_tex	True
801200	Stun	Stun	False	swch	20000	0	5	Ishara's Lullaby I			Durma confortavelmente. Termina imediatamente se você for atingido.	icon_skills.lullabyoflshara_tex	icon_skills.lullabyoflshara_tex	True
801201	Stun	Stun	False	swch	20000	0	5	Ishara's Lullaby			Durma confortavelmente. Termina imediatamente se você for atingido.	icon_skills.lullabyoflshara_tex	icon_skills.lullabyoflshara_tex	True
801202	Stun	Stun	False	swch	20000	0	5	Ishara's Lullaby III			Durma confortavelmente. Termina imediatamente se você for atingido.	icon_skills.lullabyoflshara_tex	icon_skills.lullabyoflshara_tex	True
801300	Ballance	Buff	True	perc	5000	0	2	Arise I			Aumenta o saldo em $H_W_GOOD100%$COLOR_END.	icon_skills.recovery_tex	icon_skills.recovery_tex	True
801301	Ballance	Buff	True	perc	5000	0	2	Arise II			Aumenta o saldo em $H_W_GOOD100%$COLOR_END.	icon_skills.recovery_tex	icon_skills.recovery_tex	True
801400	HPChange	Buff	True	abs	5000	1	136	Restorative Burst I			Cura o HP a cada $H_W_GOOD1s$COLOR_END.	icon_skills.sanctuaryofregeneration_tex	icon_skills.sanctuaryofregeneration_tex	True
801401	HPChange	Buff	True	abs	5000	1	181	Restorative Burst II			Cura o HP a cada $H_W_GOOD1s$COLOR_END.	icon_skills.sanctuaryofregeneration_tex	icon_skills.sanctuaryofregeneration_tex	True
801402	HPChange	Buff	True	abs	5000	1	235	Restorative Burst III			Cura o HP a cada $H_W_GOOD1s$COLOR_END.	icon_skills.sanctuaryofregeneration_tex	icon_skills.sanctuaryofregeneration_tex	True
801403	HPChange	Buff	True	abs	5000	1	298	Restorative Burst IV			Cura o HP a cada $H_W_GOOD1s$COLOR_END.	icon_skills.sanctuaryofregeneration_tex	icon_skills.sanctuaryofregeneration_tex	True
801404	HPChange	Buff	True	abs	5000	1	366	Restorative Burst V			Cura o HP a cada $H_W_GOOD1s$COLOR_END.	icon_skills.sanctuaryofregeneration_tex	icon_skills.sanctuaryofregeneration_tex	True
801405	HPChange	Buff	True	abs	5000	1	431	Restorative Burst VI			Cura o HP a cada $H_W_GOOD1s$COLOR_END.	icon_skills.sanctuaryofregeneration_tex	icon_skills.sanctuaryofregeneration_tex	True
801406	HPChange	Buff	True	abs	5000	1	489	Restorative Burst VII			Cura o HP a cada $H_W_GOOD1s$COLOR_END.	icon_skills.sanctuaryofregeneration_tex	icon_skills.sanctuaryofregeneration_tex	True
801407	HPChange	Buff	True	abs	5000	1	533	Restorative Burst VIII			Cura o HP a cada $H_W_GOOD1s$COLOR_END.	icon_skills.sanctuaryofregeneration_tex	icon_skills.sanctuaryofregeneration_tex	True
801408	HPChange	Buff	True	abs	5000	1	559	Restorative Burst IX			Cura o HP a cada $H_W_GOOD1s$COLOR_END.	icon_skills.sanctuaryofregeneration_tex	icon_skills.sanctuaryofregeneration_tex	True
801409	HPChange	Buff	True	abs	5000	1	575	Restorative Burst			Cura o HP a cada $H_W_GOOD1s$COLOR_END.	icon_skills.sanctuaryofregeneration_tex	icon_skills.sanctuaryofregeneration_tex	True
801410	HPChange	Buff	True	abs	5000	1	588	Restorative Burst XI			Cura o HP a cada $H_W_GOOD1s$COLOR_END.	icon_skills.sanctuaryofregeneration_tex	icon_skills.sanctuaryofregeneration_tex	True
801500	Power	Buff	True	abs	20000	0	20	Energy Stars I			Aumenta a potência em $H_W_GOOD20$COLOR_END, a velocidade de ataque em $H_W_GOOD11$COLOR_END.	icon_skills.divinelightning_tex	icon_skills.divinelightning_tex	True
801500	ASpd	Buff	True	abs	20000	0	11	Energy Stars I			Aumenta a potência em $H_W_GOOD20$COLOR_END, a velocidade de ataque em $H_W_GOOD11$COLOR_END.	icon_skills.divinelightning_tex	icon_skills.divinelightning_tex	True
801501	Power	Buff	True	abs	20000	0	28	Energy Stars II			Aumenta a potência em $H_W_GOOD28$COLOR_END, a velocidade de ataque em $H_W_GOOD11$COLOR_END.	icon_skills.divinelightning_tex	icon_skills.divinelightning_tex	True
801501	ASpd	Buff	True	abs	20000	0	11	Energy Stars II			Aumenta a potência em $H_W_GOOD28$COLOR_END, a velocidade de ataque em $H_W_GOOD11$COLOR_END.	icon_skills.divinelightning_tex	icon_skills.divinelightning_tex	True
801502	Power	Buff	True	abs	20000	0	36	Energy Stars			Aumenta a potência em $H_W_GOOD36$COLOR_END, a velocidade de ataque em $H_W_GOOD11$COLOR_END.	icon_skills.divinelightning_tex	icon_skills.divinelightning_tex	True
801502	ASpd	Buff	True	abs	20000	0	11	Energy Stars			Aumenta a potência em $H_W_GOOD36$COLOR_END, a velocidade de ataque em $H_W_GOOD11$COLOR_END.	icon_skills.divinelightning_tex	icon_skills.divinelightning_tex	True
801503	Power	Buff	True	abs	20000	0	40	Energy Stars IV			Aumenta a potência em $H_W_GOOD40$COLOR_END, a velocidade de ataque em $H_W_GOOD11$COLOR_END.	icon_skills.divinelightning_tex	icon_skills.divinelightning_tex	True
801503	ASpd	Buff	True	abs	20000	0	11	Energy Stars IV			Aumenta a potência em $H_W_GOOD40$COLOR_END, a velocidade de ataque em $H_W_GOOD11$COLOR_END.	icon_skills.divinelightning_tex	icon_skills.divinelightning_tex	True
801550	Power	Buff	True	perc	2000	0	1	Energy Stars			[Teste]	icon_skills.divinelightning_tex	icon_skills.divinelightning_tex	False
801600	HPChange	Buff	True	abs	3000	1	562	Healing Immersion I			Restaura o HP de $H_W_GOOD625$COLOR_END a cada $H_W_GOOD1s$COLOR_END.	icon_skills.curewing_tex	icon_skills.curewing_tex	True
801601	HPChange	Buff	True	abs	3000	1	564	Healing Immersion II			Restaura o HP de $H_W_GOOD625$COLOR_END a cada $H_W_GOOD1s$COLOR_END.	icon_skills.curewing_tex	icon_skills.curewing_tex	True
801650	Power	Buff	True	perc	3000	0	1	Healing Immersion				icon_skills.curewing_tex	icon_skills.curewing_tex	False
801700	Resurrect	Buff	True	seta	1200000	0	1	Grace of Resurrection			Se você morrer enquanto estiver sob esse efeito, poderá ressuscitar no local.	icon_skills.selfpreresurrection_tex	icon_skills.selfpreresurrection_tex	True
801800	MPChange	Buff	True	perc	1000	1	4	Mana Charge				icon_skills.manarejuvenation_tex	icon_skills.manarejuvenation_tex	False
801801	MPChange	Buff	True	perc	1000	1	1	Mana Charge				icon_skills.manarejuvenation_tex	icon_skills.manarejuvenation_tex	False
801802	MPChange	Buff	True	perc	1000	1	2	Mana Charge				icon_skills.manarejuvenation_tex	icon_skills.manarejuvenation_tex	False
801900	Stun	Stun	False	swch	1500	0	5	God's Breath I			Flutuar o inimigo no ar (anormalidade invisível)	icon_skills.godbreath_tex	icon_skills.godbreath_tex	False
801900	274	Stun	False	swch	1500	0	80	God's Breath I			Flutuar o inimigo no ar (anormalidade invisível)	icon_skills.godbreath_tex	icon_skills.godbreath_tex	False
801920	Stun	Stun	False	swch	1200	0	5	God's Breath I			Flutuar o inimigo no ar (anormalidade invisível)	icon_skills.godbreath_tex	icon_skills.godbreath_tex	False
801920	274	Stun	False	swch	1200	0	80	God's Breath I			Flutuar o inimigo no ar (anormalidade invisível)	icon_skills.godbreath_tex	icon_skills.godbreath_tex	False
802000	Stun	Buff	True	swch	1200	0	8	Divine Intervention			Convoque um aliado à sua frente para um local bem na sua frente.	icon_skills.helpinghand_tex	icon_skills.shocktrap_tex	False
802000	Immune	Buff	True	8	1200	0	0	Divine Intervention			Convoque um aliado à sua frente para um local bem na sua frente.	icon_skills.helpinghand_tex	icon_skills.shocktrap_tex	False
808101	Chaos	Stun	False	swch	10000	0	0	Panic			Em pânico! Você se move para a direção oposta ao seu comando de movimento. Não pode ser removido.	icon_status.plusedefence_tex	icon_status.plusedefence_tex	True
808102	Stun	Stun	False	swch	5000	0	5	Counter			Magia rebatida. Atordoado.	icon_status.fearstatus_tex	icon_status.fearstatus_tex	True
808103	HPLoss	DOT	False	perc	100	0	2	Drain Life			$H_W_BAD80%$COLOR_END do HP diminuirá em 0,1 segundo. Não pode ser purificado.	icon_status.poisonstatus_tex	icon_status.poisonstatus_tex	True
808104	Immune	Debuff	True	8	7000	0	0	Shadow Barrier			Imune a danos e efeitos negativos.	icon_skills.voidtrap_tex	icon_skills.voidtrap_tex	True
808105	Power	Buff	True	abs	0	0	100	Blood Frenzy			O ataque aumenta em $H_W_BAD100%$COLOR_END e a velocidade de ataque aumenta em $H_W_BAD100%$COLOR_END.	icon_status.poisonstatus_tex	icon_status.poisonstatus_tex	True
808105	ASpd	Buff	True	abs	0	0	100	Blood Frenzy			O ataque aumenta em $H_W_BAD100%$COLOR_END e a velocidade de ataque aumenta em $H_W_BAD100%$COLOR_END.	icon_status.poisonstatus_tex	icon_status.poisonstatus_tex	True
808106	Power	Buff	False	swch	0	0	0	Primed			Destrua-o antes que ele comece a funcionar.	icon_status.poisonstatus_tex	icon_status.poisonstatus_tex	True
808107	Endurance	Buff	True	perc	10000	0	2	Tough Blood			A resistência aumenta em $H_W_GOOD100%$COLOR_END.	icon_status.immunedebuff_tex	icon_status.immunedebuff_tex	True
808108	Immune	Debuff	True	13	10000	0	0	Invincible			Não é um alvo de combate.			True
808109	HPChange	DOT	False	perc	15000	1	0	Blood Drain			O HP diminui em $H_W_BAD$min$COLOR_END a cada $H_W_BAD1s$COLOR_END. Esse efeito é acumulado até 5 vezes.	icon_skills.venomarrow_tex	icon_skills.venomarrow_tex	True
811060	Block	Buff	True	swch	600000	0	0	Invisibility Potion			Não pode ser visto.	icon_items.solventa12_tex	icon_items.solventa12_tex	True
811060	AllowAggro	Buff	True	swch	600000	0	0	Invisibility Potion			Não pode ser visto.	icon_items.solventa12_tex	icon_items.solventa12_tex	True
811060	Visibility	Buff	True	swch	600000	0	0	Invisibility Potion			Não pode ser visto.	icon_items.solventa12_tex	icon_items.solventa12_tex	True
811061	Drunk	Buff	True	60033	5000	1	0	Stale Invisibility Potion	81124	Old Invisibility Potion	Não consigo enxergar, mas me sinto bastante doente.	icon_items.solventa12_tex	icon_items.solventa12_tex	True
811062	Visibility	Debuff	True	seta	100000	0	0	Remove Invisibility				icon_skills.voidtrap_tex	icon_skills.voidtrap_tex	False
813002	AtkPotion	Buff	True	perc	1800000	2	12	Glade's Might			Aumento do poder de ataque em $H_W_GOOD20%$COLOR_END.	icon_status.cruel_slayer_3_tex	icon_status.cruel_slayer_3_tex	True
813003	HPChange	Buff	True	perc	1800000	2	4	Glade's Surge			Restaura $H_W_GOOD4%$COLOR_END do seu HP total a cada $H_W_GOOD2s$COLOR_END.	icon_status.aura_of_regeneration_hp_tex	icon_status.aura_of_regeneration_hp_tex	True
821100	ASpd	Debuff	False	perc	0	0	5	Zolyn's Cry			A alma de Zolyn que ainda permanece neste mundo está tentando deter seu corpo possuído. A velocidade de ataque diminui em $H_W_BAD400%$COLOR_END.	icon_status.positionswap_tex	icon_status.positionswap_tex	True
821101	Drunk	Debuff	True	600180	60000	0	0	Pity			Você terá de pôr um fim a essa dor... para ela. Sua hesitação só aumentará a dor dela.	icon_socials.social_010_tex	icon_socials.social_010_tex	True
900100	MovSpd	Debuff	False	setp	3000	0	5	Combo Attack			A velocidade diminui em $H_W_BAD400%$COLOR_END.	icon_skills.comboattack_tex	icon_status.minusmove_tex	True
900100	HPDrain	Debuff	False	perc	3000	0	9	Combo Attack			A velocidade diminui em $H_W_BAD400%$COLOR_END.	icon_skills.comboattack_tex	icon_status.minusmove_tex	True
900110	MovSpd	Debuff	False	setp	3000	0	5	Combo Attack			A velocidade diminui em $H_W_BAD400%$COLOR_END.	icon_skills.comboattack_tex	icon_status.minusmove_tex	True
900110	HPDrain	Debuff	False	perc	3000	0	9	Combo Attack			A velocidade diminui em $H_W_BAD400%$COLOR_END.	icon_skills.comboattack_tex	icon_status.minusmove_tex	True
900200	MovSpd	Debuff	False	setp	4000	0	5	Combo Attack			A velocidade diminui em $H_W_BAD400%$COLOR_END.	icon_skills.comboattack_tex	icon_status.minusmove_tex	True
900200	HPDrain	Debuff	False	perc	4000	0	9	Combo Attack			A velocidade diminui em $H_W_BAD400%$COLOR_END.	icon_skills.comboattack_tex	icon_status.minusmove_tex	True
900210	MovSpd	Debuff	False	setp	4000	0	5	Combo Attack			A velocidade diminui em $H_W_BAD400%$COLOR_END.	icon_skills.comboattack_tex	icon_status.minusmove_tex	True
900210	HPDrain	Debuff	False	perc	4000	0	9	Combo Attack			A velocidade diminui em $H_W_BAD400%$COLOR_END.	icon_skills.comboattack_tex	icon_status.minusmove_tex	True
900300	MovSpd	Debuff	True	setp	0	0	5	Skill Charging			A velocidade diminui em $H_W_BAD400%$COLOR_END até você usar a habilidade ou ser derrubado.	icon_status.minusmove_tex	icon_status.minusmove_tex	False
900400	MPChange	Buff	True	perc	15000	1	2	Commander's Comfort			Recebeu a bênção do comandante! Cura $H_W_GOOD2%$COLOR_END do total de HP a cada $H_W_GOOD1s$COLOR_END.	icon_skills.mpcharge_tex	icon_skills.mpcharge_tex	True
900401	MPChange	Buff	True	perc	15000	1	2	Commander's Comfort			Recebeu a bênção do comandante! Cura $H_W_GOOD2%$COLOR_END do total de HP a cada $H_W_GOOD1s$COLOR_END.	icon_skills.mpcharge_tex	icon_skills.mpcharge_tex	True
900500	HPChange	Buff	True	perc	1000	1	4	Commander's Boon			[Teste]	icon_skills.healarea_tex	icon_skills.healarea_tex	True
900501	HPChange	Buff	True	perc	1000	1	4	Commander's Boon			[Teste]	icon_skills.healarea_tex	icon_skills.healarea_tex	True
905000	MovSpd	Debuff	False	setp	0	0	75	Swimming			Você não pode usar algumas habilidades ou itens enquanto estiver nadando.	icon_skills.swimming_tex	icon_skills.swimming_tex	False
905401	AllowAggro	Buff	True	swch	0	0	0	Orca's Electrical Hiding			Desapareceu para um lugar invisível.	icon_status.calldimension_tex	icon_status.calldimension_tex	True
905401	Absorb	Buff	True	abs	0	0	100000000	Orca's Electrical Hiding			Desapareceu para um lugar invisível.	icon_status.calldimension_tex	icon_status.calldimension_tex	True
905401	Visibility	Buff	True	swch	0	0	0	Orca's Electrical Hiding			Desapareceu para um lugar invisível.	icon_status.calldimension_tex	icon_status.calldimension_tex	True
905403	HPChange	Debuff	True	perc	20000	2	-15	Orca's Electrocution			Atingido pela eletricidade da Orca. $H_W_BAD%$COLOR_END do seu HP diminui a cada $H_W_BAD2s$COLOR_END.	icon_status.electriceffect1_tex	icon_status.electriceffect1_tex	True
905407	HPChange	Debuff	False	perc	1000	1	-3	Orca's Electrocution				icon_status.electriceffect3_tex	icon_status.electriceffect3_tex	False
905408	Block	Stun	False	swch	5000	0	0	Orca's Electric Shock			Você não pode usar habilidades devido à eletrocussão da Orca.	icon_status.electriceffect3_tex	icon_status.electriceffect3_tex	True
905409	Absorb	Debuff	True	abs	14000	0	3300000	Orca's Shield			Sob a proteção de uma poderosa barreira.	icon_status.immunedebuff_tex	icon_status.immunedebuff_tex	True
905413	Power	Buff	True	perc	0	0	11	Divinity			A potência e a velocidade da Orca são aumentadas até seus limites.	icon_status.plusattack_tex	icon_status.plusattack_tex	True
905413	Endurance	Buff	True	perc	0	0	65	Divinity			A potência e a velocidade da Orca são aumentadas até seus limites.	icon_status.plusattack_tex	icon_status.plusattack_tex	True
905413	MovSpd	Buff	True	perc	0	0	13	Divinity			A potência e a velocidade da Orca são aumentadas até seus limites.	icon_status.plusattack_tex	icon_status.plusattack_tex	True
905413	ASpd	Buff	True	perc	0	0	188	Divinity			A potência e a velocidade da Orca são aumentadas até seus limites.	icon_status.plusattack_tex	icon_status.plusattack_tex	True
905414	Drunk1	Stun	False	seta	10000	0	0	Wet Hand			Sua reação ao ataque elétrico da Orca aumenta.	icon_status.minushp_tex	icon_status.minushp_tex	True
905416	Plague	Debuff	False	perc	3000	1	905407	Orca's Electric Shockwave			Você é afetado pela Onda de Choque Elétrica da Orca. Seus aliados ao seu redor perdem $H_W_BAD30%$COLOR_END de seu HP constantemente.	icon_status.electriccharge3_tex	icon_status.electriccharge3_tex	True
905416	DelayedEffect	Debuff	False	abs	3000	0	905417	Orca's Electric Shockwave			Você é afetado pela Onda de Choque Elétrica da Orca. Seus aliados ao seu redor perdem $H_W_BAD30%$COLOR_END de seu HP constantemente.	icon_status.electriccharge3_tex	icon_status.electriccharge3_tex	True
905417	Plague	Debuff	False	perc	3000	1	905407	Orca's Electric Shockwave			Você é afetado pela Onda de Choque Elétrica da Orca. Seus aliados ao seu redor perdem $H_W_BAD30%$COLOR_END de seu HP constantemente.	icon_status.electriccharge3_tex	icon_status.electriccharge3_tex	True
905417	DelayedEffect	Debuff	False	abs	3000	0	905418	Orca's Electric Shockwave			Você é afetado pela Onda de Choque Elétrica da Orca. Seus aliados ao seu redor perdem $H_W_BAD30%$COLOR_END de seu HP constantemente.	icon_status.electriccharge3_tex	icon_status.electriccharge3_tex	True
905418	Plague	Debuff	False	perc	3000	1	905407	Orca's Electric Shockwave			Você é afetado pela Onda de Choque Elétrica da Orca. Seus aliados ao seu redor perdem $H_W_BAD30%$COLOR_END de seu HP constantemente.	icon_status.electriccharge3_tex	icon_status.electriccharge3_tex	True
905419	Plague	Stun	False	seta	3000	1	905407	Orca's Electric Shockwave			Você é afetado pela Onda de Choque Elétrica da Orca. Seus aliados ao seu redor perdem $H_W_BAD30%$COLOR_END de seu HP constantemente.	icon_status.electriccharge3_tex	icon_status.electriccharge3_tex	True
905420	Plague	Stun	False	seta	3000	1	905407	Orca's Electrocution			Afetado por Orca's Electrocution. Você causa dano aos aliados ao seu redor.	icon_status.electriccharge3_tex	icon_status.electriccharge3_tex	True
905420	DelayedEffect	Stun	False	abs	3000	0	905421	Orca's Electrocution			Afetado por Orca's Electrocution. Você causa dano aos aliados ao seu redor.	icon_status.electriccharge3_tex	icon_status.electriccharge3_tex	True
905421	ASpd	Buff	True	perc	0	0	12	Orca's Electrocution			Afetado por Orca's Electrocution. Você causa dano aos aliados ao seu redor.	icon_status.electriccharge3_tex	icon_status.electriccharge3_tex	False
905423	MPChange	DOT	False	perc	180000	1	-5	Phrenic Slime			Impede a regeneração do MP. Lave-o com um mergulho.	icon_status.minusmove_tex	icon_status.minusmove_tex	True
905423	NoHeal	DOT	False	abs	180000	0	0	Phrenic Slime			Impede a regeneração do MP. Lave-o com um mergulho.	icon_status.minusmove_tex	icon_status.minusmove_tex	True
905424	MovSpd	Debuff	True	perc	3000	0	14	Squeaky Clean			Lavou o lodo. A velocidade de movimento aumenta em $H_W_GOOD500%$COLOR_END.	icon_status.minushp_tex	icon_status.minushp_tex	True
905424	MPChange	Debuff	True	perc	3000	2	5	Squeaky Clean			Lavou o lodo. A velocidade de movimento aumenta em $H_W_GOOD500%$COLOR_END.	icon_status.minushp_tex	icon_status.minushp_tex	True
905424	Drunk1	Debuff	True	seta	3000	0	0	Squeaky Clean			Lavou o lodo. A velocidade de movimento aumenta em $H_W_GOOD500%$COLOR_END.	icon_status.minushp_tex	icon_status.minushp_tex	True
905426	Endurance	Stun	False	perc	10000	0	45	Primal Fear			O terror diminui a resistência em $H_W_BAD4400%$COLOR_END. Não pode realizar ações.	icon_status.fearstatus_tex	icon_status.fearstatus_tex	True
905426	MovSpd	Stun	False	setp	10000	0	3	Primal Fear			O terror diminui a resistência em $H_W_BAD4400%$COLOR_END. Não pode realizar ações.	icon_status.fearstatus_tex	icon_status.fearstatus_tex	True
905426	Fear	Stun	False	swch	10000	0	200	Primal Fear			O terror diminui a resistência em $H_W_BAD4400%$COLOR_END. Não pode realizar ações.	icon_status.fearstatus_tex	icon_status.fearstatus_tex	True
905430	Absorb	Debuff	True	abs	10000	0	1980000	Tough Defense			Protegendo-se com uma concha resistente, preparando um golpe fatal.	icon_status.balanceup_tex	icon_status.balanceup_tex	True
905432	HPChange	DOT	False	perc	30000	2	-8	Dire Poison			Infectado por veneno. $H_W_BAD8%$COLOR_END do seu HP diminui a cada $H_W_BAD2s$COLOR_END.	icon_status.poisonstatus_tex	icon_status.poisonstatus_tex	True
905433	HPChange	Debuff	False	perc	10000	2	-8	Dire Poisonous Gas			Você inalou gás venenoso. $H_W_BAD8%$COLOR_END do seu HP diminui a cada $H_W_BAD2s$COLOR_END.	icon_status.purifydagon_tex	icon_status.purifydagon_tex	True
905440	Immune	Debuff	True	abs	0	0	0	Invincible			Invencível e não recebe dano.	icon_skills.voidtrap_tex	icon_skills.voidtrap_tex	True
905441	Endurance	Debuff	True	perc	0	0	12	Heart			O coração pode ser danificado.	icon_status.battlefieldbuff02_tex	icon_status.battlefieldbuff02_tex	True
905445	HPChange	DOT	False	perc	15000	1	-125	Blood in the Water			A perda de sangue reduz $H_W_BAD12,5%$COLOR_END do HP total a cada $H_W_BAD1s$COLOR_END.	icon_status.darkriftareawind_tex	icon_status.darkriftareawind_tex	True
910000	MPChange	Buff	True	perc	0	2	1	Balder's Blessing			Sob a Bênção de Balder, o número de missões diárias disponíveis aumenta, assim como a taxa de queda de itens encantados nas masmorras. Além disso, o MP é constantemente restaurado e sua resistência máxima aumenta.	icon_items.argon_plants_tex	icon_items.argon_plants_tex	True
910001	XPBoost	Buff	True	perc	0	0	12	Velik's Blessing			Sob a bênção de Velik, sua recompensa de EXP de caça e o número de missões diárias disponíveis aumentam. Além disso, sua resistência máxima aumenta.	icon_items.argon_plants_tex	icon_items.argon_plants_tex	True
910002	42	Buff	True	perc	0	0	11	Gidd's Blessing			Sob a Bênção de Gidd, sua reputação e seus créditos aumentam. (Não se aplica à reputação dos campos de batalha).	icon_items.argon_plants_tex	icon_items.argon_plants_tex	True
910003	Gathering	Buff	True	abs	0	0	20	Oriyn's Blessing			Sob a Bênção de Oriyn, sua proficiência em coleta e a quantidade que você coleta aumentam.	icon_items.argon_plants_tex	icon_items.argon_plants_tex	True
910003	GatheringTime	Buff	True	perc	0	0	6	Oriyn's Blessing			Sob a Bênção de Oriyn, sua proficiência em coleta e a quantidade que você coleta aumentam.	icon_items.argon_plants_tex	icon_items.argon_plants_tex	True
910004	42	Buff	True	perc	0	0	11	Mystel's Blessing			Sob a bênção de Mystel, sua reputação e seus créditos aumentam. (Não se aplica à reputação dos campos de batalha).	icon_items.argon_plants_tex	icon_items.argon_plants_tex	True
910005	XPBoost	Buff	True	perc	0	0	12	Lok's Blessing			Sob a bênção de Lok, seu tempo de criação diminui e a quantidade que você coleta aumenta. Além disso, sua recompensa de EXP de caça aumenta.	icon_items.argon_plants_tex	icon_items.argon_plants_tex	True
910006	MPChange	Buff	True	perc	0	2	1	Elinu's Blessing			Sob a Bênção de Elinu, o número de missões diárias disponíveis aumenta, assim como a taxa de queda de itens de obra-prima nas masmorras. Além disso, o MP é constantemente restaurado e sua resistência máxima aumenta.	icon_items.argon_plants_tex	icon_items.argon_plants_tex	True
910008	MPChange	Buff	True	perc	0	2	2	Balder's Blessing			Sob a Bênção de Balder, o número de missões diárias disponíveis aumenta, assim como a taxa de queda de itens encantados nas masmorras. Além disso, o MP é constantemente restaurado e sua resistência máxima aumenta.	icon_items.argon_plants_tex	icon_items.argon_plants_tex	True
910009	XPBoost	Buff	True	perc	0	0	13	Seren's Blessing			Sob a bênção de Seren, sua recompensa de EXP de caça e o número de missões diárias disponíveis aumentam. Além disso, sua resistência máxima aumenta.	icon_items.argon_plants_tex	icon_items.argon_plants_tex	True
910009	MPChange	Buff	True	perc	0	1	5	Seren's Blessing			Sob a bênção de Seren, sua recompensa de EXP de caça e o número de missões diárias disponíveis aumentam. Além disso, sua resistência máxima aumenta.	icon_items.argon_plants_tex	icon_items.argon_plants_tex	True
910010	Gathering	Buff	True	abs	0	0	30	Kaia's Blessing			Sob a Bênção de Kaia, sua proficiência em coleta e a quantidade que você coleta aumentam.	icon_items.argon_plants_tex	icon_items.argon_plants_tex	True
910011	42	Buff	True	perc	0	0	12	Mystel's Blessing			Sob a Bênção de Mystel, sua reputação e seus pontos de reputação aumentam. (Não se aplica à reputação e aos pontos de reputação obtidos nos campos de batalha)	icon_items.argon_plants_tex	icon_items.argon_plants_tex	True
910012	XPBoost	Buff	True	perc	0	0	13	Velik's Blessing			Sob a bênção de Velik, seu tempo de criação diminui e a quantidade que você coleta aumenta. Além disso, sua recompensa de EXP de caça aumenta.	icon_items.argon_plants_tex	icon_items.argon_plants_tex	True
910012	Stamina	Buff	True	abs	0	0	15	Velik's Blessing			Sob a bênção de Velik, seu tempo de criação diminui e a quantidade que você coleta aumenta. Além disso, sua recompensa de EXP de caça aumenta.	icon_items.argon_plants_tex	icon_items.argon_plants_tex	True
910013	MPChange	Buff	True	perc	0	2	2	Elinu's Blessing			Sob a Bênção de Elinu, o número de missões diárias disponíveis aumenta, assim como a taxa de queda de itens de obra-prima nas masmorras. Além disso, o MP é constantemente restaurado e sua resistência máxima aumenta.	icon_items.argon_plants_tex	icon_items.argon_plants_tex	True
916001	HPLoss	Debuff	False	abs	1000	0	-10000000	Irresistable Fear			A magia negra se acumula 10 vezes. $H_W_BADIrresistível medo$COLOR_END assume o controle.	icon_status.fearstatus_tex	icon_status.fearstatus_tex	True
916002	Endurance	Debuff	True	perc	600000	0	3	Dark Insight			A defesa diminui em 70%.	icon_status.darkriftrage_tex	icon_status.darkriftrage_tex	True
916002	Aggro	Debuff	True	perc	600000	0	10	Dark Insight			A defesa diminui em 70%.	icon_status.darkriftrage_tex	icon_status.darkriftrage_tex	True
916002	Stun	Debuff	True	swch	600000	0	5	Dark Insight			A defesa diminui em 70%.	icon_status.darkriftrage_tex	icon_status.darkriftrage_tex	True
916003	MaxHP	Debuff	False	perc	600000	0	1	Dark Insight			A defesa diminui em 70%.	icon_status.fearstatus_tex	icon_status.fearstatus_tex	True
916004	Power	Debuff	True	perc	600000	0	15	Darkan's Wrath			Aumenta a potência em $H_W_GOOD50%$COLOR_END e a velocidade de ataque em $H_W_GOOD30%$COLOR_END. Não pode ser removido.	icon_status.plusattack_tex	icon_status.plusattack_tex	True
916004	ASpd	Debuff	True	perc	600000	0	13	Darkan's Wrath			Aumenta a potência em $H_W_GOOD50%$COLOR_END e a velocidade de ataque em $H_W_GOOD30%$COLOR_END. Não pode ser removido.	icon_status.plusattack_tex	icon_status.plusattack_tex	True
916018	MaxHP	Debuff	False	perc	3000	0	1	Dead			Viver é para os fortes.	icon_skills.voidtrap_tex	icon_skills.voidtrap_tex	True
975029	HPChange	Buff	True	perc	6000	0	3	Velik Power			Aumenta a potência e a taxa de críticos.	icon_status.plusattack_tex	icon_status.plusattack_tex	True
975031	HPChange	Debuff	False	perc	5000	1	-1	Hot and Cold Pack			A mistura de fogo e gelo drena seu HP.	icon_status.poisonstatus_tex	icon_status.poisonstatus_tex	True
975032	Endurance	Buff	True	perc	5000	0	1	Living Bomb Blast			Causa dano a aliados em 20m.	icon_skills.voidtrap_tex	icon_skills.voidtrap_tex	False
975033	HPLoss	Buff	True	abs	1000	0	-10000000	Living Bomb			Explodindo!	icon_skills.voidtrap_tex	icon_skills.voidtrap_tex	False
975034	BuffNearbyParty	Buff	True	swch	3000	1	975033	Delayed Blast			Mais dano aos aliados em 20m!	icon_skills.voidtrap_tex	icon_skills.voidtrap_tex	False
975039	MovSpdInCombat	Debuff	True	perc	5000	0	2	For Nest of Kelsaik_Only_Medium Boss Movement Speed Increase_Effect			Aumenta a velocidade de movimento de aliados em um raio de 5 m.	icon_status.plusmove_tex	icon_status.plusmove_tex	True
975041	DefPotion	Debuff	True	perc	5000	0	0	For Nest of Kelsaik_Only_ Invincibility Around Boss_Effect			Concede escudo invencível a aliados em um raio de 10 m	icon_status.plusedefence_tex	icon_status.plusedefence_tex	True
975150	Power	Buff	True	perc	3600000	0	12	Rampancy			Kelsaik está furioso! Ninguém pode detê-lo agora.	icon_status.confusestatusnpc_tex	icon_status.confusestatusnpc_tex	True
975150	ASpd	Buff	True	perc	3600000	0	103	Rampancy			Kelsaik está furioso! Ninguém pode detê-lo agora.	icon_status.confusestatusnpc_tex	icon_status.confusestatusnpc_tex	True
975409	Absorb	Debuff	True	abs	14000	0	2200000	Lightning Shield			Protegido contra danos pela barreira.	icon_status.immunedebuff_tex	icon_status.immunedebuff_tex	True
975423	MPChange	DOT	False	perc	180000	1	-16	Phrenic Slime			Drena $H_W_BAD16%$COLOR_END de PM por $H_W_GOOD1s$COLOR_END. Pode ser removido por natação.	icon_status.minusmove_tex	icon_status.minusmove_tex	True
975430	Absorb	Debuff	True	abs	10000	0	1850000	Chelonian Armor			A carapaça endurecida absorve todos os danos.	icon_status.balanceup_tex	icon_status.balanceup_tex	True
990070	HPChange	Buff	True	perc	30000	1	25	Adiar's Protection			Energia sagrada de Adiar. Restaura $H_W_GOOD0,25%$COLOR_END do total de HP a cada $H_W_GOOD1s$COLOR_END.	icon_status.delayheal_tex	icon_status.delayheal_tex	True
990071	MPChange	Buff	True	perc	30000	1	3	Derene's Protection			Energia principal de Drene. Restaura $H_W_GOOD0,3%$COLOR_END do total de PM a cada $H_W_GOOD1s$COLOR_END.	icon_status.aura_of_regeneration_mp_tex	icon_status.aura_of_regeneration_mp_tex	True
990072	Endurance	Buff	True	abs	30000	0	1	Frateko's Protection			Aura de Frateko. A resistência aumenta em $H_W_GOOD1$COLOR_END.	icon_status.plusedefence_tex	icon_status.plusedefence_tex	True
990101	Immune	Buff	True	16	30000	0	0	Tenacious Aura			Imune a efeitos de derrubada. (Esse efeito cancela o da Oração de Batalha).	icon_crest.crestfightingwill_tex	icon_crest.crestfightingwill_tex	True
990102	Endurance	Buff	True	abs	30000	1	10	Enduring Aura			Aumento da resistência dos aliados próximos ao comandante da defesa. (Esse efeito cancela o efeito de fortificação).	icon_crest.crestironwillb_tex	icon_crest.crestironwillb_tex	True
990103	StaminaRegen	Buff	True	perc	30000	1	1	Wholehearted Aura			Restaura continuamente a resistência dos aliados próximos ao comandante adjunto. (Esse efeito não se acumula com o efeito de viagem repousante).	icon_status.aura_of_condition_tex	icon_status.aura_of_condition_tex	True
991000	MovSpd	DOT	False	perc	5000	0	5	Warflame			A HP é reduzida em $H_W_BAD-100$COLOR_END a cada H_W_BAD1s$COLOR_END por Warflame. A velocidade de caminhada também é reduzida em $H_W_BAD400%$COLOR_END.	icon_status.firedamage_tex	icon_status.firedamage_tex	True
991000	OutOfCombatMovSpd	DOT	False	perc	5000	0	5	Warflame			A HP é reduzida em $H_W_BAD-100$COLOR_END a cada H_W_BAD1s$COLOR_END por Warflame. A velocidade de caminhada também é reduzida em $H_W_BAD400%$COLOR_END.	icon_status.firedamage_tex	icon_status.firedamage_tex	True
991000	HPChange	DOT	False	abs	5000	1	-100	Warflame			A HP é reduzida em $H_W_BAD-100$COLOR_END a cada H_W_BAD1s$COLOR_END por Warflame. A velocidade de caminhada também é reduzida em $H_W_BAD400%$COLOR_END.	icon_status.firedamage_tex	icon_status.firedamage_tex	True
991002	Immune	Buff	False	16	10000	0	0	Reaction Immunity			Imune a...			False
999800	242	Buff	True	abs	0	0	0	Seren's Protection			A bênção da Deusa Seren o protege dos fora da lei. Esse efeito é cancelado quando você atinge o nível 11.	icon_status.bless_of_velic_tex	icon_status.bless_of_velic_tex	True
999801	Drunk1	Debuff	False	abs	0	0	0	Infamous			Você pode atacar outros jogadores e os outros jogadores podem atacar você. O efeito termina se você ficar fora de combate por 60 segundos.	icon_status.cruel_slayer_1_tex	icon_status.cruel_slayer_1_tex	True
999802	Drunk1	Debuff	False	abs	0	0	0	Notorious			Você se tornou um criminoso notório.$BRNão pode usar Clérigos da Restauração ou Clérigos Nobres da Restauração.$BRIncremento da chance de quebra de cristais.$BRIncremento da taxa de perda de Stamina. O efeito termina se você ficar fora de combate por 60 segundos quando sua infamy for 0.	icon_status.cruel_slayer_2_tex	icon_status.cruel_slayer_2_tex	True
999803	Power	Debuff	False	perc	0	0	5	Nefarious			Você se transformou em um fora da lei nefasto.$BRNão pode usar Clérigos da Restauração, Clérigos Nobres da Restauração, mestres de teleporte ou mestres de voo.$BRIncrise aumentada de quebra de cristal.$BRIncrise aumentada de perda de resistência.$BRPotência reduzida em $H_W_BAD400%$COLOR_END e resistência reduzida em $H_W_BAD400%$COLOR_END. A velocidade de movimento é reduzida em $H_W_BAD8400%$COLOR_END.$BREfeito termina se você ficar fora de combate por 60 segundos quando sua infamy for 0.	icon_status.cruel_slayer_3_tex	icon_status.cruel_slayer_3_tex	True
999803	Endurance	Debuff	False	perc	0	0	5	Nefarious			Você se transformou em um fora da lei nefasto.$BRNão pode usar Clérigos da Restauração, Clérigos Nobres da Restauração, mestres de teleporte ou mestres de voo.$BRIncrise aumentada de quebra de cristal.$BRIncrise aumentada de perda de resistência.$BRPotência reduzida em $H_W_BAD400%$COLOR_END e resistência reduzida em $H_W_BAD400%$COLOR_END. A velocidade de movimento é reduzida em $H_W_BAD8400%$COLOR_END.$BREfeito termina se você ficar fora de combate por 60 segundos quando sua infamy for 0.	icon_status.cruel_slayer_3_tex	icon_status.cruel_slayer_3_tex	True
999803	MovSpd	Debuff	False	perc	0	0	85	Nefarious			Você se transformou em um fora da lei nefasto.$BRNão pode usar Clérigos da Restauração, Clérigos Nobres da Restauração, mestres de teleporte ou mestres de voo.$BRIncrise aumentada de quebra de cristal.$BRIncrise aumentada de perda de resistência.$BRPotência reduzida em $H_W_BAD400%$COLOR_END e resistência reduzida em $H_W_BAD400%$COLOR_END. A velocidade de movimento é reduzida em $H_W_BAD8400%$COLOR_END.$BREfeito termina se você ficar fora de combate por 60 segundos quando sua infamy for 0.	icon_status.cruel_slayer_3_tex	icon_status.cruel_slayer_3_tex	True
999803	HPDrain	Debuff	False	perc	0	0	9	Nefarious			Você se transformou em um fora da lei nefasto.$BRNão pode usar Clérigos da Restauração, Clérigos Nobres da Restauração, mestres de teleporte ou mestres de voo.$BRIncrise aumentada de quebra de cristal.$BRIncrise aumentada de perda de resistência.$BRPotência reduzida em $H_W_BAD400%$COLOR_END e resistência reduzida em $H_W_BAD400%$COLOR_END. A velocidade de movimento é reduzida em $H_W_BAD8400%$COLOR_END.$BREfeito termina se você ficar fora de combate por 60 segundos quando sua infamy for 0.	icon_status.cruel_slayer_3_tex	icon_status.cruel_slayer_3_tex	True
999804	Power	Debuff	False	perc	0	0	1	Reviled			Você se transformou em um vilão injuriado.$BRNão pode usar Clérigos da Restauração, Clérigos Nobres da Restauração, mestres de teleporte ou mestres de voo.$BRCriou uma chance maior de quebrar cristais.$BRCriou uma taxa maior de perda de resistência.$BRPoder diminuído em $H_W_BAD0%$COLOR_END e resistência diminuída em $H_W_BAD2400%$COLOR_END. A velocidade de movimento é reduzida em $H_W_BAD600%$COLOR_END.$BREfeito termina se você ficar fora de combate por 60 segundos quando sua infamy for 0.	icon_status.cruel_slayer_4_tex	icon_status.cruel_slayer_4_tex	True
999804	Endurance	Debuff	False	perc	0	0	25	Reviled			Você se transformou em um vilão injuriado.$BRNão pode usar Clérigos da Restauração, Clérigos Nobres da Restauração, mestres de teleporte ou mestres de voo.$BRCriou uma chance maior de quebrar cristais.$BRCriou uma taxa maior de perda de resistência.$BRPoder diminuído em $H_W_BAD0%$COLOR_END e resistência diminuída em $H_W_BAD2400%$COLOR_END. A velocidade de movimento é reduzida em $H_W_BAD600%$COLOR_END.$BREfeito termina se você ficar fora de combate por 60 segundos quando sua infamy for 0.	icon_status.cruel_slayer_4_tex	icon_status.cruel_slayer_4_tex	True
999804	MovSpd	Debuff	False	perc	0	0	7	Reviled			Você se transformou em um vilão injuriado.$BRNão pode usar Clérigos da Restauração, Clérigos Nobres da Restauração, mestres de teleporte ou mestres de voo.$BRCriou uma chance maior de quebrar cristais.$BRCriou uma taxa maior de perda de resistência.$BRPoder diminuído em $H_W_BAD0%$COLOR_END e resistência diminuída em $H_W_BAD2400%$COLOR_END. A velocidade de movimento é reduzida em $H_W_BAD600%$COLOR_END.$BREfeito termina se você ficar fora de combate por 60 segundos quando sua infamy for 0.	icon_status.cruel_slayer_4_tex	icon_status.cruel_slayer_4_tex	True
999804	HPDrain	Debuff	False	perc	0	0	9	Reviled			Você se transformou em um vilão injuriado.$BRNão pode usar Clérigos da Restauração, Clérigos Nobres da Restauração, mestres de teleporte ou mestres de voo.$BRCriou uma chance maior de quebrar cristais.$BRCriou uma taxa maior de perda de resistência.$BRPoder diminuído em $H_W_BAD0%$COLOR_END e resistência diminuída em $H_W_BAD2400%$COLOR_END. A velocidade de movimento é reduzida em $H_W_BAD600%$COLOR_END.$BREfeito termina se você ficar fora de combate por 60 segundos quando sua infamy for 0.	icon_status.cruel_slayer_4_tex	icon_status.cruel_slayer_4_tex	True
999993	DefPotion	Buff	True	perc	10000	0	0	Clemency			Reduz bastante o dano e melhora a resistência contra outros jogadores, sendo imobilizado ou derrubado. Cancelado ao usar uma habilidade de combate.	icon_status.mpsuckup_tex	icon_status.mpsuckup_tex	True
999993	204	Buff	True	swch	10000	0	0	Clemency			Reduz bastante o dano e melhora a resistência contra outros jogadores, sendo imobilizado ou derrubado. Cancelado ao usar uma habilidade de combate.	icon_status.mpsuckup_tex	icon_status.mpsuckup_tex	True
999993	ResistNegative	Buff	True	swch	10000	0	0	Clemency			Reduz bastante o dano e melhora a resistência contra outros jogadores, sendo imobilizado ou derrubado. Cancelado ao usar uma habilidade de combate.	icon_status.mpsuckup_tex	icon_status.mpsuckup_tex	True
999993	Immune	Buff	True	16	10000	0	0	Clemency			Reduz bastante o dano e melhora a resistência contra outros jogadores, sendo imobilizado ou derrubado. Cancelado ao usar uma habilidade de combate.	icon_status.mpsuckup_tex	icon_status.mpsuckup_tex	True
999994	Power	Debuff	False	abs	900000	0	0	Desistente			Você é um desistente que abandonou seus companheiros em uma masmorra ou campo de batalha. Enquanto seu status for "Desistente", você não poderá usar a Instância de Dungeons ou de campo de batalha.	icon_status.boundmoveup_tex	icon_status.boundmoveup_tex	True
999995	Power	Debuff	False	perc	3600000	0	1	Smite			Diminui a potência em $H_W_BAD0%$COLOR_END. O efeito persiste mesmo após a morte.	icon_status.minusconfuseresist_tex	icon_status.minusconfuseresist_tex	True
999996	DefPotion	Buff	True	perc	8000	0	0	Clemency			Reduz bastante o dano e melhora a resistência contra outros jogadores e as chances de ser imobilizado ou derrubado. Cancelado ao usar uma habilidade de combate.	icon_status.mpsuckup_tex	icon_status.mpsuckup_tex	True
999996	204	Buff	True	swch	8000	0	0	Clemency			Reduz bastante o dano e melhora a resistência contra outros jogadores e as chances de ser imobilizado ou derrubado. Cancelado ao usar uma habilidade de combate.	icon_status.mpsuckup_tex	icon_status.mpsuckup_tex	True
999996	ResistNegative	Buff	True	swch	8000	0	0	Clemency			Reduz bastante o dano e melhora a resistência contra outros jogadores e as chances de ser imobilizado ou derrubado. Cancelado ao usar uma habilidade de combate.	icon_status.mpsuckup_tex	icon_status.mpsuckup_tex	True
999996	Immune	Buff	True	16	8000	0	0	Clemency			Reduz bastante o dano e melhora a resistência contra outros jogadores e as chances de ser imobilizado ou derrubado. Cancelado ao usar uma habilidade de combate.	icon_status.mpsuckup_tex	icon_status.mpsuckup_tex	True
999997	XPBoost	Buff	True	perc	3600000	0	11	Patience Boon			Uma recompensa por esperar pacientemente na fila do servidor. O $BRXP obtido com a morte de monstros aumenta em $H_W_GOOD1000%$COLOR_END.	icon_items.presentbox1_tex	icon_items.presentbox1_tex	True
999998	Power	Debuff	False	abs	900000	0	0	Deserter's Shame			Os desertores não podem entrar em um campo de batalha.	icon_status.boundmoveup_tex	icon_status.boundmoveup_tex	True
999999	MovSpd	Debuff	False	setp	0	0	5	Swimming			Você não pode usar algumas habilidades ou itens enquanto estiver nadando.	icon_skills.swimming_tex	icon_skills.swimming_tex	False
2000000	40	Buff	True	perc	3600000	1	13	30% Gold Hunter Boost (1 Hour)	166704	30% Gold Hunter Boost (1 hour)	Aumenta em 30% suas recompensas de ouro ao matar mobs por 1 hora.	icon_items.f2p_dropgoldbooster_tex	icon_items.f2p_dropgoldbooster_tex	True
2000001	41	Buff	True	perc	3600000	1	13	30% Quester's Gold Boost (1 Hour)	166705	30% Quester's Gold Boost (1 hour)	Aumenta suas recompensas de ouro das missões em 30% por 1 hora.	icon_items.f2p_questrewardbooster_tex	icon_items.f2p_questrewardbooster_tex	True
2000002	41	Buff	True	perc	3600000	1	15	50% Quester's Gold Boost (1 Hour)	166706	50% Quester's Gold Boost (1 hour)	Aumenta suas recompensas de ouro das missões em 50% por 1 hora.	icon_items.f2p_questrewardbooster_tex	icon_items.f2p_questrewardbooster_tex	True
2000003	41	Buff	True	perc	3600000	1	2	100% Quester's Gold Boost (1 Hour)	166707	100% Quester's Gold Boost (1 hour)	Aumenta suas recompensas de ouro das missões em 100% por 1 hora.	icon_items.f2p_questrewardbooster_tex	icon_items.f2p_questrewardbooster_tex	True
2000004	42	Buff	True	perc	3600000	1	13	30% Reputation Boost (1 Hour)	166708	30% Reputation Boost (1 hour)	Aumenta sua reputação e créditos ganhos em 30% por 1 hora. Não se aplica à reputação ou aos créditos do campo de batalha.	icon_items.f2p_reputationbooster_tex	icon_items.f2p_reputationbooster_tex	True
2000005	42	Buff	True	perc	3600000	1	15	50% Reputation Boost (1 Hour)	166709	50% Reputation Boost (1 hour)	Aumenta sua reputação e créditos ganhos em 50% por 1 hora. Não se aplica à reputação ou aos créditos do campo de batalha.	icon_items.f2p_reputationbooster_tex	icon_items.f2p_reputationbooster_tex	True
2000006	42	Buff	True	perc	3600000	1	2	100% Reputation Boost (1 Hour)	166710	100% Reputation Boost (1 hour)	Aumenta sua reputação e créditos ganhos em 100% por 1 hora. Não se aplica à reputação ou aos créditos do campo de batalha.	icon_items.f2p_reputationbooster_tex	icon_items.f2p_reputationbooster_tex	True
3000001	MPChange	Buff	True	perc	0	1	5	Inspiring Travel			Restaura 0,5% de seu MP máximo a cada segundo.	icon_status.aura_of_regeneration_mp_tex	icon_status.aura_of_regeneration_mp_tex	True
3000002	HPChange	Buff	True	perc	0	1	5	Hearty Travel			Restaura 0,5% de seu HP máximo a cada segundo.	icon_status.aura_of_regeneration_hp_tex	icon_status.aura_of_regeneration_hp_tex	True
3000003	StaminaRegen	Buff	True	perc	0	1	33	Restful Travel			Restaura 0,5% de sua resistência máxima a cada segundo.	icon_status.aura_of_condition_tex	icon_status.aura_of_condition_tex	True
3000004	HPChange	Buff	True	perc	0	1	5	Hearty Travel			Restaura 0,5% de seu HP máximo a cada segundo.	icon_status.aura_of_regeneration_hp_tex	icon_status.aura_of_regeneration_hp_tex	True
4510004	OutOfCombatMovSpd	Buff	True	abs	600000	0	15	Solar Orb			O orbe solar segue você e aumenta a velocidade de movimento fora de combate em $H_W_GOOD15$COLOR_END.	icon_items.orb_of_luck_tex	icon_items.orb_of_luck_tex	True
4510005	OutOfCombatMovSpd	Buff	True	abs	600000	0	15	Solar Orb			O orbe solar segue você e aumenta a velocidade de movimento fora de combate em $H_W_GOOD15$COLOR_END.	icon_items.orb_of_luck_tex	icon_items.orb_of_luck_tex	True
4510006	OutOfCombatMovSpd	Buff	True	abs	600000	0	15	Solar Orb			O orbe solar segue você e aumenta a velocidade de movimento fora de combate em $H_W_GOOD15$COLOR_END.	icon_items.orb_of_luck_tex	icon_items.orb_of_luck_tex	True
4510007	OutOfCombatMovSpd	Buff	True	abs	600000	0	15	Solar Orb			O orbe solar segue você e aumenta a velocidade de movimento fora de combate em $H_W_GOOD15$COLOR_END.	icon_items.orb_of_luck_tex	icon_items.orb_of_luck_tex	True
4510008	OutOfCombatMovSpd	Buff	True	abs	600000	0	15	Solar Orb			O orbe solar segue você e aumenta a velocidade de movimento fora de combate em $H_W_GOOD15$COLOR_END.	icon_items.orb_of_luck_tex	icon_items.orb_of_luck_tex	True
4510009	OutOfCombatMovSpd	Buff	True	abs	600000	0	15	Solar Orb			O orbe solar segue você e aumenta a velocidade de movimento fora de combate em $H_W_GOOD15$COLOR_END.	icon_items.orb_of_luck_tex	icon_items.orb_of_luck_tex	True
4510010	OutOfCombatMovSpd	Buff	True	abs	600000	0	15	Solar Orb			O orbe solar segue você e aumenta a velocidade de movimento fora de combate em $H_W_GOOD15$COLOR_END.	icon_items.orb_of_luck_tex	icon_items.orb_of_luck_tex	True
4510011	OutOfCombatMovSpd	Buff	True	abs	600000	0	15	Solar Orb			O orbe solar segue você e aumenta a velocidade de movimento fora de combate em $H_W_GOOD15$COLOR_END.	icon_items.orb_of_luck_tex	icon_items.orb_of_luck_tex	True
4510012	OutOfCombatMovSpd	Buff	True	abs	600000	0	15	Solar Orb			O orbe solar segue você e aumenta a velocidade de movimento fora de combate em $H_W_GOOD15$COLOR_END.	icon_items.orb_of_luck_tex	icon_items.orb_of_luck_tex	True
4510013	OutOfCombatMovSpd	Buff	True	abs	600000	0	15	Solar Orb			O orbe solar segue você e aumenta a velocidade de movimento fora de combate em $H_W_GOOD15$COLOR_END.	icon_items.orb_of_luck_tex	icon_items.orb_of_luck_tex	True
4510014	OutOfCombatMovSpd	Buff	True	abs	600000	0	15	Solar Orb			O orbe solar segue você e aumenta a velocidade de movimento fora de combate em $H_W_GOOD15$COLOR_END.	icon_items.orb_of_luck_tex	icon_items.orb_of_luck_tex	True
4510015	AtkPotion	Buff	True	perc	60000	0	103	Courageous Melody			As melodias suaves da flauta de junco tuwangi fazem com que você se sinta mais corajoso; o dano da sua habilidade aumentou em $H_W_GOOD10200%$COLOR_END.	icon_items.fallfestival_whistle_tex	icon_items.fallfestival_whistle_tex	True
4510016	AtkPotion	Buff	True	perc	60000	0	1	Hunting Horn			Atenda ao chamado de clarim.	icon_items.fallfestival_whistle_tex	icon_items.fallfestival_whistle_tex	False
5020006	Crit	Buff	True	abs	60000	0	50	Darkan's Wings			Aumenta a taxa de críticos em $H_W_GOOD50$COLOR_END e a velocidade de ataque em $H_W_GOOD11100%$COLOR_END.	icon_status.descentofdarkness_tex	icon_status.descentofdarkness_tex	True
5020006	ASpd	Buff	True	perc	60000	0	112	Darkan's Wings			Aumenta a taxa de críticos em $H_W_GOOD50$COLOR_END e a velocidade de ataque em $H_W_GOOD11100%$COLOR_END.	icon_status.descentofdarkness_tex	icon_status.descentofdarkness_tex	True
7000001	BigHead	Buff	True	setp	600000	0	4	Shape Change: Big Head	139206	Big Head (1 minuto)	Sua cabeça fica gigante!	icon_status.icon_deadoo_ab_tex	icon_status.icon_deadoo_ab_tex	True
7000002	ChangeBody	Buff	True	setp	60000	0	5	Physical Change: Breast	139200	Seios grandes (1 minuto)	Esse efeito só funciona com trajes de banho de 2013.$BRPode ser acumulado até 3 vezes. (mínimo -3 ~ máximo +3)	icon_status.icon_poongu_ab_tex	icon_status.icon_poongu_ab_tex	True
7000003	ChangeBody	Buff	True	setp	60000	0	6	Physical Change: Height	139202	Corpo alto (1 minuto)	Pode ser empilhado até 3 vezes. (mínimo -3 ~ máximo +3)	icon_status.icon_jangshin_ab_tex	icon_status.icon_jangshin_ab_tex	True
7000004	ChangeBody	Buff	True	setp	60000	0	7	Shape Change: Thighs	139204	Coxas grossas (1 minuto)	Suas coxas parecem que você está malhando! $BRStacks para baixo até um mínimo de -3 ou para cima até um máximo de +3.	icon_status.icon_yookduk00_ab_tex	icon_status.icon_yookduk00_ab_tex	True
7000005	ChangeBody	Buff	True	setp	600000	0	8	Shape Change: Size	139207	Corpo alto (10 minutos)	Seu tamanho foi alterado.$BREntrar em combate cancela o efeito.$BRCumula até um mínimo de -3 ou até um máximo de +3.	icon_status.icon_janggoe_ab_tex	icon_status.icon_janggoe_ab_tex	True
7000011	BigHead	Buff	True	setp	86400000	0	4	Shape Change: Big Head	139216	Cabeça grande (1 dia)	Sua cabeça fica gigante!	icon_status.icon_deadoo_ab_tex	icon_status.icon_deadoo_ab_tex	True
7000012	ChangeBody	Buff	True	setp	86400000	0	5	Physical Change: Breast	139210	Seios grandes (1 dia)	Efeito de peito grande, peito pequeno.$BR $BREste efeito será aplicado quando você usar armaduras elásticas.$BR $BRO efeito dura temporariamente e você voltará ao seu corpo original. Pode ser acumulado até 3 vezes. (mínimo -3 ~ máximo +3)	icon_status.icon_poongu_ab_tex	icon_status.icon_poongu_ab_tex	True
7000013	ChangeBody	Buff	True	setp	86400000	0	6	Physical Change: Height	139212	Corpo alto (1 dia)	Efeito de corpo grande, corpo pequeno.$BR $BRO efeito dura temporariamente e você voltará ao seu corpo original. Pode ser acumulado até 3 vezes. (mínimo -3 ~ máximo +3)	icon_status.icon_jangshin_ab_tex	icon_status.icon_jangshin_ab_tex	True
7000014	ChangeBody	Buff	True	setp	86400000	0	7	Shape Change: Thighs	139214	Coxas grossas (1 dia)	Suas coxas parecem que você está malhando! $BRStacks para baixo até um mínimo de -3 ou para cima até um máximo de +3.	icon_status.icon_yookduk00_ab_tex	icon_status.icon_yookduk00_ab_tex	True
7000015	ChangeBody	Buff	True	setp	600000	0	13	Physical Change: Size			O tamanho de seu corpo foi alterado. $BR $BREsse efeito é imediatamente cancelado ao entrar em combate.	icon_status.icon_janggoe_ab_tex	icon_status.icon_janggoe_ab_tex	True
7000016	BigHead	Buff	True	setp	600000	0	14	Physical Change: Size			O tamanho de seu corpo foi alterado. $BR $BREsse efeito é imediatamente cancelado ao entrar em combate.	icon_status.icon_janggoe_ab_tex	icon_status.icon_janggoe_ab_tex	True
7000017	BigHead	Buff	True	setp	600000	0	15	Physical Change: Size			O tamanho de seu corpo foi alterado. $BR $BREsse efeito é imediatamente cancelado ao entrar em combate.	icon_status.icon_janggoe_ab_tex	icon_status.icon_janggoe_ab_tex	True
7000018	BigHead	Buff	True	setp	600000	0	15	Physical Change: Size			O tamanho de seu corpo foi alterado. $BR $BREsse efeito é imediatamente cancelado ao entrar em combate.	icon_status.icon_janggoe_ab_tex	icon_status.icon_janggoe_ab_tex	True
7000019	265	Buff	True	setp	60000	0	7	Self-Confidence			Sua armadura interna (Roupa Íntima) é visível para todos ao seu redor.$BR $BR Ela se torna visível novamente após um determinado período.	icon_status.icon_yookduk00_ab_tex	icon_status.icon_yookduk00_ab_tex	True
7000020	266	Buff	True	setp	60000	0	7	False Modesty			Sua armadura interna (Roupa Íntima) é visível apenas para você.$BR $BR Ela se torna visível novamente após um determinado período.	icon_status.icon_yookduk00_ab_tex	icon_status.icon_yookduk00_ab_tex	True
7000021	265	Buff	True	setp	86400000	0	7	Self-Confidence	139353	Self-Confidence	Sua armadura interna (Roupa Íntima) é visível para todos ao seu redor.$BR $BR Ela se torna visível novamente após um determinado período.	icon_items.portion_underwear1_tex	icon_items.portion_underwear1_tex	True
7000022	266	Buff	True	setp	86400000	0	7	False Modesty	139354	False Modesty	Sua armadura interna (Roupa Íntima) é visível apenas para você.$BR $BR Ela se torna visível novamente após um determinado período.	icon_items.portion_underwear1_tex	icon_items.portion_underwear1_tex	True
7000023	265	Buff	True	setp	259200000	0	7	Self-Confidence			Sua armadura interna (Roupa Íntima) é visível para todos ao seu redor.$BR $BR Ela se torna visível novamente após um determinado período.	icon_items.portion_underwear2_tex	icon_items.portion_underwear2_tex	True
7000024	266	Buff	True	setp	259200000	0	7	False Modesty			Sua armadura interna (Roupa Íntima) é visível apenas para você.$BR $BR Ela se torna visível novamente após um determinado período.	icon_items.portion_underwear2_tex	icon_items.portion_underwear2_tex	True
7000025	265	Buff	True	setp	172800000	0	7	Self-Confidence			Sua armadura interna (Roupa Íntima) é visível para todos ao seu redor.$BR $BR Ela se torna visível novamente após um determinado período.	icon_items.portion_underwear1_tex	icon_items.portion_underwear1_tex	True
7000026	266	Buff	True	setp	172800000	0	7	False Modesty			Sua armadura interna (Roupa Íntima) é visível apenas para você.$BR $BR Ela se torna visível novamente após um determinado período.	icon_items.portion_underwear1_tex	icon_items.portion_underwear1_tex	True
7000027	265	Buff	True	setp	432000000	0	7	Self-Confidence			Sua armadura interna (Roupa Íntima) é visível para todos ao seu redor.$BR $BR Ela se torna visível novamente após um determinado período.	icon_items.portion_underwear2_tex	icon_items.portion_underwear2_tex	True
7000028	266	Buff	True	setp	432000000	0	7	False Modesty			Sua armadura interna (Roupa Íntima) é visível apenas para você.$BR $BR Ela se torna visível novamente após um determinado período.	icon_items.portion_underwear2_tex	icon_items.portion_underwear2_tex	True
7000029	ChangeBody	Buff	True	setp	600000	0	13	Physical Change: Size			O tamanho de seu corpo foi alterado. $BR $BREsse efeito é imediatamente cancelado ao entrar em combate.	icon_status.icon_janggoe_ab_tex	icon_status.icon_janggoe_ab_tex	True
7000030	BigHead	Buff	True	setp	600000	0	14	Physical Change: Size			O tamanho de seu corpo foi alterado. $BR $BREsse efeito é imediatamente cancelado ao entrar em combate.	icon_status.icon_janggoe_ab_tex	icon_status.icon_janggoe_ab_tex	True
7777001	265	Buff	True	setp	86400000	0	7	Self-Confidence	179063	Poção de revelação: Para todos (1 dia)	Sua armadura interna (Roupa Íntima) é visível para todos ao seu redor.$BR $BR Ela se torna visível novamente após um determinado período.	icon_status.icon_yookduk00_ab_tex	icon_status.icon_yookduk00_ab_tex	True
7777002	265	Buff	True	setp	172800000	0	7	Self-Confidence	179064	Poção de revelação: Para todos (2 dias)	Sua armadura interna (Roupa Íntima) é visível para todos ao seu redor.$BR $BR Ela se torna visível novamente após um determinado período.	icon_status.icon_yookduk00_ab_tex	icon_status.icon_yookduk00_ab_tex	True
7777003	265	Buff	True	setp	259200000	0	7	Self-Confidence	179065	Poção de revelação: Para todos (3 dias)	Sua armadura interna (Roupa Íntima) é visível para todos ao seu redor.$BR $BR Ela se torna visível novamente após um determinado período.	icon_status.icon_yookduk00_ab_tex	icon_status.icon_yookduk00_ab_tex	True
7777004	265	Buff	True	setp	345600000	0	7	Self-Confidence	179066	Poção de revelação: Para todos (4 dias)	Sua armadura interna (Roupa Íntima) é visível para todos ao seu redor.$BR $BR Ela se torna visível novamente após um determinado período.	icon_status.icon_yookduk00_ab_tex	icon_status.icon_yookduk00_ab_tex	True
7777005	265	Buff	True	setp	432000000	0	7	Self-Confidence	179067	Poção de revelação: Para todos (5 dias)	Sua armadura interna (Roupa Íntima) é visível para todos ao seu redor.$BR $BR Ela se torna visível novamente após um determinado período.	icon_status.icon_yookduk00_ab_tex	icon_status.icon_yookduk00_ab_tex	True
7777006	265	Buff	True	setp	518400000	0	7	Self-Confidence	179068	Poção de revelação: Para todos (6 dias)	Sua armadura interna (Roupa Íntima) é visível para todos ao seu redor.$BR $BR Ela se torna visível novamente após um determinado período.	icon_status.icon_yookduk00_ab_tex	icon_status.icon_yookduk00_ab_tex	True
7777007	265	Buff	True	setp	604800000	0	7	Self-Confidence	179069	Poção de revelação: Para todos (7 dias)	Sua armadura interna (Roupa Íntima) é visível para todos ao seu redor.$BR $BR Ela se torna visível novamente após um determinado período.	icon_status.icon_yookduk00_ab_tex	icon_status.icon_yookduk00_ab_tex	True
7777008	266	Buff	True	setp	86400000	0	7	False Modesty	179056	Poção de revelação: Para mim (1 dia)	Sua armadura interna (Roupa Íntima) é visível apenas para você.$BR $BR Ela se torna visível novamente após um determinado período.	icon_status.icon_yookduk00_ab_tex	icon_status.icon_yookduk00_ab_tex	True
7777009	266	Buff	True	setp	172800000	0	7	False Modesty	179057	Poção de revelação: For Me (2 dias)	Sua armadura interna (Roupa Íntima) é visível apenas para você.$BR $BR Ela se torna visível novamente após um determinado período.	icon_status.icon_yookduk00_ab_tex	icon_status.icon_yookduk00_ab_tex	True
7777010	266	Buff	True	setp	259200000	0	7	False Modesty	179058	Poção de revelação: For Me (3 dias)	Sua armadura interna (Roupa Íntima) é visível apenas para você.$BR $BR Ela se torna visível novamente após um determinado período.	icon_status.icon_yookduk00_ab_tex	icon_status.icon_yookduk00_ab_tex	True
7777011	266	Buff	True	setp	345600000	0	7	False Modesty	179059	Poção de revelação: For Me (4 dias)	Sua armadura interna (Roupa Íntima) é visível apenas para você.$BR $BR Ela se torna visível novamente após um determinado período.	icon_status.icon_yookduk00_ab_tex	icon_status.icon_yookduk00_ab_tex	True
7777012	266	Buff	True	setp	432000000	0	7	False Modesty	179060	Poção de revelação: For Me (5 dias)	Sua armadura interna (Roupa Íntima) é visível apenas para você.$BR $BR Ela se torna visível novamente após um determinado período.	icon_status.icon_yookduk00_ab_tex	icon_status.icon_yookduk00_ab_tex	True
7777013	266	Buff	True	setp	518400000	0	7	False Modesty	179061	Poção de revelação: For Me (6 dias)	Sua armadura interna (Roupa Íntima) é visível apenas para você.$BR $BR Ela se torna visível novamente após um determinado período.	icon_status.icon_yookduk00_ab_tex	icon_status.icon_yookduk00_ab_tex	True
7777014	266	Buff	True	setp	604800000	0	7	False Modesty	179062	Poção de revelação: For Me (7 dias)	Sua armadura interna (Roupa Íntima) é visível apenas para você.$BR $BR Ela se torna visível novamente após um determinado período.	icon_status.icon_yookduk00_ab_tex	icon_status.icon_yookduk00_ab_tex	True
8000000	XPBoost	Buff	True	perc	18000000	1	13	30% XP Boost (5 horas)	139019	30% de aumento de XP (5 horas)	Aumenta suas recompensas de EXP ao matar mobs em 30% por 5 horas de jogo.	icon_items.f2p_xpbooster_tex	icon_items.f2p_xpbooster_tex	True
8000001	XPBoost	Buff	True	perc	36000000	1	13	30% XP Boost (10 horas)	139020	30% de aumento de XP (10 horas)	Aumenta suas recompensas de EXP ao matar mobs em 30% por 10 horas de jogo.	icon_items.f2p_xpbooster_tex	icon_items.f2p_xpbooster_tex	True
8000002	XPBoost	Buff	True	perc	108000000	1	13	30% XP Boost (30 horas)	139021	Aumento de 30% no XP (30 horas)	Aumenta suas recompensas de EXP ao matar mobs em 30% por 30 horas de jogo.	icon_items.f2p_xpbooster_tex	icon_items.f2p_xpbooster_tex	True
8000003	XPBoost	Buff	True	perc	86400000	1	13	30% XP Boost (1 Dia)	139022	30% de aumento de XP (1 dia)	Aumenta suas recompensas de EXP ao matar mobs em 30% por 1 dia em tempo real. O tempo desse item diminui mesmo quando você está Offline.	icon_items.f2p_xpbooster_tex	icon_items.f2p_xpbooster_tex	True
8000004	XPBoost	Buff	True	perc	604800000	1	13	30% XP Boost (7 Dias)	139023	Aumento de 30% no XP (7 dias)	Aumenta suas recompensas de EXP ao matar mobs em 30% por 7 dias em tempo real. O tempo desse item diminui mesmo quando você está Offline.	icon_items.f2p_xpbooster_tex	icon_items.f2p_xpbooster_tex	True
8000005	XPBoost	Buff	True	perc	2147483647	1	13	30% XP Boost (30 Dias)	139024	Aumento de 30% no XP (30 dias)	Aumenta suas recompensas de EXP ao matar mobs em 30% por 30 dias em tempo real. O tempo desse item diminui mesmo quando você está Offline.	icon_items.f2p_xpbooster_tex	icon_items.f2p_xpbooster_tex	True
8000006	XPBoost	Buff	True	perc	18000000	1	15	50% XP Boost (5 horas)	139025	50% de aumento de XP (5 horas)	Aumenta suas recompensas de EXP ao matar mobs em 50% por 5 horas de jogo.	icon_items.f2p_xpbooster_tex	icon_items.f2p_xpbooster_tex	True
8000007	XPBoost	Buff	True	perc	36000000	1	15	50% XP Boost (10 horas)	139026	50% de aumento de XP (10 horas)	Aumenta suas recompensas de EXP ao matar mobs em 50% por 10 horas de jogo.	icon_items.f2p_xpbooster_tex	icon_items.f2p_xpbooster_tex	True
8000008	XPBoost	Buff	True	perc	108000000	1	15	50% XP Boost (30 horas)	139027	50% de aumento de XP (30 horas)	Aumenta em 50% suas recompensas de EXP ao matar mobs por 30 horas de jogo.	icon_items.f2p_xpbooster_tex	icon_items.f2p_xpbooster_tex	True
8000009	XPBoost	Buff	True	perc	86400000	1	15	50% XP Boost (1 Dia)	139028	50% de aumento de XP (1 dia)	Aumenta suas recompensas de EXP ao matar mobs em 50% por 1 dia em tempo real. O tempo desse item diminui mesmo quando você está Offline.	icon_items.f2p_xpbooster_tex	icon_items.f2p_xpbooster_tex	True
8000010	XPBoost	Buff	True	perc	604800000	1	15	50% XP Boost (7 Dias)	139029	50% de aumento de XP (7 dias)	Aumenta suas recompensas de EXP ao matar mobs em 50% por 7 dias em tempo real. O tempo desse item diminui mesmo quando você está Offline.	icon_items.f2p_xpbooster_tex	icon_items.f2p_xpbooster_tex	True
8000011	XPBoost	Buff	True	perc	2147483647	1	15	50% XP Boost (30 Dias)	139030	Aumento de 50% no XP (30 dias)	Aumenta suas recompensas de EXP ao matar mobs em 50% por 30 dias em tempo real. O tempo desse item diminui mesmo quando você está Offline.	icon_items.f2p_xpbooster_tex	icon_items.f2p_xpbooster_tex	True
8000012	XPBoost	Buff	True	perc	18000000	1	2	100% XP Boost (5 horas)	139031	Aumento de 100% no XP (5 horas)	Aumenta suas recompensas de EXP ao matar mobs em 100% por 5 horas de jogo.	icon_items.f2p_xpbooster_tex	icon_items.f2p_xpbooster_tex	True
8000013	XPBoost	Buff	True	perc	36000000	1	2	100% XP Boost (10 horas)	139032	Aumento de 100% no XP (10 horas)	Aumenta suas recompensas de EXP ao matar mobs em 100% por 10 horas de jogo.	icon_items.f2p_xpbooster_tex	icon_items.f2p_xpbooster_tex	True
8000014	XPBoost	Buff	True	perc	108000000	1	2	100% XP Boost (30 horas)	139033	Aumento de 100% no XP (30 horas)	Aumenta em 100% suas recompensas de EXP ao matar mobs por 30 horas de jogo.	icon_items.f2p_xpbooster_tex	icon_items.f2p_xpbooster_tex	True
8000015	XPBoost	Buff	True	perc	86400000	1	2	100% XP Boost (1 Dia)	139034	Aumento de 100% no XP (1 dia)	Aumenta suas recompensas de EXP ao matar mobs em 100% por 1 dia em tempo real. O tempo desse item diminui mesmo quando você está Offline.	icon_items.f2p_xpbooster_tex	icon_items.f2p_xpbooster_tex	True
8000016	XPBoost	Buff	True	perc	604800000	1	2	100% XP Boost (7 Dias)	139035	Aumento de 100% no XP (7 dias)	Aumenta suas recompensas de EXP ao matar mobs em 100% por 7 dias em tempo real. O tempo desse item diminui mesmo quando você está Offline.	icon_items.f2p_xpbooster_tex	icon_items.f2p_xpbooster_tex	True
8000017	XPBoost	Buff	True	perc	2147483647	1	2	100% XP Boost (30 Dias)	139036	100% XP Boost (30 dias)	Aumenta suas recompensas de EXP ao matar mobs em 100% por 30 dias em tempo real. O tempo desse item diminui mesmo quando você está Offline.	icon_items.f2p_xpbooster_tex	icon_items.f2p_xpbooster_tex	True
8000018	40	Buff	True	perc	18000000	1	13	30% Gold Hunter Boost (5 horas)	139037	30% de bônus de ouro do caçador (5 horas)	Aumenta em 30% suas recompensas de ouro ao matar mobs por 5 horas de jogo.	icon_items.f2p_dropgoldbooster_tex	icon_items.f2p_dropgoldbooster_tex	True
8000019	40	Buff	True	perc	36000000	1	13	30% Gold Hunter Boost (10 horas)	139038	30% de bônus de ouro para caçadores (10 horas)	Aumenta suas recompensas de ouro ao matar mobs em 30% por 10 horas de jogo.	icon_items.f2p_dropgoldbooster_tex	icon_items.f2p_dropgoldbooster_tex	True
8000020	40	Buff	True	perc	108000000	1	13	30% Gold Hunter Boost (30 horas)	139039	30% de bônus de ouro para caçadores (30 horas)	Aumenta suas recompensas de ouro ao matar mobs em 30% por 30 horas de jogo.	icon_items.f2p_dropgoldbooster_tex	icon_items.f2p_dropgoldbooster_tex	True
8000021	40	Buff	True	perc	86400000	1	13	30% Gold Hunter Boost (1 Dia)	139040	30% de bônus de ouro para caçadores (1 dia)	Aumenta suas recompensas de ouro ao matar mobs em 30% por 1 dia em tempo real. O tempo desse item diminui mesmo quando você está Offline.	icon_items.f2p_dropgoldbooster_tex	icon_items.f2p_dropgoldbooster_tex	True
8000022	40	Buff	True	perc	604800000	1	13	30% Gold Hunter Boost (7 Dias)	139041	30% de aumento de ouro para o caçador (7 dias)	Aumenta suas recompensas de ouro ao matar mobs em 30% por 7 dias em tempo real. O tempo desse item diminui mesmo quando você está Offline.	icon_items.f2p_dropgoldbooster_tex	icon_items.f2p_dropgoldbooster_tex	True
8000023	40	Buff	True	perc	2147483647	1	13	30% Gold Hunter Boost (30 Dias)	139042	30% de aumento no Gold Hunter (30 dias)	Aumenta suas recompensas de ouro ao matar mobs em 30% por 30 dias em tempo real. O tempo desse item diminui mesmo quando você está Offline.	icon_items.f2p_dropgoldbooster_tex	icon_items.f2p_dropgoldbooster_tex	True
8000024	40	Buff	True	perc	18000000	1	15	50% Gold Hunter Boost (5 horas)	139043	50% de bônus de caçador de ouro (5 horas)	Aumenta em 50% suas recompensas de ouro ao matar mobs por 5 horas de jogo.	icon_items.f2p_dropgoldbooster_tex	icon_items.f2p_dropgoldbooster_tex	True
8000025	40	Buff	True	perc	36000000	1	15	50% Gold Hunter Boost (10 horas)	139044	50% de bônus de caçador de ouro (10 horas)	Aumenta suas recompensas de ouro ao matar mobs em 50% por 10 horas de jogo.	icon_items.f2p_dropgoldbooster_tex	icon_items.f2p_dropgoldbooster_tex	True
8000026	40	Buff	True	perc	108000000	1	15	50% Gold Hunter Boost (30 horas)	139045	50% de bônus de caçador de ouro (30 horas)	Aumenta suas recompensas de ouro ao matar mobs em 50% por 30 horas de jogo.	icon_items.f2p_dropgoldbooster_tex	icon_items.f2p_dropgoldbooster_tex	True
8000027	40	Buff	True	perc	86400000	1	15	50% Gold Hunter Boost (1 Dia)	139046	50% de aumento de ouro para o caçador (1 dia)	Aumenta suas recompensas de ouro ao matar mobs em 50% por 1 dia em tempo real. O tempo desse item diminui mesmo quando você está Offline.	icon_items.f2p_dropgoldbooster_tex	icon_items.f2p_dropgoldbooster_tex	True
8000028	40	Buff	True	perc	604800000	1	15	50% Gold Hunter Boost (7 Dias)	139047	50% de aumento de ouro para o caçador (7 dias)	Aumenta suas recompensas de ouro ao matar mobs em 50% por 7 dias em tempo real. O tempo desse item diminui mesmo quando você está Offline.	icon_items.f2p_dropgoldbooster_tex	icon_items.f2p_dropgoldbooster_tex	True
8000029	40	Buff	True	perc	2147483647	1	15	50% Gold Hunter Boost (30 Dias)	139048	50% de aumento no Gold Hunter (30 dias)	Aumenta suas recompensas de ouro ao matar mobs em 50% por 30 dias em tempo real. O tempo desse item diminui mesmo quando você está Offline.	icon_items.f2p_dropgoldbooster_tex	icon_items.f2p_dropgoldbooster_tex	True
8000030	40	Buff	True	perc	18000000	1	2	100% Gold Hunter Boost (5 horas)	139049	100% de impulso do Gold Hunter (5 horas)	Aumenta em 100% suas recompensas de ouro ao matar mobs por 5 horas de jogo.	icon_items.f2p_dropgoldbooster_tex	icon_items.f2p_dropgoldbooster_tex	True
8000031	40	Buff	True	perc	36000000	1	2	100% Gold Hunter Boost (10 horas)	139050	100% de impulso do Gold Hunter (10 horas)	Aumenta em 100% suas recompensas de ouro ao matar mobs por 10 horas de jogo.	icon_items.f2p_dropgoldbooster_tex	icon_items.f2p_dropgoldbooster_tex	True
8000032	40	Buff	True	perc	108000000	1	2	100% Gold Hunter Boost (30 horas)	139051	100% de impulso do Gold Hunter (30 horas)	Aumenta em 100% suas recompensas de ouro ao matar mobs por 30 horas de jogo.	icon_items.f2p_dropgoldbooster_tex	icon_items.f2p_dropgoldbooster_tex	True
8000033	40	Buff	True	perc	86400000	1	2	100% Gold Hunter Boost (1 Dia)	139052	100% de impulso do Gold Hunter (1 dia)	Aumenta suas recompensas de ouro ao matar mobs em 100% por 1 dia em tempo real. O tempo desse item diminui mesmo quando você está Offline.	icon_items.f2p_dropgoldbooster_tex	icon_items.f2p_dropgoldbooster_tex	True
8000034	40	Buff	True	perc	604800000	1	2	100% Gold Hunter Boost (7 Dias)	139053	100% de impulso do Gold Hunter (7 dias)	Aumenta suas recompensas de ouro ao matar mobs em 100% por 7 dias em tempo real. O tempo desse item diminui mesmo quando você está Offline.	icon_items.f2p_dropgoldbooster_tex	icon_items.f2p_dropgoldbooster_tex	True
8000035	40	Buff	True	perc	2147483647	1	2	100% Gold Hunter Boost (30 Dias)	139054	100% de aumento no Gold Hunter (30 dias)	Aumenta suas recompensas de ouro ao matar mobs em 100% por 30 dias em tempo real. O tempo desse item diminui mesmo quando você está Offline.	icon_items.f2p_dropgoldbooster_tex	icon_items.f2p_dropgoldbooster_tex	True
8000036	41	Buff	True	perc	18000000	1	13	30% Quester's Gold Boost (5 horas)	139055	30% de aumento de ouro do Quester (5 horas)	Aumenta suas recompensas de ouro das missões em 30% por 5 horas de jogo.	icon_items.f2p_questrewardbooster_tex	icon_items.f2p_questrewardbooster_tex	True
8000037	41	Buff	True	perc	36000000	1	13	30% Quester's Gold Boost (10 horas)	139056	30% de aumento de ouro do Quester (10 horas)	Aumenta suas recompensas de ouro das missões em 30% por 10 horas de jogo.	icon_items.f2p_questrewardbooster_tex	icon_items.f2p_questrewardbooster_tex	True
8000038	41	Buff	True	perc	108000000	1	13	30% Quester's Gold Boost (30 horas)	139057	30% de aumento de ouro do Quester (30 horas)	Aumenta suas recompensas de ouro das missões em 30% por 30 horas de jogo.	icon_items.f2p_questrewardbooster_tex	icon_items.f2p_questrewardbooster_tex	True
8000039	41	Buff	True	perc	86400000	1	13	30% Quester's Gold Boost (1 Dia)	139058	30% de aumento de ouro do Quester (1 dia)	Aumenta suas recompensas de ouro das missões em 30% por 1 dia em tempo real. O tempo desse item diminui mesmo quando você está Offline.	icon_items.f2p_questrewardbooster_tex	icon_items.f2p_questrewardbooster_tex	True
8000040	41	Buff	True	perc	604800000	1	13	30% Quester's Gold Boost (7 Dias)	139059	30% de aumento de ouro do Quester (7 dias)	Aumenta suas recompensas de ouro das missões em 30% por 7 dias em tempo real. O tempo desse item diminui mesmo quando você está Offline.	icon_items.f2p_questrewardbooster_tex	icon_items.f2p_questrewardbooster_tex	True
8000041	41	Buff	True	perc	2147483647	1	13	30% Quester's Gold Boost (30 Dias)	139060	30% de aumento de ouro do Quester (30 dias)	Aumenta suas recompensas de ouro das missões em 30% por 30 dias em tempo real. O tempo desse item diminui mesmo quando você está Offline.	icon_items.f2p_questrewardbooster_tex	icon_items.f2p_questrewardbooster_tex	True
8000042	41	Buff	True	perc	18000000	1	15	50% Quester's Gold Boost (5 horas)	139061	50% de aumento de ouro do Quester (5 horas)	Aumenta suas recompensas de ouro das missões em 50% por 5 horas de jogo.	icon_items.f2p_questrewardbooster_tex	icon_items.f2p_questrewardbooster_tex	True
8000043	41	Buff	True	perc	36000000	1	15	50% Quester's Gold Boost (10 horas)	139062	50% de aumento de ouro do Quester (10 horas)	Aumenta suas recompensas de ouro das missões em 50% por 10 horas de jogo.	icon_items.f2p_questrewardbooster_tex	icon_items.f2p_questrewardbooster_tex	True
8000044	41	Buff	True	perc	108000000	1	15	50% Quester's Gold Boost (30 horas)	139063	50% de aumento de ouro do Quester (30 horas)	Aumenta suas recompensas de ouro das missões em 50% por 30 horas de jogo.	icon_items.f2p_questrewardbooster_tex	icon_items.f2p_questrewardbooster_tex	True
8000045	41	Buff	True	perc	86400000	1	15	50% Quester's Gold Boost (1 Dia)	139064	50% de aumento de ouro do Quester (1 dia)	Aumenta suas recompensas de ouro das missões em 50% por 1 dia em tempo real. O tempo desse item diminui mesmo quando você está Offline.	icon_items.f2p_questrewardbooster_tex	icon_items.f2p_questrewardbooster_tex	True
8000046	41	Buff	True	perc	604800000	1	15	50% Quester's Gold Boost (7 Dias)	139065	50% de aumento de ouro do Quester (7 dias)	Aumenta suas recompensas de ouro das missões em 50% por 7 dias em tempo real. O tempo desse item diminui mesmo quando você está Offline.	icon_items.f2p_questrewardbooster_tex	icon_items.f2p_questrewardbooster_tex	True
8000047	41	Buff	True	perc	2147483647	1	15	50% Quester's Gold Boost (30 Dias)	139066	50% de aumento de ouro do Quester (30 dias)	Aumenta suas recompensas de ouro das missões em 50% por 30 dias em tempo real. O tempo desse item diminui mesmo quando você está Offline.	icon_items.f2p_questrewardbooster_tex	icon_items.f2p_questrewardbooster_tex	True
8000048	41	Buff	True	perc	18000000	1	2	100% Quester's Gold Boost (5 horas)	139067	Aumento de 100% do ouro do Quester (5 horas)	Aumenta suas recompensas de ouro das missões em 100% por 5 horas de jogo.	icon_items.f2p_questrewardbooster_tex	icon_items.f2p_questrewardbooster_tex	True
8000049	41	Buff	True	perc	36000000	1	2	100% Quester's Gold Boost (10 horas)	139068	Aumento de 100% do ouro do Quester (10 horas)	Aumenta suas recompensas de ouro das missões em 100% por 10 horas de jogo.	icon_items.f2p_questrewardbooster_tex	icon_items.f2p_questrewardbooster_tex	True
8000050	41	Buff	True	perc	108000000	1	2	100% Quester's Gold Boost (30 horas)	139069	Aumento de 100% do ouro do Quester (30 horas)	Aumenta suas recompensas de ouro das missões em 100% por 30 horas de jogo.	icon_items.f2p_questrewardbooster_tex	icon_items.f2p_questrewardbooster_tex	True
8000051	41	Buff	True	perc	86400000	1	2	100% Quester's Gold Boost (1 Dia)	139070	100% de aumento de ouro do Quester (1 dia)	Aumenta suas recompensas de ouro das missões em 100% por 1 dia em tempo real. O tempo desse item diminui mesmo quando você está Offline.	icon_items.f2p_questrewardbooster_tex	icon_items.f2p_questrewardbooster_tex	True
8000052	41	Buff	True	perc	604800000	1	2	100% Quester's Gold Boost (7 Dias)	139071	Aumento de 100% do ouro do Quester (7 dias)	Aumenta suas recompensas de ouro das missões em 100% por 7 dias em tempo real. O tempo desse item diminui mesmo quando você está Offline.	icon_items.f2p_questrewardbooster_tex	icon_items.f2p_questrewardbooster_tex	True
8000053	41	Buff	True	perc	2147483647	1	2	100% Quester's Gold Boost (30 Dias)	139072	100% Quester's Gold Boost (30 dias)	Aumenta suas recompensas de ouro das missões em 100% por 30 dias em tempo real. O tempo desse item diminui mesmo quando você está Offline.	icon_items.f2p_questrewardbooster_tex	icon_items.f2p_questrewardbooster_tex	True
8000054	42	Buff	True	perc	18000000	1	13	30% Reputation Boost (5 horas)	139073	Aumento de 30% na reputação (5 horas)	Aumenta sua reputação e créditos ganhos em 30% por 5 horas de jogo. Não se aplica à reputação ou aos créditos do campo de batalha.	icon_items.f2p_reputationbooster_tex	icon_items.f2p_reputationbooster_tex	True
8000055	42	Buff	True	perc	36000000	1	13	30% Reputation Boost (10 horas)	139074	Aumento de 30% na reputação (10 horas)	Aumenta sua reputação e créditos ganhos em 30% por 10 horas de jogo. Não se aplica à reputação ou aos créditos do campo de batalha.	icon_items.f2p_reputationbooster_tex	icon_items.f2p_reputationbooster_tex	True
8000056	42	Buff	True	perc	108000000	1	13	30% Reputation Boost (30 horas)	139075	Aumento de 30% na reputação (30 horas)	Aumenta sua reputação e créditos ganhos em 30% por 30 horas de jogo. Não se aplica à reputação ou aos créditos do campo de batalha.	icon_items.f2p_reputationbooster_tex	icon_items.f2p_reputationbooster_tex	True
8000057	42	Buff	True	perc	86400000	1	13	30% Reputation Boost (1 Dia)	139076	Aumento de 30% na reputação (1 dia)	Aumenta sua reputação e os créditos ganhos em 30% por 1 dia em tempo real. O tempo desse item diminui mesmo quando você está Offline. Não se aplica à reputação ou aos créditos do campo de batalha.	icon_items.f2p_reputationbooster_tex	icon_items.f2p_reputationbooster_tex	True
8000058	42	Buff	True	perc	604800000	1	13	30% Reputation Boost (7 Dias)	139077	Aumento de 30% na reputação (7 dias)	Aumenta sua reputação e créditos ganhos em 30% por 7 dias em tempo real. O tempo desse item diminui mesmo quando você está Offline. Não se aplica à reputação ou aos créditos do campo de batalha.	icon_items.f2p_reputationbooster_tex	icon_items.f2p_reputationbooster_tex	True
8000059	42	Buff	True	perc	2147483647	1	13	30% Reputation Boost (30 Dias)	139078	Aumento de 30% na reputação (30 dias)	Aumenta sua reputação e créditos ganhos em 30% por 30 dias em tempo real. O tempo desse item diminui mesmo quando você está Offline. Não se aplica à reputação ou aos créditos do campo de batalha.	icon_items.f2p_reputationbooster_tex	icon_items.f2p_reputationbooster_tex	True
8000060	42	Buff	True	perc	18000000	1	15	50% Reputation Boost (5 horas)	139079	Aumento de 50% na reputação (5 horas)	Aumenta sua reputação e créditos ganhos em 50% por 5 horas de jogo. Não se aplica à reputação ou aos créditos do campo de batalha.	icon_items.f2p_reputationbooster_tex	icon_items.f2p_reputationbooster_tex	True
8000061	42	Buff	True	perc	36000000	1	15	50% Reputation Boost (10 horas)	139080	Aumento de 50% na reputação (10 horas)	Aumenta sua reputação e créditos ganhos em 50% por 10 horas de jogo. Não se aplica à reputação ou aos créditos do campo de batalha.	icon_items.f2p_reputationbooster_tex	icon_items.f2p_reputationbooster_tex	True
8000062	42	Buff	True	perc	108000000	1	15	50% Reputation Boost (30 horas)	139081	Aumento de 50% na reputação (30 horas)	Aumenta sua reputação e créditos ganhos em 50% por 30 horas de jogo. Não se aplica à reputação ou aos créditos do campo de batalha.	icon_items.f2p_reputationbooster_tex	icon_items.f2p_reputationbooster_tex	True
8000063	42	Buff	True	perc	86400000	1	15	50% Reputation Boost (1 Dia)	139082	Aumento de 50% na reputação (1 dia)	Aumenta sua reputação e créditos ganhos em 50% por 1 dia real. O tempo desse item diminui mesmo quando você está Offline. Não se aplica à reputação ou aos créditos do campo de batalha.	icon_items.f2p_reputationbooster_tex	icon_items.f2p_reputationbooster_tex	True
8000064	42	Buff	True	perc	604800000	1	15	50% Reputation Boost (7 Dias)	139083	Aumento de 50% na reputação (7 dias)	Aumenta sua reputação e créditos ganhos em 50% por 7 dias em tempo real. O tempo desse item diminui mesmo quando você está Offline. Não se aplica à reputação ou aos créditos do campo de batalha.	icon_items.f2p_reputationbooster_tex	icon_items.f2p_reputationbooster_tex	True
8000065	42	Buff	True	perc	2147483647	1	15	50% Reputation Boost (30 Dias)	139084	Aumento de 50% na reputação (30 dias)	Aumenta sua reputação e créditos ganhos em 50% por 30 dias em tempo real. O tempo desse item diminui mesmo quando você está Offline. Não se aplica à reputação ou aos créditos do campo de batalha.	icon_items.f2p_reputationbooster_tex	icon_items.f2p_reputationbooster_tex	True
8000066	42	Buff	True	perc	18000000	1	2	100% Reputation Boost (5 horas)	139085	Aumento de 100% na reputação (5 horas)	Aumenta sua reputação e créditos ganhos em 100% por 5 horas de jogo. Não se aplica à reputação ou aos créditos do campo de batalha.	icon_items.f2p_reputationbooster_tex	icon_items.f2p_reputationbooster_tex	True
8000067	42	Buff	True	perc	36000000	1	2	100% Reputation Boost (10 horas)	139086	Aumento de 100% na reputação (10 horas)	Aumenta sua reputação e créditos ganhos em 100% por 10 horas de jogo. Não se aplica à reputação ou aos créditos do campo de batalha.	icon_items.f2p_reputationbooster_tex	icon_items.f2p_reputationbooster_tex	True
8000068	42	Buff	True	perc	108000000	1	2	100% Reputation Boost (30 horas)	139087	Aumento de 100% na reputação (30 horas)	Aumenta sua reputação e créditos ganhos em 100% por 30 horas de jogo. Não se aplica à reputação ou aos créditos do campo de batalha.	icon_items.f2p_reputationbooster_tex	icon_items.f2p_reputationbooster_tex	True
8000069	42	Buff	True	perc	86400000	1	2	100% Reputation Boost (1 Dia)	139088	Aumento de 100% da reputação (1 dia)	Aumenta sua reputação e créditos ganhos em 100% por 1 dia real. O tempo desse item diminui mesmo quando você está Offline. Não se aplica à reputação ou aos créditos do campo de batalha.	icon_items.f2p_reputationbooster_tex	icon_items.f2p_reputationbooster_tex	True
8000070	42	Buff	True	perc	604800000	1	2	100% Reputation Boost (7 Dias)	139089	Aumento de 100% da reputação (7 dias)	Aumenta sua reputação e créditos ganhos em 100% por 7 dias em tempo real. O tempo desse item diminui mesmo quando você está Offline. Não se aplica à reputação ou aos créditos do campo de batalha.	icon_items.f2p_reputationbooster_tex	icon_items.f2p_reputationbooster_tex	True
8000071	42	Buff	True	perc	2147483647	1	2	100% Reputation Boost (30 Dias)	139090	Aumento de 100% da reputação (30 dias)	Aumenta sua reputação e créditos ganhos em 100% por 30 dias em tempo real. O tempo desse item diminui mesmo quando você está Offline. Não se aplica à reputação ou aos créditos do campo de batalha.	icon_items.f2p_reputationbooster_tex	icon_items.f2p_reputationbooster_tex	True
8000072	XPBoost	Buff	True	perc	3600000	1	13	30% XP Boost (1 Hour)	139107	30% de aumento de XP (1 hora)	Aumenta em 30% as recompensas de EXP obtidas ao matar monstros durante 1 hora.	icon_items.f2p_xpbooster_tex	icon_items.f2p_xpbooster_tex	True
8000073	XPBoost	Buff	True	perc	3600000	1	15	50% XP Boost (1 Hour)	139108	50% de aumento de XP (1 hora)	Aumenta em 50% as recompensas de EXP obtidas ao matar mobs por 1 hora.	icon_items.f2p_xpbooster_tex	icon_items.f2p_xpbooster_tex	True
8000074	XPBoost	Buff	True	perc	3600000	1	2	100% XP Boost (1 Hour)	139109	100% de aumento de XP (1 hora)	Aumenta em 100% suas recompensas de EXP ao matar mobs por 1 hora.	icon_items.f2p_xpbooster_tex	icon_items.f2p_xpbooster_tex	True
8000075	40	Buff	True	perc	3600000	1	15	50% Gold Hunter Boost (1 Hour)	139110	50% de impulso do caçador de ouro (1 hora)	Aumenta em 50% suas recompensas de ouro ao matar mobs por 1 hora.	icon_items.f2p_dropgoldbooster_tex	icon_items.f2p_dropgoldbooster_tex	True
8000076	40	Buff	True	perc	3600000	1	2	100% Gold Hunter Boost (1 Hour)	139111	100% de impulso do caçador de ouro (1 hora)	Aumenta em 100% suas recompensas de ouro ao matar mobs por 1 hora.	icon_items.f2p_dropgoldbooster_tex	icon_items.f2p_dropgoldbooster_tex	True
8000077	ASpd	Buff	True	perc	1800000	0	104	Kaia's Dedication	139100	Dedicação da Kaia I	Aumenta o dano em $H_W_GOOD1000%$COLOR_END, reduz o dano recebido em $H_W_GOOD800%$COLOR_END. Aumenta velocidade de ataque em $H_W_GOOD10300%$COLOR_END.	icon_items.potion10_tex	icon_items.potion10_tex	True
8000077	DefPotion	Buff	True	perc	1800000	0	9	Kaia's Dedication	139100	Dedicação da Kaia I	Aumenta o dano em $H_W_GOOD1000%$COLOR_END, reduz o dano recebido em $H_W_GOOD800%$COLOR_END. Aumenta velocidade de ataque em $H_W_GOOD10300%$COLOR_END.	icon_items.potion10_tex	icon_items.potion10_tex	True
8000077	AtkPotion	Buff	True	perc	1800000	0	11	Kaia's Dedication	139100	Dedicação da Kaia I	Aumenta o dano em $H_W_GOOD1000%$COLOR_END, reduz o dano recebido em $H_W_GOOD800%$COLOR_END. Aumenta velocidade de ataque em $H_W_GOOD10300%$COLOR_END.	icon_items.potion10_tex	icon_items.potion10_tex	True
8000078	XPBoost	Buff	True	perc	0	1	2	Premium effect: +100%			Presente VIP: Bônus de Experiência: +100%, Bônus de Reputação e Valor +100%, Ouro Extra (Missões): 100%, Ouro extra (Caça): 100% enquanto estiver no status VIP. (Esse efeito substitui todos os efeitos que aumentam a quantidade de experiência adquirida).	icon_items.f2p_xpbooster_tex	icon_items.f2p_xpbooster_tex	True
8000078	40	Buff	True	perc	0	1	2	Premium effect: +100%			Presente VIP: Bônus de Experiência: +100%, Bônus de Reputação e Valor +100%, Ouro Extra (Missões): 100%, Ouro extra (Caça): 100% enquanto estiver no status VIP. (Esse efeito substitui todos os efeitos que aumentam a quantidade de experiência adquirida).	icon_items.f2p_xpbooster_tex	icon_items.f2p_xpbooster_tex	True
8000078	41	Buff	True	perc	0	1	2	Premium effect: +100%			Presente VIP: Bônus de Experiência: +100%, Bônus de Reputação e Valor +100%, Ouro Extra (Missões): 100%, Ouro extra (Caça): 100% enquanto estiver no status VIP. (Esse efeito substitui todos os efeitos que aumentam a quantidade de experiência adquirida).	icon_items.f2p_xpbooster_tex	icon_items.f2p_xpbooster_tex	True
8000078	42	Buff	True	perc	0	1	2	Premium effect: +100%			Presente VIP: Bônus de Experiência: +100%, Bônus de Reputação e Valor +100%, Ouro Extra (Missões): 100%, Ouro extra (Caça): 100% enquanto estiver no status VIP. (Esse efeito substitui todos os efeitos que aumentam a quantidade de experiência adquirida).	icon_items.f2p_xpbooster_tex	icon_items.f2p_xpbooster_tex	True
8000079	XPBoost	Buff	True	perc	0	1	5	Event - EXP: +400%			O evento está sendo realizado para aumentar a EXP. Os bônus VIP são salvos ao mesmo tempo: Bônus de reputação e valor +100%, ouro extra (missões): 100%, Extra Gold (Hunting): 100%.	icon_items.f2p_xpbless_tex	icon_items.f2p_xpbless_tex	True
8000079	40	Buff	True	perc	0	1	2	Event - EXP: +400%			O evento está sendo realizado para aumentar a EXP. Os bônus VIP são salvos ao mesmo tempo: Bônus de reputação e valor +100%, ouro extra (missões): 100%, Extra Gold (Hunting): 100%.	icon_items.f2p_xpbless_tex	icon_items.f2p_xpbless_tex	True
8000079	41	Buff	True	perc	0	1	2	Event - EXP: +400%			O evento está sendo realizado para aumentar a EXP. Os bônus VIP são salvos ao mesmo tempo: Bônus de reputação e valor +100%, ouro extra (missões): 100%, Extra Gold (Hunting): 100%.	icon_items.f2p_xpbless_tex	icon_items.f2p_xpbless_tex	True
8000079	42	Buff	True	perc	0	1	2	Event - EXP: +400%			O evento está sendo realizado para aumentar a EXP. Os bônus VIP são salvos ao mesmo tempo: Bônus de reputação e valor +100%, ouro extra (missões): 100%, Extra Gold (Hunting): 100%.	icon_items.f2p_xpbless_tex	icon_items.f2p_xpbless_tex	True
8000080	XPBoost	Buff	True	perc	0	1	4	Event - EXP: +300%			O evento está sendo realizado para aumentar a EXP.	icon_items.f2p_xpbless_tex	icon_items.f2p_xpbless_tex	True
8000081	XPBoost	Buff	True	perc	1296000000	1	2	Experience Scroll: 100% (15 Dias)	139163	Aumento de 100% no XP (15 dias)	Aumenta a experiência obtida ao matar monstros em 100% por 15 dias. O tempo continua a contar mesmo que você não esteja jogando.	icon_items.f2p_xpbooster_tex	icon_items.f2p_xpbooster_tex	True
8000082	42	Buff	True	perc	1296000000	1	2	Scroll of Recognition: 100% (15 Dias)	139164	Aumento de 30% na reputação (15 dias)	Aumenta a reputação e os pontos de valor ganhos em 100% por 15 dias. Não afeta a reputação e os pontos de valor ganhos nas arenas. O tempo continua passando, mesmo que você não esteja jogando no momento.	icon_items.f2p_reputationbooster_tex	icon_items.f2p_reputationbooster_tex	True
8000083	XPBoost	Buff	True	perc	864000000	1	2	Scroll of Experience: 100% (15 Dias)	139168	Aumento de 100% no XP (10 dias)	Aumenta a experiência obtida ao matar monstros em 100% por 10 dias. O tempo continua correndo, mesmo que você não esteja jogando no momento.	icon_items.f2p_xpbooster_tex	icon_items.f2p_xpbooster_tex	True
8000084	40	Buff	True	perc	864000000	1	2	Scroll of the Coin Hunter: 100% (15 Dias)	139169	100% de aumento no Gold Hunter (10 dias)	Aumenta em 100% as moedas que você recebe dos monstros durante 10 dias. O tempo continua correndo mesmo que você não esteja jogando no momento.	icon_items.f2p_dropgoldbooster_tex	icon_items.f2p_dropgoldbooster_tex	True
8000085	41	Buff	True	perc	864000000	1	2	Scroll of Bounty: 100% (15 Dias)	139170	Aumento de 100% do ouro do Quester (10 dias)	Aumenta em 100% as moedas recebidas de missões por 15 dias. O tempo continua correndo mesmo que você não esteja jogando no momento.	icon_items.f2p_questrewardbooster_tex	icon_items.f2p_questrewardbooster_tex	True
8000086	42	Buff	True	perc	864000000	1	2	Scroll of Recognition: 100% (15 Dias)	139171	Aumento de 30% na reputação (10 dias)	Aumenta a reputação e os pontos de valor ganhos em 100% por 10 dias. Não afeta a reputação e os pontos de valor ganhos nas arenas. O tempo continua passando, mesmo que você não esteja jogando no momento.	icon_items.f2p_reputationbooster_tex	icon_items.f2p_reputationbooster_tex	True
8000087	XPBoost	Buff	True	perc	259200000	1	2	Scroll of Experience: 100% (3 Dias)	139180	100% XP Boost (3 dias)	Aumenta a experiência obtida ao matar monstros em 100% por 3 dias. O tempo continua a contar mesmo que você não esteja jogando.	icon_items.f2p_xpbooster_tex	icon_items.f2p_xpbooster_tex	True
8000088	42	Buff	True	perc	259200000	1	2	Scroll of Recognition: 100% (3 Dias)	139184	Aumento de 100% da reputação (3 dias)	Aumenta a reputação e os pontos de valor ganhos em 100% por 3 dias. Não afeta a reputação e os pontos de valor ganhos nas arenas. O tempo continua correndo, mesmo que você não esteja jogando no momento.	icon_items.f2p_reputationbooster_tex	icon_items.f2p_reputationbooster_tex	True
8000089	XPBoost	Buff	True	perc	0	1	2	Additional Dungeon Support: +100% XP (VIP)			Presente VIP: você ganha 100% a mais de EXP ao matar monstros se for um VIP. (Esse efeito substitui todos os efeitos que aumentam a quantidade de experiência obtida).	icon_items.f2p_xpbooster_tex	icon_items.f2p_xpbooster_tex	True
8000091	XPBoost	Buff	True	perc	0	1	2	Additional Dungeon Support: Gold +100% (VIP)			Presente VIP: você recebe 100% a mais de ouro ao matar monstros se for um VIP. (Esse efeito substitui todos os efeitos que aumentam a quantidade de ouro recebida).	icon_items.f2p_questrewardbooster_tex	icon_items.f2p_questrewardbooster_tex	True
8000092	42	Buff	True	perc	0	1	2	Experience rate: +50%			Aplica-se a taxa de experiência, durante a qual você receberá um adicional de 50% ao matar monstros.	icon_items.f2p_xpbooster_tex	icon_items.f2p_xpbooster_tex	True
8000093	41	Buff	True	perc	0	1	2	Reputation and Prowess Rate: +50%			Afeta a reputação e a taxa de proeza, durante a qual você receberá um adicional de 50% ao matar monstros.	icon_items.f2p_reputationbooster_tex	icon_items.f2p_reputationbooster_tex	True
8000094	41	Buff	True	perc	0	1	15	Gold Rate (Quests): +50%			Aplica-se a taxa de ouro, durante a qual você receberá um adicional de 50% ao concluir as missões.	icon_items.f2p_questrewardbooster_tex	icon_items.f2p_questrewardbooster_tex	True
8000095	XPBoost	Buff	True	perc	0	1	2	Experience rate: +100%			Aplica-se a taxa de experiência, durante a qual você receberá um adicional de 100% ao matar monstros.	icon_items.f2p_xpbooster_tex	icon_items.f2p_xpbooster_tex	True
8000096	42	Buff	True	perc	0	1	2	Reputation and Prowess Rate: +100%			Afeta a reputação e a taxa de proeza, durante a qual você receberá um adicional de 100% ao matar monstros.	icon_items.f2p_reputationbooster_tex	icon_items.f2p_reputationbooster_tex	True
8000097	41	Buff	True	perc	0	1	2	Gold Rate (Quests): +100%			Há uma taxa de ouro que lhe dará um adicional de 100% ao concluir as missões.	icon_items.f2p_questrewardbooster_tex	icon_items.f2p_questrewardbooster_tex	True
8000098	XPBoost	Buff	True	perc	0	1	3	Experience rate: +200%			Aplica-se a taxa de experiência, durante a qual você receberá um adicional de 200% ao matar monstros.	icon_items.f2p_xpbooster_tex	icon_items.f2p_xpbooster_tex	True
8000099	42	Buff	True	perc	0	1	3	Reputation and Prowess Rate: +200%			Afeta a reputação e a taxa de proeza, durante a qual você receberá um adicional de 200% ao matar monstros.	icon_items.f2p_reputationbooster_tex	icon_items.f2p_reputationbooster_tex	True
8000100	41	Buff	True	perc	0	1	3	Gold Rate (Quests): +200%			Aplica-se a taxa de ouro, durante a qual você receberá um adicional de 200% ao concluir as missões.	icon_items.f2p_questrewardbooster_tex	icon_items.f2p_questrewardbooster_tex	True
8000101	40	Buff	False	perc	3000	1	2	Extra Gold (Hunting): 100% (VIP)			Presente VIP: você recebe 100% a mais de ouro ao matar monstros se for VIP. (Esse efeito substitui todos os efeitos que aumentam a quantidade de ouro recebida).	icon_items.f2p_dropgoldbooster_tex	icon_items.f2p_dropgoldbooster_tex	True
8000102	40	Buff	True	perc	0	1	15	Gold Rate (Hunting): +50%			A taxa de ouro está ativa, durante a qual você receberá um adicional de 50% ao caçar monstros.	icon_items.f2p_dropgoldbooster_tex	icon_items.f2p_dropgoldbooster_tex	True
8000103	40	Buff	True	perc	0	1	2	Gold Rate (Hunting): +100%			A taxa de ouro está ativa, durante a qual você receberá um adicional de 100% ao caçar monstros.	icon_items.f2p_dropgoldbooster_tex	icon_items.f2p_dropgoldbooster_tex	True
8000104	40	Buff	True	perc	0	1	3	Gold Rate (Hunting): +200%			A taxa de ouro está ativa, durante a qual você receberá um adicional de 200% ao caçar monstros.	icon_items.f2p_dropgoldbooster_tex	icon_items.f2p_dropgoldbooster_tex	True
8000105	ASpd	Buff	True	perc	1800000	0	105	Kaya's Special Devotion (VIP)	98142	Special devotion to Kaya	Aumenta o dano da habilidade em $H_W_GOOD11000%$COLOR_END e reduz o dano recebido em $H_W_GOOD8800%$COLOR_END. Aumenta a velocidade de ataque em $H_W_GOOD10400%$COLOR_END.	icon_items.potion10_tex	icon_items.potion10_tex	True
8000105	DefPotion	Buff	True	perc	1800000	0	89	Kaya's Special Devotion (VIP)	98142	Special devotion to Kaya	Aumenta o dano da habilidade em $H_W_GOOD11000%$COLOR_END e reduz o dano recebido em $H_W_GOOD8800%$COLOR_END. Aumenta a velocidade de ataque em $H_W_GOOD10400%$COLOR_END.	icon_items.potion10_tex	icon_items.potion10_tex	True
8000105	AtkPotion	Buff	True	perc	1800000	0	111	Kaya's Special Devotion (VIP)	98142	Special devotion to Kaya	Aumenta o dano da habilidade em $H_W_GOOD11000%$COLOR_END e reduz o dano recebido em $H_W_GOOD8800%$COLOR_END. Aumenta a velocidade de ataque em $H_W_GOOD10400%$COLOR_END.	icon_items.potion10_tex	icon_items.potion10_tex	True
9810001	Immune	Debuff	True	perc	0	0	0	Lakan's Blessing			Protegido pela Fortificação de Lakan.	icon_skills.voidtrap_tex	icon_skills.voidtrap_tex	False
9810002	HPLoss	Debuff	True	abs	3000	0	-10000000	Lakan's Blessing			Protegido pela Fortificação de Lakan.			False
9810005	Drunk1	DOT	False	seta	6000	0	0	Lakan's Wrath			A ira de Lakan	icon_status.damagedown_tex	icon_status.damagedown_tex	False
9810006	Absorb	Buff	False	abs	20000	0	1000000	Lakan's Fortification			Fortificação de Lakan	icon_status.plusedefence_tex	icon_status.plusedefence_tex	False
9810006	Immune	Buff	False	20	20000	0	0	Lakan's Fortification			Fortificação de Lakan	icon_status.plusedefence_tex	icon_status.plusedefence_tex	False
9810007	Power	Buff	True	perc	300000	0	145	Lakan's Might			O poder de Lakan	icon_status.plusattack_tex	icon_status.plusattack_tex	True
9810009	MovSpd	Debuff	False	setp	3000	0	2	Trolok's Burden			Diminuição da velocidade de movimento em $H_W_BAD100%$COLOR_END.	icon_status.minusmove_tex	icon_status.minusmove_tex	True
9810009	HPDrain	Debuff	False	perc	3000	0	9	Trolok's Burden			Diminuição da velocidade de movimento em $H_W_BAD100%$COLOR_END.	icon_status.minusmove_tex	icon_status.minusmove_tex	True
9810011	MovSpd	Stun	False	perc	5000	0	2	Lakan's Wrath			As habilidades não podem ser usadas devido à Maldição de Lakan. A velocidade de movimento é reduzida.	icon_status.minusmove_tex	icon_status.minusmove_tex	True
9810011	Block	Stun	False	swch	5000	0	0	Lakan's Wrath			As habilidades não podem ser usadas devido à Maldição de Lakan. A velocidade de movimento é reduzida.	icon_status.minusmove_tex	icon_status.minusmove_tex	True
9810012	HPChange	DOT	False	abs	20000	5	-2300	Lakan's Searing Gaze			Perde $H_W_BAD-2300$COLOR_END HP a cada $H_W_BAD5s$COLOR_END por acerto sobreposto.	icon_status.firedamage_tex	icon_status.firedamage_tex	True
9810013	HPChange	DOT	False	abs	15000	5	0	Archer's Mark			Marcado por um arqueiro como o foco de seu ataque.	icon_skills.througharrow_tex	icon_skills.througharrow_tex	True
9810015	Absorb	Buff	False	abs	60000	0	9000000	Lakan's Aegis			A Égide de Lakan absorve dano.	icon_status.immunedebuff_tex	icon_status.immunedebuff_tex	True
9810015	Immune	Buff	False	20	60000	0	0	Lakan's Aegis			A Égide de Lakan absorve dano.	icon_status.immunedebuff_tex	icon_status.immunedebuff_tex	True
9810017	Drunk1	Debuff	True	seta	0	0	0	Lakan's Vessel			Entregaram seus corpos a Lakan.	icon_status.cruel_slayer_3_tex	icon_status.cruel_slayer_3_tex	False
9999019	ASpd	Buff	True	perc	0	0	1	Wibbley Wobbley Timey Wimey			Aumenta o poder de ataque em 10%. Esse efeito não se acumula com os efeitos de Chain of Protection (Cadeia de proteção), Chain of Attack (Cadeia de ataque), Chain of Recovery (Cadeia de recuperação) ou Bravery Potion (Poção de bravura).	icon_status.speedystatus_tex	icon_status.speedystatus_tex	True
10151000	239	Buff	True	perc	5000	0	1	Shadow Step			O Shadow Step pode ser usado mais uma vez.	icon_skills.instantleap_tex	icon_status.instantleap_continuous_tex	True
10151010	CDR	Buff	True	perc	15000	0	3	Shadow Reaping			Ceifa as sombras ao seu redor. Enquanto estiver ceifando, o tempo de recarga de Double Shear, Grim Strike, Pendulum Strike, Whipsaw, Sundering Strike, Cable Step, Death Spiral e Smite é reduzido em 70%.	icon_skills.descentofdarkness_tex	icon_status.descentofdarkness_tex	True
10151020	Drunk1	Buff	True	seta	2000	0	0	Spiral Barrage			Bônus invisível. Se você vir esse bônus, relate-o como um bug!	icon_skills.comboattack2_tex	icon_skills.comboattack2_tex	False
10151021	Drunk1	Buff	True	seta	2000	0	0	Spiral Barrage			Bônus invisível. Se você vir esse bônus, relate-o como um bug!	icon_skills.comboattack2_tex	icon_skills.comboattack2_tex	False
10151022	Drunk1	Buff	True	seta	1800	0	0	Spiral Barrage			Bônus invisível. Se você vir esse bônus, relate-o como um bug!	icon_skills.comboattack2_tex	icon_skills.comboattack2_tex	False
10151023	Drunk1	Buff	True	seta	2000	0	0	Spiral Barrage			Bônus invisível. Se você vir esse bônus, relate-o como um bug!	icon_skills.comboattack2_tex	icon_skills.comboattack2_tex	False
10151030	Block	Buff	True	swch	1500	0	0	Soul Reversal			O tempo de recarga de Reversão da Alma foi reiniciado.	icon_skills.darkgrasp_tex	icon_skills.darkgrasp_tex	False
10151030	ReloadingSkill	Buff	True	perc	1500	0	90013	Soul Reversal			O tempo de recarga de Reversão da Alma foi reiniciado.	icon_skills.darkgrasp_tex	icon_skills.darkgrasp_tex	False
10151031	ReloadingSkill	Buff	True	perc	9500	0	90013	Soul Reversal Ready			Habilidade Soul Reversal pronta.	icon_status.darkwater_tex	icon_status.darkwater_tex	True
10151032	HPChange	Debuff	False	abs	10000	2	-3454	Shadowy Cables			Enredado por cabos sombrios que causam 3.454 de dano a cada 2 segundos. O alvo enredado pode ser forçado a trocar de posição com o lançador dessa habilidade a qualquer momento.	icon_status.positionswap_tex	icon_status.positionswap_tex	True
10151032	263	Debuff	False	perc	10000	0	10151031	Shadowy Cables			Enredado por cabos sombrios que causam 3.454 de dano a cada 2 segundos. O alvo enredado pode ser forçado a trocar de posição com o lançador dessa habilidade a qualquer momento.	icon_status.positionswap_tex	icon_status.positionswap_tex	True
10151033	Stun	Stun	False	swch	2500	0	5	Soul Reversal			Temporariamente atordoado.	icon_skills.darkgrasp_tex	icon_skills.darkgrasp_tex	True
10151033	Drunk1	Stun	False	seta	2500	0	0	Soul Reversal			Temporariamente atordoado.	icon_skills.darkgrasp_tex	icon_skills.darkgrasp_tex	True
10151040	ReloadingSkill	Buff	True	perc	2000	0	90011	Final Judgment			Se você vir esse bônus, informe-o como um bug!	icon_skills.shieldattack_tex	icon_skills.chainflurry_tex	False
10151041	ReloadingSkill	Buff	True	perc	2000	0	90011	Final Judgment				icon_skills.shieldattack_tex	icon_skills.shieldattack_tex	False
10151050	MovSpd	Debuff	False	setp	3000	0	0	Pendulum Strike			Imobilizado temporariamente por um Pendulum Strike.	icon_skills.chainuppercut_tex	icon_skills.chainuppercut_tex	True
10151050	MovSpdInCombat	Debuff	False	setp	3000	0	0	Pendulum Strike			Imobilizado temporariamente por um Pendulum Strike.	icon_skills.chainuppercut_tex	icon_skills.chainuppercut_tex	True
10151050	HPDrain	Debuff	False	perc	3000	0	0	Pendulum Strike			Imobilizado temporariamente por um Pendulum Strike.	icon_skills.chainuppercut_tex	icon_skills.chainuppercut_tex	True
10151060	Stun	Stun	False	swch	2000	0	5	Cable Step			Atordoado pelo cabo do ceifador.	icon_skills.reversecapture_tex	icon_skills.reversecapture_tex	True
10151070	HPChange	Buff	False	abs	10000	1	-1015	Spirit Gallows			Levitado por Spirit Gallows. Todo o dano é ignorado enquanto estiver suspenso no ar, mas nenhuma ação pode ser executada.	icon_skills.tornadoprison_tex	icon_skills.tornadoprison_tex	True
10151070	IncreasedHeal	Buff	False	swch	10000	0	0	Spirit Gallows			Levitado por Spirit Gallows. Todo o dano é ignorado enquanto estiver suspenso no ar, mas nenhuma ação pode ser executada.	icon_skills.tornadoprison_tex	icon_skills.tornadoprison_tex	True
10151070	Stun	Buff	False	swch	3000	0	5	Spirit Gallows			Levitado por Spirit Gallows. Todo o dano é ignorado enquanto estiver suspenso no ar, mas nenhuma ação pode ser executada.	icon_skills.tornadoprison_tex	icon_skills.tornadoprison_tex	True
10151070	DelayedEffect	Buff	False	swch	10000	0	10151071	Spirit Gallows			Levitado por Spirit Gallows. Todo o dano é ignorado enquanto estiver suspenso no ar, mas nenhuma ação pode ser executada.	icon_skills.tornadoprison_tex	icon_skills.tornadoprison_tex	True
10151070	Immune	Buff	False	abs	10000	0	0	Spirit Gallows			Levitado por Spirit Gallows. Todo o dano é ignorado enquanto estiver suspenso no ar, mas nenhuma ação pode ser executada.	icon_skills.tornadoprison_tex	icon_skills.tornadoprison_tex	True
10151070	247	Buff	False	swch	10000	0	4	Spirit Gallows			Levitado por Spirit Gallows. Todo o dano é ignorado enquanto estiver suspenso no ar, mas nenhuma ação pode ser executada.	icon_skills.tornadoprison_tex	icon_skills.tornadoprison_tex	True
10151071	Stun	Buff	False	swch	1100	0	5	Fall			Caiu no chão.	icon_skills.tornadoprison_tex	icon_skills.tornadoprison_tex	False
10151072	66	Buff	True	setp	0	1	10151070	Spirit Gallows			Bônus invisível. Se você vir esse bônus, relate-o como um bug!	icon_skills.tornadoprison_tex	icon_skills.tornadoprison_tex	False
10151072	ReloadingSkill	Buff	True	perc	0	0	90017	Spirit Gallows			Bônus invisível. Se você vir esse bônus, relate-o como um bug!	icon_skills.tornadoprison_tex	icon_skills.tornadoprison_tex	False
10151073	DefPotion	Buff	False	perc	3000	0	15	Spirit Gallows_Invisible Effect			Bônus invisível. Se você vir esse bônus, relate-o como um bug!	icon_skills.tornadoprison_tex	icon_skills.tornadoprison_tex	False
10151073	Stun	Buff	False	swch	3000	0	5	Spirit Gallows_Invisible Effect			Bônus invisível. Se você vir esse bônus, relate-o como um bug!	icon_skills.tornadoprison_tex	icon_skills.tornadoprison_tex	False
10151074	Endurance	Buff	True	perc	30000	0	1	Stay of Execution			Imune a Spirit Gallows por um determinado período de tempo.	icon_skills.tornadoprison_tex	icon_skills.tornadoprison_tex	True
10151080	Stun	Stun	False	swch	2500	0	5	Smite			Atordoado por Smite.	icon_skills.chainstrike_tex	icon_status.strikeskull_tex	True
10151090	DefPotion	Buff	True	perc	7000	0	5	Veil of Shadows			Sofreu dano crítico e entrou no véu das sombras. Todos os danos são reduzidos em 50%, mas não é possível recuperar o HP. Recupera até 30% do HP máximo quando o efeito termina.	icon_skills.shadowcurtain_tex	icon_skills.shadowcurtain_tex	True
10151090	NoHeal	Buff	False	seta	6000	0	0	Veil of Shadows			Sofreu dano crítico e entrou no véu das sombras. Todos os danos são reduzidos em 50%, mas não é possível recuperar o HP. Recupera até 30% do HP máximo quando o efeito termina.	icon_skills.shadowcurtain_tex	icon_skills.shadowcurtain_tex	True
10151090	HPLoss	Buff	True	perc	7000	0	13	Veil of Shadows			Sofreu dano crítico e entrou no véu das sombras. Todos os danos são reduzidos em 50%, mas não é possível recuperar o HP. Recupera até 30% do HP máximo quando o efeito termina.	icon_skills.shadowcurtain_tex	icon_skills.shadowcurtain_tex	True
10151090	StunKnockDown	Buff	True	seta	7000	0	2	Veil of Shadows			Sofreu dano crítico e entrou no véu das sombras. Todos os danos são reduzidos em 50%, mas não é possível recuperar o HP. Recupera até 30% do HP máximo quando o efeito termina.	icon_skills.shadowcurtain_tex	icon_skills.shadowcurtain_tex	True
10151090	HPChange2	Buff	True	perc	7000	0	115	Veil of Shadows			Sofreu dano crítico e entrou no véu das sombras. Todos os danos são reduzidos em 50%, mas não é possível recuperar o HP. Recupera até 30% do HP máximo quando o efeito termina.	icon_skills.shadowcurtain_tex	icon_skills.shadowcurtain_tex	True
10151091	NoHeal	Buff	False	seta	6000	0	0	Reduced healing in Veil of Shadows				icon_skills.shadowcurtain_tex	icon_skills.shadowcurtain_tex	False
10151130	MovSpd	Buff	False	perc	5000	0	3	Death Spiral			Velocidade de movimento reduzida pela Espiral da Morte.	icon_skills.chainbrandish_tex	icon_status.chainsnare_tex	True
10151131	ReloadingSkill	Buff	True	perc	6000	0	90006	Death Spiral			Pode usar Death Spiral mais uma vez. O tempo de recarga é acionado após o uso da Death Spiral novamente ou quando o efeito termina.	icon_skills.chainbrandish_tex	icon_skills.chainbrandish_tex	True
10151150	ReloadingSkill	Buff	True	perc	3000	0	90012	Shadow Burst			Pode usar Shadow Burst novamente enquanto as foices estiverem presas no chão.	icon_skills.darkexplosion_tex	icon_skills.darkexplosion_tex	False
10151160	IncreasedHeal	Debuff	False	swch	10000	0	9	Whipsaw			A cura é reduzida em 10% por golpe de Whipsaw.	icon_skills.chainblade_tex	icon_status.injuredbtdarkness_tex	True
10151170	Immune	Debuff	True	8	1241	0	0	Retribution			O Reaper está preparado para exigir retribuição ao próximo atacante. Imune a todos os estados anormais durante a preparação.	icon_skills.counterattack_tex	icon_skills.counterattack_tex	True
10151171	AllowAggro	Buff	True	swch	8000	0	0	Shrouded Escape			O Reaper se esconde nas sombras por 8s, eliminando todo o aggro em sua direção. Esse efeito termina automaticamente ao usar uma habilidade ou ser atacado.	icon_skills.hideindarkness_tex	icon_skills.hideindarkness_tex	True
10151171	Visibility	Buff	True	swch	8000	0	0	Shrouded Escape			O Reaper se esconde nas sombras por 8s, eliminando todo o aggro em sua direção. Esse efeito termina automaticamente ao usar uma habilidade ou ser atacado.	icon_skills.hideindarkness_tex	icon_skills.hideindarkness_tex	True
10151200	MaxHP	Buff	True	seta	60000	0	50000	You Da Bomb			Exploda a si mesmo a tempo ou enfrente uma morte sem sentido. Não é permitido montar em uma montaria quando você é a bomba.			True
10151200	MovSpdInCombat	Buff	True	seta	60000	0	240	You Da Bomb			Exploda a si mesmo a tempo ou enfrente uma morte sem sentido. Não é permitido montar em uma montaria quando você é a bomba.			True
10151200	OutOfCombatMovSpd	Buff	True	seta	60000	0	240	You Da Bomb			Exploda a si mesmo a tempo ou enfrente uma morte sem sentido. Não é permitido montar em uma montaria quando você é a bomba.			True
10151200	HPLoss	Buff	True	abs	60000	0	-100000	You Da Bomb			Exploda a si mesmo a tempo ou enfrente uma morte sem sentido. Não é permitido montar em uma montaria quando você é a bomba.			True
10151200	DelayedEffect	Buff	True	abs	60000	0	10151201	You Da Bomb			Exploda a si mesmo a tempo ou enfrente uma morte sem sentido. Não é permitido montar em uma montaria quando você é a bomba.			True
10151200	Immune	Buff	True	16	60000	0	0	You Da Bomb			Exploda a si mesmo a tempo ou enfrente uma morte sem sentido. Não é permitido montar em uma montaria quando você é a bomba.			True
10151200	272	Buff	True	swch	60000	0	0	You Da Bomb			Exploda a si mesmo a tempo ou enfrente uma morte sem sentido. Não é permitido montar em uma montaria quando você é a bomba.			True
10151200	273	Buff	True	swch	60000	0	11607	You Da Bomb			Exploda a si mesmo a tempo ou enfrente uma morte sem sentido. Não é permitido montar em uma montaria quando você é a bomba.			True
10151201	HPChange	Buff	True	perc	6000	1	-100000	You Da Bomb			Exploda a si mesmo a tempo ou enfrente uma morte sem sentido. Não é permitido montar em uma montaria quando você é a bomba.			False
10151202	NoHeal	Debuff	False	seta	5000	0	0	Ringing Explosion			Não é possível recuperar o HP por 5 segundos.			True
16300006	ChangeBody	Buff	True	setp	600000	0	5	Physical Change: Chest	213839	Peitos grandes (10 minutos)	Esse efeito só está disponível com os Maiôs de 2013.$BREmpilha até 3 vezes. (Mínimo -3 ~ Máximo +3)	icon_status.icon_poongu_ab_tex	icon_status.icon_poongu_ab_tex	True
16300007	ChangeBody	Buff	True	setp	600000	0	6	Physical Change: Height	213841	Giant Candy (10 minutos)	Pode ser acumulado até 3 vezes. (Mínimo -3 ~ Máximo+3)	icon_status.icon_jangshin_ab_tex	icon_status.icon_jangshin_ab_tex	True
16300008	ChangeBody	Buff	True	setp	600000	0	7	Shape Change: Legs	213843	Quadris largos (10 minutos)	Suas coxas aumentaram de tamanho! $BRPode ser acumulado até 3 vezes. (Mínimo -3 ~ Máximo+3)	icon_status.icon_yookduk00_ab_tex	icon_status.icon_yookduk00_ab_tex	True
16300009	HPChange	Buff	True	perc	0	1	5	Happy Ride (HP, MP)			Seu MP e HP se regenerarão gradualmente enquanto estiver pilotando.	icon_status.collect_speedup_tex	icon_status.collect_speedup_tex	True
16300009	MPChange	Buff	True	perc	0	1	5	Happy Ride (HP, MP)			Seu MP e HP se regenerarão gradualmente enquanto estiver pilotando.	icon_status.collect_speedup_tex	icon_status.collect_speedup_tex	True
16300010	MPChange	Buff	True	perc	0	1	5	Wandering Tale (MP, Vigor)			Enquanto estiver cavalgando, seu PM e Vigor se regenerarão gradualmente.	icon_status.collect_speedup_tex	icon_status.collect_speedup_tex	True
16300010	StaminaRegen	Buff	True	perc	0	1	33	Wandering Tale (MP, Vigor)			Enquanto estiver cavalgando, seu PM e Vigor se regenerarão gradualmente.	icon_status.collect_speedup_tex	icon_status.collect_speedup_tex	True
16300011	HPChange	Buff	True	perc	0	1	5	Wandering Road (HP, Vigor)			Enquanto estiver cavalgando, seu HP e Vigor se regenerarão gradualmente.	icon_status.collect_speedup_tex	icon_status.collect_speedup_tex	True
16300011	StaminaRegen	Buff	True	perc	0	1	33	Wandering Road (HP, Vigor)			Enquanto estiver cavalgando, seu HP e Vigor se regenerarão gradualmente.	icon_status.collect_speedup_tex	icon_status.collect_speedup_tex	True
16300012	HPChange	Buff	True	perc	0	1	5	Wandering Muse (HP, MP, Vigor)			Enquanto estiver cavalgando, seu PM, HP e Vigor se regenerarão gradualmente.	icon_status.collect_speedup_tex	icon_status.collect_speedup_tex	True
16300012	MPChange	Buff	True	perc	0	1	5	Wandering Muse (HP, MP, Vigor)			Enquanto estiver cavalgando, seu PM, HP e Vigor se regenerarão gradualmente.	icon_status.collect_speedup_tex	icon_status.collect_speedup_tex	True
16300012	StaminaRegen	Buff	True	perc	0	1	33	Wandering Muse (HP, MP, Vigor)			Enquanto estiver cavalgando, seu PM, HP e Vigor se regenerarão gradualmente.	icon_status.collect_speedup_tex	icon_status.collect_speedup_tex	True
16300013	ASpd	Buff	True	perc	180000	0	108	Lion's Courage	214191	Coragem do Leão	Aumenta o dano da habilidade em $H_W_GOOD11400%$COLOR_END e reduz o dano recebido em $H_W_GOOD8400%$COLOR_END. Aumenta a velocidade de ataque em $H_W_GOOD10700%$ COLOR_END.	icon_items.potion10_tex	icon_items.potion10_tex	True
16300013	DefPotion	Buff	True	perc	180000	0	85	Lion's Courage	214191	Coragem do Leão	Aumenta o dano da habilidade em $H_W_GOOD11400%$COLOR_END e reduz o dano recebido em $H_W_GOOD8400%$COLOR_END. Aumenta a velocidade de ataque em $H_W_GOOD10700%$ COLOR_END.	icon_items.potion10_tex	icon_items.potion10_tex	True
16300013	AtkPotion	Buff	True	perc	180000	0	115	Lion's Courage	214191	Coragem do Leão	Aumenta o dano da habilidade em $H_W_GOOD11400%$COLOR_END e reduz o dano recebido em $H_W_GOOD8400%$COLOR_END. Aumenta a velocidade de ataque em $H_W_GOOD10700%$ COLOR_END.	icon_items.potion10_tex	icon_items.potion10_tex	True
16300015	AtkPotion	Buff	True	perc	60000	0	118	Potion of Destruction	214418	Poção da Destruição	Aumenta o dano da habilidade em $H_W_GOOD11700%$COLOR_END.	icon_items.potion10_tex	icon_items.potion10_tex	True
44300001	Immune	Debuff	False	seta	0	0	0	Invincible			Invencível a danos.	icon_status.darkriftrage_tex	icon_status.darkriftrage_tex	True
44300002	Endurance	DOT	True	perc	11000	0	1	Tulgey Fog			A velocidade de movimento aumenta significativamente na névoa negra.	icon_status.darkeffect_tex	icon_status.darkeffect_tex	True
44300003	Power	Buff	True	perc	0	0	3	Whet Appetite			Aumenta o poder dos monstros em $H_W_GOOD200%$COLOR_END.	icon_status.minushp_tex	icon_status.minushp_tex	True
44300004	Power	Buff	True	perc	20000	0	13	Executioner's Urging			Aumenta o poder dos monstros em $H_W_GOOD1200%$COLOR_END.	icon_status.plusepoisonresist_tex	icon_status.plusepoisonresist_tex	True
44300005	HPLoss	Debuff	True	abs	300000	0	-10000000	Death Plague			Requer um antídoto, ou você morrerá.	icon_status.diseasedown_tex	icon_status.diseasedown_tex	True
44300006	HPLoss	Debuff	True	abs	300000	0	-10000000	Plague			Requer um antídoto, ou você morrerá.	icon_status.diseasedown_tex	icon_status.diseasedown_tex	True
44300007	HPLoss	Debuff	True	abs	300000	0	-10000000	Plague			Requer um antídoto, ou você morrerá.	icon_status.diseasedown_tex	icon_status.diseasedown_tex	True
44300008	HPLoss	Debuff	True	abs	300000	0	-10000000	Plague			Requer um antídoto, ou você morrerá.	icon_status.diseasedown_tex	icon_status.diseasedown_tex	True
44300009	HPLoss	Debuff	True	abs	300000	0	-10000000	Plague			Requer um antídoto, ou você morrerá.	icon_status.diseasedown_tex	icon_status.diseasedown_tex	True
44300010	HPLoss	Debuff	True	abs	300000	0	-10000000	Plague			Requer um antídoto, ou você morrerá.	icon_status.diseasedown_tex	icon_status.diseasedown_tex	True
44300011	Power	Buff	True	perc	180000	0	12	Broken Ball			Aumenta a potência em $H_W_GOOD1100%$COLOR_END para cada pilha.	icon_status.pluswill_tex	icon_status.pluswill_tex	True
44300012	HPLoss	Debuff	True	abs	60000	0	-10000000	Puzzle Order: Red			Acerte a peça vermelha do quebra-cabeça na ordem indicada pelos números no ícone ou sofrerá morte instantânea.	icon_status.battlecommand03_tex	icon_status.battlecommand03_tex	True
44300013	HPLoss	Debuff	True	abs	60000	0	-10000000	Puzzle Order: Yellow			Acerte a peça amarela do quebra-cabeça na ordem indicada pelos números no ícone ou sofrerá morte instantânea.	icon_status.battlecommand02_tex	icon_status.battlecommand02_tex	True
44300014	HPLoss	Debuff	True	abs	60000	0	-10000000	Puzzle Order: Green			Acerte a peça verde do quebra-cabeça na ordem indicada pelos números no ícone ou sofrerá morte instantânea.	icon_status.battlecommand04_tex	icon_status.battlecommand04_tex	True
44300015	HPLoss	Debuff	True	abs	60000	0	-10000000	Puzzle Order: Blue			Acerte a peça azul do quebra-cabeça na ordem indicada pelos números no ícone ou sofrerá morte instantânea.	icon_status.battlecommand01_tex	icon_status.battlecommand01_tex	True
44300020	HPLoss	Debuff	True	abs	3000	0	-10000000	Impending Death			Você morrerá em breve. É tarde demais para culpar a si mesmo ou a seus companheiros por terem sido estúpidos.	icon_status.delaydamage_tex	icon_status.delaydamage_tex	True
44300021	Power	Buff	True	perc	20000	0	2	Energy Concentration			Concentra energia poderosa para aumentar a potência em $H_W_GOOD100%$COLOR_END.	icon_status.plusecritical_tex	icon_status.plusecritical_tex	True
44300022	MovSpd	Stun	False	setp	10000	0	0	Sticky Mucus			Imobiliza-o em seu local atual e impede que você se mova ou use qualquer habilidade defensiva enquanto durar o efeito.	icon_status.minusmove_tex	icon_status.minusmove_tex	True
44300022	Block	Stun	False	swch	10000	0	0	Sticky Mucus			Imobiliza-o em seu local atual e impede que você se mova ou use qualquer habilidade defensiva enquanto durar o efeito.	icon_status.minusmove_tex	icon_status.minusmove_tex	True
44300023	DefPotion	Buff	True	perc	10000	0	15	Hard Cocoon			Escudo rígido tecido com seda de larva. Absorve danos (aprox. 85%) por um determinado período.	icon_status.immunedebuff_tex	icon_status.immunedebuff_tex	True
44300024	Endurance	Debuff	True	perc	60000	0	1	Red Puzzle Piece			Limpa a ordem do quebra-cabeça: Vermelho.	icon_status.battlecommand03_tex	icon_status.battlecommand03_tex	True
44300024	HPLoss	Debuff	True	abs	60000	0	-1000000000	Red Puzzle Piece			Limpa a ordem do quebra-cabeça: Vermelho.	icon_status.battlecommand03_tex	icon_status.battlecommand03_tex	True
44300025	Endurance	Debuff	True	perc	60000	0	1	Yellow Puzzle Piece			Limpa a ordem do quebra-cabeça: Amarelo.	icon_status.battlecommand02_tex	icon_status.battlecommand02_tex	True
44300025	HPLoss	Debuff	True	abs	60000	0	-1000000000	Yellow Puzzle Piece			Limpa a ordem do quebra-cabeça: Amarelo.	icon_status.battlecommand02_tex	icon_status.battlecommand02_tex	True
44300026	Endurance	Debuff	True	perc	60000	0	1	Green Puzzle Piece			Limpa a ordem do quebra-cabeça: Verde.	icon_status.battlecommand04_tex	icon_status.battlecommand04_tex	True
44300026	HPLoss	Debuff	True	abs	60000	0	-1000000000	Green Puzzle Piece			Limpa a ordem do quebra-cabeça: Verde.	icon_status.battlecommand04_tex	icon_status.battlecommand04_tex	True
44300027	Endurance	Debuff	True	perc	60000	0	1	Blue Puzzle Piece			Limpa a ordem do quebra-cabeça: Azul.	icon_status.battlecommand01_tex	icon_status.battlecommand01_tex	True
44300027	HPLoss	Debuff	True	abs	60000	0	-1000000000	Blue Puzzle Piece			Limpa a ordem do quebra-cabeça: Azul.	icon_status.battlecommand01_tex	icon_status.battlecommand01_tex	True
44300028	Power	Debuff	False	perc	60000	0	3	Lethargy			Torna-o letárgico e diminui a velocidade de movimento em $H_W_BAD200%$COLOR_END e a potência em $H_W_BAD200%$COLOR_END.	icon_status.poisondown_tex	icon_status.poisondown_tex	True
44300028	MovSpd	Debuff	False	setp	60000	0	3	Lethargy			Torna-o letárgico e diminui a velocidade de movimento em $H_W_BAD200%$COLOR_END e a potência em $H_W_BAD200%$COLOR_END.	icon_status.poisondown_tex	icon_status.poisondown_tex	True
44300028	HPDrain	Debuff	False	perc	60000	0	9	Lethargy			Torna-o letárgico e diminui a velocidade de movimento em $H_W_BAD200%$COLOR_END e a potência em $H_W_BAD200%$COLOR_END.	icon_status.poisondown_tex	icon_status.poisondown_tex	True
44300031	Stun	Debuff	False	swch	15000	0	5	Dizzying Slam			Incapacidade de usar habilidades. Impede a movimentação.	icon_status.confuseup_tex	icon_status.confuseup_tex	True
44300031	Drunk	Debuff	False	443007	15000	0	0	Dizzying Slam			Incapacidade de usar habilidades. Impede a movimentação.	icon_status.confuseup_tex	icon_status.confuseup_tex	True
44300032	Power	Buff	True	perc	30000	0	1	Plague Immunity Potion			Imune a uma poderosa praga.	icon_items.potion2_tex	icon_items.potion2_tex	True
44300033	Power	Buff	True	perc	30000	0	1	Plague Immunity Potion			Imune a uma poderosa praga.	icon_items.potion2_tex	icon_items.potion2_tex	True
44300034	Power	Buff	True	perc	30000	0	1	Plague Immunity Potion			Imune a uma poderosa praga.	icon_items.potion2_tex	icon_items.potion2_tex	True
44300035	Power	Buff	True	perc	30000	0	1	Plague Immunity Potion			Imune a uma poderosa praga.	icon_items.potion2_tex	icon_items.potion2_tex	True
44300036	Power	Buff	True	perc	30000	0	1	Plague Immunity Potion			Imune a uma poderosa praga.	icon_items.potion2_tex	icon_items.potion2_tex	True
44300037	Power	Buff	True	perc	30000	0	1	Plague Immunity Potion			Imune a uma poderosa praga.	icon_items.potion2_tex	icon_items.potion2_tex	True
44300038	Aggro	Debuff	False	perc	0	0	20	Solonesome Cage			Apenas um pode suportar a gaiola. Atordoa os membros próximos do grupo.	icon_status.plusfocus_tex	icon_status.plusfocus_tex	True
44300038	BuffNearbyParty	Debuff	False	swch	0	4	44300096	Solonesome Cage			Apenas um pode suportar a gaiola. Atordoa os membros próximos do grupo.	icon_status.plusfocus_tex	icon_status.plusfocus_tex	True
44300043	MovSpd	Stun	True	setp	7000	0	5	Tonguelashing			Sua velocidade de movimento diminui em $H_W_BAD400%$COLOR_END, e $H_W_BAD6%$COLOR_END do seu HP total diminui a cada $H_W_BAD0s$COLOR_END.	icon_status.minuscriticalresist_tex	icon_status.minuscriticalresist_tex	True
44300043	HPDrain	Stun	True	perc	7000	0	9	Tonguelashing			Sua velocidade de movimento diminui em $H_W_BAD400%$COLOR_END, e $H_W_BAD6%$COLOR_END do seu HP total diminui a cada $H_W_BAD0s$COLOR_END.	icon_status.minuscriticalresist_tex	icon_status.minuscriticalresist_tex	True
44300043	HPChange	Stun	True	perc	7000	1	-12	Tonguelashing			Sua velocidade de movimento diminui em $H_W_BAD400%$COLOR_END, e $H_W_BAD6%$COLOR_END do seu HP total diminui a cada $H_W_BAD0s$COLOR_END.	icon_status.minuscriticalresist_tex	icon_status.minuscriticalresist_tex	True
44300043	Stun	Stun	True	swch	7000	0	5	Tonguelashing			Sua velocidade de movimento diminui em $H_W_BAD400%$COLOR_END, e $H_W_BAD6%$COLOR_END do seu HP total diminui a cada $H_W_BAD0s$COLOR_END.	icon_status.minuscriticalresist_tex	icon_status.minuscriticalresist_tex	True
44300044	MovSpd	Stun	False	setp	7000	0	5	Internal Wounds			A velocidade de movimento diminui em $H_W_BAD400%$COLOR_END, e o HP diminui $H_W_BAD6%$COLOR_END a cada $H_W_BAD0s$COLOR_END.	icon_status.minuscriticalresist_tex	icon_status.minuscriticalresist_tex	True
44300044	HPDrain	Stun	False	perc	7000	0	9	Internal Wounds			A velocidade de movimento diminui em $H_W_BAD400%$COLOR_END, e o HP diminui $H_W_BAD6%$COLOR_END a cada $H_W_BAD0s$COLOR_END.	icon_status.minuscriticalresist_tex	icon_status.minuscriticalresist_tex	True
44300044	HPChange	Stun	False	perc	7000	0	-6	Internal Wounds			A velocidade de movimento diminui em $H_W_BAD400%$COLOR_END, e o HP diminui $H_W_BAD6%$COLOR_END a cada $H_W_BAD0s$COLOR_END.	icon_status.minuscriticalresist_tex	icon_status.minuscriticalresist_tex	True
44300044	Stun	Stun	False	swch	7000	0	5	Internal Wounds			A velocidade de movimento diminui em $H_W_BAD400%$COLOR_END, e o HP diminui $H_W_BAD6%$COLOR_END a cada $H_W_BAD0s$COLOR_END.	icon_status.minuscriticalresist_tex	icon_status.minuscriticalresist_tex	True
44300046	DefPotion	Debuff	True	perc	0	0	0	Unsiegeable			Protegido contra todos os danos causados por armas de cerco.	icon_status.plusedefence_tex	icon_status.plusedefence_tex	True
44300047	Endurance	Stun	False	perc	10000	0	55	Confuzzled			A resistência diminui em $H_W_BAD5400%$COLOR_END. Incapaz de se controlar.	icon_status.fearstatus_tex	icon_status.fearstatus_tex	True
44300047	MovSpd	Stun	False	setp	10000	0	3	Confuzzled			A resistência diminui em $H_W_BAD5400%$COLOR_END. Incapaz de se controlar.	icon_status.fearstatus_tex	icon_status.fearstatus_tex	True
44300047	Fear	Stun	False	swch	10000	0	200	Confuzzled			A resistência diminui em $H_W_BAD5400%$COLOR_END. Incapaz de se controlar.	icon_status.fearstatus_tex	icon_status.fearstatus_tex	True
44300049	Ballance	Debuff	True	perc	3000	0	0.000387	Sticky Cocoon Silk			Ele está produzindo seda flexível e muito pegajosa. Nesse momento, sua resistência à reação diminui significativamente.	icon_status.risindagon_tex	icon_status.risindagon_tex	True
44300050	HPLoss	Debuff	True	abs	90000	0	-10000000	Puzzle Order: Red			Acerte a peça vermelha do quebra-cabeça na ordem indicada pelos números no ícone ou sofrerá morte instantânea.	icon_status.battlecommand03_tex	icon_status.battlecommand03_tex	True
44300051	HPLoss	Debuff	True	abs	90000	0	-10000000	Puzzle Order: Yellow			Acerte a peça amarela do quebra-cabeça na ordem indicada pelos números no ícone ou sofrerá morte instantânea.	icon_status.battlecommand02_tex	icon_status.battlecommand02_tex	True
44300052	HPLoss	Debuff	True	abs	90000	0	-10000000	Puzzle Order: Green			Acerte a peça verde do quebra-cabeça na ordem indicada pelos números no ícone ou sofrerá morte instantânea.	icon_status.battlecommand04_tex	icon_status.battlecommand04_tex	True
44300053	HPLoss	Debuff	True	abs	90000	0	-10000000	Puzzle Order: Blue			Acerte a peça azul do quebra-cabeça na ordem indicada pelos números no ícone ou sofrerá morte instantânea.	icon_status.battlecommand01_tex	icon_status.battlecommand01_tex	True
44300062	Block	Stun	False	swch	10000	0	0	Cocoonization			Imobilizado pela seda da larva.	icon_status.sealskill_tex	icon_status.sealskill_tex	True
44300062	212	Stun	False	seta	10000	0	6	Cocoonization			Imobilizado pela seda da larva.	icon_status.sealskill_tex	icon_status.sealskill_tex	True
44300063	Block	Stun	False	swch	3000	0	0	Cocoonization			Imobilizado pela seda da larva.	icon_status.sealskill_tex	icon_status.sealskill_tex	True
44300063	212	Stun	False	seta	3000	0	6	Cocoonization			Imobilizado pela seda da larva.	icon_status.sealskill_tex	icon_status.sealskill_tex	True
44300064	Endurance	Debuff	True	perc	15000	0	1	Holy Magical Essence			Absorve grandes quantidades de dano.	icon_status.battlecommand04_tex	icon_status.battlecommand04_tex	True
44300064	HPLoss	Debuff	True	abs	15000	0	-10000000	Holy Magical Essence			Absorve grandes quantidades de dano.	icon_status.battlecommand04_tex	icon_status.battlecommand04_tex	True
44300065	Immune	Buff	True	18	10000	0	0	Shield			Absorve todo o dano por um determinado período.	icon_status.plusedefence_tex	icon_status.plusedefence_tex	True
44300066	ASpd	Buff	True	perc	600000	0	11	Fiery Rage			Enfurecido. Toda vez que acumula, a velocidade de ataque aumenta em $H_W_BAD1000%$COLOR_END.	icon_status.plusattack_tex	icon_status.plusattack_tex	True
44300068	MovSpd	Stun	False	setp	1000	0	2	Cold Snap			A velocidade de movimento é reduzida em $H_W_BAD100%$COLOR_END.	icon_status.icedamage_tex	icon_status.icedamage_tex	True
44300068	HPDrain	Stun	False	perc	1000	0	9	Cold Snap			A velocidade de movimento é reduzida em $H_W_BAD100%$COLOR_END.	icon_status.icedamage_tex	icon_status.icedamage_tex	True
44300069	MovSpd	Stun	False	setp	5000	0	2	Cold Snap			A velocidade de movimento é reduzida em $H_W_BAD100%$COLOR_END.	icon_status.icedamage_tex	icon_status.icedamage_tex	True
44300069	HPDrain	Stun	False	perc	5000	0	9	Cold Snap			A velocidade de movimento é reduzida em $H_W_BAD100%$COLOR_END.	icon_status.icedamage_tex	icon_status.icedamage_tex	True
44300071	Power	Buff	True	perc	180000	0	102	Broken Ball			Aumenta a potência em $H_W_GOOD10100%$COLOR_END e a velocidade de ataque em $H_W_GOOD10100%$COLOR_END.			True
44300071	ASpd	Buff	True	perc	180000	0	102	Broken Ball			Aumenta a potência em $H_W_GOOD10100%$COLOR_END e a velocidade de ataque em $H_W_GOOD10100%$COLOR_END.			True
44300073	ASpd	Buff	True	perc	600000	0	12	Fiery Rage			Enfurecido. A velocidade de ataque aumenta em $H_W_BAD1100%$COLOR_END para cada pilha.	icon_status.plusattack_tex	icon_status.plusattack_tex	True
44300075	Power	Buff	True	perc	600000	0	13	Fallen Power			Aumenta a potência em $H_W_BAD1200%$COLOR_END para cada pilha.	icon_status.cruel_slayer_3_tex	icon_status.cruel_slayer_3_tex	True
44300076	ASpd	Buff	True	perc	600000	0	13	Fallen Speed			Aumenta a velocidade de ataque $H_W_BAD1200%$COLOR_END para cada pilha.	icon_status.cruel_slayer_2_tex	icon_status.cruel_slayer_2_tex	True
44300077	Crit	Buff	True	perc	600000	0	13	Fallen Edge			Aumenta a taxa crítica em $H_W_BAD1200%$COLOR_END para cada pilha.	icon_status.cruel_slayer_4_tex	icon_status.cruel_slayer_4_tex	True
44300078	HPChange	Buff	True	abs	180000	1	300000	Super Regeneration			Recupera $H_W_GOOD300.000$COLOR_END HP a cada $H_W_GOOD1s$COLOR_END.	icon_status.delayheal_tex	icon_status.delayheal_tex	True
44300079	Power	Buff	True	perc	0	0	3	Fiery Rage			Aumenta a força em $H_W_GOOD1000%$COLOR_END e a velocidade de ataque em $H_W_GOOD10%$COLOR_END.	icon_status.plusattack_tex	icon_status.plusattack_tex	True
44300079	ASpd	Buff	True	perc	0	0	3	Fiery Rage			Aumenta a força em $H_W_GOOD1000%$COLOR_END e a velocidade de ataque em $H_W_GOOD10%$COLOR_END.	icon_status.plusattack_tex	icon_status.plusattack_tex	True
44300080	HPChange	DOT	True	perc	30000	2	-8	Larva Venom			Drena $H_W_BAD8%$COLOR_END do seu HP total a cada $H_W_BAD2s$COLOR_END.	icon_status.poisonstatus_tex	icon_status.poisonstatus_tex	True
44300081	Absorb	Buff	False	abs	0	0	57246220	Super Strong Skin			A pele do Bandersnatch endurece. Concentre seu ataque!	icon_skills.manashield_tex	icon_skills.manashield_tex	True
44300090	Endurance	Buff	True	perc	1800000	0	1	Manxome	70093	Manxome Draught	Torna você imune ao choque entorpecente da Gaiola do Solonésimo.	icon_items.potion2_tex	icon_items.potion2_tex	True
44300092	Endurance	DOT	True	perc	0	0	1	Tulgey Fog			A velocidade de movimento aumenta significativamente na neblina.	icon_status.darkeffect_tex	icon_status.darkeffect_tex	True
44300096	Stun	Stun	False	swch	4000	0	5	Electric Shock			Atordoado. Não pode se mover.	icon_status.confuseup_tex	icon_status.confuseup_tex	True
45000001	Endurance	DOT	False	perc	10000	0	8	Entangle			Vinhas espinhosas envolvem todo o corpo, restringindo o uso de habilidades por um determinado período.	icon_status.poisonstatus_tex	icon_status.poisonstatus_tex	True
45000001	HPChange	DOT	False	perc	10000	60	-5	Entangle			Vinhas espinhosas envolvem todo o corpo, restringindo o uso de habilidades por um determinado período.	icon_status.poisonstatus_tex	icon_status.poisonstatus_tex	True
45000001	Stun	DOT	False	swch	10000	0	5	Entangle			Vinhas espinhosas envolvem todo o corpo, restringindo o uso de habilidades por um determinado período.	icon_status.poisonstatus_tex	icon_status.poisonstatus_tex	True
45000002	Power	Debuff	False	perc	60000	0	105	Green Energy			Energia fornecida pelo Yativio verde. Aumenta a força em $H_W_GOOD10400%$COLOR_END toda vez que a energia é acumulada.	icon_status.damageup_tex	icon_status.damageup_tex	True
45000003	Endurance	Buff	False	perc	60000	0	1	Strong Stem			Os caules ficam mais fortes usando a energia adquirida do Yativio azul. A resistência é aumentada em $H_W_GOOD0%$COLOR_END.	icon_status.plusedefence_tex	icon_status.plusedefence_tex	False
45000003	Immune	Buff	False	22	60000	0	0	Strong Stem			Os caules ficam mais fortes usando a energia adquirida do Yativio azul. A resistência é aumentada em $H_W_GOOD0%$COLOR_END.	icon_status.plusedefence_tex	icon_status.plusedefence_tex	False
45000004	Stun	Stun	False	swch	15000	0	5	Paralysis Poison			O veneno dos espinhos de Vesporax o imobiliza.	icon_status.confusestatusnpc_tex	icon_status.confusestatusnpc_tex	True
45000005	MovSpd	Stun	False	perc	10000	0	5	Zzzap			O choque reduz sua velocidade de movimento e você não pode usar habilidades.	icon_status.minusmove_tex	icon_status.minusmove_tex	True
45000005	Block	Stun	False	swch	10000	0	0	Zzzap			O choque reduz sua velocidade de movimento e você não pode usar habilidades.	icon_status.minusmove_tex	icon_status.minusmove_tex	True
45000006	Immune	Buff	True	18	30000	0	0	Strengthen Skin			A pele de Koleogg fica rígida, tornando-o imune a todos os danos.	icon_status.plusedefence_tex	icon_status.plusedefence_tex	True
45000007	Ballance	Debuff	True	perc	3000	0	0.000387	Weak Point			Uma fraqueza oculta na pele de Koleogg. Quando a pele é removida, o Koleogg se torna vulnerável a knockdown.	icon_status.risindagon_tex	icon_status.risindagon_tex	True
45000008	MovSpd	Debuff	False	setp	5000	0	2	Toxic Gas			O gás tóxico reduz sua velocidade de movimento e você não pode usar habilidades.	icon_status.minusmove_tex	icon_status.minusmove_tex	True
45000008	Block	Debuff	False	swch	5000	0	0	Toxic Gas			O gás tóxico reduz sua velocidade de movimento e você não pode usar habilidades.	icon_status.minusmove_tex	icon_status.minusmove_tex	True
45000009	Endurance	Debuff	False	seta	0	0	0	Target			Para redefinir o alvo.	icon_status.minusmove_tex	icon_status.minusmove_tex	False
45000010	Endurance	Debuff	False	perc	0	0	1	Lightning			Para verificar os raios.	icon_status.minusmove_tex	icon_status.minusmove_tex	False
45000011	MovSpd	DOT	False	perc	30000	0	2	Beetle Dust			O Beetle Dust reduz a velocidade de movimento em $H_W_BAD80%$COLOR_END e o HP equivalente a $H_W_BAD2%$COLOR_END do HP máximo é reduzido a cada $H_W_BADsecond$COLOR_END. (Máximo de 5 acúmulos.) Você deve pular para sacudir a poeira.	icon_status.minusmove_tex	icon_status.minusmove_tex	True
45000011	HPChange	DOT	False	perc	30000	1	-2	Beetle Dust			O Beetle Dust reduz a velocidade de movimento em $H_W_BAD80%$COLOR_END e o HP equivalente a $H_W_BAD2%$COLOR_END do HP máximo é reduzido a cada $H_W_BADsecond$COLOR_END. (Máximo de 5 acúmulos.) Você deve pular para sacudir a poeira.	icon_status.minusmove_tex	icon_status.minusmove_tex	True
45000011	Drunk	DOT	False	450001	30000	0	0	Beetle Dust			O Beetle Dust reduz a velocidade de movimento em $H_W_BAD80%$COLOR_END e o HP equivalente a $H_W_BAD2%$COLOR_END do HP máximo é reduzido a cada $H_W_BADsecond$COLOR_END. (Máximo de 5 acúmulos.) Você deve pular para sacudir a poeira.	icon_status.minusmove_tex	icon_status.minusmove_tex	True
45000012	MovSpd	Buff	True	perc	1000	0	11	Shed Dust			Sacuda a poeira de besouro do seu corpo. A velocidade de movimento aumenta em $H_W_GOOD1000%$COLOR_END.$BR.	icon_status.plusattack_tex	icon_status.plusattack_tex	True
45000012	Drunk	Buff	True	450003	1000	0	0	Shed Dust			Sacuda a poeira de besouro do seu corpo. A velocidade de movimento aumenta em $H_W_GOOD1000%$COLOR_END.$BR.	icon_status.plusattack_tex	icon_status.plusattack_tex	True
45000015	Power	Debuff	False	perc	30000	0	12	Empower Clutch			Feitiço do Xamã Lagarto que aumenta a força em $H_W_GOOD20%$COLOR_END e recupera HP em $H_W_GOOD20%$COLOR_END.	icon_skills.berserk_tex	icon_skills.berserk_tex	True
45000016	Absorb	Buff	False	abs	0	0	3000000	Harden Skin			A pele de Koleogg se torna mais espessa para absorver os danos.	icon_status.plusedefence_tex	icon_status.plusedefence_tex	True
45000019	MovSpd	Debuff	False	perc	20000	0	1	Toxic Spittle			A saliva dos parasitas das cavernas causa dano de $H_W_BAD10%$COLOR_END por $H_W_BADsecond$COLOR_END e reduz a velocidade de movimento em $H_W_BAD0%$COLOR_END.	icon_status.minusmove_tex	icon_status.minusmove_tex	True
45000019	HPDrain	Debuff	False	perc	20000	0	3	Toxic Spittle			A saliva dos parasitas das cavernas causa dano de $H_W_BAD10%$COLOR_END por $H_W_BADsecond$COLOR_END e reduz a velocidade de movimento em $H_W_BAD0%$COLOR_END.	icon_status.minusmove_tex	icon_status.minusmove_tex	True
45000019	HPChange	Debuff	False	abs	20000	1	-3800	Toxic Spittle			A saliva dos parasitas das cavernas causa dano de $H_W_BAD10%$COLOR_END por $H_W_BADsecond$COLOR_END e reduz a velocidade de movimento em $H_W_BAD0%$COLOR_END.	icon_status.minusmove_tex	icon_status.minusmove_tex	True
45000020	Power	Buff	True	perc	0	0	168	Searing Rage			Entra no modo Berserk. Aumenta a força em $H_W_GOOD16700%$COLOR_END e a velocidade de ataque em $H_W_GOOD1400%$COLOR_END.	icon_status.plusattack_tex	icon_status.plusattack_tex	True
45000020	ASpd	Buff	True	perc	0	0	15	Searing Rage			Entra no modo Berserk. Aumenta a força em $H_W_GOOD16700%$COLOR_END e a velocidade de ataque em $H_W_GOOD1400%$COLOR_END.	icon_status.plusattack_tex	icon_status.plusattack_tex	True
45000023	MovSpd	Stun	True	setp	2000	0	5	Leash			Captura e imobiliza você.	icon_status.confuseup_tex	icon_status.confuseup_tex	True
45000023	HPDrain	Stun	True	perc	2000	0	9	Leash			Captura e imobiliza você.	icon_status.confuseup_tex	icon_status.confuseup_tex	True
45000023	Stun	Stun	True	swch	2000	0	5	Leash			Captura e imobiliza você.	icon_status.confuseup_tex	icon_status.confuseup_tex	True
45000025	MovSpd	Stun	False	setp	5000	0	3	Berserker's Cry			O Berserker's Cry o enche de medo. Sua velocidade de movimento diminui temporariamente e você não consegue se controlar.	icon_status.fearstatus_tex	icon_status.fearstatus_tex	True
45000025	Fear	Stun	False	swch	5000	0	200	Berserker's Cry			O Berserker's Cry o enche de medo. Sua velocidade de movimento diminui temporariamente e você não consegue se controlar.	icon_status.fearstatus_tex	icon_status.fearstatus_tex	True
45000027	HPChange	DOT	False	perc	10000	0	-16	Bee Venom			O Bee Venom reduz $H_W_BAD1,6%$COLOR_END do total de PV a cada $H_W_BADsecond$COLOR_END.	icon_status.poisonstatus_tex	icon_status.poisonstatus_tex	True
45000038	HPChange	DOT	False	perc	15000	3	-125	Severe Bleeding			A perda de sangue reduz $H_W_BAD12,5%$COLOR_END do HP total a cada $H_W_BAD3s$COLOR_END.	icon_status.minuscriticalresist_tex	icon_status.minuscriticalresist_tex	True
45000039	Power	Buff	True	perc	0	0	1000	Rage-Fueled Madness			A fúria psicótica de Koleogg o tornou imparável. A força de Koleogg é aumentada em $H_W_GOOD1000%$COLOR_END e sua velocidade de ataque é aumentada em $H_W_GOOD5 vezes$COLOR_END.	icon_status.diseaseup_tex	icon_status.diseaseup_tex	True
45000039	ASpd	Buff	True	perc	0	0	5	Rage-Fueled Madness			A fúria psicótica de Koleogg o tornou imparável. A força de Koleogg é aumentada em $H_W_GOOD1000%$COLOR_END e sua velocidade de ataque é aumentada em $H_W_GOOD5 vezes$COLOR_END.	icon_status.diseaseup_tex	icon_status.diseaseup_tex	True
45000116	Resurrect	Buff	True	seta	5000	0	1	Velik's Blessing			Se você morrer enquanto esse efeito durar, poderá ressuscitar no local com a Bênção de Velik.	icon_skills.selfpreresurrection_tex	icon_skills.selfpreresurrection_tex	True
45000117	Immune	Buff	True	18	10000	0	0	Velik's Protection			A Proteção de Velik cria uma barreira que cancela todo o dano por 10 segundos.	icon_status.bless_of_velic_tex	icon_status.bless_of_velic_tex	True
45000120	Block	Buff	True	swch	5000	0	0	Acrophobia			Medo de altura, temporariamente incapaz de usar habilidades.	icon_status.fearstatus_tex	icon_status.fearstatus_tex	True
45000121	Immune	Buff	True	18	60000	0	0	Strengthen Skin			A pele de Koleogg se torna forte. Imune a todos os danos.	icon_status.plusedefence_tex	icon_status.plusedefence_tex	True
47300100	HPChange	DOT	False	perc	600000	60	-5	Venom Resin			Perde $H_W_BAD50%$COLOR_END do total de HP a cada $H_W_BAD60s$COLOR_END.$BRVenom A resina não pode ser purificada ou limpa.	icon_status.poisonstatus_tex	icon_status.poisonstatus_tex	True
47300200	HPChange	DOT	False	perc	60000	3	-5	Thulsa's Venom			Perde $H_W_BAD5%$COLOR_END do total de PV a cada $H_W_BAD3s$COLOR_END.$BRO veneno de Thulsa não pode ser purificado ou limpo.	icon_status.poisonstatus_tex	icon_status.poisonstatus_tex	True
47300300	HPChange	DOT	False	perc	5000	4	-3	Thulsa's Poison			Perde $H_W_BAD30%$COLOR_END do total de PV após $H_W_BAD4s$COLOR_END$BRO veneno de Thulsa não pode ser purificado ou limpo.	icon_status.poisonstatus_tex	icon_status.poisonstatus_tex	True
47300400	HPChange	Stun	False	perc	10000	1	-3	Hellfire of Pain			Foge e perde $H_W_BAD3%$COLOR_END do total de HP a cada $H_W_BAD1s$COLOR_END.	icon_status.fearstatus_tex	icon_status.fearstatus_tex	True
47300400	Fear	Stun	False	swch	10000	0	100	Hellfire of Pain			Foge e perde $H_W_BAD3%$COLOR_END do total de HP a cada $H_W_BAD1s$COLOR_END.	icon_status.fearstatus_tex	icon_status.fearstatus_tex	True
47300500	Stun	Stun	False	swch	10000	0	5	Time of Silence			Atordoado. Não pode se mover.	icon_status.confuseup_tex	icon_status.confuseup_tex	True
47300600	BuffNearbyParty	Debuff	False	swch	5000	4	473650	Source of Terror			Atordoa todos os membros do grupo em 10m.	icon_status.confusestatusnpc_tex	icon_status.confusestatusnpc_tex	True
47300700	HPLoss	Debuff	False	perc	10000	0	1	Prophecy of Death			Perde $H_W_BAD0%$COLOR_END do HP atual quando a Profecia da Morte expira.	icon_status.delaydamage_tex	icon_status.delaydamage_tex	True
47300800	Power	Buff	True	perc	120000	0	11	Tormented Frenzy			A potência aumenta em $H_W_GOOD1000%$COLOR_END. Pode ser acumulado 99 vezes.	icon_status.diseaseup_tex	icon_status.diseaseup_tex	True
47300900	HPChange	DOT	False	abs	10000	1	-3000	Deadly Venom			Perde $H_W_BAD-3000$COLOR_END HP a cada $H_W_BAD1s$COLOR_END.	icon_skills.venomtrap_tex	icon_skills.venomtrap_tex	True
47500100	HPChange	DOT	False	perc	90000	5	-5	Doomfire			Perde $H_W_BAD5%$COLOR_END do total de HP a cada $H_W_BAD5s$COLOR_END e o alvo morre quando o efeito termina.$BRDoomfire só pode ser removido com Doomchill.	icon_status.firedamage_tex	icon_status.firedamage_tex	True
47500100	HPLoss	DOT	False	abs	90000	0	-10000000	Doomfire			Perde $H_W_BAD5%$COLOR_END do total de HP a cada $H_W_BAD5s$COLOR_END e o alvo morre quando o efeito termina.$BRDoomfire só pode ser removido com Doomchill.	icon_status.firedamage_tex	icon_status.firedamage_tex	True
47500150	AllResist	Debuff	True	perc	10000	0	1	Holy flame of god			Diminui todas as resistências.	icon_items.fireofpurification_tex	icon_items.fireofpurification_tex	True
47500200	HPChange	Buff	True	perc	30000	3	5	Delete_Cry of life			Teste	icon_status.delayheal_tex	icon_status.delayheal_tex	True
47500250	KnockDownChance	Buff	True	perc	10000	0	0	Solidarity			Imune a todos os efeitos do Kelsaik. Não pode ser derrubado ou atordoado.	icon_status.immunedebuff_tex	icon_status.immunedebuff_tex	True
47500250	ResistNegative	Buff	True	swch	10000	0	0	Solidarity			Imune a todos os efeitos do Kelsaik. Não pode ser derrubado ou atordoado.	icon_status.immunedebuff_tex	icon_status.immunedebuff_tex	True
47500300	Block	Stun	False	swch	10000	0	0	Incapacitation			Incapacidade de usar as habilidades.	icon_status.sealskill_tex	icon_status.sealskill_tex	True
47500400	HPChange	DOT	False	perc	35000	5	-2	Seal of Revenge			Perde $H_W_BAD20%$COLOR_END do seu HP total a cada $H_W_BAD5s$COLOR_END, e seu dano corpo a corpo diminui em $H_W_BAD500%$COLOR_END.$BRSeal of Revenge não pode ser removido.	icon_status.minuscritical_tex	icon_status.minuscritical_tex	True
47500400	AtkPotion	DOT	False	perc	35000	0	6	Seal of Revenge			Perde $H_W_BAD20%$COLOR_END do seu HP total a cada $H_W_BAD5s$COLOR_END, e seu dano corpo a corpo diminui em $H_W_BAD500%$COLOR_END.$BRSeal of Revenge não pode ser removido.	icon_status.minuscritical_tex	icon_status.minuscritical_tex	True
47500500	HPChange	DOT	False	perc	35000	5	-2	Seal of Punishment			Perde $H_W_BAD20%$COLOR_END do seu HP total a cada $H_W_BAD5s$COLOR_END$BRDano à distância diminui em $H_W_BAD400%$COLOR_END.$BRSeal of Punishment não pode ser removido.	icon_status.minorexhaustion_tex	icon_status.minorexhaustion_tex	True
47500500	AtkPotion	DOT	False	perc	35000	0	5	Seal of Punishment			Perde $H_W_BAD20%$COLOR_END do seu HP total a cada $H_W_BAD5s$COLOR_END$BRDano à distância diminui em $H_W_BAD400%$COLOR_END.$BRSeal of Punishment não pode ser removido.	icon_status.minorexhaustion_tex	icon_status.minorexhaustion_tex	True
47500600	HPChange	DOT	False	perc	35000	2	-1	Seal of Death			Perca $H_W_BAD1%$COLOR_END do seu HP total a cada $H_W_BAD2s$COLOR_END, e você não poderá ser curado.$BRSeal of Death não pode ser removido.	icon_status.minusfocus_tex	icon_status.minusfocus_tex	True
47500600	NoHeal	DOT	False	seta	35000	0	0	Seal of Death			Perca $H_W_BAD1%$COLOR_END do seu HP total a cada $H_W_BAD2s$COLOR_END, e você não poderá ser curado.$BRSeal of Death não pode ser removido.	icon_status.minusfocus_tex	icon_status.minusfocus_tex	True
47500700	MovSpd	Debuff	False	setp	60000	0	5	Malaise of Despair			Diminui a velocidade de movimento em $H_W_BAD400%$COLOR_END, aumenta o tempo de recarga da habilidade em $H_W_BAD100%$COLOR_END.$BRMalaise of Despair não pode ser removido.	icon_status.mpsuckdown_tex	icon_status.mpsuckdown_tex	True
47500700	HPDrain	Debuff	False	perc	60000	0	9	Malaise of Despair			Diminui a velocidade de movimento em $H_W_BAD400%$COLOR_END, aumenta o tempo de recarga da habilidade em $H_W_BAD100%$COLOR_END.$BRMalaise of Despair não pode ser removido.	icon_status.mpsuckdown_tex	icon_status.mpsuckdown_tex	True
47500700	CDR	Debuff	False	perc	60000	0	2	Malaise of Despair			Diminui a velocidade de movimento em $H_W_BAD400%$COLOR_END, aumenta o tempo de recarga da habilidade em $H_W_BAD100%$COLOR_END.$BRMalaise of Despair não pode ser removido.	icon_status.mpsuckdown_tex	icon_status.mpsuckdown_tex	True
47500800	HPChange	DOT	False	perc	40000	5	-1	Seal of Revenge			Perde $H_W_BAD10%$COLOR_END do seu HP total a cada $H_W_BAD5s$COLOR_END, e seu dano corpo a corpo diminui em $H_W_BAD8400%$COLOR_END.$BRSeal of Revenge não pode ser removido.	icon_status.minuscritical_tex	icon_status.minuscritical_tex	True
47500800	AtkPotion	DOT	False	perc	40000	0	85	Seal of Revenge			Perde $H_W_BAD10%$COLOR_END do seu HP total a cada $H_W_BAD5s$COLOR_END, e seu dano corpo a corpo diminui em $H_W_BAD8400%$COLOR_END.$BRSeal of Revenge não pode ser removido.	icon_status.minuscritical_tex	icon_status.minuscritical_tex	True
47500900	HPChange	DOT	False	perc	40000	5	-1	Seal of Punishment			Perde $H_W_BAD10%$COLOR_END do total de HP a cada $H_W_BAD5s$COLOR_END.$BRDano à distância diminui em $H_W_BAD600%$COLOR_END.$BRSeal of Punishment não pode ser removido.	icon_status.minorexhaustion_tex	icon_status.minorexhaustion_tex	True
47500900	AtkPotion	DOT	False	perc	40000	0	7	Seal of Punishment			Perde $H_W_BAD10%$COLOR_END do total de HP a cada $H_W_BAD5s$COLOR_END.$BRDano à distância diminui em $H_W_BAD600%$COLOR_END.$BRSeal of Punishment não pode ser removido.	icon_status.minorexhaustion_tex	icon_status.minorexhaustion_tex	True
47501000	HPChange	DOT	False	perc	40000	5	-1	Seal of Death			Perde $H_W_BAD10%$COLOR_END do seu HP total a cada $H_W_BAD5s$COLOR_END e não pode ser curado.$BRSeal of Death não pode ser removido.	icon_status.minusfocus_tex	icon_status.minusfocus_tex	True
47501000	NoHeal	DOT	False	seta	40000	0	0	Seal of Death			Perde $H_W_BAD10%$COLOR_END do seu HP total a cada $H_W_BAD5s$COLOR_END e não pode ser curado.$BRSeal of Death não pode ser removido.	icon_status.minusfocus_tex	icon_status.minusfocus_tex	True
47501100	HPChange	DOT	False	perc	90000	5	-5	Doomchill			Perde $H_W_BAD5%$COLOR_END do HP total a cada $H_W_BAD5s$COLOR_END e mata o alvo quando o efeito termina.$BRDoomchill só pode ser removido com Doomfire.	icon_status.icedamage_tex	icon_status.icedamage_tex	True
47501100	HPLoss	DOT	False	abs	90000	0	-10000000	Doomchill			Perde $H_W_BAD5%$COLOR_END do HP total a cada $H_W_BAD5s$COLOR_END e mata o alvo quando o efeito termina.$BRDoomchill só pode ser removido com Doomfire.	icon_status.icedamage_tex	icon_status.icedamage_tex	True
47501200	Stun	Stun	False	swch	10000	0	5	Wrath of Kelsaik			Atordoado. Não pode se mover. A Ira de Kelsaik não pode ser removida.	icon_status.confuseup_tex	icon_status.confuseup_tex	True
47501300	Power	DOT	False	perc	10000	0	3	Curse of Kelsaik			Aumenta o poder em $H_W_GOOD200%$COLOR_END, mas perde $H_W_BAD0,5%$COLOR_END do HP total a cada $H_W_BAD1s$COLOR_END. O efeito se acumula até 99 vezes.	icon_status.diseaseup_tex	icon_status.diseaseup_tex	True
47501300	HPChange	DOT	False	perc	10000	1	-5	Curse of Kelsaik			Aumenta o poder em $H_W_GOOD200%$COLOR_END, mas perde $H_W_BAD0,5%$COLOR_END do HP total a cada $H_W_BAD1s$COLOR_END. O efeito se acumula até 99 vezes.	icon_status.diseaseup_tex	icon_status.diseaseup_tex	True
47501400	HPChange	DOT	False	perc	90000	5	-5	Flame of Hell			Perde $H_W_BAD5%$COLOR_END do total de HP a cada $H_W_BAD5s$COLOR_END e mata o alvo quando o efeito termina.$BRPode ser removido apenas com Doomfire ou Doomchill.	icon_status.poisonstatus_tex	icon_status.poisonstatus_tex	True
47501400	HPLoss	DOT	False	abs	90000	0	-10000000	Flame of Hell			Perde $H_W_BAD5%$COLOR_END do total de HP a cada $H_W_BAD5s$COLOR_END e mata o alvo quando o efeito termina.$BRPode ser removido apenas com Doomfire ou Doomchill.	icon_status.poisonstatus_tex	icon_status.poisonstatus_tex	True
47501500	DelayedEffect	Buff	True	abs	35000	0	475150	Armor of Doom			Absorve até $H_W_GOOD500000$COLOR_END de dano. Se você não conseguir destruí-lo a tempo, todos os PCs morrerão e o Kelsaik será solto!	icon_skills.manashield_tex	icon_skills.manashield_tex	True
47501500	Absorb	Buff	True	abs	35000	0	500000	Armor of Doom			Absorve até $H_W_GOOD500000$COLOR_END de dano. Se você não conseguir destruí-lo a tempo, todos os PCs morrerão e o Kelsaik será solto!	icon_skills.manashield_tex	icon_skills.manashield_tex	True
47501600	DelayedEffect	Buff	True	abs	40000	0	475150	Armor of Doom			Absorve até $H_W_GOOD400000$COLOR_END de dano. Se você não conseguir destruí-lo a tempo, todos os PCs morrerão e o Kelsaik será solto!	icon_skills.manashield_tex	icon_skills.manashield_tex	True
47501600	Absorb	Buff	True	abs	40000	0	400000	Armor of Doom			Absorve até $H_W_GOOD400000$COLOR_END de dano. Se você não conseguir destruí-lo a tempo, todos os PCs morrerão e o Kelsaik será solto!	icon_skills.manashield_tex	icon_skills.manashield_tex	True
47501700	Power	DOT	False	perc	10000	0	105	Curse of Kelsaik			Aumenta o poder em $H_W_GOOD10400%$COLOR_END, mas perde $H_W_BAD2%$COLOR_END do HP total a cada $H_W_BAD5s$COLOR_END. O efeito se acumula até 99 vezes.	icon_status.diseaseup_tex	icon_status.diseaseup_tex	True
47501700	HPChange	DOT	False	perc	10000	5	-2	Curse of Kelsaik			Aumenta o poder em $H_W_GOOD10400%$COLOR_END, mas perde $H_W_BAD2%$COLOR_END do HP total a cada $H_W_BAD5s$COLOR_END. O efeito se acumula até 99 vezes.	icon_status.diseaseup_tex	icon_status.diseaseup_tex	True
47501800	HPChange	DOT	False	perc	90000	5	-3	Doomfire			Perde $H_W_BAD3%$COLOR_END do total de HP a cada $H_W_BAD5s$COLOR_END e mata o alvo quando o efeito termina.$BRDoomfire só pode ser removido com Doomchill.	icon_status.firedamage_tex	icon_status.firedamage_tex	True
47501800	HPLoss	DOT	False	abs	90000	0	-10000000	Doomfire			Perde $H_W_BAD3%$COLOR_END do total de HP a cada $H_W_BAD5s$COLOR_END e mata o alvo quando o efeito termina.$BRDoomfire só pode ser removido com Doomchill.	icon_status.firedamage_tex	icon_status.firedamage_tex	True
47501900	HPChange	DOT	False	perc	90000	5	-3	Doomchill			Perde $H_W_BAD3%$COLOR_END do total de HP a cada $H_W_BAD5s$COLOR_END e mata o alvo quando o efeito termina.$BRDoomchill só pode ser removido com Doomfire.	icon_status.icedamage_tex	icon_status.icedamage_tex	True
47501900	HPLoss	DOT	False	abs	90000	0	-10000000	Doomchill			Perde $H_W_BAD3%$COLOR_END do total de HP a cada $H_W_BAD5s$COLOR_END e mata o alvo quando o efeito termina.$BRDoomchill só pode ser removido com Doomfire.	icon_status.icedamage_tex	icon_status.icedamage_tex	True
47502000	HPChange	DOT	False	perc	90000	5	-3	Flame of Hell			Perde $H_W_BAD3%$COLOR_END do total de HP a cada $H_W_BAD5s$COLOR_END e mata o alvo quando o efeito termina.$BRPode ser removido somente com Doomfire ou Doomchill.	icon_status.poisonstatus_tex	icon_status.poisonstatus_tex	True
47502000	HPLoss	DOT	False	abs	90000	0	-10000000	Flame of Hell			Perde $H_W_BAD3%$COLOR_END do total de HP a cada $H_W_BAD5s$COLOR_END e mata o alvo quando o efeito termina.$BRPode ser removido somente com Doomfire ou Doomchill.	icon_status.poisonstatus_tex	icon_status.poisonstatus_tex	True
47502100	Power	Buff	True	perc	64800000	0	13	Kelsaik's Splendor			Aumenta o poder em $H_W_GOOD1200%$COLOR_END. Pode ser acumulado 99 vezes.	icon_status.damageup_tex	icon_status.damageup_tex	True
47502200	Endurance	Buff	True	perc	3600000	0	4	Kelsaik's Protection			Aumenta a resistência em $H_W_GOOD4times$COLOR_END. A proteção de Kelsaik não pode ser removida.	icon_status.plusedefence_tex	icon_status.plusedefence_tex	True
47502300	BuffNearbyParty	Debuff	False	seta	180000	5	475151	Harbinger of Futility			Você projeta uma aura em si mesmo e nos membros do grupo que reduz o dano de habilidade em $H_W_BAD50%$COLOR_END. O efeito persiste mesmo após a morte.	icon_status.minuswill_tex	icon_status.minuswill_tex	True
47600100	DefPotion	Buff	True	perc	60000	0	0	Time of perfection			100% de resistência a todos os efeitos nocivos e não sofre dano de todos os ataques.	icon_status.immunedebuff_tex	icon_status.immunedebuff_tex	True
47600100	ResistNegative	Buff	True	swch	60000	0	0	Time of perfection			100% de resistência a todos os efeitos nocivos e não sofre dano de todos os ataques.	icon_status.immunedebuff_tex	icon_status.immunedebuff_tex	True
47600200	HPChange	DOT	False	perc	1000	1	-18	Time of pain			[Teste]	icon_status.delayheal_tex	icon_status.delayheal_tex	False
47600300	HPChange	Buff	True	perc	10000	1	3	Narrow escape			$H_W_GOOD3%$COLOR_END do HP total a cada $H_W_GOOD1s$COLOR_END.	icon_status.delayheal_tex	icon_status.delayheal_tex	True
47600400	HPChange	Stun	False	perc	15000	3	-8	Curse of pain			Fuja com dor! Também perde $H_W_BAD8%$COLOR_END do total de HP a cada $H_W_BAD3s$COLOR_END.$BRA dor não pode ser removida. O efeito termina quando é derrubado.	icon_status.fearstatus_tex	icon_status.fearstatus_tex	True
47600400	Fear	Stun	False	swch	15000	0	100	Curse of pain			Fuja com dor! Também perde $H_W_BAD8%$COLOR_END do total de HP a cada $H_W_BAD3s$COLOR_END.$BRA dor não pode ser removida. O efeito termina quando é derrubado.	icon_status.fearstatus_tex	icon_status.fearstatus_tex	True
47600500	MovSpd	Stun	False	setp	60000	0	5	Pain of Restraint			Diminui a velocidade de movimento em $H_W_BAD400%$COLOR_END. Não é possível usar habilidades.	icon_status.sealskill_tex	icon_status.sealskill_tex	True
47600500	HPDrain	Stun	False	perc	60000	0	9	Pain of Restraint			Diminui a velocidade de movimento em $H_W_BAD400%$COLOR_END. Não é possível usar habilidades.	icon_status.sealskill_tex	icon_status.sealskill_tex	True
47600500	Block	Stun	False	swch	60000	0	0	Pain of Restraint			Diminui a velocidade de movimento em $H_W_BAD400%$COLOR_END. Não é possível usar habilidades.	icon_status.sealskill_tex	icon_status.sealskill_tex	True
47600600	MovSpd	Stun	False	perc	10000	0	15	Terror of Killian			Fuja aterrorizado! O terror de Killian não pode ser removido. O efeito termina quando ele é derrubado.	icon_status.fearstatus_tex	icon_status.fearstatus_tex	True
47600600	Fear	Stun	False	swch	10000	0	100	Terror of Killian			Fuja aterrorizado! O terror de Killian não pode ser removido. O efeito termina quando ele é derrubado.	icon_status.fearstatus_tex	icon_status.fearstatus_tex	True
47600650	Power	Buff	True	perc	600000	0	1	Potion of Will	5126	Potion of Will	Enquanto estiver em vigor, imune ao terror de Killian, não termina com a morte.	icon_items.potion4_tex	icon_items.potion4_tex	True
47610100	Power	Buff	True	perc	60000	0	13	Thulsa's Blessing			Aumenta a potência em $H_W_GOOD1200%$COLOR_END, aumenta a resistência em $H_W_GOOD1200%$COLOR_END, restaura $H_W_GOOD1%$COLOR_END HP a cada $H_W_GOOD1s$COLOR_END.	icon_status.plushp_tex	icon_status.plushp_tex	True
47610100	Endurance	Buff	True	perc	60000	0	13	Thulsa's Blessing			Aumenta a potência em $H_W_GOOD1200%$COLOR_END, aumenta a resistência em $H_W_GOOD1200%$COLOR_END, restaura $H_W_GOOD1%$COLOR_END HP a cada $H_W_GOOD1s$COLOR_END.	icon_status.plushp_tex	icon_status.plushp_tex	True
47610100	HPChange	Buff	True	perc	60000	1	1	Thulsa's Blessing			Aumenta a potência em $H_W_GOOD1200%$COLOR_END, aumenta a resistência em $H_W_GOOD1200%$COLOR_END, restaura $H_W_GOOD1%$COLOR_END HP a cada $H_W_GOOD1s$COLOR_END.	icon_status.plushp_tex	icon_status.plushp_tex	True
47610200	Chaos	Stun	False	swch	5000	0	0	Bedlam			Confuso! Suas teclas de movimento estão invertidas.$BRBedlam não pode ser removido.	icon_status.confusestatuspc_tex	icon_status.confusestatuspc_tex	True
47610300	Fear	Stun	False	swch	3000	0	125	Panic			Fuja aterrorizado de Thulsa! O pânico não pode ser removido. Termina se o alvo for derrubado.	icon_status.fearstatus_tex	icon_status.fearstatus_tex	True
47610400	Block	Stun	False	swch	3000	0	0	Incapacitation			As habilidades não podem ser usadas enquanto estiverem em vigor. A incapacitação não pode ser removida.	icon_status.sealskill_tex	icon_status.sealskill_tex	True
47610500	Stun	Stun	False	swch	3000	0	5	Brutal Blow			Atordoado e não pode se mover. O golpe brutal não pode ser removido.	icon_status.confuseup_tex	icon_status.confuseup_tex	True
47610600	BuffNearbyParty	Buff	False	seta	10000	3	476106	Lightning Rod			Atordoa qualquer outro membro do grupo em um raio de 15 m de você.	icon_status.fearstatus_tex	icon_status.fearstatus_tex	True
47610700	BuffNearbyParty	Debuff	False	seta	10000	3	476107	Torpor Point			Você diminui a velocidade de movimento de todos os membros do grupo em um raio de 10 m de você.	icon_status.minuswill_tex	icon_status.minuswill_tex	True
47610710	DelayedEffect	Debuff	False	abs	3000	0	47610700	Impending Torpor			Você tem 3 segundos para evitar o Torpor, que reduz a velocidade de movimento.	icon_status.minusmove_tex	icon_status.minusmove_tex	True
47610800	BuffNearbyParty	Debuff	False	seta	10000	3	476108	Weak Point			Você reduz o poder de todos os outros membros do grupo em um raio de 10 m de você.	icon_status.minuswill_tex	icon_status.minuswill_tex	True
47610810	DelayedEffect	Debuff	False	abs	3000	0	47610800	Impending Weakness			Você tem 3 segundos para evitar a fraqueza, que reduz o poder.	icon_status.diseaseup_tex	icon_status.diseaseup_tex	True
47610900	BuffNearbyParty	Buff	True	swch	3000	1	476109	Doom Point			Diminui a resistência dos membros do grupo em um raio de 20 m, exceto você.	icon_status.minuswill_tex	icon_status.minuswill_tex	True
47610910	DelayedEffect	Debuff	False	abs	10000	0	47610900	Impending Doom			Você tem 10 segundos para evitar a Perdição.	icon_status.firedamage_tex	icon_status.firedamage_tex	True
47611000	BuffNearbyParty	Debuff	False	seta	10000	3	476110	Insanity Point			Você causa Insanidade em todos os outros membros do grupo em um raio de 10 m.	icon_status.minuswill_tex	icon_status.minuswill_tex	True
47611010	DelayedEffect	Stun	False	abs	3000	0	47611000	Impending Insanity			Você tem 3 segundos para evitar a Insanidade, que reverte suas teclas de movimento.	icon_status.fearstatus_tex	icon_status.fearstatus_tex	True
47611100	BuffNearbyParty	Debuff	False	seta	10000	3	476111	Panic Point			Você faz com que todos os outros membros do grupo em um raio de 10 m fujam aterrorizados.	icon_status.minuswill_tex	icon_status.minuswill_tex	True
47611110	DelayedEffect	Stun	False	abs	3000	0	47611100	Impending Panic			Você tem 3 segundos para evitar o Pânico, que faz com que você fuja.	icon_status.fearstatus_tex	icon_status.fearstatus_tex	True
47611200	BuffNearbyParty	Buff	False	seta	10000	3	476112	Failure Point			Todos os outros membros do grupo em um raio de 10 m de você não podem usar nenhuma habilidade.	icon_status.minuswill_tex	icon_status.minuswill_tex	True
47611210	DelayedEffect	Stun	False	abs	3000	0	47611200	Impending Failure			Você tem 3 segundos para evitar a falha, que bloqueia o uso de todas as habilidades.	icon_status.sealskill_tex	icon_status.sealskill_tex	True
47611300	Power	Buff	True	perc	600000	0	11	Argon Enhancement			Aumenta a potência em $H_W_GOOD1000%$COLOR_END e o dano crítico em $H_W_GOOD+0,1$COLOR_END. O efeito se acumula até 10 vezes.	icon_status.minuswill_tex	icon_status.minuswill_tex	True
47611300	CritPower	Buff	True	perc	600000	0	11	Argon Enhancement			Aumenta a potência em $H_W_GOOD1000%$COLOR_END e o dano crítico em $H_W_GOOD+0,1$COLOR_END. O efeito se acumula até 10 vezes.	icon_status.minuswill_tex	icon_status.minuswill_tex	True
47611400	AtkPotion	Buff	True	perc	30000	0	2	Blood Thirst			Aumenta o dano da habilidade em $H_W_GOOD100%$COLOR_END.	icon_status.plusattack_tex	icon_status.plusattack_tex	True
47611500	Fear	Stun	False	swch	5000	0	125	Cowardice			Fujam aterrorizados! A covardia não pode ser removida. Termina quando é derrubado.	icon_status.fearstatus_tex	icon_status.fearstatus_tex	True
47611600	Aggro	Debuff	False	perc	20000	0	10	Prominence			Aumenta a agressividade em $H_W_GOOD900%$COLOR_END. A proeminência não pode ser removida.	icon_status.boundmoveup_tex	icon_status.boundmoveup_tex	True
47611700	Aggro	Debuff	False	perc	20000	0	1	Subtlety			Diminui o aggro em $H_W_GOOD0%$COLOR_END. A sutileza não pode ser removida.	icon_status.boundmovedown_tex	icon_status.boundmovedown_tex	True
47611800	Endurance	Debuff	False	perc	30000	0	9	Inner Strength			Diminui a resistência em $H_W_BAD400%$COLOR_END, mas aumenta a taxa de cura em $H_W_GOOD800%$COLOR_END. O Inner Strength não pode ser removido.	icon_status.minusdefence_tex	icon_status.minusdefence_tex	True
47611800	IncreasedHeal	Debuff	False	perc	30000	0	5	Inner Strength			Diminui a resistência em $H_W_BAD400%$COLOR_END, mas aumenta a taxa de cura em $H_W_GOOD800%$COLOR_END. O Inner Strength não pode ser removido.	icon_status.minusdefence_tex	icon_status.minusdefence_tex	True
47611900	CritResist	Debuff	False	perc	600000	0	8	Frostmight			Aumenta a resistência à imobilização e ao knockdown em $H_W_GOOD1100%$COLOR_END. Diminui a resistência a críticos em $H_W_BAD700%$COLOR_END. O Frostmight não pode ser removido.	icon_status.minuscriticalresist_tex	icon_status.minuscriticalresist_tex	True
47611900	Ballance	Debuff	False	perc	600000	0	12	Frostmight			Aumenta a resistência à imobilização e ao knockdown em $H_W_GOOD1100%$COLOR_END. Diminui a resistência a críticos em $H_W_BAD700%$COLOR_END. O Frostmight não pode ser removido.	icon_status.minuscriticalresist_tex	icon_status.minuscriticalresist_tex	True
47612000	CritResist	Debuff	False	perc	600000	0	6	Icemight			Aumenta a resistência à imobilização e ao knockdown em $H_W_GOOD1300%$COLOR_END. Diminui a resistência a críticos em $H_W_BAD500%$COLOR_END e diminui a velocidade de carregamento em $H_W_BAD800%$COLOR_END. O Icemight não pode ser removido.	icon_status.minuscriticalresist_tex	icon_status.minuscriticalresist_tex	True
47612000	Ballance	Debuff	False	perc	600000	0	14	Icemight			Aumenta a resistência à imobilização e ao knockdown em $H_W_GOOD1300%$COLOR_END. Diminui a resistência a críticos em $H_W_BAD500%$COLOR_END e diminui a velocidade de carregamento em $H_W_BAD800%$COLOR_END. O Icemight não pode ser removido.	icon_status.minuscriticalresist_tex	icon_status.minuscriticalresist_tex	True
47612000	CastSpeed	Debuff	False	perc	600000	0	9	Icemight			Aumenta a resistência à imobilização e ao knockdown em $H_W_GOOD1300%$COLOR_END. Diminui a resistência a críticos em $H_W_BAD500%$COLOR_END e diminui a velocidade de carregamento em $H_W_BAD800%$COLOR_END. O Icemight não pode ser removido.	icon_status.minuscriticalresist_tex	icon_status.minuscriticalresist_tex	True
47612100	CritResist	Debuff	False	perc	600000	0	4	Glaciermight			Aumenta a resistência à imobilização e ao knockdown em $H_W_GOOD1500%$COLOR_END e diminui a resistência a críticos em $H_W_BAD300%$COLOR_END, diminui a velocidade de carregamento em $H_W_BAD700%$COLOR_END e diminui a velocidade de ataque em $H_W_BAD9400%$COLOR_END. O Glaciermight não pode ser removido.	icon_status.minuscriticalresist_tex	icon_status.minuscriticalresist_tex	True
47612100	Ballance	Debuff	False	perc	600000	0	16	Glaciermight			Aumenta a resistência à imobilização e ao knockdown em $H_W_GOOD1500%$COLOR_END e diminui a resistência a críticos em $H_W_BAD300%$COLOR_END, diminui a velocidade de carregamento em $H_W_BAD700%$COLOR_END e diminui a velocidade de ataque em $H_W_BAD9400%$COLOR_END. O Glaciermight não pode ser removido.	icon_status.minuscriticalresist_tex	icon_status.minuscriticalresist_tex	True
47612100	ASpd	Debuff	False	perc	600000	0	95	Glaciermight			Aumenta a resistência à imobilização e ao knockdown em $H_W_GOOD1500%$COLOR_END e diminui a resistência a críticos em $H_W_BAD300%$COLOR_END, diminui a velocidade de carregamento em $H_W_BAD700%$COLOR_END e diminui a velocidade de ataque em $H_W_BAD9400%$COLOR_END. O Glaciermight não pode ser removido.	icon_status.minuscriticalresist_tex	icon_status.minuscriticalresist_tex	True
47612100	CastSpeed	Debuff	False	perc	600000	0	8	Glaciermight			Aumenta a resistência à imobilização e ao knockdown em $H_W_GOOD1500%$COLOR_END e diminui a resistência a críticos em $H_W_BAD300%$COLOR_END, diminui a velocidade de carregamento em $H_W_BAD700%$COLOR_END e diminui a velocidade de ataque em $H_W_BAD9400%$COLOR_END. O Glaciermight não pode ser removido.	icon_status.minuscriticalresist_tex	icon_status.minuscriticalresist_tex	True
47612200	CritResist	Debuff	False	perc	600000	0	2	Wintermight			Aumenta a resistência à imobilização e ao knockdown em $H_W_GOOD1700%$COLOR_END e diminui a resistência a críticos em $H_W_BAD100%$COLOR_END, diminui a velocidade de carregamento em $H_W_BAD600%$COLOR_END e a velocidade de ataque em $H_W_BAD800%$COLOR_END. O Wintermight não pode ser removido.	icon_status.minuscriticalresist_tex	icon_status.minuscriticalresist_tex	True
47612200	Ballance	Debuff	False	perc	600000	0	18	Wintermight			Aumenta a resistência à imobilização e ao knockdown em $H_W_GOOD1700%$COLOR_END e diminui a resistência a críticos em $H_W_BAD100%$COLOR_END, diminui a velocidade de carregamento em $H_W_BAD600%$COLOR_END e a velocidade de ataque em $H_W_BAD800%$COLOR_END. O Wintermight não pode ser removido.	icon_status.minuscriticalresist_tex	icon_status.minuscriticalresist_tex	True
47612200	ASpd	Debuff	False	perc	600000	0	9	Wintermight			Aumenta a resistência à imobilização e ao knockdown em $H_W_GOOD1700%$COLOR_END e diminui a resistência a críticos em $H_W_BAD100%$COLOR_END, diminui a velocidade de carregamento em $H_W_BAD600%$COLOR_END e a velocidade de ataque em $H_W_BAD800%$COLOR_END. O Wintermight não pode ser removido.	icon_status.minuscriticalresist_tex	icon_status.minuscriticalresist_tex	True
47612200	CastSpeed	Debuff	False	perc	600000	0	7	Wintermight			Aumenta a resistência à imobilização e ao knockdown em $H_W_GOOD1700%$COLOR_END e diminui a resistência a críticos em $H_W_BAD100%$COLOR_END, diminui a velocidade de carregamento em $H_W_BAD600%$COLOR_END e a velocidade de ataque em $H_W_BAD800%$COLOR_END. O Wintermight não pode ser removido.	icon_status.minuscriticalresist_tex	icon_status.minuscriticalresist_tex	True
47612300	Power	Buff	True	perc	60000	0	12	Attack Increase III			A potência aumenta em $H_W_GOOD1100%$COLOR_END.	icon_status.plusattack_tex	icon_status.plusattack_tex	True
47612400	Endurance	Buff	True	perc	60000	0	12	Armor Increase III			A resistência aumenta em $H_W_GOOD1100%$COLOR_END.	icon_status.plusedefence_tex	icon_status.plusedefence_tex	True
47612500	HPChange	Buff	True	perc	12000	3	3	Restoration			Cura $H_W_GOOD3%$COLOR_END do total de HP a cada $H_W_GOOD3s$COLOR_END.	icon_status.delayheal_tex	icon_status.delayheal_tex	True
47612600	HPChange	Buff	True	perc	1000	1	5	Instant HP recover			Teste	icon_status.plushp_tex	icon_status.plushp_tex	False
47612700	ResistNegative	Buff	True	swch	20000	0	0	Immunity III			Resistência a todos os efeitos nocivos e aumenta a resistência em $H_W_GOOD100%2$COLOR_END.	icon_status.immunedebuff_tex	icon_status.immunedebuff_tex	True
47612800	Ballance	Buff	True	setp	20000	0	0	Worldshaker			Diminui a resistência a knockdown/imobilização. Termina quando é derrubado/imobilizado.	icon_status.minusdefence_tex	icon_status.minusdefence_tex	True
47612900	Crit	Buff	True	perc	20000	0	85	Sure Strike			Aumenta drasticamente a taxa de críticos.$BRSure Strike não pode ser removido.	icon_status.plusecritical_tex	icon_status.plusecritical_tex	True
47613000	HPLoss	Debuff	False	abs	1000	0	-5000	Fatecutter			O HP cai para $H_W_GOOD-5000$COLOR_END no final da duração. O Fatecutter não pode ser removido.	icon_status.minushp_tex	icon_status.minushp_tex	True
47613100	RestoreHpOnHit	DOT	True	perc	5000	0	995	Reflection			Refletindo o dano!!! Diminui o HP em $H_W_GOOD0.1%$COLOR_END do HP total a cada acerto bem-sucedido.	icon_status.poisonstatus_tex	icon_status.poisonstatus_tex	False
47613200	HPChange	Debuff	False	perc	30000	3	-1	Decimation			Perde 10% do HP total a cada $H_W_BAD3s$COLOR_END.	icon_status.poisonstatus_tex	icon_status.poisonstatus_tex	True
47613300	Endurance	Debuff	False	perc	20000	0	1	Tombward			Diminui a resistência em $H_W_GOOD0%$COLOR_END e amplifica o dano causado. O Tombward não pode ser removido.	icon_status.minusdefence_tex	icon_status.minusdefence_tex	True
47613300	Aggro	Debuff	False	perc	20000	0	1	Tombward			Diminui a resistência em $H_W_GOOD0%$COLOR_END e amplifica o dano causado. O Tombward não pode ser removido.	icon_status.minusdefence_tex	icon_status.minusdefence_tex	True
47620100	Power	Debuff	True	perc	60000	0	13	Tuwangi Rage I			Aumenta o poder em $H_W_GOOD1200%$COLOR_END, mas diminui a resistência a knockdown e imobilização em $H_W_BAD100%$COLOR_END e diminui a resistência a efeitos nocivos em $H_W_BAD100%$COLOR_END.	icon_status.plusattack_tex	icon_status.plusattack_tex	True
47620100	Ballance	Debuff	True	perc	60000	0	0	Tuwangi Rage I			Aumenta o poder em $H_W_GOOD1200%$COLOR_END, mas diminui a resistência a knockdown e imobilização em $H_W_BAD100%$COLOR_END e diminui a resistência a efeitos nocivos em $H_W_BAD100%$COLOR_END.	icon_status.plusattack_tex	icon_status.plusattack_tex	True
47620100	AllResist	Debuff	True	perc	60000	0	0	Tuwangi Rage I			Aumenta o poder em $H_W_GOOD1200%$COLOR_END, mas diminui a resistência a knockdown e imobilização em $H_W_BAD100%$COLOR_END e diminui a resistência a efeitos nocivos em $H_W_BAD100%$COLOR_END.	icon_status.plusattack_tex	icon_status.plusattack_tex	True
47620200	Crit	Debuff	True	perc	60000	0	18	Tuwangi Rage II			Aumenta a taxa de críticos em $H_W_GOOD1700%$COLOR_END e o dano crítico em $H_W_GOOD1100%$COLOR_END. Além disso, diminui a resistência a derrubada e imobilização em $H_W_BAD100%$COLOR_END e a resistência a efeitos nocivos em $H_W_BAD100%$COLOR_END.	icon_status.plusecritical_tex	icon_status.plusecritical_tex	True
47620200	Ballance	Debuff	True	perc	60000	0	0	Tuwangi Rage II			Aumenta a taxa de críticos em $H_W_GOOD1700%$COLOR_END e o dano crítico em $H_W_GOOD1100%$COLOR_END. Além disso, diminui a resistência a derrubada e imobilização em $H_W_BAD100%$COLOR_END e a resistência a efeitos nocivos em $H_W_BAD100%$COLOR_END.	icon_status.plusecritical_tex	icon_status.plusecritical_tex	True
47620200	AllResist	Debuff	True	perc	60000	0	0	Tuwangi Rage II			Aumenta a taxa de críticos em $H_W_GOOD1700%$COLOR_END e o dano crítico em $H_W_GOOD1100%$COLOR_END. Além disso, diminui a resistência a derrubada e imobilização em $H_W_BAD100%$COLOR_END e a resistência a efeitos nocivos em $H_W_BAD100%$COLOR_END.	icon_status.plusecritical_tex	icon_status.plusecritical_tex	True
47620200	CritPower	Debuff	True	perc	60000	0	12	Tuwangi Rage II			Aumenta a taxa de críticos em $H_W_GOOD1700%$COLOR_END e o dano crítico em $H_W_GOOD1100%$COLOR_END. Além disso, diminui a resistência a derrubada e imobilização em $H_W_BAD100%$COLOR_END e a resistência a efeitos nocivos em $H_W_BAD100%$COLOR_END.	icon_status.plusecritical_tex	icon_status.plusecritical_tex	True
47620300	MaxHP	Debuff	True	perc	60000	0	9	Undying Fire			Reduz o HP máximo em $H_W_BAD800%$COLOR_END, mas aumenta a resistência à imobilização e ao knock down em $H_W_GOOD100%$COLOR_END e aumenta a resistência a efeitos nocivos em $H_W_GOOD100%$COLOR_END.	icon_status.plusdiseaseresist_tex	icon_status.plusdiseaseresist_tex	True
47620300	Ballance	Debuff	True	perc	60000	0	2	Undying Fire			Reduz o HP máximo em $H_W_BAD800%$COLOR_END, mas aumenta a resistência à imobilização e ao knock down em $H_W_GOOD100%$COLOR_END e aumenta a resistência a efeitos nocivos em $H_W_GOOD100%$COLOR_END.	icon_status.plusdiseaseresist_tex	icon_status.plusdiseaseresist_tex	True
47620300	AllResist	Debuff	True	perc	60000	0	2	Undying Fire			Reduz o HP máximo em $H_W_BAD800%$COLOR_END, mas aumenta a resistência à imobilização e ao knock down em $H_W_GOOD100%$COLOR_END e aumenta a resistência a efeitos nocivos em $H_W_GOOD100%$COLOR_END.	icon_status.plusdiseaseresist_tex	icon_status.plusdiseaseresist_tex	True
47620400	HPChange	DOT	False	perc	10000	1	-5	Burnout			Diminui o HP em $H_W_BAD2%$COLOR_END a cada $H_W_GOOD1s$COLOR_END.	icon_status.minushp_tex	icon_status.minushp_tex	True
47620500	222	Debuff	False	perc	10000	0	7	Gutrend's Curse I			O MP máximo é reduzido em $H_W_BAD600%$COLOR_END após 10 segundos.	icon_status.minusmp_tex	icon_status.minusmp_tex	True
47620600	222	Debuff	False	perc	10000	0	0	Gutrend's Curse II			O MP máximo é reduzido em $H_W_BAD100%$COLOR_END após 10 segundos.	icon_status.minusmp_tex	icon_status.minusmp_tex	True
47620700	ImpactEffective	Buff	True	perc	60000	0	15	Gutrend's Blessing I			Aumenta o fator de impacto em $H_W_BAD1400%$COLOR_END.	icon_status.balanceup_tex	icon_status.balanceup_tex	True
47620800	ImpactEffective	Buff	True	perc	60000	0	2	Gutrend's Blessing II			Aumenta o fator de impacto em $H_W_BAD100%$COLOR_END.	icon_status.balanceup_tex	icon_status.balanceup_tex	True
47620900	Endurance	Buff	True	perc	120000	0	11	Orcan Guile			Aumenta a resistência em $H_W_GOOD1000%$COLOR_END. O efeito se acumula até 10 vezes.	icon_status.plusedefence_tex	icon_status.plusedefence_tex	True
47621000	Power	Buff	True	perc	120000	0	11	Orcan Might			Aumenta o poder em $H_W_GOOD1000%$COLOR_END. O efeito é acumulado até 10 vezes.	icon_status.plusattack_tex	icon_status.plusattack_tex	True
47621100	Power	Debuff	False	perc	5000	0	9	Orcan Sloth I			Diminui a velocidade de movimento e o poder em $H_W_BAD800%$COLOR_END e H_W_BAD800%$COLOR_END, respectivamente.	icon_status.minusattack_tex	icon_status.minusattack_tex	True
47621100	MovSpd	Debuff	False	setp	5000	0	9	Orcan Sloth I			Diminui a velocidade de movimento e o poder em $H_W_BAD800%$COLOR_END e H_W_BAD800%$COLOR_END, respectivamente.	icon_status.minusattack_tex	icon_status.minusattack_tex	True
47621100	HPDrain	Debuff	False	perc	5000	0	9	Orcan Sloth I			Diminui a velocidade de movimento e o poder em $H_W_BAD800%$COLOR_END e H_W_BAD800%$COLOR_END, respectivamente.	icon_status.minusattack_tex	icon_status.minusattack_tex	True
47621100	DelayedEffect	Debuff	False	abs	5000	0	476211	Orcan Sloth I			Diminui a velocidade de movimento e o poder em $H_W_BAD800%$COLOR_END e H_W_BAD800%$COLOR_END, respectivamente.	icon_status.minusattack_tex	icon_status.minusattack_tex	True
47621200	HPLoss	Debuff	False	perc	1000	0	9	Orcan Loyalty			Autodestruição. O Orcan Loyalty não pode ser removido.	icon_status.minushp_tex	icon_status.minushp_tex	True
47621300	Fear	Debuff	False	swch	5000	0	100	Horde's Howl			Fuja aterrorizado! O Uivo da Horda não pode ser removido, mas termina quando é derrubado.	icon_status.fearstatus_tex	icon_status.fearstatus_tex	True
47621400	Power	Debuff	False	perc	5000	0	9	Double-edged Parry I			Aumenta a resistência em $H_W_GOOD800%$COLOR_END, diminui a potência em $H_W_BAD476217$COLOR_END.	icon_status.plusedefence_tex	icon_status.plusedefence_tex	True
47621400	Endurance	Debuff	False	perc	5000	0	11	Double-edged Parry I			Aumenta a resistência em $H_W_GOOD800%$COLOR_END, diminui a potência em $H_W_BAD476217$COLOR_END.	icon_status.plusedefence_tex	icon_status.plusedefence_tex	True
47621400	DelayedEffect	Debuff	False	abs	5000	0	476217	Double-edged Parry I			Aumenta a resistência em $H_W_GOOD800%$COLOR_END, diminui a potência em $H_W_BAD476217$COLOR_END.	icon_status.plusedefence_tex	icon_status.plusedefence_tex	True
47621500	Power	Debuff	False	perc	5000	0	11	Double-edged Strike I			Diminui a resistência em $H_W_Bad1000%$COLOR_END, aumenta a potência em $H_W_GOOD476221$COLOR_END.	icon_status.plusattack_tex	icon_status.plusattack_tex	True
47621500	Endurance	Debuff	False	perc	5000	0	9	Double-edged Strike I			Diminui a resistência em $H_W_Bad1000%$COLOR_END, aumenta a potência em $H_W_GOOD476221$COLOR_END.	icon_status.plusattack_tex	icon_status.plusattack_tex	True
47621500	DelayedEffect	Debuff	False	abs	5000	0	476221	Double-edged Strike I			Diminui a resistência em $H_W_Bad1000%$COLOR_END, aumenta a potência em $H_W_GOOD476221$COLOR_END.	icon_status.plusattack_tex	icon_status.plusattack_tex	True
47621600	Ballance	Debuff	True	setp	600000	0	1000000	Stone Skin			Imune a knockdown e imobilização.	icon_status.balanceup_tex	icon_status.balanceup_tex	True
47621700	MaxHP	Buff	True	perc	600000	0	15	Empower			Aumenta o HP máximo em $H_W_GOOD1400%$COLOR_END, recupera o HP em $H_W_GOOD100%$COLOR_END a cada $H_W_GOOD12s$COLOR_END. Também aumenta a resistência e a potência em $H_W_GOOD1100%$COLOR_END e $H_W_GOOD1100%$COLOR_END, respectivamente.	icon_status.plushp_tex	icon_status.plushp_tex	True
47621700	Power	Buff	True	perc	600000	0	12	Empower			Aumenta o HP máximo em $H_W_GOOD1400%$COLOR_END, recupera o HP em $H_W_GOOD100%$COLOR_END a cada $H_W_GOOD12s$COLOR_END. Também aumenta a resistência e a potência em $H_W_GOOD1100%$COLOR_END e $H_W_GOOD1100%$COLOR_END, respectivamente.	icon_status.plushp_tex	icon_status.plushp_tex	True
47621700	Endurance	Buff	True	perc	600000	0	12	Empower			Aumenta o HP máximo em $H_W_GOOD1400%$COLOR_END, recupera o HP em $H_W_GOOD100%$COLOR_END a cada $H_W_GOOD12s$COLOR_END. Também aumenta a resistência e a potência em $H_W_GOOD1100%$COLOR_END e $H_W_GOOD1100%$COLOR_END, respectivamente.	icon_status.plushp_tex	icon_status.plushp_tex	True
47621700	HPChange	Buff	True	perc	600000	12	1	Empower			Aumenta o HP máximo em $H_W_GOOD1400%$COLOR_END, recupera o HP em $H_W_GOOD100%$COLOR_END a cada $H_W_GOOD12s$COLOR_END. Também aumenta a resistência e a potência em $H_W_GOOD1100%$COLOR_END e $H_W_GOOD1100%$COLOR_END, respectivamente.	icon_status.plushp_tex	icon_status.plushp_tex	True
47621800	MaxHP	Debuff	True	perc	600000	0	5	Erode			Diminui o HP máximo em $H_W_BAD400%$COLOR_END e a resistência em $H_W_BAD700%$COLOR_END. Além disso, diminui a potência em $H_W_BAD700%$COLOR_END.	icon_status.minushp_tex	icon_status.minushp_tex	True
47621800	Power	Debuff	True	perc	600000	0	8	Erode			Diminui o HP máximo em $H_W_BAD400%$COLOR_END e a resistência em $H_W_BAD700%$COLOR_END. Além disso, diminui a potência em $H_W_BAD700%$COLOR_END.	icon_status.minushp_tex	icon_status.minushp_tex	True
47621800	Endurance	Debuff	True	perc	600000	0	8	Erode			Diminui o HP máximo em $H_W_BAD400%$COLOR_END e a resistência em $H_W_BAD700%$COLOR_END. Além disso, diminui a potência em $H_W_BAD700%$COLOR_END.	icon_status.minushp_tex	icon_status.minushp_tex	True
47621900	Power	Debuff	True	perc	10000	0	15	Upwelling			Aumenta a potência e a resistência em $H_W_BAD1400%1$COLOR_END e $H_W_BAD1400%$COLOR_END, respectivamente. Além disso, qualquer efeito de recuperação de HP em você aumenta em $H_W_BAD1400%$COLOR_END.	icon_status.plusattack_tex	icon_status.plusattack_tex	True
47621900	Endurance	Debuff	True	perc	10000	0	15	Upwelling			Aumenta a potência e a resistência em $H_W_BAD1400%1$COLOR_END e $H_W_BAD1400%$COLOR_END, respectivamente. Além disso, qualquer efeito de recuperação de HP em você aumenta em $H_W_BAD1400%$COLOR_END.	icon_status.plusattack_tex	icon_status.plusattack_tex	True
47621900	IncreasedHeal	Debuff	True	perc	10000	0	15	Upwelling			Aumenta a potência e a resistência em $H_W_BAD1400%1$COLOR_END e $H_W_BAD1400%$COLOR_END, respectivamente. Além disso, qualquer efeito de recuperação de HP em você aumenta em $H_W_BAD1400%$COLOR_END.	icon_status.plusattack_tex	icon_status.plusattack_tex	True
47622000	MovSpd	Debuff	False	setp	60000	0	1	Sand Curtain			Diminui a velocidade de movimento em $H_W_BAD0%3$COLOR_END.	icon_status.minusmove_tex	icon_status.minusmove_tex	True
47622100	Power	Buff	True	perc	0	0	2	Vigor			Aumenta o poder em $H_W_GOOD100%$COLOR_END. Esse efeito termina se estiver atordoado.	icon_status.plusattack_tex	icon_status.plusattack_tex	True
47622200	DelayedEffect	Debuff	False	abs	10000	0	476225	Swoon			Em 10 segundos, você desmaiará.	icon_status.confuseup_tex	icon_status.confuseup_tex	True
47622300	MovSpd	DOT	False	setp	10000	0	1	Sandstorm			Diminui a velocidade de movimento em $H_W_BAD0%$COLOR_END, diminui o HP em $H_W_BAD0.1%$COLOR_END a cada $H_W_BAD1s$COLOR_END.	icon_status.minusmove_tex	icon_status.minusmove_tex	True
47622300	HPChange	DOT	False	perc	10000	1	-1	Sandstorm			Diminui a velocidade de movimento em $H_W_BAD0%$COLOR_END, diminui o HP em $H_W_BAD0.1%$COLOR_END a cada $H_W_BAD1s$COLOR_END.	icon_status.minusmove_tex	icon_status.minusmove_tex	True
47630100	Power	Debuff	False	perc	30000	0	11	Tuwangi Blood-Haze			Aumenta o poder e a velocidade de ataque em $H_W_GOOD1000%$COLOR_END e $H_W_GOOD10400%$COLOR_END, respectivamente, mas o HP diminui $H_W_BAD0.2%$COLOR_END a cada $H_W_BAD3s$COLOR_END. O efeito se acumula até 99 vezes. O Tuwangi Blood-Haze não pode ser removido.	icon_status.plusattack_tex	icon_status.plusattack_tex	True
47630100	ASpd	Debuff	False	perc	30000	0	105	Tuwangi Blood-Haze			Aumenta o poder e a velocidade de ataque em $H_W_GOOD1000%$COLOR_END e $H_W_GOOD10400%$COLOR_END, respectivamente, mas o HP diminui $H_W_BAD0.2%$COLOR_END a cada $H_W_BAD3s$COLOR_END. O efeito se acumula até 99 vezes. O Tuwangi Blood-Haze não pode ser removido.	icon_status.plusattack_tex	icon_status.plusattack_tex	True
47630100	HPChange	Debuff	False	perc	30000	3	-1	Tuwangi Blood-Haze			Aumenta o poder e a velocidade de ataque em $H_W_GOOD1000%$COLOR_END e $H_W_GOOD10400%$COLOR_END, respectivamente, mas o HP diminui $H_W_BAD0.2%$COLOR_END a cada $H_W_BAD3s$COLOR_END. O efeito se acumula até 99 vezes. O Tuwangi Blood-Haze não pode ser removido.	icon_status.plusattack_tex	icon_status.plusattack_tex	True
47630200	BuffNearbyParty	Stun	False	swch	10000	3	476302	Eyestriker			Atordoa todos os outros membros do grupo em um raio de 15 m de você. O Eyestriker não pode ser removido.	icon_status.fearstatus_tex	icon_status.fearstatus_tex	True
47630300	Power	Buff	True	perc	0	0	1000	Fiery Rage			Aumenta a potência em $H_W_GOOD1000%$COLOR_END e a velocidade de ataque em $H_W_GOOD200%$COLOR_END.	icon_status.plusattack_tex	icon_status.plusattack_tex	True
47630300	ASpd	Buff	True	perc	0	0	10	Fiery Rage			Aumenta a potência em $H_W_GOOD1000%$COLOR_END e a velocidade de ataque em $H_W_GOOD200%$COLOR_END.	icon_status.plusattack_tex	icon_status.plusattack_tex	True
47640100	Power	Buff	True	perc	20000	0	13	Soul Fortitude			Aumenta a potência em $H_W_GOOD1200%$COLOR_END.	icon_status.plusattack_tex	icon_status.plusattack_tex	True
47640200	Endurance	Buff	True	perc	20000	0	10	Vassal's Boon			Imune a knockdown, imobilização e todos os efeitos nocivos.	icon_status.plusedefence_tex	icon_status.plusedefence_tex	True
47640200	Ballance	Buff	True	perc	20000	0	100	Vassal's Boon			Imune a knockdown, imobilização e todos os efeitos nocivos.	icon_status.plusedefence_tex	icon_status.plusedefence_tex	True
47640200	ResistNegative	Buff	True	swch	20000	0	0	Vassal's Boon			Imune a knockdown, imobilização e todos os efeitos nocivos.	icon_status.plusedefence_tex	icon_status.plusedefence_tex	True
47640300	Endurance	Buff	True	perc	10000	0	2	Iron Coat			Aumenta a resistência em $H_W_GOOD100%$COLOR_END. e concede imunidade a efeitos de nocaute, imobilização e dano.	icon_status.plusedefence_tex	icon_status.plusedefence_tex	True
47640300	Ballance	Buff	True	perc	10000	0	100	Iron Coat			Aumenta a resistência em $H_W_GOOD100%$COLOR_END. e concede imunidade a efeitos de nocaute, imobilização e dano.	icon_status.plusedefence_tex	icon_status.plusedefence_tex	True
47640300	AllResist	Buff	True	perc	10000	0	100	Iron Coat			Aumenta a resistência em $H_W_GOOD100%$COLOR_END. e concede imunidade a efeitos de nocaute, imobilização e dano.	icon_status.plusedefence_tex	icon_status.plusedefence_tex	True
47640400	HPChange	DOT	False	perc	10000	1	-7	Toxic Gas			Diminui o HP em $H_W_BAD7%$COLOR_END a cada $H_W_BAD1s$COLOR_END.	icon_status.poisonstatus_tex	icon_status.poisonstatus_tex	True
47640500	Power	Buff	True	perc	30000	0	12	Battle Anthem			Aumenta a potência em $H_W_GOOD1100%$COLOR_END.	icon_status.plusattack_tex	icon_status.plusattack_tex	True
47640600	MovSpd	Buff	True	setp	0	0	240	Grace of the Waves			Aumenta a velocidade de natação em $H_W_BAD23900%$COLOR_END. Pode ressuscitar no local da morte.	icon_status.minusmove_tex	icon_status.minusmove_tex	True
47640600	Resurrect	Buff	True	swch	0	0	5	Grace of the Waves			Aumenta a velocidade de natação em $H_W_BAD23900%$COLOR_END. Pode ressuscitar no local da morte.	icon_status.minusmove_tex	icon_status.minusmove_tex	True
47640700	HPChange	DOT	False	perc	10000	1	-1	Argon Virus I			A infecção consome $H_W_BAD10%$COLOR_END do total de HP a cada $H_W_BAD1s$COLOR_END.	icon_status.poisonstatus_tex	icon_status.poisonstatus_tex	True
47640800	HPChange	DOT	False	perc	10000	1	-5	Argon Virus II			A infecção consome $H_W_BAD5%$COLOR_END do total de HP a cada $H_W_BAD1s$COLOR_END.	icon_status.poisonstatus_tex	icon_status.poisonstatus_tex	True
47640900	HPChange	DOT	False	perc	10000	1	-3	Argon Virus III			A infecção consome $H_W_BAD3%$COLOR_END do total de HP a cada $H_W_BAD1s$COLOR_END.	icon_status.poisonstatus_tex	icon_status.poisonstatus_tex	True
47641000	Power	Buff	True	perc	10000	0	2	Parental Fervor			Aumento da potência e da resistência em $H_W_BAD100%$COLOR_END e $H_W_BAD100%$COLOR_END, respectivamente. Velocidade de ataque aumentada em $H_W_BAD1400%$COLOR_END.	icon_status.plusattack_tex	icon_status.plusattack_tex	True
47641000	Endurance	Buff	True	perc	10000	0	2	Parental Fervor			Aumento da potência e da resistência em $H_W_BAD100%$COLOR_END e $H_W_BAD100%$COLOR_END, respectivamente. Velocidade de ataque aumentada em $H_W_BAD1400%$COLOR_END.	icon_status.plusattack_tex	icon_status.plusattack_tex	True
47641000	ASpd	Buff	True	perc	10000	0	15	Parental Fervor			Aumento da potência e da resistência em $H_W_BAD100%$COLOR_END e $H_W_BAD100%$COLOR_END, respectivamente. Velocidade de ataque aumentada em $H_W_BAD1400%$COLOR_END.	icon_status.plusattack_tex	icon_status.plusattack_tex	True
47641100	KnockDownChance	Buff	True	perc	10000	0	0	Wardstone			Absorve todo o dano.	icon_status.plusedefence_tex	icon_status.plusedefence_tex	True
47641100	DefPotion	Buff	True	perc	10000	0	0	Wardstone			Absorve todo o dano.	icon_status.plusedefence_tex	icon_status.plusedefence_tex	True
47641100	Immune	Buff	True	setp	10000	0	0	Wardstone			Absorve todo o dano.	icon_status.plusedefence_tex	icon_status.plusedefence_tex	True
47641200	Power	Debuff	False	perc	0	0	5	Broken Basilisk Heart			Diminuição da potência e da resistência em $H_W_BAD400%$COLOR_END e $H_W_BAD200%$COLOR_END, respectivamente. A velocidade diminuiu em $H_W_BAD400%$COLOR_END.	icon_status.minusmove_tex	icon_status.minusmove_tex	True
47641200	Endurance	Debuff	False	perc	0	0	3	Broken Basilisk Heart			Diminuição da potência e da resistência em $H_W_BAD400%$COLOR_END e $H_W_BAD200%$COLOR_END, respectivamente. A velocidade diminuiu em $H_W_BAD400%$COLOR_END.	icon_status.minusmove_tex	icon_status.minusmove_tex	True
47641200	MovSpd	Debuff	False	perc	0	0	5	Broken Basilisk Heart			Diminuição da potência e da resistência em $H_W_BAD400%$COLOR_END e $H_W_BAD200%$COLOR_END, respectivamente. A velocidade diminuiu em $H_W_BAD400%$COLOR_END.	icon_status.minusmove_tex	icon_status.minusmove_tex	True
47641200	HPDrain	Debuff	False	perc	0	0	9	Broken Basilisk Heart			Diminuição da potência e da resistência em $H_W_BAD400%$COLOR_END e $H_W_BAD200%$COLOR_END, respectivamente. A velocidade diminuiu em $H_W_BAD400%$COLOR_END.	icon_status.minusmove_tex	icon_status.minusmove_tex	True
47641300	KnockDownChance	Buff	True	perc	20000	0	0	Wardstone			Absorve todo o dano.	icon_status.plusedefence_tex	icon_status.plusedefence_tex	True
47641300	DefPotion	Buff	True	perc	20000	0	0	Wardstone			Absorve todo o dano.	icon_status.plusedefence_tex	icon_status.plusedefence_tex	True
47641300	Immune	Buff	True	setp	20000	0	0	Wardstone			Absorve todo o dano.	icon_status.plusedefence_tex	icon_status.plusedefence_tex	True
47641400	MovSpd	Debuff	False	perc	6000	0	5	Dizziness			A tontura diminui a velocidade de movimento em $H_W_BAD400%$COLOR_END.	icon_status.minusmove_tex	icon_status.minusmove_tex	True
47641400	HPDrain	Debuff	False	perc	6000	0	9	Dizziness			A tontura diminui a velocidade de movimento em $H_W_BAD400%$COLOR_END.	icon_status.minusmove_tex	icon_status.minusmove_tex	True
47650100	Power	Buff	True	perc	1200000	0	15	Show of Strength			50 mortes. Aumento da potência em $H_W_GOOD1400%$COLOR_END.	icon_status.plusattack_tex	icon_status.plusattack_tex	True
47650200	Crit	Buff	True	perc	300000	0	30	Edge of Vengeance			100 mortes. A taxa de crítico aumentou em $H_W_GOOD2900%$COLOR_END.	icon_status.plusecritical_tex	icon_status.plusecritical_tex	True
47650300	CDR	Buff	True	perc	30000	0	1	Killing Spree			150 mortes. Redução do tempo de recarga das habilidades de longo alcance em $H_W_GOOD0%$COLOR_END enquanto estiverem em vigor.	icon_status.pluswill_tex	icon_status.pluswill_tex	True
47650400	HPChange	Buff	True	perc	1000	1	3	Relic's Healing			Cura imediatamente $H_W_GOOD50%$COLOR_END do total de HP.	icon_status.plushp_tex	icon_status.plushp_tex	True
47650500	Ballance	Buff	True	setp	30000	0	1000000	Dauntless			250 mata.$BRImune a todos os efeitos nocivos.$BRIaumenta o equilíbrio.	icon_status.immunedebuff_tex	icon_status.immunedebuff_tex	True
47650500	ResistNegative	Buff	True	swch	30000	0	0	Dauntless			250 mata.$BRImune a todos os efeitos nocivos.$BRIaumenta o equilíbrio.	icon_status.immunedebuff_tex	icon_status.immunedebuff_tex	True
47650510	Stun	Debuff	False	swch	1000	0	5	Blood Haze			250 mortes. Atordoado. Não pode se mover.	icon_status.confuseup_tex	icon_status.confuseup_tex	True
47650600	Block	Stun	False	swch	10000	0	0	Distortion Effect			Não é possível usar nenhuma habilidade enquanto estiver em vigor. O efeito de distorção não pode ser removido.	icon_status.minuswill_tex	icon_status.minuswill_tex	True
47650700	ResistNegative	Buff	True	swch	180000	0	0	Relic's Protection	355	Transference Serum	Imune a todos os efeitos nocivos.	icon_status.sealskill_tex	icon_status.sealskill_tex	True
47650800	MovSpd	DOT	False	seta	30000	0	10	Snare of Agony			O movimento é reduzido para $H_W_BAD10$COLOR_END e retira $H_W_BAD9%$COLOR_END do total de HP a cada $H_W_BAD0s$COLOR_END. O Snare of Agony não pode ser removido.	icon_status.poisonstatus_tex	icon_status.poisonstatus_tex	True
47650800	HPDrain	DOT	False	perc	30000	0	9	Snare of Agony			O movimento é reduzido para $H_W_BAD10$COLOR_END e retira $H_W_BAD9%$COLOR_END do total de HP a cada $H_W_BAD0s$COLOR_END. O Snare of Agony não pode ser removido.	icon_status.poisonstatus_tex	icon_status.poisonstatus_tex	True
47650800	HPChange	DOT	False	perc	30000	1	-1	Snare of Agony			O movimento é reduzido para $H_W_BAD10$COLOR_END e retira $H_W_BAD9%$COLOR_END do total de HP a cada $H_W_BAD0s$COLOR_END. O Snare of Agony não pode ser removido.	icon_status.poisonstatus_tex	icon_status.poisonstatus_tex	True
47650900	HPLoss	Debuff	False	abs	1000	0	-10000000	Fist of Torment			O Punho do Tormento mata você. Você não pode escapar de seu destino.	icon_status.minuswill_tex	icon_status.minuswill_tex	True
47651000	Resurrect	Buff	True	swch	180000	0	5	Relic Rebirth			Pode reviver no local.	icon_status.vitality_tex	icon_status.vitality_tex	True
47660100	HPChange	DOT	False	perc	10000	1	-3	Sweltering Doom			Diminui o HP em $H_W_BAD3%$COLOR_END a cada $H_W_BAD1s$COLOR_END. O Sweltering Doom não pode ser removido.	icon_status.poisonstatus_tex	icon_status.poisonstatus_tex	True
47660200	HPChange	DOT	False	perc	30000	5	-3	Shocking Source			Diminui o HP em $H_W_BAD3%$COLOR_END a cada $H_W_BAD5s$COLOR_END e atordoa você e os membros do grupo em um raio de 12 m por um determinado período de tempo! A Shocking Source não pode ser removida.	icon_status.poisonstatus_tex	icon_status.poisonstatus_tex	True
47660200	BuffNearbyParty	DOT	False	seta	30000	4	476602	Shocking Source			Diminui o HP em $H_W_BAD3%$COLOR_END a cada $H_W_BAD5s$COLOR_END e atordoa você e os membros do grupo em um raio de 12 m por um determinado período de tempo! A Shocking Source não pode ser removida.	icon_status.poisonstatus_tex	icon_status.poisonstatus_tex	True
47660300	HPChange	DOT	False	perc	5000	5	-3	Zzzap			Redução da vida em $H_W_BAD30%$COLOR_END a cada $H_W_BAD5s$COLOR_END. Atordoado e imobilizado. O Zzzap não pode ser removido.	icon_status.confuseup_tex	icon_status.confuseup_tex	True
47660300	Stun	DOT	False	swch	5000	0	5	Zzzap			Redução da vida em $H_W_BAD30%$COLOR_END a cada $H_W_BAD5s$COLOR_END. Atordoado e imobilizado. O Zzzap não pode ser removido.	icon_status.confuseup_tex	icon_status.confuseup_tex	True
47660400	MovSpd	Debuff	False	perc	30000	0	9	Doused			Redução da velocidade de movimento em $H_W_BAD800%$COLOR_END. Redução de HP em $H_W_BAD800%$COLOR_END quando atacado.$BRUse a capa de amortecimento para secar.	icon_status.minushp_tex	icon_status.minushp_tex	True
47660400	HPDrain	Debuff	False	perc	30000	0	9	Doused			Redução da velocidade de movimento em $H_W_BAD800%$COLOR_END. Redução de HP em $H_W_BAD800%$COLOR_END quando atacado.$BRUse a capa de amortecimento para secar.	icon_status.minushp_tex	icon_status.minushp_tex	True
47660400	DefPotion	Debuff	False	perc	30000	0	5	Doused			Redução da velocidade de movimento em $H_W_BAD800%$COLOR_END. Redução de HP em $H_W_BAD800%$COLOR_END quando atacado.$BRUse a capa de amortecimento para secar.	icon_status.minushp_tex	icon_status.minushp_tex	True
47660500	MovSpd	Buff	True	perc	60000	0	11	Well-Maintained			Essa máquina é bem mantida com lubrificação diária! Aumenta a velocidade de movimento em $H_W_GOOD1000%$COLOR_END e a velocidade de ataque em $H_W_GOOD1000%$COLOR_END. O efeito Well-Maintained não pode ser removido.	icon_status.plusmove_tex	icon_status.plusmove_tex	True
47660500	ASpd	Buff	True	perc	60000	0	11	Well-Maintained			Essa máquina é bem mantida com lubrificação diária! Aumenta a velocidade de movimento em $H_W_GOOD1000%$COLOR_END e a velocidade de ataque em $H_W_GOOD1000%$COLOR_END. O efeito Well-Maintained não pode ser removido.	icon_status.plusmove_tex	icon_status.plusmove_tex	True
47660600	MaxHP	Buff	True	perc	60000	0	11	Repaired			O reparo foi muito bem feito. Aumentou a resistência em $H_W_GOOD1200%$COLOR_END e o HP máximo em $H_W_GOOD1000%$COLOR_END. O efeito reparado não pode ser removido.	icon_status.plusedefence_tex	icon_status.plusedefence_tex	True
47660600	Endurance	Buff	True	perc	60000	0	13	Repaired			O reparo foi muito bem feito. Aumentou a resistência em $H_W_GOOD1200%$COLOR_END e o HP máximo em $H_W_GOOD1000%$COLOR_END. O efeito reparado não pode ser removido.	icon_status.plusedefence_tex	icon_status.plusedefence_tex	True
47660700	63	Buff	False	setp	300000	0	0	Exposure			Você foi exposto aos inimigos! Aumenta a agressividade dos inimigos em um raio de 12 m. A exposição não pode ser removida.	icon_skills.voidtrap_tex	icon_skills.voidtrap_tex	True
47660800	Drunk	Debuff	False	60000	65000	0	0	Darkness			Torna difícil enxergar qualquer coisa ao seu redor. A escuridão não pode ser removida.	icon_status.darkeffect_tex	icon_status.darkeffect_tex	False
47660900	Drunk	Debuff	False	60001	5000	0	0	White Flash			Torna difícil ver as coisas ao seu redor. O Flash branco não pode ser removido.	icon_status.lighteffect_tex	icon_status.lighteffect_tex	True
47661000	Drunk	Debuff	False	60002	180000	0	0	Deep Darkness			Torna difícil enxergar qualquer coisa ao seu redor. O Deep Darkness não pode ser removido.	icon_status.darkeffect_tex	icon_status.darkeffect_tex	True
47661100	StackCounter	Buff	False	swch	86400000	0	476611	Electricity Recharge Basic			Aumenta a potência em $H_W_GOOD47661000%$COLOR_END. A recarga de eletricidade pode ser acumulada até 4 vezes.	icon_skills.voidtrap_tex	icon_skills.voidtrap_tex	False
47661500	StackCounter	Debuff	False	swch	30000	0	476615	Electric Shock Basic			O Electric Shock pode ser empilhado até 4 vezes.	icon_skills.voidtrap_tex	icon_skills.voidtrap_tex	False
47661900	Block	Stun	False	swch	5000	0	0	Cursed Jar			Não é possível usar as habilidades. A Jarra Amaldiçoada não pode ser removida.	icon_status.sealskill_tex	icon_status.sealskill_tex	True
47662000	CDR	Buff	True	perc	5000	0	1	Blessing Jar			Diminui o tempo de recarga em $H_W_GOOD0%$COLOR_END. Os Blessing Jars não podem ser removidos.	icon_status.minusmp_tex	icon_status.minusmp_tex	True
47662100	MovSpd	Debuff	False	perc	30000	0	5	Stickiness			Diminui a velocidade de movimento em $H_W_BAD400%$COLOR_END. A aderência não pode ser removida.	icon_status.minusmove_tex	icon_status.minusmove_tex	True
47662100	HPDrain	Debuff	False	perc	30000	0	9	Stickiness			Diminui a velocidade de movimento em $H_W_BAD400%$COLOR_END. A aderência não pode ser removida.	icon_status.minusmove_tex	icon_status.minusmove_tex	True
47662110	Endurance	Debuff	False	perc	3000	0	1	For AI Verification			Para verificação de IA	icon_skills.voidtrap_tex	icon_skills.voidtrap_tex	False
47662120	ASpd	Buff	True	perc	86400000	0	105	Oiling			Aumenta a velocidade de ataque em $H_W_GOOD10400%$COLOR_END. Esse efeito pode ser acumulado até 3 vezes.	icon_status.plusmove_tex	icon_status.plusmove_tex	True
47662130	AtkPotion	Buff	True	perc	30000	0	2	Perfect Machine			Resiste a qualquer dano em 100% e aumenta o dano da habilidade em $H_W_GOOD100%$COLOR_END.	icon_status.plusattack_tex	icon_status.plusattack_tex	True
47662130	Immune	Buff	True	seta	30000	0	0	Perfect Machine			Resiste a qualquer dano em 100% e aumenta o dano da habilidade em $H_W_GOOD100%$COLOR_END.	icon_status.plusattack_tex	icon_status.plusattack_tex	True
47662140	StackCounter	Buff	True	swch	3000	0	476621	Zzz...			Dez pilhas de Zzz... causam sono profundo.	icon_status.sleepstatus_tex	icon_status.sleepstatus_tex	True
47662200	Immune	Buff	True	17	20000	0	0	Power of the Coconut			Invencível contra danos. Não pode ser derrubado ou imobilizado.	icon_status.plusedefence_tex	icon_status.plusedefence_tex	True
47662300	Drunk	Debuff	False	60010	35000	0	0	Darkness I			Você está gradualmente se tornando cego.	icon_status.darkeffect_tex	icon_status.darkeffect_tex	True
47662500	Endurance	Debuff	False	perc	20000	0	9	Motherly Sadness			Diminui a resistência em $H_W_BAD800%$COLOR_END. A Motherly Sadness pode ser acumulada até 6 vezes.	icon_status.minusdefence_tex	icon_status.minusdefence_tex	True
47662600	DefPotion	Buff	True	perc	3600000	0	9	Golem Power			Reduz o dano causado por eletricidade em $H_W_GOOD800%$COLOR_END.	icon_status.minusdefence_tex	icon_status.minusdefence_tex	True
47662700	StackCounter	Debuff	False	swch	30000	0	476625	Electric Shock Basic			O Electric Shock pode ser empilhado até 4 vezes.	icon_skills.voidtrap_tex	icon_skills.voidtrap_tex	False
47662800	Endurance	Buff	True	perc	45000	0	3	Time of Immortality			100% de resistência a todos os efeitos nocivos; aumenta a resistência em $H_W_GOOD200%$COLOR_END.	icon_status.immunedebuff_tex	icon_status.immunedebuff_tex	True
47662800	ResistNegative	Buff	True	swch	45000	0	0	Time of Immortality			100% de resistência a todos os efeitos nocivos; aumenta a resistência em $H_W_GOOD200%$COLOR_END.	icon_status.immunedebuff_tex	icon_status.immunedebuff_tex	True
47670100	Absorb	Buff	True	swch	5000	0	300000	Arcane Aegis			Absorve até $H_W_GOOD300000$COLOR_END de dano.$BRArcane Aegis não pode ser removida.	icon_skills.manashield_tex	icon_skills.manashield_tex	True
47670101	DefPotion	Buff	True	perc	5000	0	0	Arcane Aegis			Absorve até $H_W_GOOD100%$COLOR_END de dano.$BRArcane Aegis não pode ser removida.	icon_skills.manashield_tex	icon_skills.manashield_tex	True
47670200	Power	Buff	True	perc	600000	0	105	Rage of the Warrior			A raiva adicionada à tristeza aumenta a potência em $H_W_GOOD10400%$COLOR_END e a velocidade de movimento em $H_W_GOOD10400%$COLOR_END. Reduz a resistência em $H_W_BAD9400%$COLOR_END. A Rage of the Warrior não pode ser removida.	icon_status.angerwarrior_tex	icon_status.angerwarrior_tex	True
47670200	Endurance	Buff	True	perc	600000	0	95	Rage of the Warrior			A raiva adicionada à tristeza aumenta a potência em $H_W_GOOD10400%$COLOR_END e a velocidade de movimento em $H_W_GOOD10400%$COLOR_END. Reduz a resistência em $H_W_BAD9400%$COLOR_END. A Rage of the Warrior não pode ser removida.	icon_status.angerwarrior_tex	icon_status.angerwarrior_tex	True
47670200	MovSpd	Buff	True	perc	600000	0	105	Rage of the Warrior			A raiva adicionada à tristeza aumenta a potência em $H_W_GOOD10400%$COLOR_END e a velocidade de movimento em $H_W_GOOD10400%$COLOR_END. Reduz a resistência em $H_W_BAD9400%$COLOR_END. A Rage of the Warrior não pode ser removida.	icon_status.angerwarrior_tex	icon_status.angerwarrior_tex	True
47670300	Power	Buff	True	perc	30000	0	2	Vigor of the Comrade			O grande vigor aumenta o Poder em $H_W_GOOD100%$COLOR_END. O Vigor do Camarada não pode ser removido.	icon_status.plusattack_tex	icon_status.plusattack_tex	True
47670400	Power	Debuff	False	perc	600000	0	5	Sap of Dagon			Diminui o Poder em $H_W_BAD400%$COLOR_END, a velocidade de ataque em $H_W_BAD400%$COLOR_END e a velocidade de movimento em $H_W_BAD100%$COLOR_END. A seiva de Dagon não pode ser removida.	icon_status.risindagon_tex	icon_status.risindagon_tex	True
47670400	MovSpd	Debuff	False	perc	600000	0	2	Sap of Dagon			Diminui o Poder em $H_W_BAD400%$COLOR_END, a velocidade de ataque em $H_W_BAD400%$COLOR_END e a velocidade de movimento em $H_W_BAD100%$COLOR_END. A seiva de Dagon não pode ser removida.	icon_status.risindagon_tex	icon_status.risindagon_tex	True
47670400	ASpd	Debuff	False	perc	600000	0	5	Sap of Dagon			Diminui o Poder em $H_W_BAD400%$COLOR_END, a velocidade de ataque em $H_W_BAD400%$COLOR_END e a velocidade de movimento em $H_W_BAD100%$COLOR_END. A seiva de Dagon não pode ser removida.	icon_status.risindagon_tex	icon_status.risindagon_tex	True
47670400	HPDrain	Debuff	False	perc	600000	0	9	Sap of Dagon			Diminui o Poder em $H_W_BAD400%$COLOR_END, a velocidade de ataque em $H_W_BAD400%$COLOR_END e a velocidade de movimento em $H_W_BAD100%$COLOR_END. A seiva de Dagon não pode ser removida.	icon_status.risindagon_tex	icon_status.risindagon_tex	True
47670500	BuffNearbyParty	Debuff	False	swch	3000	4	476705	Purification of Dagon			Diminui o PM dos membros do grupo em um raio de 2 m, exceto você. A Purificação de Dagon não pode ser removida.	icon_status.purifydagon_tex	icon_status.purifydagon_tex	True
47670600	RestoreHpOnHit	Buff	True	abs	300000	0	500	Yuanti's Bloodstain			A mancha de sangue restaura instantaneamente o HP em $H_W_GOOD500$COLOR_END quando uma habilidade atinge o alvo. A mancha de sangue de Yuanti não pode ser removida.	icon_status.blooduanty_tex	icon_status.blooduanty_tex	True
47670700	Immune	Debuff	True	seta	10000	0	0	Divine Blessing			100% resistente a efeitos nocivos.$BRDivine Blessing não pode ser removido.	icon_status.holybless_tex	icon_status.holybless_tex	False
47670800	ResistNegative	Buff	True	swch	45000	0	0	Shield of Insanity			100% resistente a efeitos nocivos.	icon_status.immunedebuff_tex	icon_status.immunedebuff_tex	False
47670900	HPLoss	Debuff	True	abs	3000	0	-10000000	Extinction			Você expirará quando o efeito expirar.$BRExtinction não pode ser removido.	icon_status.delaydamage_tex	icon_status.delaydamage_tex	True
47671000	Block	Stun	False	swch	10000	0	0	Enervated			Sem energia! Você não consegue usar nenhuma habilidade.	icon_status.sealskill_tex	icon_status.sealskill_tex	True
47680000	Power	Debuff	True	perc	300000	0	25	Nexus Frenetics			Frenetics aumenta a potência em $H_W_GOOD2400%$COLOR_END e a chance de ser derrubado ou imobilizado em $H_W_GOOD100%$COLOR_END. Aumenta a velocidade de movimento em $H_W_GOOD1400%$COLOR_END e a velocidade de ataque em $H_W_GOOD1400%$COLOR_END.	icon_skills.voidtrap_tex	icon_skills.voidtrap_tex	True
47680000	MovSpd	Debuff	True	perc	300000	0	15	Nexus Frenetics			Frenetics aumenta a potência em $H_W_GOOD2400%$COLOR_END e a chance de ser derrubado ou imobilizado em $H_W_GOOD100%$COLOR_END. Aumenta a velocidade de movimento em $H_W_GOOD1400%$COLOR_END e a velocidade de ataque em $H_W_GOOD1400%$COLOR_END.	icon_skills.voidtrap_tex	icon_skills.voidtrap_tex	True
47680000	ImpactEffective	Debuff	True	perc	300000	0	2	Nexus Frenetics			Frenetics aumenta a potência em $H_W_GOOD2400%$COLOR_END e a chance de ser derrubado ou imobilizado em $H_W_GOOD100%$COLOR_END. Aumenta a velocidade de movimento em $H_W_GOOD1400%$COLOR_END e a velocidade de ataque em $H_W_GOOD1400%$COLOR_END.	icon_skills.voidtrap_tex	icon_skills.voidtrap_tex	True
47680000	ASpd	Debuff	True	perc	300000	0	15	Nexus Frenetics			Frenetics aumenta a potência em $H_W_GOOD2400%$COLOR_END e a chance de ser derrubado ou imobilizado em $H_W_GOOD100%$COLOR_END. Aumenta a velocidade de movimento em $H_W_GOOD1400%$COLOR_END e a velocidade de ataque em $H_W_GOOD1400%$COLOR_END.	icon_skills.voidtrap_tex	icon_skills.voidtrap_tex	True
47680100	RestoreHpOnHit	Debuff	True	perc	300000	0	103	Dark Knowledge			Restaura o HP em $H_W_GOOD10200%$COLOR_END quando uma habilidade atinge o alvo.	icon_skills.voidtrap_tex	icon_skills.voidtrap_tex	True
47680200	Power	Buff	True	perc	0	0	3	Nexus Frenzy			A energia do Nexus inunda seus membros! $H_W_GOODTriplica$COLOR_END a potência e $H_W_GOODdobra$COLOR_END o fator de impacto.$BRNexus Frenzy não pode ser removido.	icon_status.darkriftrage_tex	icon_status.darkriftrage_tex	True
47680200	ImpactEffective	Buff	True	perc	0	0	2	Nexus Frenzy			A energia do Nexus inunda seus membros! $H_W_GOODTriplica$COLOR_END a potência e $H_W_GOODdobra$COLOR_END o fator de impacto.$BRNexus Frenzy não pode ser removido.	icon_status.darkriftrage_tex	icon_status.darkriftrage_tex	True
47680300	Power	Buff	True	perc	0	0	3	Nexus Surge			A energia do Nexus acelera você! $H_W_GOODDuplica$COLOR_END a velocidade de movimento e $H_W_GOODtriplica$COLOR_END a potência.$BRNexus Surge não pode ser removido.	icon_status.darkriftrage_tex	icon_status.darkriftrage_tex	True
47680300	ASpd	Buff	True	perc	0	0	2	Nexus Surge			A energia do Nexus acelera você! $H_W_GOODDuplica$COLOR_END a velocidade de movimento e $H_W_GOODtriplica$COLOR_END a potência.$BRNexus Surge não pode ser removido.	icon_status.darkriftrage_tex	icon_status.darkriftrage_tex	True
47680400	RestoreHpOnHit	Buff	True	perc	0	0	1002	Nexus Regeneration			Restaura o HP em $H_W_GOOD0.2%$COLOR_END para cada acerto bem-sucedido. O $BRNexus Regeneration não pode ser removido.	icon_status.darkriftrecovery_tex	icon_status.darkriftrecovery_tex	True
47680500	Power	Buff	True	perc	600000	0	15	Nexus Alacrity			Aumenta o poder e a resistência em $H_W_GOOD1400%$COLOR_END toda vez que acumula. A Alacridade do Nexus não pode ser removida e acumula até 10 vezes.	icon_status.darkriftwill_tex	icon_status.darkriftwill_tex	True
47680500	Endurance	Buff	True	perc	600000	0	15	Nexus Alacrity			Aumenta o poder e a resistência em $H_W_GOOD1400%$COLOR_END toda vez que acumula. A Alacridade do Nexus não pode ser removida e acumula até 10 vezes.	icon_status.darkriftwill_tex	icon_status.darkriftwill_tex	True
47680600	StackCounter	Debuff	False	seta	15000	0	476806	Nexus Strike			Quando o Nexus Strike acumular $H_W_BAD5$COLOR_END vezes, o nexus implodirá sobre você, matando-o na hora.$BRNexus Strike não pode ser removido.	icon_status.darkriftwhisper_tex	icon_status.darkriftwhisper_tex	True
47680700	Power	Buff	True	perc	600000	0	1	Rage Explosion!			Oh, acho que o experimento do padrão falhou... Você parece muito irritado...	icon_status.diseaseup_tex	icon_status.diseaseup_tex	True
47680800	MaxHP	Buff	True	perc	7200000	0	105	Beyonder			Aumenta o HP máximo em $H_W_GOOD10400%$COLOR_END por pilha.	icon_status.darkriftgravity_tex	icon_status.darkriftgravity_tex	True
47680900	251	Buff	True	perc	7200000	0	2	Nexus Largesse			À medida que seu grupo aumenta, você tem mais chances de obter recompensas materiais.	icon_status.darkriftreward_tex	icon_status.darkriftreward_tex	True
47681000	Power	Debuff	True	perc	20000	0	11	Nexus Frenetics			Aumenta o poder em $H_W_GOOD1000%$COLOR_END toda vez que é acumulado. O Nexus Frenetics pode se acumular até 5 vezes e não pode ser removido.	icon_status.darkriftarearage_tex	icon_status.darkriftarearage_tex	True
47681100	CDR	Debuff	True	perc	20000	0	9	Nexus Celerity			Diminui o tempo de recarga de todas as habilidades em $H_W_GOOD800%$COLOR_END toda vez que acumula. O Nexus Celerity pode ser acumulado até 5 vezes e não pode ser removido.	icon_status.darkriftareatimeshift_tex	icon_status.darkriftareatimeshift_tex	True
47681200	ASpd	Debuff	True	perc	20000	0	11	Nexus Haste			Aumenta a velocidade de ataque em $H_W_GOOD1000%$COLOR_END toda vez que acumula. A Aceleração do Nexus pode se acumular até 5 vezes e não pode ser removida.	icon_status.darkriftareawind_tex	icon_status.darkriftareawind_tex	True
47681300	253	Debuff	True	perc	20000	0	1	Nexus Bane			Aumenta o dano de habilidade em $H_W_GOOD50%$COLOR_END toda vez que o número de alvos aumenta, até um máximo de 5, e concede $H_W_GOOD3 vezes$COLOR_END de dano de habilidade aumentado. O Nexus Bane pode ser acumulado até 5 vezes e não pode ser removido.	icon_status.darkriftareasword_tex	icon_status.darkriftareasword_tex	True
47681400	Power	Debuff	True	perc	20000	0	12	Nexus Revelry			Aumenta o poder em $H_W_GOOD1100%$COLOR_END toda vez que acumula. Quando acumula 5 vezes, você é forçado a dançar e o contador é reiniciado. O Nexus Revelry não pode ser removido.	icon_status.darkriftareadance_tex	icon_status.darkriftareadance_tex	True
47681400	StackCounter	Debuff	True	seta	20000	0	476814	Nexus Revelry			Aumenta o poder em $H_W_GOOD1100%$COLOR_END toda vez que acumula. Quando acumula 5 vezes, você é forçado a dançar e o contador é reiniciado. O Nexus Revelry não pode ser removido.	icon_status.darkriftareadance_tex	icon_status.darkriftareadance_tex	True
47681500	Power	Buff	True	perc	20000	0	115	Dimensional Vigor			Aumenta o poder em $H_W_GOOD15%$COLOR_END (até $H_W_GOOD75%$COLOR_END) toda vez que você pula. O Dimensional Vigor pode ser acumulado até 5 vezes e não pode ser removido.	icon_status.darkriftareafunny_tex	icon_status.darkriftareafunny_tex	True
47681600	Endurance	Buff	True	perc	3600000	0	1	Nexus Call	98162	Voucher Acesso a Nexus	Você está sendo puxado para o Nexus. Você pode entrar no Nexus Traverse.$BRO tempo de espera de duas horas para o Nexus Traverse se aplica a todos os personagens desta conta.	icon_status.calldimension_tex	icon_status.calldimension_tex	True
47681601	Endurance	Buff	True	perc	3600000	0	1	Nexus Call			Você está sendo puxado para o Nexus. Você pode entrar no Nexus Traverse.$BRO tempo de espera de duas horas para o Nexus Traverse se aplica a todos os personagens desta conta.	icon_status.calldimension_tex	icon_status.calldimension_tex	True
47681602	Endurance	Buff	True	perc	3600000	0	1	Nexus Call			Você está sendo puxado para o Nexus. Você pode entrar no Nexus Traverse.$BRO tempo de espera de duas horas para o Nexus Traverse se aplica a todos os personagens desta conta.	icon_status.calldimension_tex	icon_status.calldimension_tex	True
47681700	Endurance	Buff	True	perc	46800000	0	1	Dimensional Anchor			Você explorou recentemente o Nexus Traverse. Você não pode entrar novamente no Nexus Traverse.	icon_status.dimensionguard_tex	icon_status.dimensionguard_tex	True
47681800	Plague	Buff	True	seta	3600000	5	476818	Nexus Conduit			Infunde energia do Nexus nos aliados em um raio de 12 m a cada $H_W_GOOD5s$COLOR_END.	icon_status.darkriftareatimeshift_tex	icon_status.darkriftareatimeshift_tex	True
47690000	Block	Stun	False	swch	10000	0	0	Ultrasonic Impact			Você não poderá usar nenhuma habilidade durante o período de duração do efeito.$BREfeito não pode ser removido.	icon_status.sealskill_tex	icon_status.sealskill_tex	True
47690100	Endurance	Debuff	False	perc	60000	0	2	Trampled			A resistência diminui em $H_W_BAD100%$COLOR_END.$BREffect não pode ser removido.	icon_status.minusdefence_tex	icon_status.minusdefence_tex	True
47690200	DefPotion	Buff	True	perc	0	0	2	Red Shield			Reduz o dano de ataques à distância em $H_W_GOOD100%$COLOR_END.$BRRed Shield não pode ser removido.	icon_status.plusedefence_tex	icon_status.plusedefence_tex	True
47690300	DefPotion	Buff	True	perc	0	0	2	Blue Shield			Reduz o dano de ataques corpo a corpo em $H_W_GOOD100%$COLOR_END.$BRBlue Shield não pode ser removido.	icon_status.plusedefence_tex	icon_status.plusedefence_tex	True
47690400	Stun	Stun	False	swch	0	0	5	Energy Drain			Atordoado e incapaz de se mover.$BREnergy Drain não pode ser removido.	icon_status.confuseup_tex	icon_status.confuseup_tex	True
47690500	Plague	Debuff	False	seta	15000	2	476905	Electric Jolt			Derruba e imobiliza aliados em um raio de 10 metros a cada $H_W_GOOD2s$COLOR_END. O Electric Jolt neutraliza o Energy Drain (Drenagem de energia).$BRElectric Jolt não pode ser removido.	icon_status.paralyzestatus_tex	icon_status.paralyzestatus_tex	True
47690600	Plague	Debuff	False	seta	3000	1	476906	Death's Hand			Quando a Mão da Morte terminar, atinja os aliados próximos com um Toque da Morte que drena $H_W_BAD50%$COLOR_END do HP total deles a cada $H_W_BAD1s$COLOR_END.	icon_status.poisonstatus_tex	icon_status.poisonstatus_tex	True
47690700	DelayedEffect	DOT	False	abs	5000	0	476907	Spiritual Wound			Quando a Ferida Espiritual terminar, atinja os aliados próximos com uma Quebra Espiritual que atordoa, imobiliza e drena a Vida.	icon_status.confuseup_tex	icon_status.confuseup_tex	True
47690800	HPChange	Debuff	False	perc	10000	10	-1	Depth's Glare			Quando o Brilho da Profundidade terminar, perderá $H_W_BAD10%$COLOR_END do total de PV.$BRDO Brilho da Profundidade não pode ser removido.	icon_status.minushp_tex	icon_status.minushp_tex	True
47690800	StackCounter	Debuff	False	swch	10000	0	47690900	Depth's Glare			Quando o Brilho da Profundidade terminar, perderá $H_W_BAD10%$COLOR_END do total de PV.$BRDO Brilho da Profundidade não pode ser removido.	icon_status.minushp_tex	icon_status.minushp_tex	True
47690900	HPLoss	DOT	False	abs	10000	0	-10000000	Depth's Grip			Quando o Depth's Grip termina, você morre.$BRDepth's Grip não pode ser removido.	icon_status.delaydamage_tex	icon_status.delaydamage_tex	True
47691000	MPChange	Debuff	False	perc	5000	1	-100000000	Mana Agony			Reduz o MP para $H_W_BAD0$COLOR_END e impede a recuperação do MP.$BRMana Agony não pode ser removida.	icon_status.minusmp_tex	icon_status.minusmp_tex	True
47691000	NoHeal	Debuff	False	abs	5000	0	0	Mana Agony			Reduz o MP para $H_W_BAD0$COLOR_END e impede a recuperação do MP.$BRMana Agony não pode ser removida.	icon_status.minusmp_tex	icon_status.minusmp_tex	True
47700000	MovSpd	Buff	True	perc	0	0	15	Celerity			Aumenta a velocidade de movimento em $H_W_GOOD1400%$COLOR_END e a velocidade de ataque em $H_W_GOOD1400%$COLOR_END.$BRCeleridade não pode ser removida.	icon_status.plusmove_tex	icon_status.plusmove_tex	True
47700000	ASpd	Buff	True	perc	0	0	15	Celerity			Aumenta a velocidade de movimento em $H_W_GOOD1400%$COLOR_END e a velocidade de ataque em $H_W_GOOD1400%$COLOR_END.$BRCeleridade não pode ser removida.	icon_status.plusmove_tex	icon_status.plusmove_tex	True
47700100	HPChange	DOT	False	perc	5000	1	-2	Consuming Disease			Perde $H_W_BAD20%$COLOR_END do HP total a cada $H_W_BAD1s$COLOR_END.$BRConsuming Disease não pode ser removido.	icon_status.poisonstatus_tex	icon_status.poisonstatus_tex	True
47700200	HPLoss	DOT	False	abs	10000	0	-10000000	Destruction of the Strong			Quando Destruction of the Strong termina, você morre se tiver $H_W_GOOD acima de 50%$COLOR_END HP.$BRDestruction of the Strong não pode ser removido.	icon_status.firedamage_tex	icon_status.firedamage_tex	True
47700300	HPLoss	DOT	False	abs	10000	0	-10000000	Destruction of the Weak			Quando a Destruição dos Fracos termina, você morre se tiver $H_W_BAD50% ou menos$COLOR_END HP.$BRDestruição dos Fracos não pode ser removida.	icon_status.firedamage_tex	icon_status.firedamage_tex	True
47700400	Endurance	Debuff	False	perc	10000	0	5	Impurity			Diminui a resistência em $H_W_BAD400%$COLOR_END.$BRImpurity não pode ser removido.	icon_status.minusdefence_tex	icon_status.minusdefence_tex	True
47700500	Endurance	Debuff	False	perc	10000	0	5	Ephemeral Chitin			Aumenta a resistência em $H_W_BAD400%$COLOR_END, mas reduz a velocidade de movimento em $H_W_BAD400%$COLOR_END.$BREA quitina efêmera não pode ser removida.	icon_status.minusdefence_tex	icon_status.minusdefence_tex	True
47700500	MovSpd	Debuff	False	perc	10000	0	5	Ephemeral Chitin			Aumenta a resistência em $H_W_BAD400%$COLOR_END, mas reduz a velocidade de movimento em $H_W_BAD400%$COLOR_END.$BREA quitina efêmera não pode ser removida.	icon_status.minusdefence_tex	icon_status.minusdefence_tex	True
47700500	HPDrain	Debuff	False	perc	10000	0	9	Ephemeral Chitin			Aumenta a resistência em $H_W_BAD400%$COLOR_END, mas reduz a velocidade de movimento em $H_W_BAD400%$COLOR_END.$BREA quitina efêmera não pode ser removida.	icon_status.minusdefence_tex	icon_status.minusdefence_tex	True
47700600	Endurance	Buff	True	perc	60000	0	1	Magnetic South			Magnetizado. Capaz de atrair todos os manaathols ao redor para você.$BRMagnetic South não pode ser cancelado.	icon_status.plusedefence_tex	icon_status.plusedefence_tex	True
47700700	Endurance	Buff	True	perc	60000	0	1	Magnetic North			Magnetizado. Capaz de atrair todos os manaathols ao redor para você.$BRMagnetic North não pode ser cancelado.	icon_status.plusedefence_tex	icon_status.plusedefence_tex	True
47700800	MovSpd	Buff	True	perc	10000	0	11	Parasite			Perde $H_W_BAD2%$COLOR_END do total de HP a cada $H_W_BAD1s$COLOR_END. Esse efeito pode se acumular até 5 vezes. $BRPule para cima e para baixo para se livrar dos parasitas.$BRParasitas não podem ser removidos de outra forma.	icon_status.minusattack_tex	icon_status.minusattack_tex	True
47700800	HPChange	DOT	False	perc	30000	1	-2	Parasite			Perde $H_W_BAD2%$COLOR_END do total de HP a cada $H_W_BAD1s$COLOR_END. Esse efeito pode se acumular até 5 vezes. $BRPule para cima e para baixo para se livrar dos parasitas.$BRParasitas não podem ser removidos de outra forma.	icon_status.minusattack_tex	icon_status.minusattack_tex	True
47700800	Drunk	DOT	False	426717	30000	0	0	Parasite			Perde $H_W_BAD2%$COLOR_END do total de HP a cada $H_W_BAD1s$COLOR_END. Esse efeito pode se acumular até 5 vezes. $BRPule para cima e para baixo para se livrar dos parasitas.$BRParasitas não podem ser removidos de outra forma.	icon_status.minusattack_tex	icon_status.minusattack_tex	True
47700800	StackCounter	DOT	False	swch	30000	0	477007	Parasite			Perde $H_W_BAD2%$COLOR_END do total de HP a cada $H_W_BAD1s$COLOR_END. Esse efeito pode se acumular até 5 vezes. $BRPule para cima e para baixo para se livrar dos parasitas.$BRParasitas não podem ser removidos de outra forma.	icon_status.minusattack_tex	icon_status.minusattack_tex	True
47701000	Immune	Buff	True	30	0	0	0	Existential Shield			Sua energia vital se manifesta como um escudo protetor. 100% de resistência a todos os efeitos nocivos.$BRExistential Shield não pode ser removido.	icon_status.immunedebuff_tex	icon_status.immunedebuff_tex	True
47701100	Endurance	Debuff	False	seta	0	0	100	Neutralization			Define a resistência como $H_W_BAD100$COLOR_END.$BRNão é possível remover a neutralização.	icon_status.plusedefence_tex	icon_status.plusedefence_tex	True
47701200	Endurance	Buff	True	perc	0	0	1	Steel Mind			A rainha de argônio ignora todos os ataques.$BRSteel Mind não pode ser removida.	icon_status.diffusionaggro_tex	icon_status.diffusionaggro_tex	True
47701300	Endurance	Buff	True	perc	0	0	1	Weakened Mind			A rainha de argônio depende do aggro.$BRMente enfraquecida não pode ser removida.	icon_status.stackabnormality_tex	icon_status.stackabnormality_tex	True
47701400	Endurance	Debuff	False	perc	40000	0	1	Argonic Metastasis			Aciona o System Seizure quando empilhado 5 vezes.	icon_status.poisonstatus_tex	icon_status.poisonstatus_tex	True
47701400	StackCounter	Debuff	False	swch	40000	0	477014	Argonic Metastasis			Aciona o System Seizure quando empilhado 5 vezes.	icon_status.poisonstatus_tex	icon_status.poisonstatus_tex	True
47701600	101	Buff	True	perc	5000	0	105	Wave of Relief			Cura $H_W_GOOD10400%$COLOR_END HP quando atacado.$BRWave of Relief não pode ser removido.	icon_status.plushp_tex	icon_status.plushp_tex	True
47701700	StackCounter	Buff	True	swch	20000	0	477026	Queen's Shriek			Causa Queen's Wrath (Ira da Rainha) quando acumulado 3 vezes.	icon_status.plusattack_tex	icon_status.plusattack_tex	True
47701800	DelayedEffect	Debuff	False	swch	5000	0	477014	Argon Mutagen			Quando o Mutagênico de Argônio termina, ele injeta Convulsão do Sistema.	icon_status.confuseup_tex	icon_status.confuseup_tex	True
47701900	Endurance	Buff	False	perc	0	0	1	Positive			Positivamente carregado.	icon_status.plusabnormality_tex	icon_status.plusabnormality_tex	True
47702000	Endurance	Buff	False	perc	0	0	1	Negative			Carregado negativamente.	icon_status.minusabnormality_tex	icon_status.minusabnormality_tex	True
47702100	HPChange	DOT	False	perc	10000	1	-1	Cellular Decay			Perde $H_W_BAD10%$COLOR_END do total de HP a cada $H_W_BAD1s$COLOR_END por um período definido. Depois disso, perde $H_W_BAD-30000$COLOR_END do total de HP.$BRCellular Decay não pode ser removido.	icon_status.delaydamage_tex	icon_status.delaydamage_tex	True
47702100	HPLoss	DOT	False	abs	10000	1	-30000	Cellular Decay			Perde $H_W_BAD10%$COLOR_END do total de HP a cada $H_W_BAD1s$COLOR_END por um período definido. Depois disso, perde $H_W_BAD-30000$COLOR_END do total de HP.$BRCellular Decay não pode ser removido.	icon_status.delaydamage_tex	icon_status.delaydamage_tex	True
47702200	BuffNearbyParty	DOT	False	swch	10000	4	477022	Queen's Cursed			Reduz o HP total de todos os membros do grupo ao redor em $H_W_BAD10%$COLOR_END a cada $H_W_BADsecond$COLOR_END.	icon_status.minuswill_tex	icon_status.minuswill_tex	True
47702300	BuffNearbyParty	Buff	False	seta	10000	4	477023	Source of Queen's Arrogance			Aumenta o poder em $H_W_GOOD30%$COLOR_END para você e todos os membros do grupo ao redor.	icon_status.pluswill_tex	icon_status.pluswill_tex	True
47702400	Absorb	Buff	False	abs	15000	0	1000000	Iron Wall			Absorve até $H_W_GOOD1000000$COLOR_END de dano antes de desaparecer.	icon_skills.manashield_tex	icon_skills.manashield_tex	True
47702400	Immune	Buff	False	20	15000	0	0	Iron Wall			Absorve até $H_W_GOOD1000000$COLOR_END de dano antes de desaparecer.	icon_skills.manashield_tex	icon_skills.manashield_tex	True
47702500	RestoreHpOnHit	Buff	False	perc	5000	0	4	Armor Thorns			Perde $H_W_GOOD40%$COLOR_END do total de HP em cada ataque.	icon_status.poisonstatus_tex	icon_status.poisonstatus_tex	True
47702700	Endurance	Stun	False	perc	6000	0	3	Cower in Her Presence			Atordoa e imobiliza você enquanto reduz a resistência em $H_W_BAD200%$COLOR_END.	icon_status.confuseup_tex	icon_status.confuseup_tex	True
47702700	Stun	Stun	False	swch	6000	0	5	Cower in Her Presence			Atordoa e imobiliza você enquanto reduz a resistência em $H_W_BAD200%$COLOR_END.	icon_status.confuseup_tex	icon_status.confuseup_tex	True
47702800	Endurance	Buff	True	perc	5000	0	1	Crackle			Nenhum	icon_status.plusattack_tex	icon_status.plusattack_tex	True
47702900	HPChange	DOT	False	perc	90000	5	-1	Greedy Thought			Pensamentos gananciosos estão surgindo em você. Mude esse efeito para Hateful Thought (Pensamento Odioso) antes que o efeito expire.	icon_status.cruel_slayer_1_tex	icon_status.cruel_slayer_1_tex	True
47702900	HPLoss	DOT	False	abs	90000	0	-10000000	Greedy Thought			Pensamentos gananciosos estão surgindo em você. Mude esse efeito para Hateful Thought (Pensamento Odioso) antes que o efeito expire.	icon_status.cruel_slayer_1_tex	icon_status.cruel_slayer_1_tex	True
47703000	HPChange	DOT	False	perc	90000	5	-1	Hateful Thought			Você é subitamente dominado pela raiva alienígena. Mude esse efeito para Desperate Thought (Pensamento desesperado) antes que o efeito expire.	icon_status.cruel_slayer_2_tex	icon_status.cruel_slayer_2_tex	True
47703000	HPLoss	DOT	False	abs	90000	0	-10000000	Hateful Thought			Você é subitamente dominado pela raiva alienígena. Mude esse efeito para Desperate Thought (Pensamento desesperado) antes que o efeito expire.	icon_status.cruel_slayer_2_tex	icon_status.cruel_slayer_2_tex	True
47703100	HPChange	DOT	False	perc	90000	5	-1	Desperate Thought			Você está caindo em um poço de desespero sem fim. Mude esse efeito para Greedy Thought (Pensamento ganancioso) em 90 segundos.	icon_status.cruel_slayer_3_tex	icon_status.cruel_slayer_3_tex	True
47703100	HPLoss	DOT	False	abs	90000	0	-10000000	Desperate Thought			Você está caindo em um poço de desespero sem fim. Mude esse efeito para Greedy Thought (Pensamento ganancioso) em 90 segundos.	icon_status.cruel_slayer_3_tex	icon_status.cruel_slayer_3_tex	True
47703500	MovSpd	Stun	False	setp	10000	0	0	Queen's Binding			Imobiliza você e impede o movimento ou as habilidades defensivas.	icon_status.minusmove_tex	icon_status.minusmove_tex	True
47703500	Block	Stun	False	swch	10000	0	0	Queen's Binding			Imobiliza você e impede o movimento ou as habilidades defensivas.	icon_status.minusmove_tex	icon_status.minusmove_tex	True
47703600	ASpd	Debuff	False	perc	7200000	0	11	Fevered Pitch			A velocidade de ataque aumenta em $H_W_GOOD1000%$COLOR_END. Fevered Pitch acumula até 3 vezes.	icon_status.plusmove_tex	icon_status.plusmove_tex	True
47710000	Endurance	Debuff	False	perc	30000	0	0	Destroyed Body			Diminui o equilíbrio em $H_W_BAD100%$COLOR_END e a resistência crítica em $H_W_BAD100%$COLOR_END. Também reduz a resistência em $H_W_BAD100%$COLOR_END.$BRActivates Indomitable Spirit when it ends.$BRDestroyed Body cannot be removed.	icon_status.minusdefence_tex	icon_status.minusdefence_tex	True
47710000	CritResist	Debuff	False	perc	30000	0	0	Destroyed Body			Diminui o equilíbrio em $H_W_BAD100%$COLOR_END e a resistência crítica em $H_W_BAD100%$COLOR_END. Também reduz a resistência em $H_W_BAD100%$COLOR_END.$BRActivates Indomitable Spirit when it ends.$BRDestroyed Body cannot be removed.	icon_status.minusdefence_tex	icon_status.minusdefence_tex	True
47710000	Ballance	Debuff	False	perc	30000	0	0	Destroyed Body			Diminui o equilíbrio em $H_W_BAD100%$COLOR_END e a resistência crítica em $H_W_BAD100%$COLOR_END. Também reduz a resistência em $H_W_BAD100%$COLOR_END.$BRActivates Indomitable Spirit when it ends.$BRDestroyed Body cannot be removed.	icon_status.minusdefence_tex	icon_status.minusdefence_tex	True
47710000	DelayedEffect	Debuff	False	abs	30000	0	477101	Destroyed Body			Diminui o equilíbrio em $H_W_BAD100%$COLOR_END e a resistência crítica em $H_W_BAD100%$COLOR_END. Também reduz a resistência em $H_W_BAD100%$COLOR_END.$BRActivates Indomitable Spirit when it ends.$BRDestroyed Body cannot be removed.	icon_status.minusdefence_tex	icon_status.minusdefence_tex	True
47710200	Power	Buff	True	perc	60000	0	11	Thulsa's Rage			Aumenta o poder em $H_W_GOOD1000%$COLOR_END toda vez que é empilhado. Pode ser empilhado até 10 vezes.$BRThulsa's Rage não pode ser removido.	icon_status.plusattack_tex	icon_status.plusattack_tex	True
47710300	Power	Buff	True	perc	60000	0	12	Serion's Mercy			Aumenta o poder em $H_W_GOOD1100%$COLOR_END toda vez que é empilhado. Pode ser empilhado até 10 vezes.$BRSerion's Mercy não pode ser removido.	icon_status.plusattack_tex	icon_status.plusattack_tex	True
47710400	Endurance	Buff	True	perc	600000	0	1	Central Crystal			Nenhum	icon_skills.voidtrap_tex	icon_skills.voidtrap_tex	False
49300100	MovSpd	Debuff	False	setp	15000	0	2	Diseased			Diminui a velocidade de movimento em $H_W_BAD100%$COLOR_END.	icon_status.minusmove_tex	icon_status.minusmove_tex	True
49300100	HPDrain	Debuff	False	perc	15000	0	9	Diseased			Diminui a velocidade de movimento em $H_W_BAD100%$COLOR_END.	icon_status.minusmove_tex	icon_status.minusmove_tex	True
49300200	MovSpd	Debuff	False	setp	10000	0	8	Countdown to Destruction			Diminui a velocidade de movimento em $H_W_BAD700%$COLOR_END.$BRLoses $H_W_BAD0%$COLOR_END of current HP when the countdown runs out.	icon_status.delaydamage_tex	icon_status.delaydamage_tex	True
49300200	HPDrain	Debuff	False	perc	10000	0	9	Countdown to Destruction			Diminui a velocidade de movimento em $H_W_BAD700%$COLOR_END.$BRLoses $H_W_BAD0%$COLOR_END of current HP when the countdown runs out.	icon_status.delaydamage_tex	icon_status.delaydamage_tex	True
49300200	HPLoss	Debuff	False	perc	10000	0	1	Countdown to Destruction			Diminui a velocidade de movimento em $H_W_BAD700%$COLOR_END.$BRLoses $H_W_BAD0%$COLOR_END of current HP when the countdown runs out.	icon_status.delaydamage_tex	icon_status.delaydamage_tex	True
49400100	MaxHP	Buff	True	perc	120000	0	13	Relentless Will			Aumenta o HP máximo em $H_W_GOOD1200%$COLOR_END.	icon_status.plushp_tex	icon_status.plushp_tex	True
49400200	MaxMP	Buff	True	perc	120000	0	13	Cunning Practice			Aumenta o MP máximo em $H_W_GOOD1200%$COLOR_END.	icon_status.plusmp_tex	icon_status.plusmp_tex	True
49400300	AtkPotion	Buff	True	perc	120000	0	13	Feverish Fervor			Aumenta o dano da habilidade em $H_W_GOOD1200%$COLOR_END.	icon_status.plusattack_tex	icon_status.plusattack_tex	True
49400400	OutOfCombatMovSpd	Buff	True	seta	30000	0	240	Master of Winds			Aumenta a velocidade de movimento para $H_W_GOOD240$COLOR_END. A entrada em combate cancela o efeito.	icon_status.plusmove_tex	icon_status.plusmove_tex	True
49400500	HPChange	DOT	False	perc	60000	1	-1	Cause of Pollution			Perde $H_W_BAD0,1%$COLOR_END do total de HP a cada $H_W_BAD3s$COLOR_END.$BRPolui todos os membros do grupo em um raio de 10 metros e causa dano periódico.$BRComo a poluição não pode ser neutralizada.	icon_status.poisonup_tex	icon_status.poisonup_tex	True
49400500	BuffNearbyParty	DOT	False	swch	60000	3	494550	Cause of Pollution			Perde $H_W_BAD0,1%$COLOR_END do total de HP a cada $H_W_BAD3s$COLOR_END.$BRPolui todos os membros do grupo em um raio de 10 metros e causa dano periódico.$BRComo a poluição não pode ser neutralizada.	icon_status.poisonup_tex	icon_status.poisonup_tex	True
49400600	HPChange	Buff	True	perc	1000	1	2	Dragon's Tear			[Teste]	icon_status.delayheal_tex	icon_status.delayheal_tex	False
49400600	MPChange	Buff	True	perc	1000	1	2	Dragon's Tear			[Teste]	icon_status.delayheal_tex	icon_status.delayheal_tex	False
49400700	Fear	Stun	False	swch	5000	0	500	Lose Fighting Will			Perderam a vontade de lutar e fugiram!	icon_status.fearstatus_tex	icon_status.fearstatus_tex	True
49400710	Fear	Stun	False	swch	3000	0	100	Dispersion Beam			Espalha-se em confusão. Termina quando é derrubado.	icon_status.fearstatus_tex	icon_status.fearstatus_tex	True
49400800	Power	Buff	True	perc	120000	0	12	Frenzy			Aumenta o poder em $H_W_GOOD1100%$COLOR_END. Pode ser acumulado 99 vezes.	icon_status.diseaseup_tex	icon_status.diseaseup_tex	True
49400900	HPLoss	DOT	False	perc	7000	0	5	Anemia			Consome $H_W_BAD400%$COLOR_END do total de HP, a menos que o efeito seja removido.	icon_status.diseasedown_tex	icon_status.diseasedown_tex	True
49500100	Power	Buff	True	perc	0	0	3	Markedly Inflamed			Aumenta a potência em $H_W_GOOD200%$COLOR_END e a velocidade de ataque em $H_W_GOOD100%$COLOR_END.	icon_status.plusattack_tex	icon_status.plusattack_tex	True
49500100	ASpd	Buff	True	perc	0	0	2	Markedly Inflamed			Aumenta a potência em $H_W_GOOD200%$COLOR_END e a velocidade de ataque em $H_W_GOOD100%$COLOR_END.	icon_status.plusattack_tex	icon_status.plusattack_tex	True
49500200	Power	Buff	True	perc	0	0	2	Inflamed			Aumenta a potência em $H_W_GOOD100%$COLOR_END e a velocidade de ataque em $H_W_GOOD1400%$COLOR_END.	icon_status.plusattack_tex	icon_status.plusattack_tex	True
49500200	ASpd	Buff	True	perc	0	0	15	Inflamed			Aumenta a potência em $H_W_GOOD100%$COLOR_END e a velocidade de ataque em $H_W_GOOD1400%$COLOR_END.	icon_status.plusattack_tex	icon_status.plusattack_tex	True
49500300	HPLoss	Debuff	True	abs	5000	0	-10000000	Extinction			Você morre assim que o efeito expira.$BRExtinction não pode ser removido.	icon_status.confusestatusnpc_tex	icon_status.confusestatusnpc_tex	False
49500400	BuffNearbyParty	Debuff	False	seta	180000	5	475151	Harbinger of Futility			Você projeta uma aura em si mesmo e nos membros do grupo que reduz o dano de habilidade em $H_W_BAD50%$COLOR_END. O efeito persiste mesmo após a morte.	icon_status.minuswill_tex	icon_status.minuswill_tex	True
49500500	MovSpd	Debuff	True	perc	30000	0	2	Gold Digger			Cego pela cobiça por ouro, agora você pode correr mais rápido.	icon_status.plusmove_tex	icon_status.plusmove_tex	True
60950513	Fear	Stun	False	abs	7000	0	150	Fear Bomb			Fuja com medo! Para monstros, o efeito do medo termina se for derrubado. No PvP, o efeito do medo termina quando atacado.	icon_status.fearstatus_tex	icon_status.fearstatus_tex	True
74300002	Endurance	DOT	True	perc	16000	0	1	Tulgey Fog			A velocidade de movimento aumenta significativamente na neblina.	icon_status.darkeffect_tex	icon_status.darkeffect_tex	True
74300003	Power	Buff	True	perc	0	0	15	Whet Appetite			Aumento da potência em $H_W_GOOD1400%$COLOR_END.	icon_status.minushp_tex	icon_status.minushp_tex	True
74300012	HPLoss	Debuff	True	abs	60000	0	-9000	Puzzle Order: Red			Acerte a peça vermelha do quebra-cabeça na ordem indicada pelos números no ícone ou sofrerá uma morte iminente.	icon_status.battlecommand03_tex	icon_status.battlecommand03_tex	True
74300013	HPLoss	Debuff	True	abs	60000	0	-9000	Puzzle Order: Yellow			Acerte a peça amarela do quebra-cabeça na ordem indicada pelos números no ícone ou sofrerá uma morte iminente.	icon_status.battlecommand02_tex	icon_status.battlecommand02_tex	True
74300014	HPLoss	Debuff	True	abs	60000	0	-9000	Puzzle Order: Green			Acerte a peça verde do quebra-cabeça na ordem indicada pelos números no ícone ou sofrerá uma morte iminente.	icon_status.battlecommand04_tex	icon_status.battlecommand04_tex	True
74300015	HPLoss	Debuff	True	abs	60000	0	-9000	Puzzle Order: Blue			Acerte a peça azul do quebra-cabeça na ordem indicada pelos números no ícone ou sofrerá uma morte iminente.	icon_status.battlecommand01_tex	icon_status.battlecommand01_tex	True
74300020	HPLoss	Debuff	True	abs	3000	0	-9000	Impending Death			Você sofrerá grandes danos em breve. É tarde demais para culpar a si mesmo ou a seus companheiros por terem sido estúpidos.	icon_status.darkeffect_tex	icon_status.darkeffect_tex	True
74300047	Endurance	Stun	False	perc	5000	0	9	Confuzzled			Diminui a resistência em $H_W_BAD800%$COLOR_END. Incapaz de se controlar.	icon_status.fearstatus_tex	icon_status.fearstatus_tex	True
74300047	MovSpd	Stun	False	setp	5000	0	3	Confuzzled			Diminui a resistência em $H_W_BAD800%$COLOR_END. Incapaz de se controlar.	icon_status.fearstatus_tex	icon_status.fearstatus_tex	True
74300047	Fear	Stun	False	swch	5000	0	200	Confuzzled			Diminui a resistência em $H_W_BAD800%$COLOR_END. Incapaz de se controlar.	icon_status.fearstatus_tex	icon_status.fearstatus_tex	True
74300078	HPChange	Buff	True	abs	180000	1	100000	Super Regeneration			Recupera $H_W_GOOD100.000$COLOR_END HP a cada $H_W_GOOD1s$COLOR_END.	icon_status.delayheal_tex	icon_status.delayheal_tex	True
74300081	Absorb	Buff	False	abs	0	0	6382853	Super Strong Skin			Pele endurecida. Você precisa concentrar seu ataque!	icon_skills.manashield_tex	icon_skills.manashield_tex	True
75000002	Power	Debuff	False	perc	60000	0	101	Green Energy			Energia fornecida pelo Yativio verde. Aumenta a força em $H_W_GOOD10000%$COLOR_END toda vez que a energia é acumulada.	icon_status.damageup_tex	icon_status.damageup_tex	True
75000007	Ballance	Debuff	True	perc	3000	0	1E-08	Weak Point			Uma fraqueza oculta na pele de Koleogg. Quando a pele é removida, o Koleogg se torna vulnerável a knockdown.	icon_status.risindagon_tex	icon_status.risindagon_tex	True
75000015	Power	Debuff	False	perc	30000	0	106	Empower Clutch			Feitiço do Xamã Lagarto que aumenta a força em $H_W_GOOD6%$COLOR_END e recupera HP em $H_W_GOOD6%$COLOR_END.	icon_skills.berserk_tex	icon_skills.berserk_tex	True
75000016	Absorb	Buff	False	abs	0	0	3000000	Harden Skin			A pele de Koleogg se torna mais espessa para absorver os danos.	icon_status.plusedefence_tex	icon_status.plusedefence_tex	True
75000027	HPChange	DOT	False	perc	10000	3	-16	Bee Venom			O veneno da abelha diminui $H_W_BAD1,6%$COLOR_END do total de PV a cada $H_W_BADsecond$COLOR_END.	icon_status.poisonstatus_tex	icon_status.poisonstatus_tex	True
77600005	Power	Buff	False	perc	3600000	0	13	Mulmok's Rage			Enfurecido pela raiva.	icon_status.minuscriticalresist_tex	icon_status.minuscriticalresist_tex	True
77600006	HPChange	DOT	False	perc	10000	0	-25	Countdown			Uma bomba não faz distinção entre soldados amigos e inimigos.	icon_status.minuscriticalresist_tex	icon_status.minuscriticalresist_tex	False
77600007	Stun	Stun	False	swch	5000	0	5	General Paralysis			Incapaz de se mover devido ao choque.	icon_status.confusestatusnpc_tex	icon_status.confusestatusnpc_tex	True
77600008	Endurance	Debuff	False	perc	60000	0	5	Trace of the Dead			Gravemente ferido por uma flecha perfurante disparada por um marinheiro morto.	icon_status.minushp_tex	icon_status.minushp_tex	True
77600009	Endurance	DOT	False	perc	60000	0	-5	Marked for Death			Alvo dos mortos. Recebe dano adicional de seu ataque.	icon_status.fearstatus_tex	icon_status.fearstatus_tex	True
77600009	101	DOT	False	perc	60000	0	-3	Marked for Death			Alvo dos mortos. Recebe dano adicional de seu ataque.	icon_status.fearstatus_tex	icon_status.fearstatus_tex	True
77600010	HPLoss	DOT	False	abs	1000	0	0	Unmarked for Death			Marked for Death foi cancelado.	icon_status.confusestatusnpc_tex	icon_status.confusestatusnpc_tex	True
77600011	StunKnockDown	Debuff	True	seta	500	0	5	Lack of Sea Legs			O poderoso golpe de Barbosa o derruba.	icon_status.plusepoisonresist_tex	icon_status.plusepoisonresist_tex	True
77600011	247	Debuff	True	perc	500	0	300	Lack of Sea Legs			O poderoso golpe de Barbosa o derruba.	icon_status.plusepoisonresist_tex	icon_status.plusepoisonresist_tex	True
77600013	Endurance	Buff	True	perc	5000	0	1	Attached Bomb			Você é uma bomba!	icon_skills.voidtrap_tex	icon_skills.voidtrap_tex	False
77600014	HPLoss	Buff	True	abs	1000	0	-10000000	Exploding Bomb			Explodindo!	icon_skills.voidtrap_tex	icon_skills.voidtrap_tex	False
77600015	BuffNearbyParty	Buff	True	swch	3000	1	77600020	Exploding Bomb			Explodindo!	icon_skills.voidtrap_tex	icon_skills.voidtrap_tex	False
77600016	Immune	Debuff	False	seta	0	0	0	Protection of Darkness			O dano não se aplica devido ao poder dos mortos.	icon_status.delaydamage_tex	icon_status.delaydamage_tex	True
77600017	Power	Buff	False	perc	30000	0	13	Captain's Fiery Rage			Extra potente.	icon_status.angerwarrior_tex	icon_status.angerwarrior_tex	True
77700001	Aggro	Buff	True	perc	80000	0	5	Overseen Empowerment			Toda vez que se acumula, o poder de ataque da sua habilidade aumenta em $H_W_GOOD5%$COLOR_END. Esse efeito se acumula até 10 vezes.	icon_status.battlefieldbuff02_tex	icon_status.battlefieldbuff02_tex	True
77700001	AtkPotion	Buff	True	perc	80000	2	105	Overseen Empowerment			Toda vez que se acumula, o poder de ataque da sua habilidade aumenta em $H_W_GOOD5%$COLOR_END. Esse efeito se acumula até 10 vezes.	icon_status.battlefieldbuff02_tex	icon_status.battlefieldbuff02_tex	True
77700001	StackCounter	Buff	True	seta	80000	0	777002	Overseen Empowerment			Toda vez que se acumula, o poder de ataque da sua habilidade aumenta em $H_W_GOOD5%$COLOR_END. Esse efeito se acumula até 10 vezes.	icon_status.battlefieldbuff02_tex	icon_status.battlefieldbuff02_tex	True
77700002	HPChange	Buff	True	perc	600000	2	5	Re-Engineered Regeneration			Restaura $H_W_GOOD5%$COLOR_END do seu HP total a cada $H_W_GOOD2s$COLOR_END.	icon_status.aura_of_regeneration_hp_tex	icon_status.aura_of_regeneration_hp_tex	True
77700002	MPChange	Buff	True	perc	600000	2	1	Re-Engineered Regeneration			Restaura $H_W_GOOD5%$COLOR_END do seu HP total a cada $H_W_GOOD2s$COLOR_END.	icon_status.aura_of_regeneration_hp_tex	icon_status.aura_of_regeneration_hp_tex	True
77700003	DefPotion	Stun	True	swch	30000	0	1	Switch Operation Buff			Você ganhou o efeito do Unstable Shield ao operar o interruptor. Quando ele acumular 3 vezes, você poderá interromper a destruição.	icon_skills.manashield_tex	icon_skills.manashield_tex	True
77700004	HPChange	DOT	False	perc	100000	2	-2	Extreme Fatigue			Como efeito colateral de acordar de um sono longo, seu HP diminui em 1% a cada 2 segundos.	icon_status.poisonstatus_tex	icon_status.poisonstatus_tex	True
77700005	Immune	Debuff	False	seta	0	0	0	Lackey's Shield			Protegido por Kerkion.	icon_status.darkriftrage_tex	icon_status.darkriftrage_tex	True
77700006	MovSpd	Debuff	False	setp	10000	0	4	Block Movement			Diminui a velocidade de movimento.	icon_skills.slowball_tex	icon_skills.slowball_tex	True
77700006	HPDrain	Debuff	False	perc	10000	0	9	Block Movement			Diminui a velocidade de movimento.	icon_skills.slowball_tex	icon_skills.slowball_tex	True
77700007	DefPotion	Stun	True	swch	30000	0	0	3-Time Switch Operation			Absorve todo o dano sem causar nenhum dano a você.	icon_skills.manashield_tex	icon_skills.manashield_tex	True
77700008	HPLoss	DOT	True	abs	13000	0	-10000	Chamber Destruction			Causa 30.000 HP de dano.	icon_skills.voidtrap_tex	icon_skills.voidtrap_tex	True
77700009	Plague	Debuff	True	seta	13000	1	777009	Chamber Wall			Causa 30.000 HP de dano.	icon_status.plusattack_tex	icon_status.plusattack_tex	True
77700009	HPLoss	Debuff	True	abs	13000	0	-10000	Chamber Wall			Causa 30.000 HP de dano.	icon_status.plusattack_tex	icon_status.plusattack_tex	True
77700010	Aggro	Buff	False	perc	80000	0	5	Increasing Frenzy			Aumenta a taxa de críticos em $H_W_GOOD5%$COLOR_END. Esse efeito se acumula até 10 vezes.	icon_status.battlefieldbuff01_tex	icon_status.battlefieldbuff01_tex	True
77700010	CritChance	Buff	False	abs	80000	2	5	Increasing Frenzy			Aumenta a taxa de críticos em $H_W_GOOD5%$COLOR_END. Esse efeito se acumula até 10 vezes.	icon_status.battlefieldbuff01_tex	icon_status.battlefieldbuff01_tex	True
77700010	StackCounter	Buff	False	seta	80000	0	777001	Increasing Frenzy			Aumenta a taxa de críticos em $H_W_GOOD5%$COLOR_END. Esse efeito se acumula até 10 vezes.	icon_status.battlefieldbuff01_tex	icon_status.battlefieldbuff01_tex	True
77700011	Stun	Stun	True	swch	30000	0	5	Channelworks Water			Você está dormindo.	icon_skills.shackleofquicksand_tex	icon_skills.shackleofquicksand_tex	True
77700012	Stun	Stun	False	swch	20000	0	5	Smuggla's Curse			Mentalmente controlado por Smuggla.	icon_status.diffusionabnormality_tex	icon_status.diffusionabnormality_tex	True
77700012	AllowAggro	Stun	False	swch	20000	0	0	Smuggla's Curse			Mentalmente controlado por Smuggla.	icon_status.diffusionabnormality_tex	icon_status.diffusionabnormality_tex	True
77700013	MaxHP	Debuff	False	perc	0	0	1	Coloration			Para colorir!	icon_skills.voidtrap_tex	icon_skills.voidtrap_tex	False
77700014	Stun	Debuff	False	swch	0	0	5	Do Not Disturb			Impenetrável ao invocar uma memória.	icon_status.darkriftrage_tex	icon_status.darkriftrage_tex	True
77700014	Immune	Debuff	False	seta	0	0	0	Do Not Disturb			Impenetrável ao invocar uma memória.	icon_status.darkriftrage_tex	icon_status.darkriftrage_tex	True
77700015	MovSpd	DOT	False	abs	10000	0	7	Parasitic Host			Hospedeiro de parasitas.	icon_status.poisonstatus_tex	icon_status.poisonstatus_tex	True
77700015	HPChange	DOT	False	perc	10000	1	-2	Parasitic Host			Hospedeiro de parasitas.	icon_status.poisonstatus_tex	icon_status.poisonstatus_tex	True
77700015	DelayedEffect	DOT	False	seta	10000	0	777015	Parasitic Host			Hospedeiro de parasitas.	icon_status.poisonstatus_tex	icon_status.poisonstatus_tex	True
77700016	MovSpd	Stun	False	setp	5000	0	5	Parasitic Mucus			Diminui a velocidade de movimento.	icon_status.darkriftrage_tex	icon_status.darkriftrage_tex	True
77700017	Aggro	Debuff	True	perc	0	0	10	Sentinel's Aggro			Aggro adicional.	icon_status.darkriftrage_tex	icon_status.darkriftrage_tex	False
77700018	HPChange	Buff	True	perc	10000	2	15	Engineered Regeneration			Restaura $H_W_GOOD15%$COLOR_END do seu HP total a cada $H_W_GOOD2s$COLOR_END.	icon_status.aura_of_regeneration_hp_tex	icon_status.aura_of_regeneration_hp_tex	True
77700019	MaxHP	Buff	True	perc	60000	0	1	Overseer Empowerment			Aumenta o poder de ataque em $H_W_GOOD100%$COLOR_END.	icon_status.cruel_slayer_3_tex	icon_status.cruel_slayer_3_tex	True
77700019	AtkPotion	Buff	True	perc	60000	2	15	Overseer Empowerment			Aumenta o poder de ataque em $H_W_GOOD100%$COLOR_END.	icon_status.cruel_slayer_3_tex	icon_status.cruel_slayer_3_tex	True
77700020	Power	Buff	True	perc	600000	0	12	Fear of Defeat			Medo enlouquecido da derrota.	icon_status.darkriftrage_tex	icon_status.darkriftrage_tex	True
77700020	Endurance	Buff	True	perc	600000	0	8	Fear of Defeat			Medo enlouquecido da derrota.	icon_status.darkriftrage_tex	icon_status.darkriftrage_tex	True
77700020	ASpd	Buff	True	perc	600000	0	11	Fear of Defeat			Medo enlouquecido da derrota.	icon_status.darkriftrage_tex	icon_status.darkriftrage_tex	True
77700021	Stun	Stun	False	swch	7000	0	5	Stunning Roar			Atordoado devido ao rugido de Kerkion.	icon_status.confuseup_tex	icon_status.confuseup_tex	True
77700022	MovSpd	Debuff	False	setp	7000	0	3	Stonewalled			Diminuição da velocidade de movimento ao ser atingido por uma pilha de pedras.	icon_status.minusmove_tex	icon_status.minusmove_tex	True
77700023	DelayedEffect	Debuff	True	seta	25000	0	777023	Hatching			Os ovos de Plecostoma estão eclodindo.	icon_status.poisonstatus_tex	icon_status.poisonstatus_tex	True
77700024	MaxHP	Debuff	True	perc	0	0	1	First Mysterious Effect			Ooo, misterioso.	icon_skills.voidtrap_tex	icon_skills.voidtrap_tex	False
77700025	MaxHP	Debuff	True	perc	0	0	1	Second Mysterious Effect			Ooo... ainda misterioso.	icon_status.poisondown_tex	icon_status.poisondown_tex	False
77700800	MovSpd	Buff	True	perc	10000	0	11	Parasite			Reduz $H_W_BAD2%$COLOR_END do total de HP a cada $H_W_BAD1s$COLOR_END. Esse efeito pode ser acumulado até 5 vezes, reduzindo até $H_W_BAD30%$COLOR_END de HP a cada vez. $BRPule para ativar o efeito Shake Off Parasite.$BRParasite não pode ser cancelado.	icon_status.minusattack_tex	icon_status.minusattack_tex	True
77700800	HPChange	DOT	False	perc	30000	1	-2	Parasite			Reduz $H_W_BAD2%$COLOR_END do total de HP a cada $H_W_BAD1s$COLOR_END. Esse efeito pode ser acumulado até 5 vezes, reduzindo até $H_W_BAD30%$COLOR_END de HP a cada vez. $BRPule para ativar o efeito Shake Off Parasite.$BRParasite não pode ser cancelado.	icon_status.minusattack_tex	icon_status.minusattack_tex	True
77700800	Drunk	DOT	False	426717	30000	0	0	Parasite			Reduz $H_W_BAD2%$COLOR_END do total de HP a cada $H_W_BAD1s$COLOR_END. Esse efeito pode ser acumulado até 5 vezes, reduzindo até $H_W_BAD30%$COLOR_END de HP a cada vez. $BRPule para ativar o efeito Shake Off Parasite.$BRParasite não pode ser cancelado.	icon_status.minusattack_tex	icon_status.minusattack_tex	True
77700800	StackCounter	DOT	False	swch	30000	0	777007	Parasite			Reduz $H_W_BAD2%$COLOR_END do total de HP a cada $H_W_BAD1s$COLOR_END. Esse efeito pode ser acumulado até 5 vezes, reduzindo até $H_W_BAD30%$COLOR_END de HP a cada vez. $BRPule para ativar o efeito Shake Off Parasite.$BRParasite não pode ser cancelado.	icon_status.minusattack_tex	icon_status.minusattack_tex	True
77701400	Endurance	Debuff	False	perc	40000	0	1	Argonic Cell Metastasis			Aciona o Vírus Argon quando empilhado 5 vezes.	icon_status.poisonstatus_tex	icon_status.poisonstatus_tex	True
77701400	StackCounter	Debuff	False	swch	40000	0	777014	Argonic Cell Metastasis			Aciona o Vírus Argon quando empilhado 5 vezes.	icon_status.poisonstatus_tex	icon_status.poisonstatus_tex	True
77701700	StackCounter	Buff	True	swch	20000	0	777026	Queen's Shriek			Causa Queen's Wrath (Ira da Rainha) quando acumulado 3 vezes.	icon_status.plusattack_tex	icon_status.plusattack_tex	True
77702100	HPChange	DOT	False	perc	10000	3	-1	Cellular Decay			Reduz $H_W_BAD10%$COLOR_END do seu HP total a cada $H_W_BAD3s$COLOR_END por uma duração definida. Depois disso, reduz o PV em $H_W_BAD100%2$COLOR_END. $BRCell Explosion não pode ser cancelado.	icon_status.delaydamage_tex	icon_status.delaydamage_tex	True
77702400	Absorb	Buff	False	abs	15000	0	700000	Iron Wall			Absorve até $H_W_GOOD700000$COLOR_END de dano. Assim que a quantidade máxima de absorção for excedida, o efeito desaparecerá independentemente do tempo de duração.	icon_skills.manashield_tex	icon_skills.manashield_tex	True
77702400	Immune	Buff	False	20	15000	0	0	Iron Wall			Absorve até $H_W_GOOD700000$COLOR_END de dano. Assim que a quantidade máxima de absorção for excedida, o efeito desaparecerá independentemente do tempo de duração.	icon_skills.manashield_tex	icon_skills.manashield_tex	True
77702900	HPChange	DOT	False	perc	180000	5	-1	Greedy Thought			Pensamentos gananciosos estão surgindo em você. Mude esse efeito para Hateful Thought (Pensamento Odioso) antes que o efeito expire.	icon_status.cruel_slayer_1_tex	icon_status.cruel_slayer_1_tex	True
77702900	HPLoss	DOT	False	abs	180000	0	-40000	Greedy Thought			Pensamentos gananciosos estão surgindo em você. Mude esse efeito para Hateful Thought (Pensamento Odioso) antes que o efeito expire.	icon_status.cruel_slayer_1_tex	icon_status.cruel_slayer_1_tex	True
77703000	HPChange	DOT	False	perc	180000	5	-1	Hateful Thought			Você é subitamente dominado pela raiva alienígena. Mude esse efeito para Desperate Thought (Pensamento desesperado) antes que o efeito expire.	icon_status.cruel_slayer_2_tex	icon_status.cruel_slayer_2_tex	True
77703000	HPLoss	DOT	False	abs	180000	0	-40000	Hateful Thought			Você é subitamente dominado pela raiva alienígena. Mude esse efeito para Desperate Thought (Pensamento desesperado) antes que o efeito expire.	icon_status.cruel_slayer_2_tex	icon_status.cruel_slayer_2_tex	True
77703100	HPChange	DOT	False	perc	180000	5	-1	Desperate Thought			Você está caindo em um poço de desespero sem fim. Mude esse efeito para Greedy Thought (Pensamento ganancioso) em 180 segundos.	icon_status.cruel_slayer_3_tex	icon_status.cruel_slayer_3_tex	True
77703100	HPLoss	DOT	False	abs	180000	0	-40000	Desperate Thought			Você está caindo em um poço de desespero sem fim. Mude esse efeito para Greedy Thought (Pensamento ganancioso) em 180 segundos.	icon_status.cruel_slayer_3_tex	icon_status.cruel_slayer_3_tex	True
77703402	Power	Buff	False	perc	90000	0	15	Predation			Comer Demokrons aumenta a força.	icon_status.minusdiseaseresist_tex	icon_status.minusdiseaseresist_tex	True
77703405	MovSpd	Debuff	False	setp	20000	0	5	Immune to Disarming						True
77703407	MovSpd	Debuff	False	setp	0	0	5	Immune to Disarming						True
77703408	Stun	Stun	True	swch	0	0	5	Stun			Atordoa e imobiliza você.	icon_status.confuseup_tex	icon_status.confuseup_tex	True
77703408	Immune	Stun	True	16	0	0	0	Stun			Atordoa e imobiliza você.	icon_status.confuseup_tex	icon_status.confuseup_tex	True
77703409	Immune	Debuff	True	seta	1000	0	0	Immune to Disarming						False
77703410	HPChange	Buff	False	perc	1000	1	3	Kumas HP Recovery			Regenera o HP de $H_W_GOOD300%$COLOR_END a cada $H_W_GOOD1s$COLOR_END.	icon_status.darkriftrecovery_tex	icon_status.darkriftrecovery_tex	True
77703411	Immune	Debuff	False	seta	3000	0	0	Immune to Disarming						False
77703412	Endurance	DOT	True	perc	120000	0	10	Demokron Form			Transformado em um Demokron. A defesa aumenta e todos os ataques geram agressividade extra, mas o HP cai continuamente.	icon_status.darkriftdestroy_tex	icon_status.darkriftdestroy_tex	True
77703412	Aggro	DOT	True	perc	120000	0	1000	Demokron Form			Transformado em um Demokron. A defesa aumenta e todos os ataques geram agressividade extra, mas o HP cai continuamente.	icon_status.darkriftdestroy_tex	icon_status.darkriftdestroy_tex	True
77703412	HPChange	DOT	True	perc	120000	3	-5	Demokron Form			Transformado em um Demokron. A defesa aumenta e todos os ataques geram agressividade extra, mas o HP cai continuamente.	icon_status.darkriftdestroy_tex	icon_status.darkriftdestroy_tex	True
77703412	Range	DOT	True	swch	120000	0	17	Demokron Form			Transformado em um Demokron. A defesa aumenta e todos os ataques geram agressividade extra, mas o HP cai continuamente.	icon_status.darkriftdestroy_tex	icon_status.darkriftdestroy_tex	True
77703413	Immune	Debuff	False	seta	0	0	0	Demokron Reinforcement			Imune a danos enquanto outros demokrons estiverem por perto. O efeito dura até que todos os demokrons desapareçam.	icon_status.delaydamage_tex	icon_status.delaydamage_tex	True
77703416	Endurance	Buff	False	perc	0	0	10000	Demokron Fortification			A defesa é aumentada por demokrons próximos. O efeito dura até que todos os demokrons desapareçam.	icon_status.darkriftwhisper_tex	icon_status.darkriftwhisper_tex	True
77703417	Stun	Debuff	False	swch	5000	0	5	Crippling Impact			Você foi atingido por uma pedra que caiu e não pode se mover.	icon_status.confuseup_tex	icon_status.confuseup_tex	True
77703424	DelayedEffect	Debuff	True	abs	4000	0	777032	Curse of Demokron			Retardado pela maldição de Demokron.			True
77703426	Power	Buff	True	perc	600000	0	12	Predation			A ingestão de demokrons aumenta a força.	icon_status.minusdiseaseresist_tex	icon_status.minusdiseaseresist_tex	True
77703428	NoHeal	DOT	False	seta	35000	0	0	Curse of Demokron			A maldição do demokron o envolve, impedindo-o de recuperar a vida de qualquer forma.	icon_status.minusfocus_tex	icon_status.minusfocus_tex	True
77703430	StackCounter	Buff	True	swch	600000	0	777032	Predation			Krakatox está reunindo energia demokron e usando a energia reunida como um escudo. Quebre o escudo antes que ele ganhe muito poder.	icon_status.plusattack_tex	icon_status.plusattack_tex	True
77703431	HPChange	DOT	False	abs	20000	2	-10000	Demokron Infection			Depois de ser infectado pelo vírus demokron, você agora perde HP em intervalos regulares, e as habilidades e os itens de cura restauram menos HP.	icon_status.minuscriticalresist_tex	icon_status.minuscriticalresist_tex	True
77703431	IncreasedHeal	DOT	False	swch	20000	0	8	Demokron Infection			Depois de ser infectado pelo vírus demokron, você agora perde HP em intervalos regulares, e as habilidades e os itens de cura restauram menos HP.	icon_status.minuscriticalresist_tex	icon_status.minuscriticalresist_tex	True
77703432	Power	DOT	False	perc	20000	0	3	Demokron Mutation			Depois de ser infectado pelo vírus mortal Demokron, você está perdendo HP rapidamente. Ao mesmo tempo, você pode sentir o poder de Demokron percorrendo seu corpo.	icon_status.delaydamage_tex	icon_status.delaydamage_tex	True
77703432	HPChange	DOT	False	abs	20000	2	-12000	Demokron Mutation			Depois de ser infectado pelo vírus mortal Demokron, você está perdendo HP rapidamente. Ao mesmo tempo, você pode sentir o poder de Demokron percorrendo seu corpo.	icon_status.delaydamage_tex	icon_status.delaydamage_tex	True
77703433	220	Debuff	True	swch	0	0	0	Demokron Energy			Krakatox está reunindo a energia demokron e usando a energia reunida como um escudo. Quebre o escudo antes que ele ganhe um grande poder.	icon_skills.manashield_tex	icon_skills.manashield_tex	True
77703433	DelayedEffect	Debuff	True	abs	0	0	777032	Demokron Energy			Krakatox está reunindo a energia demokron e usando a energia reunida como um escudo. Quebre o escudo antes que ele ganhe um grande poder.	icon_skills.manashield_tex	icon_skills.manashield_tex	True
77703433	Absorb	Debuff	True	abs	0	0	7000000	Demokron Energy			Krakatox está reunindo a energia demokron e usando a energia reunida como um escudo. Quebre o escudo antes que ele ganhe um grande poder.	icon_skills.manashield_tex	icon_skills.manashield_tex	True
77703434	IncreasedHeal	DOT	False	swch	60000	0	8	Demokron Virus			Tendo sido infectado pelo vírus demokron, suas habilidades e itens de cura agora restauram menos HP.	icon_status.minuscriticalresist_tex	icon_status.minuscriticalresist_tex	True
77703435	Endurance	Buff	False	perc	15000	0	10000	Demokron Cells			Você está coberto de células de Demokron. Você sofre menos dano do Demokron durante a duração desse efeito.	icon_status.balanceup_tex	icon_status.balanceup_tex	True
77703437	Power	DOT	False	perc	10000	0	12	Fiery Rage			O Krakatox está ficando furioso. Cada vez que esse efeito se acumula, o poder de ataque de Krakatox aumenta.	icon_status.diseaseup_tex	icon_status.diseaseup_tex	True
77703438	Plague	Debuff	False	perc	15000	2	777033	Electrical Discharge			A eletricidade foi descarregada. Ela derruba e imobiliza aliados em um raio de 10 metros a cada $H_W_GOOD2s$COLOR_END. A descarga de corrente elétrica cancela a descarga de energia.$BRDa descarga de corrente elétrica não pode ser cancelada.	icon_status.paralyzestatus_tex	icon_status.paralyzestatus_tex	True
77703439	220	Buff	True	swch	5000	0	0	Demokron Charge			A energia do Demokron está se acumulando. Disperse-a antes que ela se torne uma fonte de grande poder.	icon_status.fearstatus_tex	icon_status.fearstatus_tex	True
77703439	DelayedEffect	Buff	True	abs	5000	0	777032	Demokron Charge			A energia do Demokron está se acumulando. Disperse-a antes que ela se torne uma fonte de grande poder.	icon_status.fearstatus_tex	icon_status.fearstatus_tex	True
77703440	Ballance	Buff	True	perc	7000	0	0.000387	Rampage			Krakatox está em fúria, sacudindo o chão. Agora você está vulnerável a knockdown.	icon_status.risindagon_tex	icon_status.risindagon_tex	True
77703441	AllResist	Buff	True	perc	2500	0	1	Overpower			A Thalweg está ocupada concentrando sua energia. Ele é vulnerável ao atordoamento.	icon_status.minushp_tex	icon_status.minushp_tex	True
77703442	HPChange	Buff	True	perc	1000	1	-25	Demokron Virus			O vírus Demokron que o infectou é tão poderoso que acabou afetando seu próprio portador, o Demokron.	icon_status.cruel_slayer_3_tex	icon_status.cruel_slayer_3_tex	True
77703443	Endurance	Buff	True	perc	0	0	10	Demokron Hide			Protegidos por uma pele impenetrável, os Demokrons agora são invulneráveis a ataques normais.	icon_status.plusedefence_tex	icon_status.plusedefence_tex	True
77703444	IncreasedHeal	DOT	True	swch	180000	0	3	Curse of Demokron			O ataque do Demokron o traumatizou por dentro e por fora; agora você é incapaz de receber efeitos benéficos e de restaurar todo o HP/MP com itens e habilidades de cura.	icon_status.diffusionabnormality_tex	icon_status.diffusionabnormality_tex	True
77703444	Immune	DOT	True	setp	180000	0	0	Curse of Demokron			O ataque do Demokron o traumatizou por dentro e por fora; agora você é incapaz de receber efeitos benéficos e de restaurar todo o HP/MP com itens e habilidades de cura.	icon_status.diffusionabnormality_tex	icon_status.diffusionabnormality_tex	True
80900001	Endurance	Debuff	False	setp	15000	0	3	Gutripped			A resistência e a velocidade de movimento são reduzidas em $H_W_BAD200%$COLOR_END quando o gutripped é atingido. Não pode ser removido.	icon_status.minusdefence_tex	icon_status.minusdefence_tex	True
80900001	MovSpd	Debuff	False	setp	15000	0	3	Gutripped			A resistência e a velocidade de movimento são reduzidas em $H_W_BAD200%$COLOR_END quando o gutripped é atingido. Não pode ser removido.	icon_status.minusdefence_tex	icon_status.minusdefence_tex	True
80900001	HPDrain	Debuff	False	perc	15000	0	9	Gutripped			A resistência e a velocidade de movimento são reduzidas em $H_W_BAD200%$COLOR_END quando o gutripped é atingido. Não pode ser removido.	icon_status.minusdefence_tex	icon_status.minusdefence_tex	True
80900002	Stun	Stun	False	swch	3000	0	5	Cacophonous Slash			Defina seus rostos como atordoados. O corte cacofônico pode ser removido.	icon_status.confuseup_tex	icon_status.confuseup_tex	True
80900003	OutOfCombatMovSpd	Debuff	True	abs	0	0	1	A				icon_status.battlecommand03_tex	icon_status.battlecommand03_tex	False
80900004	OutOfCombatMovSpd	Debuff	True	abs	0	0	1	B				icon_status.battlecommand02_tex	icon_status.battlecommand02_tex	False
80900005	OutOfCombatMovSpd	Debuff	True	abs	0	0	1	C				icon_status.battlecommand04_tex	icon_status.battlecommand04_tex	False
80900006	OutOfCombatMovSpd	Debuff	True	abs	0	0	1	D				icon_status.battlecommand01_tex	icon_status.battlecommand01_tex	False
80900008	Endurance	Buff	True	perc	20000	0	3	Juggernaut			Aumenta a resistência a penalidades em $H_W_GOOD 100%$COLOR_END e a resistência em $H_W_GOOD200%$COLOR_END.	icon_status.immunedebuff_tex	icon_status.immunedebuff_tex	True
80900008	ResistNegative	Buff	True	swch	20000	0	0	Juggernaut			Aumenta a resistência a penalidades em $H_W_GOOD 100%$COLOR_END e a resistência em $H_W_GOOD200%$COLOR_END.	icon_status.immunedebuff_tex	icon_status.immunedebuff_tex	True
81300002	HPChange	Buff	True	perc	0	2	1	Arboreal Energy Crystal			Cura $H_W_GOOD1%$COLOR_END do total de HP a cada $H_W_GOOD2s$COLOR_END.	icon_status.aura_of_regeneration_hp_tex	icon_status.aura_of_regeneration_hp_tex	True
81300004	Endurance	Debuff	False	seta	0	0	100000000	Banyakas's Shield			Sob a proteção dos Banyakas.	icon_status.darkriftrage_tex	icon_status.darkriftrage_tex	False
81300005	Endurance	Buff	True	perc	10000	0	13	Protective Aura			Aumenta a resistência em $H_W_GOOD30%$COLOR_END e restaura $H_W_GOOD3%$COLOR_END do HP máximo a cada $H_W_GOOD2 segundos$COLOR_END.	icon_status.aura_of_regeneration_hp_tex	icon_status.aura_of_regeneration_hp_tex	True
81300005	HPChange	Buff	True	perc	10000	2	3	Protective Aura			Aumenta a resistência em $H_W_GOOD30%$COLOR_END e restaura $H_W_GOOD3%$COLOR_END do HP máximo a cada $H_W_GOOD2 segundos$COLOR_END.	icon_status.aura_of_regeneration_hp_tex	icon_status.aura_of_regeneration_hp_tex	True
81300006	Aggro	Debuff	True	perc	0	0	30	Banyakas's Angry Forest			Aggro adicional.	icon_status.darkriftrage_tex	icon_status.darkriftrage_tex	False
81300008	ImpactEffective	Buff	True	perc	120000	0	13	Blessing of Dark Warden			As chances de knockdown ou imobilização são aumentadas em $H_W_BAD1200%$COLOR_END.	icon_status.balanceup_tex	icon_status.balanceup_tex	True
81300009	Attack	Buff	True	perc	120000	0	13	Gatekeeper's Blessing			Aumenta o dano de ataque da habilidade em $H_W_BAD1200%$COLOR_END.	icon_status.balanceup_tex	icon_status.balanceup_tex	True
81300010	BuffNearbyParty	Buff	True	swch	0	3	813001	Gatekeeper's Aura			Aplica os efeitos de Gatekeeper's Aurora a você e aos membros do grupo em um raio de 30 m.	icon_skills.areahpgain_tex	icon_skills.areahpgain_tex	True
81300013	Power	Debuff	False	perc	3600000	0	9	Banyakas's Ponderous Forest			Diminui a velocidade de ataque em $H_W_BAD800%$COLOR_END.	icon_crest.crestactiveattackspeeddown_tex	icon_crest.crestactiveattackspeeddown_tex	False
81300013	ASpd	Debuff	False	perc	3600000	0	9	Banyakas's Ponderous Forest			Diminui a velocidade de ataque em $H_W_BAD800%$COLOR_END.	icon_crest.crestactiveattackspeeddown_tex	icon_crest.crestactiveattackspeeddown_tex	False
81300014	Power	Debuff	True	perc	3600000	0	15	Banyakas's Rage			Aumenta o poder de ataque em $H_W_GOOD50%$COLOR_END e a velocidade de ataque em $H_W_GOOD10%$COLOR_END.	icon_status.cruel_slayer_3_tex	icon_status.cruel_slayer_3_tex	True
81300014	ASpd	Debuff	True	perc	3600000	0	11	Banyakas's Rage			Aumenta o poder de ataque em $H_W_GOOD50%$COLOR_END e a velocidade de ataque em $H_W_GOOD10%$COLOR_END.	icon_status.cruel_slayer_3_tex	icon_status.cruel_slayer_3_tex	True
81300015	HPChange	DOT	False	perc	10000	2	-3	Banyakas’s Flames			Diminui $H_W_BAD3%$COLOR_END do HP máximo a cada $H_W_BAD2s$COLOR_END.	icon_status.firedamage_tex	icon_status.firedamage_tex	True
81300016	MovSpd	Debuff	False	setp	10000	0	5	Banyakas’s Sticky Fruit			Diminui a velocidade de movimento em $H_W_BAD400%$COLOR_END.	icon_status.poisonstatus_tex	icon_status.poisonstatus_tex	True
81300016	HPDrain	Debuff	False	perc	10000	0	65	Banyakas’s Sticky Fruit			Diminui a velocidade de movimento em $H_W_BAD400%$COLOR_END.	icon_status.poisonstatus_tex	icon_status.poisonstatus_tex	True
81300017	AtkPotion	Buff	True	perc	1800000	2	17	Forest's Blessing			Aumenta o poder de ataque da habilidade em $H_W_GOOD50%$COLOR_END. Aplica-se somente a sacerdotes e místicos.	icon_status.cruel_slayer_4_tex	icon_status.cruel_slayer_4_tex	True
81300018	AtkPotion	Buff	True	perc	1800000	2	11	Forest Warden's Power			Aumenta o poder de ataque em $H_W_GOOD10%$COLOR_END.	icon_status.cruel_slayer_3_tex	icon_status.cruel_slayer_3_tex	True
81300018	StackCounter	Buff	True	seta	1800000	0	813002	Forest Warden's Power			Aumenta o poder de ataque em $H_W_GOOD10%$COLOR_END.	icon_status.cruel_slayer_3_tex	icon_status.cruel_slayer_3_tex	True
81300019	HPChange	Buff	True	perc	1800000	2	2	Forest Warden's Recovery			Restaura $H_W_GOOD2%$COLOR_END do seu HP total a cada $H_W_GOOD2s$COLOR_END.	icon_status.aura_of_regeneration_hp_tex	icon_status.aura_of_regeneration_hp_tex	True
81300019	StackCounter	Buff	True	seta	1800000	0	813003	Forest Warden's Recovery			Restaura $H_W_GOOD2%$COLOR_END do seu HP total a cada $H_W_GOOD2s$COLOR_END.	icon_status.aura_of_regeneration_hp_tex	icon_status.aura_of_regeneration_hp_tex	True
81300020	Power	Debuff	True	perc	600000	0	13	Contaminated Dust			Aumenta o poder de ataque em $H_W_GOOD30%$COLOR_END.	icon_status.plusattack_tex	icon_status.plusattack_tex	True
81300021	HPChange	DOT	False	perc	5000	2	-1	Skin Scraped on a Rock			Diminui $H_W_BAD1,5%$COLOR_END do HP máximo a cada $H_W_BAD2s$COLOR_END.	icon_status.firedamage_tex	icon_status.firedamage_tex	True
81300022	Immune	Debuff	False	seta	0	0	0	Banyakas’s Protection			O Banyakas está em modo de autodefesa; ele é imune a todos os tipos de dano.	icon_status.darkriftrage_tex	icon_status.darkriftrage_tex	True
90048060	Stun	Stun	False	swch	10000	0	5	Stun	48060	Bomba de lançamento	Atordoado. Não pode se mover.	icon_status.confuseup_tex	icon_status.confuseup_tex	True
90991001	MovSpd	Debuff	False	setp	0	0	3	Test			Teste	icon_status.minusmove_tex	icon_status.minusmove_tex	True
90991001	MovSpdInCombat	Debuff	False	setp	0	0	1	Test			Teste	icon_status.minusmove_tex	icon_status.minusmove_tex	True
90991001	HPDrain	Debuff	False	setp	0	0	1	Test			Teste	icon_status.minusmove_tex	icon_status.minusmove_tex	True
90991002	MovSpd	Debuff	False	abs	4000	0	-20	Test			Teste	icon_status.fearstatus_tex	icon_status.fearstatus_tex	True
91100200	HPChange	DOT	False	perc	240000	2	-3	Doomfire			Perde $H_W_BAD3%$COLOR_END do total de HP a cada $H_W_BAD2s$COLOR_END. O alvo morre quando o efeito termina.$BRDoomfire só pode ser removido com Doomchill.	icon_status.firedamage_tex	icon_status.firedamage_tex	True
91100200	HPLoss	DOT	False	abs	240000	0	-10000000	Doomfire			Perde $H_W_BAD3%$COLOR_END do total de HP a cada $H_W_BAD2s$COLOR_END. O alvo morre quando o efeito termina.$BRDoomfire só pode ser removido com Doomchill.	icon_status.firedamage_tex	icon_status.firedamage_tex	True
91100400	IncreasedHeal	Debuff	False	swch	60000	0	9	God's Wrath			A recuperação de HP diminui sempre que esse efeito se acumula.	icon_status.minusdefence_tex	icon_status.minusdefence_tex	True
91101100	HPChange	DOT	False	perc	240000	2	-3	Flame of Hell			Perde $H_W_BAD3%$COLOR_END do total de HP a cada $H_W_BAD2s$COLOR_END. O alvo morre quando o efeito termina.$BRCPode ser removido somente com Doomfire ou Doomchill.	icon_status.poisonstatus_tex	icon_status.poisonstatus_tex	True
91101100	HPLoss	DOT	False	abs	240000	0	-10000000	Flame of Hell			Perde $H_W_BAD3%$COLOR_END do total de HP a cada $H_W_BAD2s$COLOR_END. O alvo morre quando o efeito termina.$BRCPode ser removido somente com Doomfire ou Doomchill.	icon_status.poisonstatus_tex	icon_status.poisonstatus_tex	True
91101300	HPChange	DOT	False	perc	240000	2	-3	Doomchill			Perde $H_W_BAD3%$COLOR_END do total de HP a cada $H_W_BAD2s$COLOR_END. O alvo morre quando o efeito termina.$BRDoomchill só pode ser removido com Doomfire.	icon_status.icedamage_tex	icon_status.icedamage_tex	True
91101300	HPLoss	DOT	False	abs	240000	0	-10000000	Doomchill			Perde $H_W_BAD3%$COLOR_END do total de HP a cada $H_W_BAD2s$COLOR_END. O alvo morre quando o efeito termina.$BRDoomchill só pode ser removido com Doomfire.	icon_status.icedamage_tex	icon_status.icedamage_tex	True
91104200	Power	Debuff	True	perc	600000	0	13	Wrath of Kelsaik			Aumenta a potência em $H_W_GOOD30%$COLOR_END e a velocidade de ataque em $H_W_GOOD10%$COLOR_END. Não pode ser removido.	icon_status.plusattack_tex	icon_status.plusattack_tex	True
91104200	ASpd	Debuff	True	perc	600000	0	11	Wrath of Kelsaik			Aumenta a potência em $H_W_GOOD30%$COLOR_END e a velocidade de ataque em $H_W_GOOD10%$COLOR_END. Não pode ser removido.	icon_status.plusattack_tex	icon_status.plusattack_tex	True
91104300	Power	Debuff	False	perc	180000	0	15	Provocation of Kelsaik			Aumenta a potência e a velocidade de ataque em $H_W_GOOD1400%$COLOR_END. O alvo morre quando o efeito termina.	icon_status.poisonstatus_tex	icon_status.poisonstatus_tex	True
91104300	ASpd	Debuff	False	perc	180000	0	15	Provocation of Kelsaik			Aumenta a potência e a velocidade de ataque em $H_W_GOOD1400%$COLOR_END. O alvo morre quando o efeito termina.	icon_status.poisonstatus_tex	icon_status.poisonstatus_tex	True
91104300	HPLoss	Debuff	False	abs	180000	0	-10000000	Provocation of Kelsaik			Aumenta a potência e a velocidade de ataque em $H_W_GOOD1400%$COLOR_END. O alvo morre quando o efeito termina.	icon_status.poisonstatus_tex	icon_status.poisonstatus_tex	True
91240000	AtkPotion	Buff	True	perc	1800000	2	2	Instructor's Cajole			Aumenta o ataque em $H_W_GOOD100%$COLOR_END para sacerdotes e místicos.	icon_status.cruel_slayer_4_tex	icon_status.cruel_slayer_4_tex	True
91240001	Crit	Buff	True	perc	40000	0	12	Instructor's Whip			Aumenta o poder de ataque em $H_W_GOOD1100%$COLOR_END e a taxa de críticos em $H_W_GOOD1100%$COLOR_END. Acumula até 10 vezes.	icon_status.plusattack_tex	icon_status.plusattack_tex	True
91240001	AtkPotion	Buff	True	perc	40000	0	12	Instructor's Whip			Aumenta o poder de ataque em $H_W_GOOD1100%$COLOR_END e a taxa de críticos em $H_W_GOOD1100%$COLOR_END. Acumula até 10 vezes.	icon_status.plusattack_tex	icon_status.plusattack_tex	True
91240002	HPChange	Buff	True	perc	10000	1	4	Instructor's Carrot			Cura $H_W_GOOD4%$COLOR_END do total de HP a cada $H_W_GOOD1s$COLOR_END.	icon_status.aura_of_regeneration_hp_tex	icon_status.aura_of_regeneration_hp_tex	True
91240003	MovSpd	Debuff	False	setp	5000	0	8	Exhaustion			A velocidade de movimento é reduzida em $H_W_BAD700%$COLOR_END.	icon_status.minusattack_tex	icon_status.minusattack_tex	True
91600001	HPChange	Debuff	False	perc	5000	1	-5	Shard of Darkness			$H_W_BAD10%$COLOR_END do HP máximo diminui a cada $H_W_BAD1s$COLOR_END até ser removido. Não é possível usar habilidades.	icon_status.fearstatus_tex	icon_status.fearstatus_tex	True
91600001	Block	Debuff	False	swch	5000	0	0	Shard of Darkness			$H_W_BAD10%$COLOR_END do HP máximo diminui a cada $H_W_BAD1s$COLOR_END até ser removido. Não é possível usar habilidades.	icon_status.fearstatus_tex	icon_status.fearstatus_tex	True
91600003	MovSpd	Stun	False	perc	10000	0	5	Gripped by Fear			Correndo aterrorizados!	icon_status.darkriftrage_tex	icon_status.darkriftrage_tex	True
91600003	Fear	Stun	False	abs	10000	0	150	Gripped by Fear			Correndo aterrorizados!	icon_status.darkriftrage_tex	icon_status.darkriftrage_tex	True
91600004	HPChange	DOT	True	perc	10000	2	-8	Dark Siphon			$H_W_BAD8%$COLOR_END do HP máximo diminui a cada $H_W_BAD2s$COLOR_END. Não pode ser removido.	icon_status.firedamage_tex	icon_status.firedamage_tex	True
91600005	Visibility	DOT	False	swch	16000	0	0	Dracoloth			Dracoloth	icon_status.fearstatus_tex	icon_status.fearstatus_tex	False
91600006	Drunk	Debuff	False	swch	6000	0	0	Darkan			Darkan	icon_status.fearstatus_tex	icon_status.fearstatus_tex	False
91600007	Power	Debuff	False	perc	600000	0	12	Dracoloth's Shriek			Aumenta a potência em $H_W_GOOD20%$COLOR_END e a velocidade de ataque em $H_W_GOOD10%$COLOR_END por pilha. Não pode ser removido.	icon_status.plusattack_tex	icon_status.plusattack_tex	True
91600007	ASpd	Debuff	False	perc	600000	0	12	Dracoloth's Shriek			Aumenta a potência em $H_W_GOOD20%$COLOR_END e a velocidade de ataque em $H_W_GOOD10%$COLOR_END por pilha. Não pode ser removido.	icon_status.plusattack_tex	icon_status.plusattack_tex	True
91600008	Endurance	Stun	False	seta	30000	0	10000000	Darkan's Scolding			Atordoado e imobilizado.	icon_status.confuseup_tex	icon_status.confuseup_tex	True
91600008	Stun	Stun	False	swch	30000	0	5	Darkan's Scolding			Atordoado e imobilizado.	icon_status.confuseup_tex	icon_status.confuseup_tex	True
91600010	HPChange	DOT	False	perc	10000	1	-5	Darkan's Depletion			Diminui $H_W_BAD5%$COLOR_END do HP máximo a cada $H_W_BAD1s$COLOR_END até ser removido.	icon_status.firedamage_tex	icon_status.firedamage_tex	True
91600011	Visibility	DOT	False	swch	50000	0	0	Darkan			Darkan	icon_status.fearstatus_tex	icon_status.fearstatus_tex	False
91600012	Stun	DOT	False	swch	5000	0	5	Darkan			Darkan	icon_status.fearstatus_tex	icon_status.fearstatus_tex	False
91600013	HPChange	Debuff	False	perc	44000	1	-2	Bleeding Lash I			A cura é reduzida em 25%, e $H_W_BAD2%$COLOR_END do HP máximo diminui a cada $H_W_BAD1s$COLOR_END.	icon_status.fearstatus_tex	icon_status.fearstatus_tex	True
91600013	IncreasedHeal	Debuff	False	swch	44000	0	75	Bleeding Lash I			A cura é reduzida em 25%, e $H_W_BAD2%$COLOR_END do HP máximo diminui a cada $H_W_BAD1s$COLOR_END.	icon_status.fearstatus_tex	icon_status.fearstatus_tex	True
91600014	HPChange	Debuff	False	perc	44000	1	-2	Bleeding Lash II			A cura é reduzida em 50%, e $H_W_BAD2%$COLOR_END do HP máximo diminui a cada $H_W_BAD1s$COLOR_END.	icon_status.fearstatus_tex	icon_status.fearstatus_tex	True
91600014	IncreasedHeal	Debuff	False	swch	44000	0	5	Bleeding Lash II			A cura é reduzida em 50%, e $H_W_BAD2%$COLOR_END do HP máximo diminui a cada $H_W_BAD1s$COLOR_END.	icon_status.fearstatus_tex	icon_status.fearstatus_tex	True
91600015	HPChange	Debuff	False	perc	44000	1	-2	Bleeding Lash III			A cura é reduzida em 75%, e $H_W_BAD2%$COLOR_END do HP máximo diminui a cada $H_W_BAD1s$COLOR_END.	icon_status.fearstatus_tex	icon_status.fearstatus_tex	True
91600015	IncreasedHeal	Debuff	False	swch	44000	0	25	Bleeding Lash III			A cura é reduzida em 75%, e $H_W_BAD2%$COLOR_END do HP máximo diminui a cada $H_W_BAD1s$COLOR_END.	icon_status.fearstatus_tex	icon_status.fearstatus_tex	True
91600016	HPChange	Debuff	False	perc	44000	1	-2	Bleeding Lash IV			A cura é reduzida em 100%, e $H_W_BAD2%$COLOR_END do HP máximo diminui a cada $H_W_BAD1s$COLOR_END.	icon_status.fearstatus_tex	icon_status.fearstatus_tex	True
91600016	IncreasedHeal	Debuff	False	swch	44000	0	0	Bleeding Lash IV			A cura é reduzida em 100%, e $H_W_BAD2%$COLOR_END do HP máximo diminui a cada $H_W_BAD1s$COLOR_END.	icon_status.fearstatus_tex	icon_status.fearstatus_tex	True
91600017	HPChange	Debuff	False	perc	45000	2	-7	Darkan's Touch			Enquanto estiver em vigor, oferece 100% de resistência a todos os efeitos nocivos, nocaute e atordoamento, mas o alvo morre imediatamente quando a duração do efeito termina.$BRSó pode ser removido com a Chama de Darkan.	icon_status.immunedebuff_tex	icon_status.immunedebuff_tex	True
91600017	HPLoss	Debuff	False	abs	45000	0	-10000000	Darkan's Touch			Enquanto estiver em vigor, oferece 100% de resistência a todos os efeitos nocivos, nocaute e atordoamento, mas o alvo morre imediatamente quando a duração do efeito termina.$BRSó pode ser removido com a Chama de Darkan.	icon_status.immunedebuff_tex	icon_status.immunedebuff_tex	True
91600017	ResistNegative	Debuff	False	swch	45000	0	0	Darkan's Touch			Enquanto estiver em vigor, oferece 100% de resistência a todos os efeitos nocivos, nocaute e atordoamento, mas o alvo morre imediatamente quando a duração do efeito termina.$BRSó pode ser removido com a Chama de Darkan.	icon_status.immunedebuff_tex	icon_status.immunedebuff_tex	True
91600017	Immune	Debuff	False	24	45000	0	0	Darkan's Touch			Enquanto estiver em vigor, oferece 100% de resistência a todos os efeitos nocivos, nocaute e atordoamento, mas o alvo morre imediatamente quando a duração do efeito termina.$BRSó pode ser removido com a Chama de Darkan.	icon_status.immunedebuff_tex	icon_status.immunedebuff_tex	True
91600018	MaxHP	Debuff	False	perc	0	0	1	Sky Cruiser Intrepid_Room 3			Verificação de cores	icon_skills.voidtrap_tex	icon_skills.voidtrap_tex	False
91600019	Absorb	Buff	False	abs	0	0	4500000	Darkan's Shield			O Darkan's absorve uma quantidade limitada de dano.	icon_status.plusedefence_tex	icon_status.plusedefence_tex	True
91600020	MaxHP	Debuff	False	perc	2200	0	1	Sky Cruiser Intrepid_Room 3			O alarme dispara.	icon_skills.voidtrap_tex	icon_skills.voidtrap_tex	False
91600021	Immune	Buff	True	17	0	0	0	Stony Skin			A pele resistente absorve todos os danos.	icon_status.plusedefence_tex	icon_status.plusedefence_tex	True
91600022	Ballance	Debuff	True	perc	10000000	0	0	Clumsy			Se Stony Skin for removido, o alvo se torna vulnerável a knockdown.	icon_status.risindagon_tex	icon_status.risindagon_tex	True
91600023	HPChange	DOT	False	perc	30000	2	-1	Doomfire			Perde $H_W_BAD3%$COLOR_END do total de HP a cada $H_W_BAD2s$COLOR_END e o alvo morre quando o efeito termina.$BRDoomfire só pode ser removido com Doomchill.	icon_status.cruel_slayer_3_tex	icon_status.cruel_slayer_3_tex	True
91600024	HPChange	DOT	False	perc	600000	2	-15	Doomfire			Perde $H_W_BAD3%$COLOR_END do total de HP a cada $H_W_BAD2s$COLOR_END e o alvo morre quando o efeito termina.$BRDoomfire só pode ser removido com Doomchill.	icon_status.cruel_slayer_4_tex	icon_status.cruel_slayer_4_tex	True
91600025	HPChange	DOT	False	perc	30000	1	15	Doomfire			Perde $H_W_BAD3%$COLOR_END do total de HP a cada $H_W_BAD1s$COLOR_END e o alvo morre quando o efeito termina.$BRDoomfire só pode ser removido com Doomchill.	icon_status.battlefieldbuff02_tex	icon_status.battlefieldbuff02_tex	True
91600026	Power	DOT	False	perc	6000000	0	12	Doomfire			Perde $H_W_BAD3%$COLOR_END do total de HP a cada $H_W_BAD0s$COLOR_END e o alvo morre quando o efeito termina.$BRDoomfire só pode ser removido com Doomchill.	icon_status.battlefieldbuff01_tex	icon_status.battlefieldbuff01_tex	True
91600027	IncreasedHeal	DOT	False	swch	600000	0	0	Doomfire			Perde $H_W_BAD3%$COLOR_END do total de HP a cada $H_W_BAD0s$COLOR_END e o alvo morre quando o efeito termina.$BRDoomfire só pode ser removido com Doomchill.	icon_status.battlefieldbuff01_tex	icon_status.battlefieldbuff01_tex	True
91600028	DelayedEffect	Debuff	True	seta	15000	0	777023	Hatching			Os ovos de Plecostoma estão eclodindo.	icon_status.poisonstatus_tex	icon_status.poisonstatus_tex	True
91600029	MovSpd	Debuff	False	setp	5000	0	2	Noxious			Reduz a velocidade de movimento. Não pode usar habilidades.	icon_status.minusmove_tex	icon_status.minusmove_tex	True
91600029	Block	Debuff	False	swch	5000	0	0	Noxious			Reduz a velocidade de movimento. Não pode usar habilidades.	icon_status.minusmove_tex	icon_status.minusmove_tex	True
91600030	HPChange	DOT	False	perc	1000	1	-26	Doomfire			Perde $H_W_BAD3%$COLOR_END do total de HP a cada $H_W_BAD1s$COLOR_END e o alvo morre quando o efeito termina.$BRDoomfire só pode ser removido com Doomchill.	icon_status.cruel_slayer_3_tex	icon_status.cruel_slayer_3_tex	True
91600031	Immune	Buff	True	18	0	0	0	Stony Skin			Imune a qualquer ataque.	icon_status.plusedefence_tex	icon_status.plusedefence_tex	True
91600032	Endurance	Debuff	False	seta	0	0	100000000	Putrion's Protection			A defesa aumenta imensamente.	icon_status.darkriftrage_tex	icon_status.darkriftrage_tex	False
91600033	Power	Debuff	False	perc	0	0	9	Lethargy			Diminui a velocidade de ataque em $H_W_BAD800%$COLOR_END.	icon_crest.crestactiveattackspeeddown_tex	icon_crest.crestactiveattackspeeddown_tex	False
91600033	ASpd	Debuff	False	perc	0	0	9	Lethargy			Diminui a velocidade de ataque em $H_W_BAD800%$COLOR_END.	icon_crest.crestactiveattackspeeddown_tex	icon_crest.crestactiveattackspeeddown_tex	False
91600034	ASpd	Debuff	False	perc	0	0	9	Lethargy			Diminui a velocidade de ataque em $H_W_BAD800%$COLOR_END.	icon_crest.crestactiveattackspeeddown_tex	icon_crest.crestactiveattackspeeddown_tex	False
97500100	HPChange	DOT	False	perc	120000	2	-7	Doomfire			Perde $H_W_BAD7%$COLOR_END do total de HP a cada $H_W_BAD2s$COLOR_END. O alvo morre quando o efeito termina.$BRDoomfire só pode ser removido com Doomchill.	icon_status.firedamage_tex	icon_status.firedamage_tex	True
97500100	HPLoss	DOT	False	abs	120000	0	-10000000	Doomfire			Perde $H_W_BAD7%$COLOR_END do total de HP a cada $H_W_BAD2s$COLOR_END. O alvo morre quando o efeito termina.$BRDoomfire só pode ser removido com Doomchill.	icon_status.firedamage_tex	icon_status.firedamage_tex	True
97500250	KnockDownChance	Buff	True	perc	20000	0	0	Strong Sealing			Enquanto estiver em vigor, 100% de resistência a todos os efeitos nocivos com armadura mágica. Imune a knockdown e imobilização.	icon_status.immunedebuff_tex	icon_status.immunedebuff_tex	True
97500250	ResistNegative	Buff	True	swch	20000	0	0	Strong Sealing			Enquanto estiver em vigor, 100% de resistência a todos os efeitos nocivos com armadura mágica. Imune a knockdown e imobilização.	icon_status.immunedebuff_tex	icon_status.immunedebuff_tex	True
97500400	HPChange	DOT	False	perc	35000	5	-2	Seal of Revenge			Você perde $H_W_BAD20%$COLOR_END do seu HP total a cada $H_W_BAD5s$COLOR_END, e seu dano corpo a corpo diminui em $H_W_BAD300%$COLOR_END.$BRSeal of revenge não pode ser removido.	icon_status.minuscritical_tex	icon_status.minuscritical_tex	True
97500400	AtkPotion	DOT	False	perc	35000	0	4	Seal of Revenge			Você perde $H_W_BAD20%$COLOR_END do seu HP total a cada $H_W_BAD5s$COLOR_END, e seu dano corpo a corpo diminui em $H_W_BAD300%$COLOR_END.$BRSeal of revenge não pode ser removido.	icon_status.minuscritical_tex	icon_status.minuscritical_tex	True
97500500	HPChange	DOT	False	perc	35000	5	-2	Seal of Punishment			Perde $H_W_BAD20%$COLOR_END do seu HP total a cada $H_W_BAD5s$COLOR_END$BRDano à distância diminui em $H_W_BAD300%$COLOR_END.$BRSeal of Punishment não pode ser removido.	icon_status.minorexhaustion_tex	icon_status.minorexhaustion_tex	True
97500500	AtkPotion	DOT	False	perc	35000	0	4	Seal of Punishment			Perde $H_W_BAD20%$COLOR_END do seu HP total a cada $H_W_BAD5s$COLOR_END$BRDano à distância diminui em $H_W_BAD300%$COLOR_END.$BRSeal of Punishment não pode ser removido.	icon_status.minorexhaustion_tex	icon_status.minorexhaustion_tex	True
97500600	HPChange	DOT	False	perc	35000	2	-2	Seal of Death			Perde $H_W_BAD1%$COLOR_END do total de PV a cada $H_W_BAD2s$COLOR_END, e você não pode ser curado.$BRSeal da morte não pode ser removido.	icon_status.minusfocus_tex	icon_status.minusfocus_tex	True
97500600	NoHeal	DOT	False	seta	35000	0	0	Seal of Death			Perde $H_W_BAD1%$COLOR_END do total de PV a cada $H_W_BAD2s$COLOR_END, e você não pode ser curado.$BRSeal da morte não pode ser removido.	icon_status.minusfocus_tex	icon_status.minusfocus_tex	True
97501100	HPChange	DOT	False	perc	120000	2	-7	Doomchill			Perde $H_W_BAD7%$COLOR_END do total de HP a cada $H_W_BAD2s$COLOR_END. O alvo morre quando o efeito termina.$BRDoomchill só pode ser removido com Doomfire.	icon_status.icedamage_tex	icon_status.icedamage_tex	True
97501100	HPLoss	DOT	False	abs	120000	0	-10000000	Doomchill			Perde $H_W_BAD7%$COLOR_END do total de HP a cada $H_W_BAD2s$COLOR_END. O alvo morre quando o efeito termina.$BRDoomchill só pode ser removido com Doomfire.	icon_status.icedamage_tex	icon_status.icedamage_tex	True
97501200	Stun	Stun	False	swch	20000	0	5	Wrath of Kelsaik			Atordoado. Não pode se mover. A Ira de Kelsaik não pode ser removida.	icon_status.confuseup_tex	icon_status.confuseup_tex	True
97501300	Power	DOT	False	perc	10000	0	3	Curse of Kelsaik			Aumenta o poder em $H_W_GOOD200%$COLOR_END, mas perde $H_W_BAD0,5%$COLOR_END do HP total a cada $H_W_BAD1s$COLOR_END. O efeito se acumula até 99 vezes.	icon_status.diseaseup_tex	icon_status.diseaseup_tex	True
97501300	HPChange	DOT	False	perc	10000	1	-5	Curse of Kelsaik			Aumenta o poder em $H_W_GOOD200%$COLOR_END, mas perde $H_W_BAD0,5%$COLOR_END do HP total a cada $H_W_BAD1s$COLOR_END. O efeito se acumula até 99 vezes.	icon_status.diseaseup_tex	icon_status.diseaseup_tex	True
97501400	HPChange	DOT	False	perc	120000	2	-7	Flame of Hell			Perde $H_W_BAD7%$COLOR_END do total de HP a cada $H_W_BAD2s$COLOR_END. O alvo morre quando o efeito termina.$BRCPode ser removido somente com Doomfire ou Doomchill.	icon_status.poisonstatus_tex	icon_status.poisonstatus_tex	True
97501400	HPLoss	DOT	False	abs	120000	0	-10000000	Flame of Hell			Perde $H_W_BAD7%$COLOR_END do total de HP a cada $H_W_BAD2s$COLOR_END. O alvo morre quando o efeito termina.$BRCPode ser removido somente com Doomfire ou Doomchill.	icon_status.poisonstatus_tex	icon_status.poisonstatus_tex	True
97501500	DelayedEffect	Buff	True	abs	35000	0	975150	Armor of Doom			Absorve até $H_W_GOOD3000000$COLOR_END de dano. Se você não conseguir destruí-lo a tempo, todos os PCs morrerão e o Kelsaik será solto!	icon_skills.manashield_tex	icon_skills.manashield_tex	True
97501500	Absorb	Buff	True	abs	35000	0	3000000	Armor of Doom			Absorve até $H_W_GOOD3000000$COLOR_END de dano. Se você não conseguir destruí-lo a tempo, todos os PCs morrerão e o Kelsaik será solto!	icon_skills.manashield_tex	icon_skills.manashield_tex	True
97502100	Power	Buff	True	perc	64800000	0	13	Kelsaik's Splendor			Aumenta o poder em $H_W_GOOD1200%$COLOR_END. Pode ser empilhado 99 vezes.	icon_status.damageup_tex	icon_status.damageup_tex	True
97502200	Endurance	Buff	True	perc	3600000	0	4	Kelsaik's Protection			Aumenta a resistência em $H_W_GOOD4 vezes$COLOR_END. A proteção de Kelsaik não pode ser removida.	icon_status.plusedefence_tex	icon_status.plusedefence_tex	True
97502400	Drunk1	Debuff	False	abs	60000	0	0	Enslavement			Você se voltou contra seus aliados.	icon_status.cruel_slayer_1_tex	icon_status.cruel_slayer_1_tex	True
97502500	Fear	Stun	False	swch	30000	0	150	Pell-Mell			Correndo aterrorizado. Incapacidade de usar habilidades.	icon_status.fearstatus_tex	icon_status.fearstatus_tex	True
97502600	Stun1	Stun	False	swch	15000	5	15	Uncontrollable Dancing			Incapaz de fazer qualquer coisa além de dançar.	icon_status.confusestatusnpc_tex	icon_status.confusestatusnpc_tex	True
97502700	Block	Buff	True	swch	0	0	0	Resurrection Prohibited			Não é possível ressuscitar.	icon_items.q_closedspace_stone_05_tex	icon_items.q_closedspace_stone_05_tex	True
97502800	Plague	Buff	True	seta	0	5	975029	Kaia's Camaraderie			Unido, você está mais forte; transmite um bônus para outros jogadores em um raio de 10 m.	icon_status.plusattack_tex	icon_status.plusattack_tex	True
97502800	StaminaDecay	Buff	True	swch	0	0	0	Kaia's Camaraderie			Unido, você está mais forte; transmite um bônus para outros jogadores em um raio de 10 m.	icon_status.plusattack_tex	icon_status.plusattack_tex	True
97503000	DefPotion	Debuff	False	swch	60000	0	11	Divine Ire			A regeneração de HP diminui e o dano periódico aumenta para cada pilha.	icon_status.minusdefence_tex	icon_status.minusdefence_tex	True
97503000	IncreasedHeal	Debuff	False	swch	60000	0	83	Divine Ire			A regeneração de HP diminui e o dano periódico aumenta para cada pilha.	icon_status.minusdefence_tex	icon_status.minusdefence_tex	True
97503100	DelayedEffect	Debuff	False	abs	10000	1	975032	Living Bomb			Queima tudo em um raio de 20 m quando você explode.	icon_skills.voidtrap_tex	icon_skills.voidtrap_tex	True
97503400	Endurance	Debuff	False	perc	30000	0	0	Flame Shell			Diminui a defesa e a resistência.	icon_status.poisonstatus_tex	icon_status.poisonstatus_tex	True
97503500	MovSpd	Debuff	False	perc	30000	0	3	Chill Shell			Reduz a velocidade do movimento.	icon_status.minusmove_tex	icon_status.minusmove_tex	True
97503600	MovSpd	Debuff	False	perc	30000	0	1	Nearly Frozen			Receber dano massivo quando Nearly Frozen terminar.	icon_status.minusmove_tex	icon_status.minusmove_tex	False
97503600	OutOfCombatMovSpd	Debuff	False	perc	30000	0	1	Nearly Frozen			Receber dano massivo quando Nearly Frozen terminar.	icon_status.minusmove_tex	icon_status.minusmove_tex	False
97503600	HPDrain	Debuff	False	perc	30000	0	1	Nearly Frozen			Receber dano massivo quando Nearly Frozen terminar.	icon_status.minusmove_tex	icon_status.minusmove_tex	False
97503700	DefPotion	Debuff	True	perc	0	0	0	Divine Shield			Imune a danos causados por balas de canhão.	icon_status.plusedefence_tex	icon_status.plusedefence_tex	True
97503800	Plague	Debuff	True	seta	0	5	975039	For Nest of Kelsaik_Only_Medium Boss Movement Speed Increase_Aura			Aumenta a velocidade de movimento de aliados em um raio de 5 m.	icon_status.plusmove_tex	icon_status.plusmove_tex	True
97504000	Plague	Debuff	True	seta	0	5	975041	For Nest of Kelsaik_Only_ Invincibility Around Boss_Aura			Concede escudo invencível a aliados em um raio de 10 m	icon_status.plusedefence_tex	icon_status.plusedefence_tex	True
97504200	Power	Debuff	True	perc	600000	0	15	Wrath of Kelsaik			Aumenta a potência em $H_W_GOOD50%$COLOR_END e a velocidade de ataque em $H_W_GOOD30%$COLOR_END. Não pode ser removido.	icon_status.plusattack_tex	icon_status.plusattack_tex	True
97504200	ASpd	Debuff	True	perc	600000	0	13	Wrath of Kelsaik			Aumenta a potência em $H_W_GOOD50%$COLOR_END e a velocidade de ataque em $H_W_GOOD30%$COLOR_END. Não pode ser removido.	icon_status.plusattack_tex	icon_status.plusattack_tex	True
97504300	Power	Debuff	False	perc	60000	0	15	Provocation of Kelsaik			Aumenta a potência e a velocidade de ataque em $H_W_GOOD1400%$COLOR_END. O alvo morre quando o efeito termina.	icon_status.poisonstatus_tex	icon_status.poisonstatus_tex	True
97504300	ASpd	Debuff	False	perc	60000	0	15	Provocation of Kelsaik			Aumenta a potência e a velocidade de ataque em $H_W_GOOD1400%$COLOR_END. O alvo morre quando o efeito termina.	icon_status.poisonstatus_tex	icon_status.poisonstatus_tex	True
97504300	HPLoss	Debuff	False	abs	60000	0	-10000000	Provocation of Kelsaik			Aumenta a potência e a velocidade de ataque em $H_W_GOOD1400%$COLOR_END. O alvo morre quando o efeito termina.	icon_status.poisonstatus_tex	icon_status.poisonstatus_tex	True
98000000	Drunk1	Debuff	False	seta	10000000	0	0	Banana destruction check			Teste	icon_skills.voidtrap_tex	icon_skills.voidtrap_tex	False
98000001	Drunk1	Debuff	False	seta	10000000	0	0	herb destruction check			Teste	icon_status.confuseup_tex	icon_status.confuseup_tex	False
98000002	Drunk1	Debuff	False	seta	10000000	0	0	corpse destruction check			Teste	icon_status.minuscriticalresist_tex	icon_status.minuscriticalresist_tex	False
98000003	Immune	Debuff	True	seta	10000000	0	0	boss monkey invincible			Teste	icon_skills.voidtrap_tex	icon_skills.voidtrap_tex	False
98000004	Visibility	Buff	True	swch	10000000	0	0	boss monkey invisible			Teste	icon_status.immunedebuff_tex	icon_status.immunedebuff_tex	False
98000005	Drunk1	Debuff	False	seta	10000000	0	0	monkey 1 summon check			Teste	icon_skills.voidtrap_tex	icon_skills.voidtrap_tex	False
98000006	Drunk1	Debuff	False	seta	10000000	0	0	monkey 2 summon check			Teste	icon_status.confuseup_tex	icon_status.confuseup_tex	False
98000007	Drunk1	Debuff	False	seta	10000000	0	0	monkey 3 summon check			Teste	icon_status.minuscriticalresist_tex	icon_status.minuscriticalresist_tex	False
98000008	HPLoss	Buff	True	abs	1000	1	1000000	hp full recovery			Teste	icon_items.artisan_potion_tex	icon_items.artisan_potion_tex	False
98000010	Drunk1	Debuff	False	seta	10000000	0	0	banana existence check			Teste	icon_skills.voidtrap_tex	icon_skills.voidtrap_tex	False
98000011	Drunk1	Debuff	False	seta	10000000	0	0	herb existence check			Teste	icon_status.confuseup_tex	icon_status.confuseup_tex	False
98000012	Drunk1	Debuff	False	seta	10000000	0	0	corpse existence check			Teste	icon_status.minuscriticalresist_tex	icon_status.minuscriticalresist_tex	False
98000013	Drunk1	Debuff	False	seta	10000000	0	0	banana pattern start check			Teste	icon_skills.voidtrap_tex	icon_skills.voidtrap_tex	False
98000014	Drunk1	Debuff	False	seta	10000000	0	0	herb pattern start check			Teste	icon_status.confuseup_tex	icon_status.confuseup_tex	False
98000015	Drunk1	Debuff	False	seta	10000000	0	0	corpse pattern start check			Teste	icon_status.minuscriticalresist_tex	icon_status.minuscriticalresist_tex	False
98000016	Power	Buff	True	perc	600000	0	11	Ardentmaw's Glut			A força de Ardentmaw passa por você. O poder aumenta em 10% por acúmulo.	icon_status.plusattack_tex	icon_status.plusattack_tex	True
98000017	HPLoss	Debuff	True	abs	1000	0	-10000	Ardentmaw's Hunger			O apetite de Ardentmaw consome sua força. A força diminui em 10% por acúmulo.	icon_status.minusdefence_tex	icon_status.minusdefence_tex	False
98000018	Stun	Stun	False	swch	5000	0	5	Ardentmaw's Growl			Você está atordoado e imobilizado.	icon_status.confuseup_tex	icon_status.confuseup_tex	True
98000019	Immune	Debuff	True	seta	10000000	0	0	monkey invincible			Teste	icon_skills.voidtrap_tex	icon_skills.voidtrap_tex	False
98000020	HPLoss	Debuff	True	abs	10	0	-50000000	Extinction			Teste	icon_status.delaydamage_tex	icon_status.delaydamage_tex	False
98000021	Drunk1	Debuff	False	seta	10000000	0	0	real monkey death check			Teste	icon_skills.voidtrap_tex	icon_skills.voidtrap_tex	False
98000022	Drunk1	Debuff	True	seta	10000000	0	0	fake monkey death check			Teste	icon_status.confuseup_tex	icon_status.confuseup_tex	False
98000023	NoHeal	Debuff	False	seta	120000	0	0	Cannot be healed.			A Fome de Ardentmaw impede a cura.	icon_status.poisondown_tex	icon_status.poisondown_tex	True
98000024	Drunk1	Debuff	False	seta	100000000	0	0	User existence check			Teste	icon_skills.voidtrap_tex	icon_skills.voidtrap_tex	False
98000030	Visibility	Buff	True	swch	10000000	0	0	Partial Invisibility			Teste	icon_status.immunedebuff_tex	icon_status.immunedebuff_tex	False
98000031	AllowAggro	Stun	False	swch	1000	0	0	deleting aggro			Teste	icon_status.diffusionabnormality_tex	icon_status.diffusionabnormality_tex	False
98000039	HPChange	Buff	True	perc	1000	1	1	Nature's Touch			Teste	icon_items.artisan_potion_tex	icon_items.artisan_potion_tex	True
98000040	HPChange	Buff	True	perc	1000	1	5	Nature's Warmness			Teste	icon_items.potion5_tex	icon_items.potion5_tex	True
98000041	Power	Buff	True	perc	120000	0	11	Forest Surge			A energia da natureza aumenta sua força. A potência aumenta em $H_W_GOOD1000%$COLOR_END. Acumula até 5 vezes.	icon_status.plusattack_tex	icon_status.plusattack_tex	True
98000042	Drunk1	Debuff	False	seta	10000000	0	0	real monkey death check 2			Teste	icon_status.minuscriticalresist_tex	icon_status.minuscriticalresist_tex	False
98000043	Drunk1	Debuff	False	seta	10000000	0	0	rock destruction check			Teste	icon_status.confuseup_tex	icon_status.confuseup_tex	False
98000045	Endurance	Buff	True	perc	100000000	0	115	Forest Vigor			A teia da vida protege você. O Forest Vigor pode ser removido com Plague of Exhaustion.	icon_status.plusedefence_tex	icon_status.plusedefence_tex	True
98000049	Drunk1	Debuff	False	seta	10000000	0	0	egg existence check			Teste	icon_skills.voidtrap_tex	icon_skills.voidtrap_tex	False
98000050	Drunk1	Debuff	False	seta	10000000	0	0	egg destruction check			Teste	icon_skills.voidtrap_tex	icon_skills.voidtrap_tex	False
98000060	Power	Buff	True	perc	600000	0	11	Nimistrix's Rage			Nimistrix canaliza sua fúria em seus ataques.	icon_status.plusattack_tex	icon_status.plusattack_tex	True
98000061	Power	Buff	True	perc	10000000	0	10	Mad with Hunger			A fome de Nimistrix a deixa furiosa.	icon_skills.berserk_tex	icon_skills.berserk_tex	True
98000062	Aggro	Debuff	True	perc	0	0	100	10 times more aggro			Teste	icon_status.darkriftrage_tex	icon_status.darkriftrage_tex	False
98000063	HPChange	Buff	True	perc	10000	1	1	Vibrant Bloom			Cura 1% do seu HP por segundo durante 10 segundos.	icon_status.aura_of_regeneration_hp_tex	icon_status.aura_of_regeneration_hp_tex	True
98000064	Endurance	Buff	True	perc	90000	0	11	Seren's Aegis			As resiliências da natureza aumentam sua defesa em 10%	icon_status.plusedefence_tex	icon_status.plusedefence_tex	True
98000065	Crit	Buff	True	perc	120000	0	11	Thunderstruck			O poder bruto aumenta sua taxa de críticos em 10% por acúmulo.	icon_status.plusattack_tex	icon_status.plusattack_tex	True
98000067	Power	Buff	True	perc	600000	0	15	Savage Heart			Nimistrix fica furioso, aumentando seu poder em 50%.	icon_skills.berserk_tex	icon_skills.berserk_tex	True
98000070	HPChange	Buff	True	perc	25000	2	1	Soothing Breeze			O vento curativo restaura o HP em 0,1% por segundo a cada segundo durante 2 segundos. Acumula até 50 vezes.	icon_status.aura_of_regeneration_hp_tex	icon_status.aura_of_regeneration_hp_tex	True
98000071	AllResist	Debuff	True	perc	3500	0	3.87E-07	Glass Jaw			As resistências a atordoamento e sono caem drasticamente.	icon_status.holybless_tex	icon_status.holybless_tex	True
98000072	NoHeal	Debuff	False	seta	5000	0	0	Cannot be healed.			Não pode ser curado por um tempo.	icon_status.poisondown_tex	icon_status.poisondown_tex	True
98000073	AllResist	Debuff	True	perc	3500	0	1000000	immune to reactions			Teste	icon_status.risindagon_tex	icon_status.risindagon_tex	False
98000074	AllResist	Debuff	True	perc	10000000	0	3.87E-07	stun activated			Teste	icon_status.risindagon_tex	icon_status.risindagon_tex	False
98000080	Drunk1	Debuff	False	seta	10000000	0	0	egg 1 check			Teste	icon_skills.voidtrap_tex	icon_skills.voidtrap_tex	False
98000081	Drunk1	Debuff	False	seta	10000000	0	0	egg 2 check			Teste	icon_status.confuseup_tex	icon_status.confuseup_tex	False
98000082	Drunk1	Debuff	False	seta	10000000	0	0	egg 3 check			Teste	icon_status.minuscriticalresist_tex	icon_status.minuscriticalresist_tex	False
98000083	Drunk1	Debuff	False	seta	100000000	0	0	Kelsaik Flame necklace effect application interference			Teste	icon_status.minuscriticalresist_tex	icon_status.minuscriticalresist_tex	False
98000084	Drunk1	Debuff	False	seta	100000000	0	0	Kelsaik Ice necklace effect application interference			Teste	icon_status.minuscriticalresist_tex	icon_status.minuscriticalresist_tex	False
98000090	Endurance	Buff	True	perc	90000	0	12	Adamant Plumage			As penas de Nimistrix endurecem, aumentando sua defesa em 20% por acúmulo. Esse efeito pode ser removido.	icon_status.plusedefence_tex	icon_status.plusedefence_tex	True
98000091	MovSpd	DOT	False	setp	10000	0	5	Wing Clip			Diminui a velocidade em $H_W_BAD400%$COLOR_END e $H_W_BAD6%$COLOR_END do HP diminui a cada $H_W_BAD3s$COLOR_END.	icon_status.minuscriticalresist_tex	icon_status.minuscriticalresist_tex	True
98000091	HPDrain	DOT	False	perc	10000	0	9	Wing Clip			Diminui a velocidade em $H_W_BAD400%$COLOR_END e $H_W_BAD6%$COLOR_END do HP diminui a cada $H_W_BAD3s$COLOR_END.	icon_status.minuscriticalresist_tex	icon_status.minuscriticalresist_tex	True
98000091	HPChange	DOT	False	perc	10000	3	-6	Wing Clip			Diminui a velocidade em $H_W_BAD400%$COLOR_END e $H_W_BAD6%$COLOR_END do HP diminui a cada $H_W_BAD3s$COLOR_END.	icon_status.minuscriticalresist_tex	icon_status.minuscriticalresist_tex	True
98000092	HPChange	Buff	True	perc	12000	3	33	Cheeper's Blessing			Cura $H_W_GOOD0,33%$COLOR_END do total de HP a cada $H_W_GOOD3s$COLOR_END. Acumula até 3 vezes.	icon_status.aura_of_regeneration_hp_tex	icon_status.aura_of_regeneration_hp_tex	True
98000093	Stun	Stun	False	swch	1000	0	5	0.1 sec stun			Teste	icon_status.confuseup_tex	icon_status.confuseup_tex	False
98000094	Drunk1	Buff	False	seta	10	0	0	Regression			Teste	icon_status.minuscriticalresist_tex	icon_status.minuscriticalresist_tex	False
98000095	HPChange	Buff	True	abs	1000	1	50000	Priest's Touch			HP restaurado em 30.000.	icon_items.potion5_tex	icon_items.potion5_tex	True
98000097	Immune	Debuff	True	seta	2000	0	0	2 sec invincible			Teste	icon_skills.voidtrap_tex	icon_skills.voidtrap_tex	False
98000098	Immune	Debuff	True	seta	10000	0	0	10 sec invincible			Teste	icon_skills.voidtrap_tex	icon_skills.voidtrap_tex	False
98000099	StunKnockDown	Debuff	False	swch	20000	0	6	Blown Over			Teste	icon_status.minuscriticalresist_tex	icon_status.minuscriticalresist_tex	False
98000100	Power	Buff	True	abs	10000000	0	25	Potion of Blessing	96000	Test Potion_Priest	Aumenta a potência em 25, a resistência em 11, a resistência em 5 e proporciona cura constante.	icon_skills.attackup_tex	icon_skills.attackup_tex	True
98000100	Endurance	Buff	True	abs	10000000	0	11	Potion of Blessing	96000	Test Potion_Priest	Aumenta a potência em 25, a resistência em 11, a resistência em 5 e proporciona cura constante.	icon_skills.attackup_tex	icon_skills.attackup_tex	True
98000100	AllResist	Buff	True	abs	10000000	0	5	Potion of Blessing	96000	Test Potion_Priest	Aumenta a potência em 25, a resistência em 11, a resistência em 5 e proporciona cura constante.	icon_skills.attackup_tex	icon_skills.attackup_tex	True
98000100	ASpd	Buff	True	abs	10000000	0	11	Potion of Blessing	96000	Test Potion_Priest	Aumenta a potência em 25, a resistência em 11, a resistência em 5 e proporciona cura constante.	icon_skills.attackup_tex	icon_skills.attackup_tex	True
98000100	HPChange	Buff	True	abs	10000000	2	773	Potion of Blessing	96000	Test Potion_Priest	Aumenta a potência em 25, a resistência em 11, a resistência em 5 e proporciona cura constante.	icon_skills.attackup_tex	icon_skills.attackup_tex	True
98000101	Power	Buff	True	abs	10000000	0	25	Potion of Verve	96001	Test Potion_Mystic	Dobra a taxa de críticos, restaura 20 MP por segundo e aumenta a resistência do Thrall of Protection em 10%.	icon_status.plusecritical_tex	icon_status.plusecritical_tex	True
98000101	Endurance	Buff	True	perc	10000000	0	11	Potion of Verve	96001	Test Potion_Mystic	Dobra a taxa de críticos, restaura 20 MP por segundo e aumenta a resistência do Thrall of Protection em 10%.	icon_status.plusecritical_tex	icon_status.plusecritical_tex	True
98000101	Crit	Buff	True	perc	10000000	0	2	Potion of Verve	96001	Test Potion_Mystic	Dobra a taxa de críticos, restaura 20 MP por segundo e aumenta a resistência do Thrall of Protection em 10%.	icon_status.plusecritical_tex	icon_status.plusecritical_tex	True
98000101	MPChange	Buff	True	abs	10000000	1	20	Potion of Verve	96001	Test Potion_Mystic	Dobra a taxa de críticos, restaura 20 MP por segundo e aumenta a resistência do Thrall of Protection em 10%.	icon_status.plusecritical_tex	icon_status.plusecritical_tex	True
99000000	Stun	Stun	False	swch	2000	0	5	Stun	1140	Granada de atordoamento	Atordoado. Não pode se mover.	icon_status.confuseup_tex	icon_status.confuseup_tex	True
99000010	Stun	Stun	False	swch	3000	0	5	Stun			Atordoado. Não pode se mover.	icon_status.confuseup_tex	icon_status.confuseup_tex	True
99000020	Stun	Stun	False	swch	4000	0	5	Stun			Atordoado. Não pode se mover.	icon_status.confuseup_tex	icon_status.confuseup_tex	True
99000030	Stun	Stun	False	swch	5000	0	5	Stun			Atordoado. Não pode se mover.	icon_status.confuseup_tex	icon_status.confuseup_tex	True
99000040	Stun	Stun	False	swch	6000	0	5	Stun			Atordoado. Não pode se mover.	icon_status.confuseup_tex	icon_status.confuseup_tex	True
99000050	Stun	Stun	False	swch	7000	0	5	Stun			Atordoado. Não pode se mover.	icon_status.confuseup_tex	icon_status.confuseup_tex	True
99000060	Stun	Stun	False	swch	8000	0	5	Stun			Atordoado. Não pode se mover.	icon_status.confuseup_tex	icon_status.confuseup_tex	True
99000070	Stun	Stun	False	swch	9000	0	5	Stun			Atordoado. Não pode se mover.	icon_status.confuseup_tex	icon_status.confuseup_tex	True
99000100	Power	Buff	True	perc	60000	0	11	Rage Explosion I			A potência aumenta em $H_W_GOOD1000%$COLOR_END.	icon_status.plusattack_tex	icon_status.plusattack_tex	True
99000110	Power	Buff	True	perc	60000	0	115	Rage Explosion II			A potência aumenta em $H_W_GOOD11400%$COLOR_END.	icon_status.plusattack_tex	icon_status.plusattack_tex	True
99000120	Power	Buff	True	perc	60000	0	12	Rage Explosion III			A potência aumenta em $H_W_GOOD1100%$COLOR_END.	icon_status.plusattack_tex	icon_status.plusattack_tex	True
99000130	Power	Buff	True	perc	60000	0	125	Rage Explosion IV			A potência aumenta em $H_W_GOOD12400%$COLOR_END.	icon_status.plusattack_tex	icon_status.plusattack_tex	True
99000140	Power	Buff	True	perc	60000	0	13	Rage Explosion V			A potência aumenta em $H_W_GOOD1200%$COLOR_END.	icon_status.plusattack_tex	icon_status.plusattack_tex	True
99000150	Power	Buff	True	perc	60000	0	135	Rage Explosion VI			A potência aumenta em $H_W_GOOD13400%$COLOR_END.	icon_status.plusattack_tex	icon_status.plusattack_tex	True
99000160	Power	Buff	True	perc	60000	0	14	Rage Explosion VII			A potência aumenta em $H_W_GOOD1300%$COLOR_END.	icon_status.plusattack_tex	icon_status.plusattack_tex	True
99000170	Power	Buff	True	perc	60000	0	145	Rage Explosion VIII			A potência aumenta em $H_W_GOOD14400%$COLOR_END.	icon_status.plusattack_tex	icon_status.plusattack_tex	True
99000200	Endurance	Buff	True	perc	60000	0	11	Strong Will I			A resistência aumenta em $H_W_GOOD1000%$COLOR_END.	icon_status.plusedefence_tex	icon_status.plusedefence_tex	True
99000210	Endurance	Buff	True	perc	60000	0	115	Strong Will II			A resistência aumenta em $H_W_GOOD11400%$COLOR_END.	icon_status.plusedefence_tex	icon_status.plusedefence_tex	True
99000220	Endurance	Buff	True	perc	60000	0	12	Strong Will III			A resistência aumenta em $H_W_GOOD1100%$COLOR_END.	icon_status.plusedefence_tex	icon_status.plusedefence_tex	True
99000230	Endurance	Buff	True	perc	60000	0	125	Strong Will IV			A resistência aumenta em $H_W_GOOD12400%$COLOR_END.	icon_status.plusedefence_tex	icon_status.plusedefence_tex	True
99000240	Endurance	Buff	True	perc	60000	0	13	Strong Will V			A resistência aumenta em $H_W_GOOD1200%$COLOR_END.	icon_status.plusedefence_tex	icon_status.plusedefence_tex	True
99000250	Endurance	Buff	True	perc	60000	0	135	Strong Will VI			A resistência aumenta em $H_W_GOOD13400%$COLOR_END.	icon_status.plusedefence_tex	icon_status.plusedefence_tex	True
99000260	Endurance	Buff	True	perc	60000	0	14	Strong Will VII			A resistência aumenta em $H_W_GOOD1300%$COLOR_END.	icon_status.plusedefence_tex	icon_status.plusedefence_tex	True
99000270	Endurance	Buff	True	perc	60000	0	145	Strong Will VIII			A resistência aumenta em $H_W_GOOD14400%$COLOR_END.	icon_status.plusedefence_tex	icon_status.plusedefence_tex	True
99000300	HPChange	Buff	True	perc	12000	3	3	Restoration I			Cura $H_W_GOOD3%$COLOR_END do total de HP a cada $H_W_GOOD3s$COLOR_END.	icon_status.delayheal_tex	icon_status.delayheal_tex	True
99000310	HPChange	Buff	True	perc	12000	3	4	Restoration II			Cura $H_W_GOOD4%$COLOR_END do total de HP a cada $H_W_GOOD3s$COLOR_END.	icon_status.delayheal_tex	icon_status.delayheal_tex	True
99000320	HPChange	Buff	True	perc	12000	3	5	Restoration III			Cura $H_W_GOOD5%$COLOR_END do total de HP a cada $H_W_GOOD3s$COLOR_END.	icon_status.delayheal_tex	icon_status.delayheal_tex	True
99000330	HPChange	Buff	True	perc	12000	3	6	Restoration IV			Cura $H_W_GOOD6%$COLOR_END do total de HP a cada $H_W_GOOD3s$COLOR_END.	icon_status.delayheal_tex	icon_status.delayheal_tex	True
99000340	HPChange	Buff	True	perc	12000	3	7	Restoration V			Cura $H_W_GOOD7%$COLOR_END do total de HP a cada $H_W_GOOD3s$COLOR_END.	icon_status.delayheal_tex	icon_status.delayheal_tex	True
99000350	HPChange	Buff	True	perc	12000	3	8	Restoration VI			Cura $H_W_GOOD8%$COLOR_END do total de HP a cada $H_W_GOOD3s$COLOR_END.	icon_status.delayheal_tex	icon_status.delayheal_tex	True
99000360	HPChange	Buff	True	perc	12000	3	9	Restoration VII			Cura $H_W_GOOD9%$COLOR_END do total de HP a cada $H_W_GOOD3s$COLOR_END.	icon_status.delayheal_tex	icon_status.delayheal_tex	True
99000370	HPChange	Buff	True	perc	12000	3	1	Restoration VIII			Cura $H_W_GOOD10%$COLOR_END do total de HP a cada $H_W_GOOD3s$COLOR_END.	icon_status.delayheal_tex	icon_status.delayheal_tex	True
99000400	HPChange	DOT	False	perc	45000	3	-12	Venom			Perca $H_W_BAD1,2%$COLOR_END do HP total a cada $H_W_BAD3s$COLOR_END.	icon_status.poisonstatus_tex	icon_status.poisonstatus_tex	True
99000410	HPChange	DOT	False	perc	45000	3	-14	Venom			Perca $H_W_BAD1,4%$COLOR_END do HP total a cada $H_W_BAD3s$COLOR_END.	icon_status.poisonstatus_tex	icon_status.poisonstatus_tex	True
99000420	HPChange	DOT	False	perc	45000	3	-16	Venom			Perca $H_W_BAD1,6%$COLOR_END do HP total a cada $H_W_BAD3s$COLOR_END.	icon_status.poisonstatus_tex	icon_status.poisonstatus_tex	True
99000430	HPChange	DOT	False	perc	45000	3	-18	Venom			Perca $H_W_BAD1,8%$COLOR_END do HP total a cada $H_W_BAD3s$COLOR_END.	icon_status.poisonstatus_tex	icon_status.poisonstatus_tex	True
99000440	HPChange	DOT	False	perc	45000	3	-2	Venom			Perde $H_W_BAD2%$COLOR_END do HP total a cada $H_W_BAD3s$COLOR_END.	icon_status.poisonstatus_tex	icon_status.poisonstatus_tex	True
99000450	HPChange	DOT	False	perc	45000	3	-22	Venom			Perde $H_W_BAD2,2%$COLOR_END do HP total a cada $H_W_BAD3s$COLOR_END.	icon_status.poisonstatus_tex	icon_status.poisonstatus_tex	True
99000460	HPChange	DOT	False	perc	45000	3	-24	Venom			Perca $H_W_BAD2,4%$COLOR_END do HP total a cada $H_W_BAD3s$COLOR_END.	icon_status.poisonstatus_tex	icon_status.poisonstatus_tex	True
99000470	HPChange	DOT	False	perc	45000	3	-26	Venom			Perde $H_W_BAD2,6%$COLOR_END do HP total a cada $H_W_BAD3s$COLOR_END.	icon_status.poisonstatus_tex	icon_status.poisonstatus_tex	True
99000480	HPChange	DOT	False	perc	1000	1	-5	Venom			Perde $H_W_BAD50%$COLOR_END do HP total a cada $H_W_BAD1s$COLOR_END.	icon_status.poisonstatus_tex	icon_status.poisonstatus_tex	True
99000500	MovSpd	Debuff	False	setp	15000	0	85	Restraint			A velocidade diminui em $H_W_BAD8400%$COLOR_END.	icon_status.minusmove_tex	icon_status.minusmove_tex	True
99000500	HPDrain	Debuff	False	perc	15000	0	9	Restraint			A velocidade diminui em $H_W_BAD8400%$COLOR_END.	icon_status.minusmove_tex	icon_status.minusmove_tex	True
99000510	MovSpd	Debuff	False	setp	15000	0	8	Restraint			A velocidade diminui em $H_W_BAD700%$COLOR_END.	icon_status.minusmove_tex	icon_status.minusmove_tex	True
99000510	HPDrain	Debuff	False	perc	15000	0	9	Restraint			A velocidade diminui em $H_W_BAD700%$COLOR_END.	icon_status.minusmove_tex	icon_status.minusmove_tex	True
99000520	MovSpd	Debuff	False	setp	15000	0	75	Restraint			A velocidade diminui em $H_W_BAD7400%$COLOR_END.	icon_status.minusmove_tex	icon_status.minusmove_tex	True
99000520	HPDrain	Debuff	False	perc	15000	0	9	Restraint			A velocidade diminui em $H_W_BAD7400%$COLOR_END.	icon_status.minusmove_tex	icon_status.minusmove_tex	True
99000530	MovSpd	Debuff	False	setp	15000	0	7	Restraint			A velocidade diminui em $H_W_BAD600%$COLOR_END.	icon_status.minusmove_tex	icon_status.minusmove_tex	True
99000530	HPDrain	Debuff	False	perc	15000	0	9	Restraint			A velocidade diminui em $H_W_BAD600%$COLOR_END.	icon_status.minusmove_tex	icon_status.minusmove_tex	True
99000540	MovSpd	Debuff	False	setp	15000	0	65	Restraint	1142	Granada lenta	A velocidade diminui em $H_W_BAD6400%$COLOR_END.	icon_status.minusmove_tex	icon_status.minusmove_tex	True
99000540	HPDrain	Debuff	False	perc	15000	0	9	Restraint	1142	Granada lenta	A velocidade diminui em $H_W_BAD6400%$COLOR_END.	icon_status.minusmove_tex	icon_status.minusmove_tex	True
99000550	MovSpd	Debuff	False	setp	15000	0	6	Restraint			A velocidade diminui em $H_W_BAD500%$COLOR_END.	icon_status.minusmove_tex	icon_status.minusmove_tex	True
99000550	HPDrain	Debuff	False	perc	15000	0	9	Restraint			A velocidade diminui em $H_W_BAD500%$COLOR_END.	icon_status.minusmove_tex	icon_status.minusmove_tex	True
99000560	MovSpd	Debuff	False	setp	15000	0	55	Restraint			A velocidade diminui em $H_W_BAD5400%$COLOR_END.	icon_status.minusmove_tex	icon_status.minusmove_tex	True
99000560	HPDrain	Debuff	False	perc	15000	0	9	Restraint			A velocidade diminui em $H_W_BAD5400%$COLOR_END.	icon_status.minusmove_tex	icon_status.minusmove_tex	True
99000570	MovSpd	Debuff	False	setp	15000	0	5	Restraint			A velocidade diminui em $H_W_BAD400%$COLOR_END.	icon_status.minusmove_tex	icon_status.minusmove_tex	True
99000570	HPDrain	Debuff	False	perc	15000	0	9	Restraint			A velocidade diminui em $H_W_BAD400%$COLOR_END.	icon_status.minusmove_tex	icon_status.minusmove_tex	True
99000580	MovSpd	DOT	False	setp	15000	0	5	Bleed			A velocidade diminui em $H_W_BAD400%$COLOR_END, e você perde $H_W_BAD6%$COLOR_END do HP total a cada $H_W_BAD3s$COLOR_END.	icon_status.minuscriticalresist_tex	icon_status.minuscriticalresist_tex	True
99000580	HPDrain	DOT	False	perc	15000	0	9	Bleed			A velocidade diminui em $H_W_BAD400%$COLOR_END, e você perde $H_W_BAD6%$COLOR_END do HP total a cada $H_W_BAD3s$COLOR_END.	icon_status.minuscriticalresist_tex	icon_status.minuscriticalresist_tex	True
99000580	HPChange	DOT	False	perc	15000	3	-6	Bleed			A velocidade diminui em $H_W_BAD400%$COLOR_END, e você perde $H_W_BAD6%$COLOR_END do HP total a cada $H_W_BAD3s$COLOR_END.	icon_status.minuscriticalresist_tex	icon_status.minuscriticalresist_tex	True
99000600	Power	Debuff	False	perc	15000	0	9	Muscle Fatigue			A potência diminui em $H_W_BAD800%$COLOR_END.	icon_status.minusattack_tex	icon_status.minusattack_tex	True
99000610	Power	Debuff	False	perc	15000	0	85	Muscle Fatigue			A potência diminui em $H_W_BAD8400%$COLOR_END.	icon_status.minusattack_tex	icon_status.minusattack_tex	True
99000620	Power	Debuff	False	perc	15000	0	8	Muscle Fatigue			A potência diminui em $H_W_BAD700%$COLOR_END.	icon_status.minusattack_tex	icon_status.minusattack_tex	True
99000630	Power	Debuff	False	perc	15000	0	75	Muscle Fatigue			A potência diminui em $H_W_BAD7400%$COLOR_END.	icon_status.minusattack_tex	icon_status.minusattack_tex	True
99000640	Power	Debuff	False	perc	15000	0	7	Muscle Fatigue			A potência diminui em $H_W_BAD600%$COLOR_END.	icon_status.minusattack_tex	icon_status.minusattack_tex	True
99000650	Power	Debuff	False	perc	15000	0	65	Muscle Fatigue			A potência diminui em $H_W_BAD6400%$COLOR_END.	icon_status.minusattack_tex	icon_status.minusattack_tex	True
99000660	Power	Debuff	False	perc	15000	0	6	Muscle Fatigue			A potência diminui em $H_W_BAD500%$COLOR_END.	icon_status.minusattack_tex	icon_status.minusattack_tex	True
99000670	Power	Debuff	False	perc	15000	0	55	Muscle Fatigue			A potência diminui em $H_W_BAD5400%$COLOR_END.	icon_status.minusattack_tex	icon_status.minusattack_tex	True
99000680	MovSpd	DOT	False	setp	10000	0	5	Executor's Powerful Blow			A velocidade diminui em $H_W_BAD400%$COLOR_END e perde $H_W_BAD6%$COLOR_END do HP total a cada $H_W_BAD1s$COLOR_END.	icon_status.minuscriticalresist_tex	icon_status.minuscriticalresist_tex	True
99000680	HPDrain	DOT	False	perc	10000	0	9	Executor's Powerful Blow			A velocidade diminui em $H_W_BAD400%$COLOR_END e perde $H_W_BAD6%$COLOR_END do HP total a cada $H_W_BAD1s$COLOR_END.	icon_status.minuscriticalresist_tex	icon_status.minuscriticalresist_tex	True
99000680	HPChange	DOT	False	perc	10000	1	-1	Executor's Powerful Blow			A velocidade diminui em $H_W_BAD400%$COLOR_END e perde $H_W_BAD6%$COLOR_END do HP total a cada $H_W_BAD1s$COLOR_END.	icon_status.minuscriticalresist_tex	icon_status.minuscriticalresist_tex	True
99000690	HPChange	DOT	False	perc	10000	1	-2	Executor's Flame of Rage			Perca $H_W_BAD1,4%$COLOR_END de HP total a cada $H_W_BAD1s$COLOR_END.	icon_status.firedamage_tex	icon_status.firedamage_tex	True
99000700	Endurance	Debuff	False	perc	15000	0	9	Weakened Will			A resistência diminui em $H_W_BAD800%$COLOR_END.	icon_status.minusdefence_tex	icon_status.minusdefence_tex	True
99000710	Endurance	Debuff	False	perc	15000	0	85	Weakened Will			A resistência diminui em $H_W_BAD8400%$COLOR_END.	icon_status.minusdefence_tex	icon_status.minusdefence_tex	True
99000720	Endurance	Debuff	False	perc	15000	0	8	Weakened Will			A resistência diminui em $H_W_BAD700%$COLOR_END.	icon_status.minusdefence_tex	icon_status.minusdefence_tex	True
99000730	Endurance	Debuff	False	perc	15000	0	75	Weakened Will			A resistência diminui em $H_W_BAD7400%$COLOR_END.	icon_status.minusdefence_tex	icon_status.minusdefence_tex	True
99000740	Endurance	Debuff	False	perc	15000	0	7	Weakened Will			A resistência diminui em $H_W_BAD600%$COLOR_END.	icon_status.minusdefence_tex	icon_status.minusdefence_tex	True
99000750	Endurance	Debuff	False	perc	15000	0	65	Weakened Will			A resistência diminui em $H_W_BAD6400%$COLOR_END.	icon_status.minusdefence_tex	icon_status.minusdefence_tex	True
99000760	Endurance	Debuff	False	perc	15000	0	6	Weakened Will			A resistência diminui em $H_W_BAD500%$COLOR_END.	icon_status.minusdefence_tex	icon_status.minusdefence_tex	True
99000770	Endurance	Debuff	False	perc	15000	0	55	Weakened Will			A resistência diminui em $H_W_BAD5400%$COLOR_END.	icon_status.minusdefence_tex	icon_status.minusdefence_tex	True
99000780	Endurance	Debuff	False	perc	15000	0	4	Weakened Will			A resistência diminui em $H_W_BAD300%$COLOR_END.	icon_status.minusdefence_tex	icon_status.minusdefence_tex	True
99000800	MovSpd	Buff	True	perc	15000	0	11	Speed Boost I			A velocidade aumenta em $H_W_GOOD1000%$COLOR_END.	icon_status.plusmove_tex	icon_status.plusmove_tex	True
99000810	MovSpd	Buff	True	perc	15000	0	115	Speed Boost II			A velocidade aumenta em $H_W_GOOD11400%$COLOR_END.	icon_status.plusmove_tex	icon_status.plusmove_tex	True
99000820	MovSpd	Buff	True	perc	15000	0	12	Speed Boost III			A velocidade aumenta em $H_W_GOOD1100%$COLOR_END.	icon_status.plusmove_tex	icon_status.plusmove_tex	True
99000830	MovSpd	Buff	True	perc	15000	0	125	Speed Boost IV			A velocidade aumenta em $H_W_GOOD12400%$COLOR_END.	icon_status.plusmove_tex	icon_status.plusmove_tex	True
99000840	MovSpd	Buff	True	perc	15000	0	13	Speed Boost V			A velocidade aumenta em $H_W_GOOD1200%$COLOR_END.	icon_status.plusmove_tex	icon_status.plusmove_tex	True
99000850	MovSpd	Buff	True	perc	15000	0	135	Speed Boost VI			A velocidade aumenta em $H_W_GOOD13400%$COLOR_END.	icon_status.plusmove_tex	icon_status.plusmove_tex	True
99000860	MovSpd	Buff	True	perc	15000	0	14	Speed Boost VII			A velocidade aumenta em $H_W_GOOD1300%$COLOR_END.	icon_status.plusmove_tex	icon_status.plusmove_tex	True
99000870	MovSpd	Buff	True	perc	15000	0	145	Speed Boost VIII			A velocidade aumenta em $H_W_GOOD14400%$COLOR_END.	icon_status.plusmove_tex	icon_status.plusmove_tex	True
99000900	MovSpd	DOT	False	setp	30000	0	9	Chill			Perde 1,5% do total de HP a cada $H_W_BAD3s$COLOR_END.$BRSpeed diminui em $H_W_BAD800%$COLOR_END.	icon_status.icedamage_tex	icon_status.icedamage_tex	True
99000900	HPDrain	DOT	False	perc	30000	0	9	Chill			Perde 1,5% do total de HP a cada $H_W_BAD3s$COLOR_END.$BRSpeed diminui em $H_W_BAD800%$COLOR_END.	icon_status.icedamage_tex	icon_status.icedamage_tex	True
99000900	HPChange	DOT	False	perc	30000	3	-15	Chill			Perde 1,5% do total de HP a cada $H_W_BAD3s$COLOR_END.$BRSpeed diminui em $H_W_BAD800%$COLOR_END.	icon_status.icedamage_tex	icon_status.icedamage_tex	True
99000910	MovSpd	DOT	False	setp	30000	0	86	Chill			Perde 1,8% do total de HP a cada $H_W_BAD3s$COLOR_END.$BRSpeed diminui em $H_W_BAD8500%$COLOR_END.	icon_status.icedamage_tex	icon_status.icedamage_tex	True
99000910	HPDrain	DOT	False	perc	30000	0	9	Chill			Perde 1,8% do total de HP a cada $H_W_BAD3s$COLOR_END.$BRSpeed diminui em $H_W_BAD8500%$COLOR_END.	icon_status.icedamage_tex	icon_status.icedamage_tex	True
99000910	HPChange	DOT	False	perc	30000	3	-18	Chill			Perde 1,8% do total de HP a cada $H_W_BAD3s$COLOR_END.$BRSpeed diminui em $H_W_BAD8500%$COLOR_END.	icon_status.icedamage_tex	icon_status.icedamage_tex	True
99000920	MovSpd	DOT	False	setp	30000	0	82	Chill			Perde 2,1% do total de HP a cada $H_W_BAD3s$COLOR_END.$BRSpeed diminui em $H_W_BAD8100%$COLOR_END.	icon_status.icedamage_tex	icon_status.icedamage_tex	True
99000920	HPDrain	DOT	False	perc	30000	0	9	Chill			Perde 2,1% do total de HP a cada $H_W_BAD3s$COLOR_END.$BRSpeed diminui em $H_W_BAD8100%$COLOR_END.	icon_status.icedamage_tex	icon_status.icedamage_tex	True
99000920	HPChange	DOT	False	perc	30000	3	-21	Chill			Perde 2,1% do total de HP a cada $H_W_BAD3s$COLOR_END.$BRSpeed diminui em $H_W_BAD8100%$COLOR_END.	icon_status.icedamage_tex	icon_status.icedamage_tex	True
99000930	MovSpd	DOT	False	setp	30000	0	78	Chill			Perde 2,4% do total de HP a cada $H_W_BAD3s$COLOR_END.$BRSpeed diminui em $H_W_BAD7700%$COLOR_END.	icon_status.icedamage_tex	icon_status.icedamage_tex	True
99000930	HPDrain	DOT	False	perc	30000	0	9	Chill			Perde 2,4% do total de HP a cada $H_W_BAD3s$COLOR_END.$BRSpeed diminui em $H_W_BAD7700%$COLOR_END.	icon_status.icedamage_tex	icon_status.icedamage_tex	True
99000930	HPChange	DOT	False	perc	30000	3	-24	Chill			Perde 2,4% do total de HP a cada $H_W_BAD3s$COLOR_END.$BRSpeed diminui em $H_W_BAD7700%$COLOR_END.	icon_status.icedamage_tex	icon_status.icedamage_tex	True
99000940	MovSpd	DOT	False	setp	30000	0	74	Chill			Perde 2,7% do total de HP a cada $H_W_BAD3s$COLOR_END.$BRSpeed diminui em $H_W_BAD7300%$COLOR_END.	icon_status.icedamage_tex	icon_status.icedamage_tex	True
99000940	HPDrain	DOT	False	perc	30000	0	9	Chill			Perde 2,7% do total de HP a cada $H_W_BAD3s$COLOR_END.$BRSpeed diminui em $H_W_BAD7300%$COLOR_END.	icon_status.icedamage_tex	icon_status.icedamage_tex	True
99000940	HPChange	DOT	False	perc	30000	3	-27	Chill			Perde 2,7% do total de HP a cada $H_W_BAD3s$COLOR_END.$BRSpeed diminui em $H_W_BAD7300%$COLOR_END.	icon_status.icedamage_tex	icon_status.icedamage_tex	True
99000950	MovSpd	DOT	False	setp	30000	0	7	Chill			Perde 3% do total de HP a cada $H_W_BAD3s$COLOR_END.$BRSpeed diminui em $H_W_BAD600%$COLOR_END.	icon_status.icedamage_tex	icon_status.icedamage_tex	True
99000950	HPDrain	DOT	False	perc	30000	0	9	Chill			Perde 3% do total de HP a cada $H_W_BAD3s$COLOR_END.$BRSpeed diminui em $H_W_BAD600%$COLOR_END.	icon_status.icedamage_tex	icon_status.icedamage_tex	True
99000950	HPChange	DOT	False	perc	30000	3	-3	Chill			Perde 3% do total de HP a cada $H_W_BAD3s$COLOR_END.$BRSpeed diminui em $H_W_BAD600%$COLOR_END.	icon_status.icedamage_tex	icon_status.icedamage_tex	True
99000960	MovSpd	DOT	False	setp	30000	0	66	Chill			Perde 3,3% do total de HP a cada $H_W_BAD3s$COLOR_END.$BRSpeed diminui em $H_W_BAD6500%$COLOR_END.	icon_status.icedamage_tex	icon_status.icedamage_tex	True
99000960	HPDrain	DOT	False	perc	30000	0	9	Chill			Perde 3,3% do total de HP a cada $H_W_BAD3s$COLOR_END.$BRSpeed diminui em $H_W_BAD6500%$COLOR_END.	icon_status.icedamage_tex	icon_status.icedamage_tex	True
99000960	HPChange	DOT	False	perc	30000	3	-33	Chill			Perde 3,3% do total de HP a cada $H_W_BAD3s$COLOR_END.$BRSpeed diminui em $H_W_BAD6500%$COLOR_END.	icon_status.icedamage_tex	icon_status.icedamage_tex	True
99000970	MovSpd	DOT	False	setp	30000	0	62	Chill			Perde 3,6% do total de HP a cada $H_W_BAD3s$COLOR_END.$BRSpeed diminui em $H_W_BAD6100%$COLOR_END.	icon_status.icedamage_tex	icon_status.icedamage_tex	True
99000970	HPDrain	DOT	False	perc	30000	0	9	Chill			Perde 3,6% do total de HP a cada $H_W_BAD3s$COLOR_END.$BRSpeed diminui em $H_W_BAD6100%$COLOR_END.	icon_status.icedamage_tex	icon_status.icedamage_tex	True
99000970	HPChange	DOT	False	perc	30000	3	-36	Chill			Perde 3,6% do total de HP a cada $H_W_BAD3s$COLOR_END.$BRSpeed diminui em $H_W_BAD6100%$COLOR_END.	icon_status.icedamage_tex	icon_status.icedamage_tex	True
99001000	HPChange	DOT	False	perc	30000	3	-14	Eldritch Flames			Perde $H_W_BAD1,4%$COLOR_END de HP total a cada $H_W_BAD3s$COLOR_END.	icon_status.firedamage_tex	icon_status.firedamage_tex	True
99001010	HPChange	DOT	False	perc	30000	3	-16	Eldritch Flames			Perde $H_W_BAD1,6%$COLOR_END de HP total a cada $H_W_BAD3s$COLOR_END.	icon_status.firedamage_tex	icon_status.firedamage_tex	True
99001020	HPChange	DOT	False	perc	30000	3	-18	Eldritch Flames			Perde $H_W_BAD1,8%$COLOR_END de HP total a cada $H_W_BAD3s$COLOR_END.	icon_status.firedamage_tex	icon_status.firedamage_tex	True
99001030	HPChange	DOT	False	perc	30000	3	-2	Eldritch Flames			Perca $H_W_BAD2%$COLOR_END de HP total a cada $H_W_BAD3s$COLOR_END.	icon_status.firedamage_tex	icon_status.firedamage_tex	True
99001040	HPChange	DOT	False	perc	30000	3	-22	Eldritch Flames			Perde $H_W_BAD2.2%$COLOR_END de HP total a cada $H_W_BAD3s$COLOR_END.	icon_status.firedamage_tex	icon_status.firedamage_tex	True
99001050	HPChange	DOT	False	perc	30000	3	-24	Eldritch Flames			Perde $H_W_BAD2.4%$COLOR_END de HP total a cada $H_W_BAD3s$COLOR_END.	icon_status.firedamage_tex	icon_status.firedamage_tex	True
99001060	HPChange	DOT	False	perc	30000	3	-26	Eldritch Flames			Perde $H_W_BAD2,6%$COLOR_END de HP total a cada $H_W_BAD3s$COLOR_END.	icon_status.firedamage_tex	icon_status.firedamage_tex	True
99001070	HPChange	DOT	False	perc	30000	3	-28	Eldritch Flames			Perde $H_W_BAD2,8%$COLOR_END de HP total a cada $H_W_BAD3s$COLOR_END.	icon_status.firedamage_tex	icon_status.firedamage_tex	True
99001100	Chaos	Stun	False	swch	5000	0	0	Chaos			Suas teclas de movimento estão invertidas.	icon_status.confusestatuspc_tex	icon_status.confusestatuspc_tex	True
99001110	Chaos	Stun	False	swch	10000	0	0	Chaos			Suas teclas de movimento estão invertidas.	icon_status.confusestatuspc_tex	icon_status.confusestatuspc_tex	True
99001120	Chaos	Stun	False	swch	15000	0	0	Chaos			Suas teclas de movimento estão invertidas.	icon_status.confusestatuspc_tex	icon_status.confusestatuspc_tex	True
99001130	Chaos	Stun	False	swch	20000	0	0	Chaos			Suas teclas de movimento estão invertidas.	icon_status.confusestatuspc_tex	icon_status.confusestatuspc_tex	True
99001140	Chaos	Stun	False	swch	25000	0	0	Chaos			Suas teclas de movimento estão invertidas.	icon_status.confusestatuspc_tex	icon_status.confusestatuspc_tex	True
99001150	Chaos	Stun	False	swch	30000	0	0	Chaos			Suas teclas de movimento estão invertidas.	icon_status.confusestatuspc_tex	icon_status.confusestatuspc_tex	True
99001160	Chaos	Stun	False	swch	35000	0	0	Chaos			Suas teclas de movimento estão invertidas.	icon_status.confusestatuspc_tex	icon_status.confusestatuspc_tex	True
99001170	Chaos	Stun	False	swch	40000	0	0	Chaos			Suas teclas de movimento estão invertidas.	icon_status.confusestatuspc_tex	icon_status.confusestatuspc_tex	True
99001200	BuffNearbyParty	Debuff	False	swch	12000	4	99001280	Electric Charge			Atordoa os membros do grupo em um raio de 5 m de você.	icon_status.plusfocus_tex	icon_status.plusfocus_tex	True
99001210	BuffNearbyParty	Debuff	False	swch	16000	4	99001280	Electric Charge			Atordoa os membros do grupo em um raio de 5 m de você.	icon_status.plusfocus_tex	icon_status.plusfocus_tex	True
99001220	BuffNearbyParty	Debuff	False	swch	20000	4	99001280	Electric Charge			Atordoa os membros do grupo em um raio de 5 m de você.	icon_status.plusfocus_tex	icon_status.plusfocus_tex	True
99001230	BuffNearbyParty	Debuff	False	swch	24000	4	99001280	Electric Charge			Atordoa os membros do grupo em um raio de 5 m de você.	icon_status.plusfocus_tex	icon_status.plusfocus_tex	True
99001240	BuffNearbyParty	Debuff	False	swch	28000	4	99001280	Electric Charge			Atordoa os membros do grupo em um raio de 5 m de você.	icon_status.plusfocus_tex	icon_status.plusfocus_tex	True
99001250	BuffNearbyParty	Debuff	False	swch	32000	4	99001280	Electric Charge			Atordoa os membros do grupo em um raio de 5 m de você.	icon_status.plusfocus_tex	icon_status.plusfocus_tex	True
99001260	BuffNearbyParty	Debuff	False	swch	36000	4	99001280	Electric Charge			Atordoa os membros do grupo em um raio de 5 m de você.	icon_status.plusfocus_tex	icon_status.plusfocus_tex	True
99001270	BuffNearbyParty	Debuff	False	swch	40000	4	99001280	Electric Charge			Atordoa os membros do grupo em um raio de 5 m de você.	icon_status.plusfocus_tex	icon_status.plusfocus_tex	True
99001280	Stun	Stun	False	swch	4000	0	5	Electric Shock			Atordoado. Não pode se mover.	icon_status.confuseup_tex	icon_status.confuseup_tex	True
99001300	HPChange	Buff	True	perc	1000	1	1	Heal I			[Teste]	icon_status.plushp_tex	icon_status.plushp_tex	False
99001301	HPChange	Buff	True	perc	1000	1	1	Heal_1%			[Teste]	icon_status.plushp_tex	icon_status.plushp_tex	False
99001302	HPChange	Buff	True	perc	1000	1	3	Heal_3%			[Teste]	icon_status.plushp_tex	icon_status.plushp_tex	False
99001303	HPChange	Buff	True	perc	1000	1	5	Heal_5%			[Teste]	icon_status.plushp_tex	icon_status.plushp_tex	False
99001310	HPChange	Buff	True	perc	1000	1	15	Heal II			[Teste]	icon_status.plushp_tex	icon_status.plushp_tex	False
99001320	HPChange	Buff	True	perc	1000	1	2	Heal III			[Teste]	icon_status.plushp_tex	icon_status.plushp_tex	False
99001330	HPChange	Buff	True	perc	1000	1	25	Heal IV			[Teste]	icon_status.plushp_tex	icon_status.plushp_tex	False
99001340	HPChange	Buff	True	perc	1000	1	3	Heal V	1146	Poção de saúde	[Teste]	icon_status.plushp_tex	icon_status.plushp_tex	False
99001350	HPChange	Buff	True	perc	1000	1	35	Heal VI			[Teste]	icon_status.plushp_tex	icon_status.plushp_tex	False
99001360	HPChange	Buff	True	perc	1000	1	4	Heal VII			[Teste]	icon_status.plushp_tex	icon_status.plushp_tex	False
99001370	HPChange	Buff	True	perc	1000	1	45	Heal VIII			[Teste]	icon_status.plushp_tex	icon_status.plushp_tex	False
99001400	Absorb	Buff	True	swch	10000	0	5000	Warding I			Absorve até $H_W_GOOD5000$COLOR_END de dano.	icon_skills.manashield_tex	icon_skills.manashield_tex	True
99001410	Absorb	Buff	True	swch	10000	0	10000	Warding II			Absorve até $H_W_GOOD10000$COLOR_END de dano.	icon_skills.manashield_tex	icon_skills.manashield_tex	True
99001420	Absorb	Buff	True	swch	10000	0	15000	Warding III			Absorve até $H_W_GOOD15000$COLOR_END de dano.	icon_skills.manashield_tex	icon_skills.manashield_tex	True
99001430	Absorb	Buff	True	swch	10000	0	20000	Warding IV			Absorve até $H_W_GOOD20000$COLOR_END de dano.	icon_skills.manashield_tex	icon_skills.manashield_tex	True
99001440	Absorb	Buff	True	swch	10000	0	25000	Warding V			Absorve até $H_W_GOOD25000$COLOR_END de dano.	icon_skills.manashield_tex	icon_skills.manashield_tex	True
99001450	Absorb	Buff	True	swch	10000	0	30000	Warding VI			Absorve até $H_W_GOOD30000$COLOR_END de dano.	icon_skills.manashield_tex	icon_skills.manashield_tex	True
99001460	Absorb	Buff	True	swch	10000	0	35000	Warding VII			Absorve até $H_W_GOOD35000$COLOR_END de dano.	icon_skills.manashield_tex	icon_skills.manashield_tex	True
99001470	Absorb	Buff	True	swch	10000	0	40000	Warding VIII			Absorve até $H_W_GOOD40000$COLOR_END de dano.	icon_skills.manashield_tex	icon_skills.manashield_tex	True
99001500	Power	Buff	True	perc	30000	0	11	Frenzy I			A potência aumenta em $H_W_GOOD1000%$COLOR_END. A resistência diminui em $H_W_BAD8400%$COLOR_END.	icon_skills.berserk_tex	icon_skills.berserk_tex	True
99001500	Endurance	Buff	True	perc	30000	0	85	Frenzy I			A potência aumenta em $H_W_GOOD1000%$COLOR_END. A resistência diminui em $H_W_BAD8400%$COLOR_END.	icon_skills.berserk_tex	icon_skills.berserk_tex	True
99001510	Power	Buff	True	perc	30000	0	115	Frenzy II			A potência aumenta em $H_W_GOOD11400%$COLOR_END. A resistência diminui em $H_W_BAD700%$COLOR_END.	icon_skills.berserk_tex	icon_skills.berserk_tex	True
99001510	Endurance	Buff	True	perc	30000	0	8	Frenzy II			A potência aumenta em $H_W_GOOD11400%$COLOR_END. A resistência diminui em $H_W_BAD700%$COLOR_END.	icon_skills.berserk_tex	icon_skills.berserk_tex	True
99001520	Power	Buff	True	perc	30000	0	12	Frenzy III			A potência aumenta em $H_W_GOOD1100%$COLOR_END. A resistência diminui em $H_W_BAD7400%$COLOR_END.	icon_skills.berserk_tex	icon_skills.berserk_tex	True
99001520	Endurance	Buff	True	perc	30000	0	75	Frenzy III			A potência aumenta em $H_W_GOOD1100%$COLOR_END. A resistência diminui em $H_W_BAD7400%$COLOR_END.	icon_skills.berserk_tex	icon_skills.berserk_tex	True
99001530	Power	Buff	True	perc	30000	0	125	Frenzy IV			A potência aumenta em $H_W_GOOD12400%$COLOR_END. A resistência diminui em $H_W_BAD600%$COLOR_END.	icon_skills.berserk_tex	icon_skills.berserk_tex	True
99001530	Endurance	Buff	True	perc	30000	0	7	Frenzy IV			A potência aumenta em $H_W_GOOD12400%$COLOR_END. A resistência diminui em $H_W_BAD600%$COLOR_END.	icon_skills.berserk_tex	icon_skills.berserk_tex	True
99001540	Power	Buff	True	perc	30000	0	13	Frenzy V			A potência aumenta em $H_W_GOOD1200%$COLOR_END. A resistência diminui em $H_W_BAD6400%$COLOR_END.	icon_skills.berserk_tex	icon_skills.berserk_tex	True
99001540	Endurance	Buff	True	perc	30000	0	65	Frenzy V			A potência aumenta em $H_W_GOOD1200%$COLOR_END. A resistência diminui em $H_W_BAD6400%$COLOR_END.	icon_skills.berserk_tex	icon_skills.berserk_tex	True
99001550	Power	Buff	True	perc	30000	0	135	Frenzy VI			A potência aumenta em $H_W_GOOD13400%$COLOR_END. A resistência diminui em $H_W_BAD500%$COLOR_END.	icon_skills.berserk_tex	icon_skills.berserk_tex	True
99001550	Endurance	Buff	True	perc	30000	0	6	Frenzy VI			A potência aumenta em $H_W_GOOD13400%$COLOR_END. A resistência diminui em $H_W_BAD500%$COLOR_END.	icon_skills.berserk_tex	icon_skills.berserk_tex	True
99001560	Power	Buff	True	perc	30000	0	14	Frenzy VII			A potência aumenta em $H_W_GOOD1300%$COLOR_END. A resistência diminui em $H_W_BAD5400%$COLOR_END.	icon_skills.berserk_tex	icon_skills.berserk_tex	True
99001560	Endurance	Buff	True	perc	30000	0	55	Frenzy VII			A potência aumenta em $H_W_GOOD1300%$COLOR_END. A resistência diminui em $H_W_BAD5400%$COLOR_END.	icon_skills.berserk_tex	icon_skills.berserk_tex	True
99001570	Power	Buff	True	perc	30000	0	145	Frenzy VIII			A potência aumenta em $H_W_GOOD14400%$COLOR_END. A resistência diminui em $H_W_BAD400%$COLOR_END.	icon_skills.berserk_tex	icon_skills.berserk_tex	True
99001570	Endurance	Buff	True	perc	30000	0	5	Frenzy VIII			A potência aumenta em $H_W_GOOD14400%$COLOR_END. A resistência diminui em $H_W_BAD400%$COLOR_END.	icon_skills.berserk_tex	icon_skills.berserk_tex	True
99001600	Endurance	Buff	True	perc	3000	0	5	Cornerstone			A resistência aumenta em $H_W_GOOD400%$COLOR_END.	icon_status.plusedefence_tex	icon_status.plusedefence_tex	True
99001700	Stun1	Debuff	False	swch	10000	3	1	Acute Spasm			Seus músculos têm espasmos a cada $H_W_BAD3s$COLOR_END.	icon_status.paralyzestatus_tex	icon_status.paralyzestatus_tex	True
99001710	Stun1	Debuff	False	swch	15000	3	1	Acute Spasm			Seus músculos têm espasmos a cada $H_W_BAD3s$COLOR_END.	icon_status.paralyzestatus_tex	icon_status.paralyzestatus_tex	True
99001720	Stun1	Debuff	False	swch	20000	3	1	Acute Spasm			Seus músculos têm espasmos a cada $H_W_BAD3s$COLOR_END.	icon_status.paralyzestatus_tex	icon_status.paralyzestatus_tex	True
99001730	Stun1	Debuff	False	swch	25000	3	1	Acute Spasm			Seus músculos têm espasmos a cada $H_W_BAD3s$COLOR_END.	icon_status.paralyzestatus_tex	icon_status.paralyzestatus_tex	True
99001740	Stun1	Debuff	False	swch	30000	3	1	Acute Spasm			Seus músculos têm espasmos a cada $H_W_BAD3s$COLOR_END.	icon_status.paralyzestatus_tex	icon_status.paralyzestatus_tex	True
99001750	Stun1	Debuff	False	swch	35000	3	1	Acute Spasm			Seus músculos têm espasmos a cada $H_W_BAD3s$COLOR_END.	icon_status.paralyzestatus_tex	icon_status.paralyzestatus_tex	True
99001760	Stun1	Debuff	False	swch	40000	3	1	Acute Spasm			Seus músculos têm espasmos a cada $H_W_BAD3s$COLOR_END.	icon_status.paralyzestatus_tex	icon_status.paralyzestatus_tex	True
99001770	Stun1	Debuff	False	swch	45000	3	1	Acute Spasm			Seus músculos têm espasmos a cada $H_W_BAD3s$COLOR_END.	icon_status.paralyzestatus_tex	icon_status.paralyzestatus_tex	True
99001800	HPLoss	DOT	False	perc	7000	0	2	Blood Curse			Você perderá $H_W_BAD100%$COLOR_END do seu HP atual se a maldição não for removida antes que o tempo se esgote.	icon_status.diseasedown_tex	icon_status.diseasedown_tex	True
99001810	HPLoss	DOT	False	perc	1000	0	1	Kelsaik_reduce HP ratio			[Teste]	icon_status.diseasedown_tex	icon_status.diseasedown_tex	False
99001900	Stun	Stun	False	swch	10000	0	5	Sleep			Dormir confortavelmente. Termina se você sofrer dano.	icon_status.sleepstatus_tex	icon_status.sleepstatus_tex	True
99001910	Stun	Stun	False	swch	15000	0	5	Sleep			Dormir confortavelmente. Termina se você sofrer dano.	icon_status.sleepstatus_tex	icon_status.sleepstatus_tex	True
99001920	Stun	Stun	False	swch	20000	0	5	Sleep			Dormir confortavelmente. Termina se você sofrer dano.	icon_status.sleepstatus_tex	icon_status.sleepstatus_tex	True
99001930	Stun	Stun	False	swch	25000	0	5	Sleep			Dormir confortavelmente. Termina se você sofrer dano.	icon_status.sleepstatus_tex	icon_status.sleepstatus_tex	True
99001940	Stun	Stun	False	swch	30000	0	5	Sleep			Dormir confortavelmente. Termina se você sofrer dano.	icon_status.sleepstatus_tex	icon_status.sleepstatus_tex	True
99001950	Stun	Stun	False	swch	35000	0	5	Sleep			Dormir confortavelmente. Termina se você sofrer dano.	icon_status.sleepstatus_tex	icon_status.sleepstatus_tex	True
99001960	Stun	Stun	False	swch	50000	0	5	Sleep			Dormir confortavelmente. Termina se você sofrer dano.	icon_status.sleepstatus_tex	icon_status.sleepstatus_tex	True
99001970	Stun	Stun	False	swch	45000	0	5	Sleep			Dormir confortavelmente. Termina se você sofrer dano.	icon_status.sleepstatus_tex	icon_status.sleepstatus_tex	True
99002000	ResistNegative	Buff	True	swch	10000	0	0	Widespread Immunity I			100% de resistência a todos os efeitos nocivos.	icon_status.immunedebuff_tex	icon_status.immunedebuff_tex	True
99002010	ResistNegative	Buff	True	swch	15000	0	0	Widespread Immunity II			100% de resistência a todos os efeitos nocivos.	icon_status.immunedebuff_tex	icon_status.immunedebuff_tex	True
99002020	ResistNegative	Buff	True	swch	20000	0	0	Widespread Immunity III			100% de resistência a todos os efeitos nocivos.	icon_status.immunedebuff_tex	icon_status.immunedebuff_tex	True
99002030	ResistNegative	Buff	True	swch	25000	0	0	Widespread Immunity IV			100% de resistência a todos os efeitos nocivos.	icon_status.immunedebuff_tex	icon_status.immunedebuff_tex	True
99002040	ResistNegative	Buff	True	swch	30000	0	0	Widespread Immunity V			100% de resistência a todos os efeitos nocivos.	icon_status.immunedebuff_tex	icon_status.immunedebuff_tex	True
99002050	ResistNegative	Buff	True	swch	35000	0	0	Widespread Immunity VI			100% de resistência a todos os efeitos nocivos.	icon_status.immunedebuff_tex	icon_status.immunedebuff_tex	True
99002060	ResistNegative	Buff	True	swch	40000	0	0	Widespread Immunity VII			100% de resistência a todos os efeitos nocivos.	icon_status.immunedebuff_tex	icon_status.immunedebuff_tex	True
99002070	ResistNegative	Buff	True	swch	45000	0	0	Widespread Immunity VIII			100% de resistência a todos os efeitos nocivos.	icon_status.immunedebuff_tex	icon_status.immunedebuff_tex	True
99002071	ResistNegative	Buff	True	swch	45000	0	0	Widespread Immunity VIII			Você se torna 100% resistente a qualquer efeito prejudicial. Esse efeito não pode ser removido.	icon_status.immunedebuff_tex	icon_status.immunedebuff_tex	True
99002071	Immune	Buff	True	16	45000	0	0	Widespread Immunity VIII			Você se torna 100% resistente a qualquer efeito prejudicial. Esse efeito não pode ser removido.	icon_status.immunedebuff_tex	icon_status.immunedebuff_tex	True
99002072	ResistNegative	Buff	True	swch	45000	0	0	Widespread Immunity VIII			Você se torna 100% resistente a qualquer efeito prejudicial. Esse efeito não pode ser removido.	icon_status.immunedebuff_tex	icon_status.immunedebuff_tex	True
99002072	Immune	Buff	True	16	45000	0	0	Widespread Immunity VIII			Você se torna 100% resistente a qualquer efeito prejudicial. Esse efeito não pode ser removido.	icon_status.immunedebuff_tex	icon_status.immunedebuff_tex	True
99002080	ResistNegative	Buff	True	swch	60000	0	0	Widespread Immunity IX			100% de resistência a todos os efeitos nocivos.	icon_status.immunedebuff_tex	icon_status.immunedebuff_tex	True
99002100	HPLoss	Debuff	True	abs	45000	0	-10000000	Extinction			[Teste]	icon_status.delaydamage_tex	icon_status.delaydamage_tex	False
99002110	HPLoss	Debuff	True	abs	40000	0	-10000000	Extinction			[Teste]	icon_status.delaydamage_tex	icon_status.delaydamage_tex	False
99002120	HPLoss	Debuff	True	abs	35000	0	-10000000	Extinction			[Teste]	icon_status.delaydamage_tex	icon_status.delaydamage_tex	False
99002130	HPLoss	Debuff	True	abs	30000	0	-10000000	Extinction			[Teste]	icon_status.delaydamage_tex	icon_status.delaydamage_tex	False
99002140	HPLoss	Debuff	True	abs	25000	0	-10000000	Extinction			[Teste]	icon_status.delaydamage_tex	icon_status.delaydamage_tex	False
99002150	HPLoss	Debuff	True	abs	20000	0	-10000000	Extinction			[Teste]	icon_status.delaydamage_tex	icon_status.delaydamage_tex	False
99002160	HPLoss	Debuff	True	abs	15000	0	-10000000	Extinction			[Teste]	icon_status.delaydamage_tex	icon_status.delaydamage_tex	False
99002170	HPLoss	Debuff	True	abs	10000	0	-10000000	Extinction			[Teste]	icon_status.delaydamage_tex	icon_status.delaydamage_tex	False
99002180	HPLoss	Debuff	True	abs	1000	0	-10000000	Extinction			[Teste]	icon_status.delaydamage_tex	icon_status.delaydamage_tex	False
99002200	Endurance	Buff	True	perc	10000	0	3	Nigh Invulnerability			100% resistente a todos os efeitos nocivos. A resistência aumenta em $H_W_GOOD200%$COLOR_END.	icon_status.immunedebuff_tex	icon_status.immunedebuff_tex	True
99002200	ResistNegative	Buff	True	swch	10000	0	0	Nigh Invulnerability			100% resistente a todos os efeitos nocivos. A resistência aumenta em $H_W_GOOD200%$COLOR_END.	icon_status.immunedebuff_tex	icon_status.immunedebuff_tex	True
99002210	Endurance	Buff	True	perc	15000	0	3	Nigh Invulnerability			100% resistente a todos os efeitos nocivos. A resistência aumenta em $H_W_GOOD200%$COLOR_END.	icon_status.immunedebuff_tex	icon_status.immunedebuff_tex	True
99002210	ResistNegative	Buff	True	swch	15000	0	0	Nigh Invulnerability			100% resistente a todos os efeitos nocivos. A resistência aumenta em $H_W_GOOD200%$COLOR_END.	icon_status.immunedebuff_tex	icon_status.immunedebuff_tex	True
99002220	Endurance	Buff	True	perc	20000	0	3	Nigh Invulnerability			100% resistente a todos os efeitos nocivos. A resistência aumenta em $H_W_GOOD200%$COLOR_END.	icon_status.immunedebuff_tex	icon_status.immunedebuff_tex	True
99002220	ResistNegative	Buff	True	swch	20000	0	0	Nigh Invulnerability			100% resistente a todos os efeitos nocivos. A resistência aumenta em $H_W_GOOD200%$COLOR_END.	icon_status.immunedebuff_tex	icon_status.immunedebuff_tex	True
99002230	Endurance	Buff	True	perc	25000	0	3	Nigh Invulnerability			100% resistente a todos os efeitos nocivos. A resistência aumenta em $H_W_GOOD200%$COLOR_END.	icon_status.immunedebuff_tex	icon_status.immunedebuff_tex	True
99002230	ResistNegative	Buff	True	swch	25000	0	0	Nigh Invulnerability			100% resistente a todos os efeitos nocivos. A resistência aumenta em $H_W_GOOD200%$COLOR_END.	icon_status.immunedebuff_tex	icon_status.immunedebuff_tex	True
99002240	Endurance	Buff	True	perc	30000	0	3	Nigh Invulnerability			100% resistente a todos os efeitos nocivos. A resistência aumenta em $H_W_GOOD200%$COLOR_END.	icon_status.immunedebuff_tex	icon_status.immunedebuff_tex	True
99002240	ResistNegative	Buff	True	swch	30000	0	0	Nigh Invulnerability			100% resistente a todos os efeitos nocivos. A resistência aumenta em $H_W_GOOD200%$COLOR_END.	icon_status.immunedebuff_tex	icon_status.immunedebuff_tex	True
99002250	Endurance	Buff	True	perc	35000	0	3	Nigh Invulnerability			100% resistente a todos os efeitos nocivos. A resistência aumenta em $H_W_GOOD200%$COLOR_END.	icon_status.immunedebuff_tex	icon_status.immunedebuff_tex	True
99002250	ResistNegative	Buff	True	swch	35000	0	0	Nigh Invulnerability			100% resistente a todos os efeitos nocivos. A resistência aumenta em $H_W_GOOD200%$COLOR_END.	icon_status.immunedebuff_tex	icon_status.immunedebuff_tex	True
99002260	Endurance	Buff	True	perc	40000	0	3	Nigh Invulnerability			100% resistente a todos os efeitos nocivos. A resistência aumenta em $H_W_GOOD200%$COLOR_END.	icon_status.immunedebuff_tex	icon_status.immunedebuff_tex	True
99002260	ResistNegative	Buff	True	swch	40000	0	0	Nigh Invulnerability			100% resistente a todos os efeitos nocivos. A resistência aumenta em $H_W_GOOD200%$COLOR_END.	icon_status.immunedebuff_tex	icon_status.immunedebuff_tex	True
99002270	Endurance	Buff	True	perc	45000	0	3	Nigh Invulnerability			100% resistente a todos os efeitos nocivos. A resistência aumenta em $H_W_GOOD200%$COLOR_END.	icon_status.immunedebuff_tex	icon_status.immunedebuff_tex	True
99002270	ResistNegative	Buff	True	swch	45000	0	0	Nigh Invulnerability			100% resistente a todos os efeitos nocivos. A resistência aumenta em $H_W_GOOD200%$COLOR_END.	icon_status.immunedebuff_tex	icon_status.immunedebuff_tex	True
99002300	MPChange	DOT	False	perc	45000	3	-2	Mind Corruption			Perder $H_W_BAD2%$COLOR_END do total de MP a cada $H_W_BAD3s$COLOR_END.	icon_status.delaymploss_tex	icon_status.delaymploss_tex	True
99002310	MPChange	DOT	False	perc	45000	3	-22	Mind Corruption			Perder $H_W_BAD2,2%$COLOR_END do total de MP a cada $H_W_BAD3s$COLOR_END.	icon_status.delaymploss_tex	icon_status.delaymploss_tex	True
99002320	MPChange	DOT	False	perc	45000	3	-24	Mind Corruption			Perder $H_W_BAD2,4%$COLOR_END do total de MP a cada $H_W_BAD3s$COLOR_END.	icon_status.delaymploss_tex	icon_status.delaymploss_tex	True
99002330	MPChange	DOT	False	perc	45000	3	-26	Mind Corruption			Perca $H_W_BAD2,6%$COLOR_END do total de MP a cada $H_W_BAD3s$COLOR_END.	icon_status.delaymploss_tex	icon_status.delaymploss_tex	True
99002340	MPChange	DOT	False	perc	45000	3	-28	Mind Corruption			Perca $H_W_BAD2,8%$COLOR_END do total de MP a cada $H_W_BAD3s$COLOR_END.	icon_status.delaymploss_tex	icon_status.delaymploss_tex	True
99002350	MPChange	DOT	False	perc	45000	3	-3	Mind Corruption			Perder $H_W_BAD3%$COLOR_END do total de MP a cada $H_W_BAD3s$COLOR_END.	icon_status.delaymploss_tex	icon_status.delaymploss_tex	True
99002360	MPChange	DOT	False	perc	45000	3	-32	Mind Corruption			Perder $H_W_BAD3,2%$COLOR_END do total de MP a cada $H_W_BAD3s$COLOR_END.	icon_status.delaymploss_tex	icon_status.delaymploss_tex	True
99002370	MPChange	DOT	False	perc	45000	3	-34	Mind Corruption			Perder $H_W_BAD3,4%$COLOR_END do total de MP a cada $H_W_BAD3s$COLOR_END.	icon_status.delaymploss_tex	icon_status.delaymploss_tex	True
99002400	Block	Stun	False	swch	10000	0	0	Enervate I			Você está sem energia! Você não pode usar nenhuma habilidade.	icon_status.sealskill_tex	icon_status.sealskill_tex	True
99002410	Block	Stun	False	swch	15000	0	0	Enervate II			Você está sem energia! Você não pode usar nenhuma habilidade.	icon_status.sealskill_tex	icon_status.sealskill_tex	True
99002420	Block	Stun	False	swch	20000	0	0	Enervate III			Você está sem energia! Você não pode usar nenhuma habilidade.	icon_status.sealskill_tex	icon_status.sealskill_tex	True
99002430	Block	Stun	False	swch	25000	0	0	Enervate IV			Você está sem energia! Você não pode usar nenhuma habilidade.	icon_status.sealskill_tex	icon_status.sealskill_tex	True
99002440	Block	Stun	False	swch	30000	0	0	Enervate V			Você está sem energia! Você não pode usar nenhuma habilidade.	icon_status.sealskill_tex	icon_status.sealskill_tex	True
99002450	Block	Stun	False	swch	35000	0	0	Enervate VI			Você está sem energia! Você não pode usar nenhuma habilidade.	icon_status.sealskill_tex	icon_status.sealskill_tex	True
99002460	Block	Stun	False	swch	40000	0	0	Enervate VII			Você está sem energia! Você não pode usar nenhuma habilidade.	icon_status.sealskill_tex	icon_status.sealskill_tex	True
99002470	Block	Stun	False	swch	45000	0	0	Enervate VIII			Você está sem energia! Você não pode usar nenhuma habilidade.	icon_status.sealskill_tex	icon_status.sealskill_tex	True
99002500	MovSpd	DOT	False	setp	15000	0	5	Mendable Bleeding			A velocidade diminui em $H_W_BAD400%$COLOR_END, e você perde $H_W_BAD6%$COLOR_END do HP total a cada $H_W_BAD3s$COLOR_END.	icon_status.minuscriticalresist_tex	icon_status.minuscriticalresist_tex	True
99002500	HPDrain	DOT	False	perc	15000	0	9	Mendable Bleeding			A velocidade diminui em $H_W_BAD400%$COLOR_END, e você perde $H_W_BAD6%$COLOR_END do HP total a cada $H_W_BAD3s$COLOR_END.	icon_status.minuscriticalresist_tex	icon_status.minuscriticalresist_tex	True
99002500	HPChange	DOT	False	perc	15000	3	-6	Mendable Bleeding			A velocidade diminui em $H_W_BAD400%$COLOR_END, e você perde $H_W_BAD6%$COLOR_END do HP total a cada $H_W_BAD3s$COLOR_END.	icon_status.minuscriticalresist_tex	icon_status.minuscriticalresist_tex	True
99002510	MovSpd	DOT	False	setp	15000	0	2	Bleeding			A velocidade de movimento diminui em $H_W_BAD100%$COLOR_END, e você perde $H_W_BAD10%$COLOR_END do HP total a cada $H_W_BAD3s$COLOR_END.$BRBleeding não pode ser removido.	icon_status.minuscriticalresist_tex	icon_status.minuscriticalresist_tex	True
99002510	HPDrain	DOT	False	perc	15000	0	9	Bleeding			A velocidade de movimento diminui em $H_W_BAD100%$COLOR_END, e você perde $H_W_BAD10%$COLOR_END do HP total a cada $H_W_BAD3s$COLOR_END.$BRBleeding não pode ser removido.	icon_status.minuscriticalresist_tex	icon_status.minuscriticalresist_tex	True
99002510	HPChange	DOT	False	perc	15000	3	-1	Bleeding			A velocidade de movimento diminui em $H_W_BAD100%$COLOR_END, e você perde $H_W_BAD10%$COLOR_END do HP total a cada $H_W_BAD3s$COLOR_END.$BRBleeding não pode ser removido.	icon_status.minuscriticalresist_tex	icon_status.minuscriticalresist_tex	True
99002520	MovSpd	DOT	False	setp	15000	0	5	Excessive Bleeding			A velocidade diminui em $H_W_BAD400%$COLOR_END e a quantidade de recuperação de HP diminui em $H_W_BAD400%$COLOR_END quando você recebe o efeito de recuperação de HP. Você perde $H_W_BAD6%$COLOR_END do total de HP a cada $H_W_BAD3s$COLOR_END enquanto estiver em vigor.	icon_status.damagedown_tex	icon_status.damagedown_tex	True
99002520	HPDrain	DOT	False	perc	15000	0	9	Excessive Bleeding			A velocidade diminui em $H_W_BAD400%$COLOR_END e a quantidade de recuperação de HP diminui em $H_W_BAD400%$COLOR_END quando você recebe o efeito de recuperação de HP. Você perde $H_W_BAD6%$COLOR_END do total de HP a cada $H_W_BAD3s$COLOR_END enquanto estiver em vigor.	icon_status.damagedown_tex	icon_status.damagedown_tex	True
99002520	HPChange	DOT	False	perc	15000	3	-6	Excessive Bleeding			A velocidade diminui em $H_W_BAD400%$COLOR_END e a quantidade de recuperação de HP diminui em $H_W_BAD400%$COLOR_END quando você recebe o efeito de recuperação de HP. Você perde $H_W_BAD6%$COLOR_END do total de HP a cada $H_W_BAD3s$COLOR_END enquanto estiver em vigor.	icon_status.damagedown_tex	icon_status.damagedown_tex	True
99002520	IncreasedHeal	DOT	False	perc	15000	0	5	Excessive Bleeding			A velocidade diminui em $H_W_BAD400%$COLOR_END e a quantidade de recuperação de HP diminui em $H_W_BAD400%$COLOR_END quando você recebe o efeito de recuperação de HP. Você perde $H_W_BAD6%$COLOR_END do total de HP a cada $H_W_BAD3s$COLOR_END enquanto estiver em vigor.	icon_status.damagedown_tex	icon_status.damagedown_tex	True
99002600	MovSpd	Debuff	False	setp	60000	0	8	Unmaking			Sua velocidade diminui em $H_W_BAD700%$COLOR_END. Você deve remover esse efeito antes que o cronômetro se esgote ou morrerá.	icon_status.delaydamage_tex	icon_status.delaydamage_tex	True
99002600	HPDrain	Debuff	False	perc	60000	0	9	Unmaking			Sua velocidade diminui em $H_W_BAD700%$COLOR_END. Você deve remover esse efeito antes que o cronômetro se esgote ou morrerá.	icon_status.delaydamage_tex	icon_status.delaydamage_tex	True
99002600	HPLoss	Debuff	False	abs	60000	0	-10000000	Unmaking			Sua velocidade diminui em $H_W_BAD700%$COLOR_END. Você deve remover esse efeito antes que o cronômetro se esgote ou morrerá.	icon_status.delaydamage_tex	icon_status.delaydamage_tex	True
99002610	MovSpd	Debuff	False	setp	10000	0	8	Unmaking			Sua velocidade diminui em $H_W_BAD700%$COLOR_END. Você deve remover esse efeito antes que o cronômetro se esgote ou morrerá.	icon_status.delaydamage_tex	icon_status.delaydamage_tex	True
99002610	HPDrain	Debuff	False	perc	10000	0	9	Unmaking			Sua velocidade diminui em $H_W_BAD700%$COLOR_END. Você deve remover esse efeito antes que o cronômetro se esgote ou morrerá.	icon_status.delaydamage_tex	icon_status.delaydamage_tex	True
99002610	HPLoss	Debuff	False	abs	10000	0	-10000000	Unmaking			Sua velocidade diminui em $H_W_BAD700%$COLOR_END. Você deve remover esse efeito antes que o cronômetro se esgote ou morrerá.	icon_status.delaydamage_tex	icon_status.delaydamage_tex	True
99002700	Power	Buff	True	perc	300000	0	1	Words of Unmaking			Quando a terceira Palavra de Desfazer é pronunciada, o Desfazer é desencadeado. Esse efeito não pode ser cancelado.	icon_status.diseaseup_tex	icon_status.diseaseup_tex	True
99002800	HPChange	Buff	True	perc	0	1	7	Restoration			[Teste]	icon_status.delayheal_tex	icon_status.delayheal_tex	False
99002810	HPChange	Buff	True	perc	0	1	5	Restoration			[Teste]	icon_status.delayheal_tex	icon_status.delayheal_tex	False
99002820	HPChange	Buff	True	perc	0	1	1	Restoration			[Teste]	icon_status.delayheal_tex	icon_status.delayheal_tex	False
99002820	DefPotion	Buff	True	perc	0	0	5	Restoration			[Teste]	icon_status.delayheal_tex	icon_status.delayheal_tex	False
99002830	HPChange	Buff	True	perc	0	1	15	Restoration			[Teste]	icon_status.delayheal_tex	icon_status.delayheal_tex	False
99002900	Power	Debuff	False	perc	0	0	3	Akasha's Withering			Drena seu poder e resistência em $H_W_BAD200%$COLOR_END. A praga persiste até a morte e só pode ser curada com uma Holy Potion of Protection.	icon_status.diseaseup_tex	icon_status.diseaseup_tex	True
99002900	Endurance	Debuff	False	perc	0	0	3	Akasha's Withering			Drena seu poder e resistência em $H_W_BAD200%$COLOR_END. A praga persiste até a morte e só pode ser curada com uma Holy Potion of Protection.	icon_status.diseaseup_tex	icon_status.diseaseup_tex	True
99003000	DefPotion	Buff	True	perc	6000	0	0	Seal of coal black			Esse altar é indestrutível até que todos os monstros sejam mortos.	icon_status.plusedefence_tex	icon_status.plusedefence_tex	True
99003100	IncreasedHeal	Debuff	False	perc	60000	0	7	Wound infection I			A quantidade de recuperação de HP diminui em $H_W_BAD600%$COLOR_END quando recebe o efeito de recuperação de HP.	icon_status.petrifystatus_tex	icon_status.petrifystatus_tex	True
99003110	IncreasedHeal	Debuff	False	perc	60000	0	65	Wound infection II			A quantidade de recuperação de HP diminui em $H_W_BAD6400%$COLOR_END quando recebe o efeito de recuperação de HP.	icon_status.petrifystatus_tex	icon_status.petrifystatus_tex	True
99003120	IncreasedHeal	Debuff	False	perc	60000	0	6	Wound infection III			A quantidade de recuperação de HP diminui em $H_W_BAD500%$COLOR_END quando recebe o efeito de recuperação de HP.	icon_status.petrifystatus_tex	icon_status.petrifystatus_tex	True
99003130	IncreasedHeal	Debuff	False	perc	60000	0	55	Wound infection IV			A quantidade de recuperação de HP diminui em $H_W_BAD5400%$COLOR_END quando recebe o efeito de recuperação de HP.	icon_status.petrifystatus_tex	icon_status.petrifystatus_tex	True
99003140	IncreasedHeal	Debuff	False	perc	60000	0	5	Wound infection V			A quantidade de recuperação de HP diminui em $H_W_BAD400%$COLOR_END quando recebe o efeito de recuperação de HP.	icon_status.petrifystatus_tex	icon_status.petrifystatus_tex	True
99003150	IncreasedHeal	Debuff	False	perc	60000	0	45	Wound infection VI			A quantidade de recuperação de HP diminui em $H_W_BAD4400%$COLOR_END quando recebe o efeito de recuperação de HP.	icon_status.petrifystatus_tex	icon_status.petrifystatus_tex	True
99003160	IncreasedHeal	Debuff	False	perc	60000	0	4	Wound infection VII			A quantidade de recuperação de HP diminui em $H_W_BAD300%$COLOR_END quando recebe o efeito de recuperação de HP.	icon_status.petrifystatus_tex	icon_status.petrifystatus_tex	True
99003170	IncreasedHeal	Debuff	False	perc	60000	0	35	Wound infection VIII			A quantidade de recuperação de HP diminui em $H_W_BAD3400%$COLOR_END quando recebe o efeito de recuperação de HP.	icon_status.petrifystatus_tex	icon_status.petrifystatus_tex	True
99003200	MovSpdInCombat	Buff	True	abs	600000	0	2	Gathering Speed			Aumenta a velocidade de movimento em combate em $H_W_GOOD2$COLOR_END. O efeito se acumula até três vezes.	icon_status.aura_of_wind_tex	icon_status.aura_of_wind_tex	True
99003300	DamageAura	Buff	True	abs	300000	0	20	Concentration			Aumenta o dano da habilidade em $H_W_GOOD20$COLOR_END.	icon_status.aura_of_damage_tex	icon_status.aura_of_damage_tex	True
99003400	Gathering	Buff	True	abs	300000	0	10	Gathering Knowledge			Aumenta a proficiência em coleta em $H_W_GOOD10$COLOR_END. O efeito se acumula até quatro vezes.	icon_status.aura_of_collect_tex	icon_status.aura_of_collect_tex	True
99003500	Stamina	Buff	True	abs	1200000	0	5	Gathering Courage			Aumenta a resistência máxima em $H_W_GOOD5$COLOR_END. O efeito se acumula até três vezes.	icon_status.aura_of_condition_tex	icon_status.aura_of_condition_tex	True
99003600	HPChange	Buff	True	perc	600000	3	5	Gathering Life			Cura $H_W_GOOD0,5%$COLOR_END do total de HP por pilha a cada $H_W_GOOD3s$COLOR_END. O efeito é acumulado até três vezes.	icon_status.aura_of_regeneration_hp_tex	icon_status.aura_of_regeneration_hp_tex	True
99003700	MPChange	Buff	True	perc	600000	3	5	Gathering Spirit			Regenera $H_W_GOOD0,5%$COLOR_END do total de PM por acúmulo a cada $H_W_GOOD3s$COLOR_END. O efeito é acumulado até três vezes.	icon_status.aura_of_regeneration_mp_tex	icon_status.aura_of_regeneration_mp_tex	True
99004500	HPChange	Buff	True	perc	1000	1	5	Pigling Meat			Restaura $H_W_GOOD50%$COLOR_END de todo o HP.	icon_items.q_rawmeat_tex	icon_items.q_rawmeat_tex	True
99004510	HPChange	Buff	True	abs	10000	2	1312	Pigling Meat Piece	45352	Grilled Pigling	Cura $H_W_GOOD1312$COLOR_END HP a cada $H_W_GOOD2s$COLOR_END.	icon_items.q_roastmeat_tex	icon_items.q_roastmeat_tex	True
99004600	BuffNearbyParty	Buff	True	swch	600000	4	990046	Pigling Barbecue			Restaura $H_W_GOOD50%$COLOR_END de todo o HP.	icon_skills.voidtrap_tex	icon_skills.voidtrap_tex	True
99004700	Power	Buff	False	perc	600000	0	12	Argon Expeller III			Aumenta a potência em $H_W_GOOD1100%$COLOR_END.	icon_items.petrolbomb_tex	icon_items.petrolbomb_tex	True
99004800	Stamina	Buff	True	abs	1800000	0	5	Casian Tree Essence			Aumenta a resistência em $H_W_GOOD5$COLOR_END. Pode ser empilhado até 3 vezes.	icon_items.q_blackbottle_tex	icon_items.q_blackbottle_tex	True
99004900	HPChange	Buff	False	abs	1000	1	-100000000	Kanstria Bomb			Diminui o HP em $H_W_BAD30%$COLOR_END a cada $H_W_BAD1s$COLOR_END. Mata o alvo no local quando a duração se esgota.	icon_items.middlebomb_tex	icon_items.middlebomb_tex	True
99005000	HPLoss	Buff	False	abs	10000	0	-100000000	Despawn after 10 seconds			Desaparece em 10 segundos. NÃO DEVE SER EXIBIDO	icon_status.confuseup_tex	icon_status.confuseup_tex	False
99005100	Power	Buff	True	perc	10000	0	13	Battle Standard			Adiciona poder $H_W_GOOD1200%$COLOR_END enquanto estiver nos territórios da aliança. Esse efeito não se aplica a masmorras/instâncias.	icon_skills.union_skillicon5_tex	icon_skills.union_skillicon5_tex	True
99005200	Endurance	Buff	True	perc	10000	0	13	Fortification			Aumenta a resistência em $H_W_GOOD1200%$COLOR_END. Esse efeito não é ativado em masmorras ou campos de batalha. (Esse efeito cancela o efeito Coragem Duradoura).	icon_skills.union_skillicon6_tex	icon_skills.union_skillicon6_tex	True
99005300	MovSpd	Buff	True	abs	10000	0	50	Mad Dash			Adiciona velocidade de movimento de $H_W_GOOD50$COLOR_END enquanto estiver nos territórios da aliança. Esse efeito não se aplica a masmorras/instâncias.	icon_skills.union_skillicon7_tex	icon_skills.union_skillicon7_tex	True
99005400	Ballance	Buff	True	perc	10000	0	15	Battle Prayer			Adiciona $H_W_GOOD1400%$COLOR_END resistência a efeitos nocivos enquanto estiver nos territórios da aliança. Esse efeito não se aplica a masmorras/instâncias.	icon_skills.union_skillicon8_tex	icon_skills.union_skillicon8_tex	True
99005400	AllResist	Buff	True	perc	10000	0	15	Battle Prayer			Adiciona $H_W_GOOD1400%$COLOR_END resistência a efeitos nocivos enquanto estiver nos territórios da aliança. Esse efeito não se aplica a masmorras/instâncias.	icon_skills.union_skillicon8_tex	icon_skills.union_skillicon8_tex	True
99005500	XPBoost	Buff	True	perc	14400000	0	15	líder's XP Boost			Aumenta a EXP ao matar mobs.	icon_skills.union_skillicon9_tex	icon_skills.union_skillicon9_tex	True
99005510	XPBoost	Buff	True	perc	14400000	0	11	líder's XP Boost I			Aumenta em 10% a EXP obtida ao matar mobs.	icon_skills.union_skillicon9_tex	icon_skills.union_skillicon9_tex	True
99005520	XPBoost	Buff	True	perc	14400000	0	12	líder's XP Boost II			Aumenta em 20% a EXP obtida ao matar mobs.	icon_skills.union_skillicon9_tex	icon_skills.union_skillicon9_tex	True
99005530	XPBoost	Buff	True	perc	14400000	0	145	líder's XP Boost III			Aumenta em 45% a EXP obtida ao matar mobs.	icon_skills.union_skillicon9_tex	icon_skills.union_skillicon9_tex	True
99005540	XPBoost	Buff	True	perc	14400000	0	165	líder's XP Boost IV			Aumenta em 65% a EXP obtida ao matar mobs.	icon_skills.union_skillicon9_tex	icon_skills.union_skillicon9_tex	True
99005550	XPBoost	Buff	True	perc	14400000	0	19	líder's XP Boost V			Aumenta em 90% a EXP obtida ao matar mobs.	icon_skills.union_skillicon9_tex	icon_skills.union_skillicon9_tex	True
99005560	XPBoost	Buff	True	perc	14400000	0	2	líder's XP Boost VI			Aumenta em 100% a EXP obtida ao matar mobs.	icon_skills.union_skillicon9_tex	icon_skills.union_skillicon9_tex	True
99005600	Power	Buff	True	abs	10800000	0	5	líder's Fortitude			Aumento da taxa de críticos em $H_W_GOOD5$COLOR_END e da velocidade de ataque em $H_W_GOOD5$COLOR_END.	icon_skills.union_skillicon11_tex	icon_skills.union_skillicon11_tex	True
99005600	Endurance	Buff	True	abs	10800000	0	5	líder's Fortitude			Aumento da taxa de críticos em $H_W_GOOD5$COLOR_END e da velocidade de ataque em $H_W_GOOD5$COLOR_END.	icon_skills.union_skillicon11_tex	icon_skills.union_skillicon11_tex	True
99005600	ImpactEffective	Buff	True	abs	10800000	0	5	líder's Fortitude			Aumento da taxa de críticos em $H_W_GOOD5$COLOR_END e da velocidade de ataque em $H_W_GOOD5$COLOR_END.	icon_skills.union_skillicon11_tex	icon_skills.union_skillicon11_tex	True
99005600	Ballance	Buff	True	abs	10800000	0	5	líder's Fortitude			Aumento da taxa de críticos em $H_W_GOOD5$COLOR_END e da velocidade de ataque em $H_W_GOOD5$COLOR_END.	icon_skills.union_skillicon11_tex	icon_skills.union_skillicon11_tex	True
99005610	Power	Buff	True	abs	10800000	0	1	líder's Fortitude I			Aumento da taxa de críticos em $H_W_GOOD1$COLOR_END e da velocidade de ataque em $H_W_GOOD1$COLOR_END.	icon_skills.union_skillicon11_tex	icon_skills.union_skillicon11_tex	True
99005610	Endurance	Buff	True	abs	10800000	0	1	líder's Fortitude I			Aumento da taxa de críticos em $H_W_GOOD1$COLOR_END e da velocidade de ataque em $H_W_GOOD1$COLOR_END.	icon_skills.union_skillicon11_tex	icon_skills.union_skillicon11_tex	True
99005610	ImpactEffective	Buff	True	abs	10800000	0	1	líder's Fortitude I			Aumento da taxa de críticos em $H_W_GOOD1$COLOR_END e da velocidade de ataque em $H_W_GOOD1$COLOR_END.	icon_skills.union_skillicon11_tex	icon_skills.union_skillicon11_tex	True
99005610	Ballance	Buff	True	abs	10800000	0	1	líder's Fortitude I			Aumento da taxa de críticos em $H_W_GOOD1$COLOR_END e da velocidade de ataque em $H_W_GOOD1$COLOR_END.	icon_skills.union_skillicon11_tex	icon_skills.union_skillicon11_tex	True
99005620	Power	Buff	True	abs	10800000	0	2	líder's Fortitude II			Aumento da taxa de críticos em $H_W_GOOD2$COLOR_END e da velocidade de ataque em $H_W_GOOD2$COLOR_END.	icon_skills.union_skillicon11_tex	icon_skills.union_skillicon11_tex	True
99005620	Endurance	Buff	True	abs	10800000	0	2	líder's Fortitude II			Aumento da taxa de críticos em $H_W_GOOD2$COLOR_END e da velocidade de ataque em $H_W_GOOD2$COLOR_END.	icon_skills.union_skillicon11_tex	icon_skills.union_skillicon11_tex	True
99005620	ImpactEffective	Buff	True	abs	10800000	0	2	líder's Fortitude II			Aumento da taxa de críticos em $H_W_GOOD2$COLOR_END e da velocidade de ataque em $H_W_GOOD2$COLOR_END.	icon_skills.union_skillicon11_tex	icon_skills.union_skillicon11_tex	True
99005620	Ballance	Buff	True	abs	10800000	0	2	líder's Fortitude II			Aumento da taxa de críticos em $H_W_GOOD2$COLOR_END e da velocidade de ataque em $H_W_GOOD2$COLOR_END.	icon_skills.union_skillicon11_tex	icon_skills.union_skillicon11_tex	True
99005630	Power	Buff	True	abs	10800000	0	4	líder's Fortitude III			Aumento da taxa de críticos em $H_W_GOOD4$COLOR_END e da velocidade de ataque em $H_W_GOOD4$COLOR_END.	icon_skills.union_skillicon11_tex	icon_skills.union_skillicon11_tex	True
99005630	Endurance	Buff	True	abs	10800000	0	4	líder's Fortitude III			Aumento da taxa de críticos em $H_W_GOOD4$COLOR_END e da velocidade de ataque em $H_W_GOOD4$COLOR_END.	icon_skills.union_skillicon11_tex	icon_skills.union_skillicon11_tex	True
99005630	ImpactEffective	Buff	True	abs	10800000	0	4	líder's Fortitude III			Aumento da taxa de críticos em $H_W_GOOD4$COLOR_END e da velocidade de ataque em $H_W_GOOD4$COLOR_END.	icon_skills.union_skillicon11_tex	icon_skills.union_skillicon11_tex	True
99005630	Ballance	Buff	True	abs	10800000	0	4	líder's Fortitude III			Aumento da taxa de críticos em $H_W_GOOD4$COLOR_END e da velocidade de ataque em $H_W_GOOD4$COLOR_END.	icon_skills.union_skillicon11_tex	icon_skills.union_skillicon11_tex	True
99005640	Power	Buff	True	abs	10800000	0	5	líder's Fortitude IV			Aumento da taxa de críticos em $H_W_GOOD5$COLOR_END e da velocidade de ataque em $H_W_GOOD5$COLOR_END.	icon_skills.union_skillicon11_tex	icon_skills.union_skillicon11_tex	True
99005640	Endurance	Buff	True	abs	10800000	0	5	líder's Fortitude IV			Aumento da taxa de críticos em $H_W_GOOD5$COLOR_END e da velocidade de ataque em $H_W_GOOD5$COLOR_END.	icon_skills.union_skillicon11_tex	icon_skills.union_skillicon11_tex	True
99005640	ImpactEffective	Buff	True	abs	10800000	0	5	líder's Fortitude IV			Aumento da taxa de críticos em $H_W_GOOD5$COLOR_END e da velocidade de ataque em $H_W_GOOD5$COLOR_END.	icon_skills.union_skillicon11_tex	icon_skills.union_skillicon11_tex	True
99005640	Ballance	Buff	True	abs	10800000	0	5	líder's Fortitude IV			Aumento da taxa de críticos em $H_W_GOOD5$COLOR_END e da velocidade de ataque em $H_W_GOOD5$COLOR_END.	icon_skills.union_skillicon11_tex	icon_skills.union_skillicon11_tex	True
99005650	Power	Buff	True	abs	10800000	0	8	líder's Fortitude V			Aumento da taxa de críticos em $H_W_GOOD8$COLOR_END e da velocidade de ataque em $H_W_GOOD8$COLOR_END.	icon_skills.union_skillicon11_tex	icon_skills.union_skillicon11_tex	True
99005650	Endurance	Buff	True	abs	10800000	0	8	líder's Fortitude V			Aumento da taxa de críticos em $H_W_GOOD8$COLOR_END e da velocidade de ataque em $H_W_GOOD8$COLOR_END.	icon_skills.union_skillicon11_tex	icon_skills.union_skillicon11_tex	True
99005650	ImpactEffective	Buff	True	abs	10800000	0	8	líder's Fortitude V			Aumento da taxa de críticos em $H_W_GOOD8$COLOR_END e da velocidade de ataque em $H_W_GOOD8$COLOR_END.	icon_skills.union_skillicon11_tex	icon_skills.union_skillicon11_tex	True
99005650	Ballance	Buff	True	abs	10800000	0	8	líder's Fortitude V			Aumento da taxa de críticos em $H_W_GOOD8$COLOR_END e da velocidade de ataque em $H_W_GOOD8$COLOR_END.	icon_skills.union_skillicon11_tex	icon_skills.union_skillicon11_tex	True
99005660	Power	Buff	True	abs	10800000	0	9	líder's Fortitude VI			Aumento da taxa de críticos em $H_W_GOOD9$COLOR_END e da velocidade de ataque em $H_W_GOOD9$COLOR_END.	icon_skills.union_skillicon11_tex	icon_skills.union_skillicon11_tex	True
99005660	Endurance	Buff	True	abs	10800000	0	9	líder's Fortitude VI			Aumento da taxa de críticos em $H_W_GOOD9$COLOR_END e da velocidade de ataque em $H_W_GOOD9$COLOR_END.	icon_skills.union_skillicon11_tex	icon_skills.union_skillicon11_tex	True
99005660	ImpactEffective	Buff	True	abs	10800000	0	9	líder's Fortitude VI			Aumento da taxa de críticos em $H_W_GOOD9$COLOR_END e da velocidade de ataque em $H_W_GOOD9$COLOR_END.	icon_skills.union_skillicon11_tex	icon_skills.union_skillicon11_tex	True
99005660	Ballance	Buff	True	abs	10800000	0	9	líder's Fortitude VI			Aumento da taxa de críticos em $H_W_GOOD9$COLOR_END e da velocidade de ataque em $H_W_GOOD9$COLOR_END.	icon_skills.union_skillicon11_tex	icon_skills.union_skillicon11_tex	True
99005700	AllowAggro	Buff	True	swch	60000	0	0	Invisibility	1192	Poção de Invisibilidade Superior	Torna você completamente invisível. Esse efeito é cancelado pelo Totem de Detecção ou quando você entra no modo de combate.	icon_status.immunedebuff_tex	icon_status.immunedebuff_tex	True
99005700	Visibility	Buff	True	swch	60000	0	0	Invisibility	1192	Poção de Invisibilidade Superior	Torna você completamente invisível. Esse efeito é cancelado pelo Totem de Detecção ou quando você entra no modo de combate.	icon_status.immunedebuff_tex	icon_status.immunedebuff_tex	True
99005710	AllowAggro	Buff	True	swch	2147483647	0	0	Invisible			Invisível, mas ainda assim perigoso.	icon_items.q_roastmeat_tex	icon_items.q_roastmeat_tex	True
99005710	Visibility	Buff	True	swch	2147483647	0	0	Invisible			Invisível, mas ainda assim perigoso.	icon_items.q_roastmeat_tex	icon_items.q_roastmeat_tex	True
99005800	AllowAggro	Buff	True	swch	60000	0	0	Partial Invisibility	1191	Poção de invisibilidade parcial	Torna você um pouco invisível.	icon_status.immunedebuff_tex	icon_status.immunedebuff_tex	True
99005800	Visibility	Buff	True	swch	60000	0	0	Partial Invisibility	1191	Poção de invisibilidade parcial	Torna você um pouco invisível.	icon_status.immunedebuff_tex	icon_status.immunedebuff_tex	True
99005900	PVPDef	Buff	True	abs	10800000	0	5	líder's PvP Bolster			Aumenta a capacidade de PvP.	icon_skills.union_skillicon10_tex	icon_skills.union_skillicon10_tex	True
99005900	PVPAtk	Buff	True	abs	10800000	0	4	líder's PvP Bolster			Aumenta a capacidade de PvP.	icon_skills.union_skillicon10_tex	icon_skills.union_skillicon10_tex	True
99005910	PVPDef	Buff	True	abs	10800000	0	5	líder's PvP Bolster I			Aumenta o dano de PvP causado em 4 e diminui o dano de PvP recebido em 4.	icon_skills.union_skillicon10_tex	icon_skills.union_skillicon10_tex	True
99005910	PVPAtk	Buff	True	abs	10800000	0	4	líder's PvP Bolster I			Aumenta o dano de PvP causado em 4 e diminui o dano de PvP recebido em 4.	icon_skills.union_skillicon10_tex	icon_skills.union_skillicon10_tex	True
99005920	PVPDef	Buff	True	abs	10800000	0	9	líder's PvP Bolster II			Aumenta o dano de PvP causado em 6 e diminui o dano de PvP recebido em 6.	icon_skills.union_skillicon10_tex	icon_skills.union_skillicon10_tex	True
99005920	PVPAtk	Buff	True	abs	10800000	0	6	líder's PvP Bolster II			Aumenta o dano de PvP causado em 6 e diminui o dano de PvP recebido em 6.	icon_skills.union_skillicon10_tex	icon_skills.union_skillicon10_tex	True
99005930	PVPDef	Buff	True	abs	10800000	0	16	líder's PvP Bolster III			Aumenta o dano de PvP causado em 11 e diminui o dano de PvP recebido em 11.	icon_skills.union_skillicon10_tex	icon_skills.union_skillicon10_tex	True
99005930	PVPAtk	Buff	True	abs	10800000	0	11	líder's PvP Bolster III			Aumenta o dano de PvP causado em 11 e diminui o dano de PvP recebido em 11.	icon_skills.union_skillicon10_tex	icon_skills.union_skillicon10_tex	True
99005940	PVPDef	Buff	True	abs	10800000	0	18	líder's PvP Bolster IV			Aumenta o dano de PvP causado em 13 e diminui o dano de PvP recebido em 13.	icon_skills.union_skillicon10_tex	icon_skills.union_skillicon10_tex	True
99005940	PVPAtk	Buff	True	abs	10800000	0	13	líder's PvP Bolster IV			Aumenta o dano de PvP causado em 13 e diminui o dano de PvP recebido em 13.	icon_skills.union_skillicon10_tex	icon_skills.union_skillicon10_tex	True
99005950	PVPDef	Buff	True	abs	10800000	0	25	líder's PvP Bolster V			Aumenta o dano de PvP causado em 18 e diminui o dano de PvP recebido em 18.	icon_skills.union_skillicon10_tex	icon_skills.union_skillicon10_tex	True
99005950	PVPAtk	Buff	True	abs	10800000	0	18	líder's PvP Bolster V			Aumenta o dano de PvP causado em 18 e diminui o dano de PvP recebido em 18.	icon_skills.union_skillicon10_tex	icon_skills.union_skillicon10_tex	True
99005960	PVPDef	Buff	True	abs	10800000	0	30	líder's PvP Bolster VI			Aumenta o dano de PvP causado em 20 e diminui o dano de PvP recebido em 20.	icon_skills.union_skillicon10_tex	icon_skills.union_skillicon10_tex	True
99005960	PVPAtk	Buff	True	abs	10800000	0	20	líder's PvP Bolster VI			Aumenta o dano de PvP causado em 20 e diminui o dano de PvP recebido em 20.	icon_skills.union_skillicon10_tex	icon_skills.union_skillicon10_tex	True
99006000	Drunk	Stun	False	60021	10000	0	0	Flash Grenade	1144	Granada de flash	Um flash ofuscante dificulta a visualização das coisas ao seu redor! Os flashes brancos não podem ser removidos.	icon_status.lighteffect_tex	icon_status.lighteffect_tex	False
99006100	Power	Debuff	True	perc	0	0	103	Attack Increase			Aumenta o dano causado por $H_W_GOOD12%$COLOR_END sempre que empilhado. Esse efeito não pode ser cancelado.	icon_status.plusattack_tex	icon_status.plusattack_tex	False
99006200	ASpd	Debuff	True	perc	0	0	11	Attack Increase			Aumenta o dano causado por $H_W_GOOD12%$COLOR_END sempre que empilhado. Esse efeito não pode ser cancelado.	icon_skills.berserk_tex	icon_skills.berserk_tex	False
99006300	ASpd	Debuff	True	perc	0	0	103	Attack Increase			Aumenta o dano causado por $H_W_GOOD12%$COLOR_END sempre que empilhado. Esse efeito não pode ser cancelado.	icon_skills.berserk_tex	icon_skills.berserk_tex	False
99006400	Immune	Buff	True	25	30000	0	0	Alliance Clemency			Os inimigos não podem feri-lo a menos que você faça um ataque.	icon_status.plusedefence_tex	icon_status.plusedefence_tex	True
99006500	AllowAggro	Buff	True	swch	8000	0	0	Invisibility	1191	Poção de invisibilidade parcial	Teste	icon_skills.voidtrap_tex	icon_skills.voidtrap_tex	False
99006700	256	Debuff	True	swch	2147483647	0	0	Overwatcher			Percebe unidades invisíveis.	icon_status.plusedefence_tex	icon_status.plusedefence_tex	True
99006800	Immune	Buff	True	21	0	0	0	Armistice			Não é possível atacar o NPC durante o período de paz.	icon_status.plusedefence_tex	icon_status.plusedefence_tex	True
99006900	Plague	Buff	True	abs	0	10	990070	Adiar's Protection			Espalha a energia sagrada de Adiar entre os membros da aliança.	icon_status.delayheal_tex	icon_status.delayheal_tex	True
99007000	Plague	Buff	True	abs	0	10	990071	Derene's Protection			Espalha a energia central de Derene entre os membros da aliança.	icon_status.aura_of_regeneration_mp_tex	icon_status.aura_of_regeneration_mp_tex	True
99007100	Plague	Buff	True	abs	0	10	990072	Frateko's Protection			Espalha a aura da Frateco entre os membros da aliança.	icon_status.plusedefence_tex	icon_status.plusedefence_tex	True
99007200	Drunk	Stun	False	60022	10000	0	0	Flash Grenade	1144	Granada de flash	Torna difícil ver as coisas ao seu redor. O Flash branco não pode ser removido.	icon_status.lighteffect_tex	icon_status.lighteffect_tex	False
99008200	Power	Buff	True	abs	7200000	0	34	Will to Win			Adiciona 34 de poder de ataque e 20 de resistência a cada membro da aliança no território. (Esse catalisador analisa os combatentes a cada 3 minutos e aplica o catalisador conforme necessário).	icon_status.mprecoverdown_tex	icon_status.mprecoverdown_tex	True
99008200	Endurance	Buff	True	abs	7200000	0	20	Will to Win			Adiciona 34 de poder de ataque e 20 de resistência a cada membro da aliança no território. (Esse catalisador analisa os combatentes a cada 3 minutos e aplica o catalisador conforme necessário).	icon_status.mprecoverdown_tex	icon_status.mprecoverdown_tex	True
99008300	Power	Buff	True	abs	7200000	0	41	Rallying Cry			Adiciona 41 de poder e 25 de resistência às alianças em segundo e terceiro lugares. Esse efeito pode ser acumulado no máximo 5 vezes. Esse bônus só se aplica quando o conflito de alianças começa após uma derrota na semana anterior.	icon_status.plusspeedresist_tex	icon_status.plusspeedresist_tex	True
99008300	Endurance	Buff	True	abs	7200000	0	25	Rallying Cry			Adiciona 41 de poder e 25 de resistência às alianças em segundo e terceiro lugares. Esse efeito pode ser acumulado no máximo 5 vezes. Esse bônus só se aplica quando o conflito de alianças começa após uma derrota na semana anterior.	icon_status.plusspeedresist_tex	icon_status.plusspeedresist_tex	True
99008400	ASpd	Buff	True	perc	10800000	0	1006	Territorial Conflict 			Aumenta a velocidade de ataque em 0,6% devido à caça de monstros normais no território da aliança. (Os efeitos territoriais podem ser acumulados até 30 vezes no total. No modo PvP, a contagem de acúmulos desse efeito é dobrada, a menos que você morra. Esse efeito desaparece quando você deixa o território da aliança atual).	icon_status.minusspeedresist_tex	icon_status.minusspeedresist_tex	True
99008500	PVPAtk	Buff	True	abs	10800000	0	5	Territorial Aggression			Aumenta o dano de PvP causado em 0,5 devido à caça de BAMs no território da aliança. (Os efeitos territoriais podem ser acumulados até 30 vezes no total. Enquanto estiver no modo PvP, a contagem de acúmulos desse efeito é dobrada, a menos que você morra. Esse efeito desaparece quando você deixa o território atual da aliança).	icon_status.minuspoisonresist_tex	icon_status.minuspoisonresist_tex	True
99008600	OutOfCombatMovSpd	Buff	True	abs	10800000	0	2	Territorial Speed			Aumenta a velocidade de movimento em 2 devido à coleta no território da aliança. (Os efeitos territoriais podem ser acumulados até 30 vezes no total. No modo PvP, a contagem de acúmulos desse efeito é dobrada, a menos que você morra. Esse efeito desaparece quando você deixa o território da aliança atual).	icon_status.pluspoisonresist_tex	icon_status.pluspoisonresist_tex	True
99008700	AllowAggro	Buff	True	swch	10800000	0	0	Alliance Salvalith			Os ativos da aliança dotados do poder do noctênio não atraem monstros.	icon_status.minddomination_tex	icon_status.minddomination_tex	True
99008800	Range	Stun	True	swch	120000	0	13	Alliance's Hero			Aumenta o tamanho do personagem durante a batalha de cerco. Concedido somente aos usuários que demonstraram heroísmo na batalha de cerco. O tamanho de seus personagens volta ao normal se eles morrerem.	icon_status.vitality_tex	icon_status.vitality_tex	True
99008900	Power	Debuff	True	abs	604800000	0	0	Alliance Winner			Pela Aliança!	icon_status.battlefieldbuff04_tex	icon_status.battlefieldbuff04_tex	True
99009000	HPChange	Stun	True	perc	10800000	12	3	Salvalith Power			Os Salvaliths recuperam 0,3% de HP a cada 12 segundos.	icon_status.vitality_tex	icon_status.vitality_tex	True
99010000	HPLoss	Debuff	False	perc	30000	0	-9	Transform into Cannon			Transforma-se imediatamente em um canhão.	icon_status.minushp_tex	icon_status.minushp_tex	True
99010110	Plague	Buff	True	abs	0	10	990101	Tenacious Aura			Imunidade contra efeitos de atordoamento e nocaute para aliados próximos ao comandante de assalto.	icon_skills.armor_passivity_tex	icon_skills.armor_passivity_tex	True
99010210	Plague	Buff	True	abs	0	10	990102	Enduring Aura			Aumento da resistência dos aliados próximos ao comandante da defesa.	icon_skills.defenceup_tex	icon_skills.defenceup_tex	True
99010310	Plague	Buff	True	abs	0	10	990103	Wholehearted Aura			Restaura continuamente a resistência dos aliados próximos ao comandante adjunto.	icon_skills.adventgoddess_tex	icon_skills.adventgoddess_tex	True
99020000	MaxHP	Buff	True	perc	0	0	105	Valkyon Vigilance\Vigor\Valor			Sua velocidade de movimento fora de combate aumenta em $H_W_GOOD20$COLOR_END. Aumenta o HP máximo em $H_W_GOOD20$COLOR_END. Aumenta o poder em $H_W_GOOD6%$COLOR_END. $BR$BREste efeito é aplicado a todos os personagens de sua conta. $BR "Parabéns por sua devoção repetitiva à Federação. - Dougal"	icon_status.plusmove_tex	icon_status.plusmove_tex	True
99020000	Power	Buff	True	abs	0	0	6	Valkyon Vigilance\Vigor\Valor			Sua velocidade de movimento fora de combate aumenta em $H_W_GOOD20$COLOR_END. Aumenta o HP máximo em $H_W_GOOD20$COLOR_END. Aumenta o poder em $H_W_GOOD6%$COLOR_END. $BR$BREste efeito é aplicado a todos os personagens de sua conta. $BR "Parabéns por sua devoção repetitiva à Federação. - Dougal"	icon_status.plusmove_tex	icon_status.plusmove_tex	True
99020000	OutOfCombatMovSpd	Buff	True	abs	0	0	20	Valkyon Vigilance\Vigor\Valor			Sua velocidade de movimento fora de combate aumenta em $H_W_GOOD20$COLOR_END. Aumenta o HP máximo em $H_W_GOOD20$COLOR_END. Aumenta o poder em $H_W_GOOD6%$COLOR_END. $BR$BREste efeito é aplicado a todos os personagens de sua conta. $BR "Parabéns por sua devoção repetitiva à Federação. - Dougal"	icon_status.plusmove_tex	icon_status.plusmove_tex	True
99020010	MaxHP	Buff	True	perc	0	0	105	Valkyon Vigor			Aumenta o HP máximo em $H_W_GOOD10400%$COLOR_END.$BR$BREsse efeito é aplicado a todos os personagens de sua conta.	icon_status.plushp_tex	icon_status.plushp_tex	True
99020020	Power	Buff	True	abs	0	0	6	Valkyon Valor			Aumenta o poder em $H_W_GOOD6%$COLOR_END.$BR$BREsse efeito é aplicado a todos os personagens de sua conta. $BR "Parabéns por sua devoção repetitiva à Federação. - Dougal"	icon_status.plusattack_tex	icon_status.plusattack_tex	True
99070000	MovSpd	DOT	False	setp	6000	0	7	Bleeding			Sua velocidade de movimento diminui em $H_W_BAD30%$COLOR_END, e você perde $H_W_BAD3%$COLOR_END do seu HP a cada $H_W_BAD3s$COLOR_END.	icon_status.minuscriticalresist_tex	icon_status.minuscriticalresist_tex	True
99070000	HPDrain	DOT	False	perc	6000	0	9	Bleeding			Sua velocidade de movimento diminui em $H_W_BAD30%$COLOR_END, e você perde $H_W_BAD3%$COLOR_END do seu HP a cada $H_W_BAD3s$COLOR_END.	icon_status.minuscriticalresist_tex	icon_status.minuscriticalresist_tex	True
99070000	HPChange	DOT	False	perc	6000	3	-1	Bleeding			Sua velocidade de movimento diminui em $H_W_BAD30%$COLOR_END, e você perde $H_W_BAD3%$COLOR_END do seu HP a cada $H_W_BAD3s$COLOR_END.	icon_status.minuscriticalresist_tex	icon_status.minuscriticalresist_tex	True
99070001	HPChange	Buff	True	perc	8900	2	5	Azure Sky			Você é imune a todos os danos e restaura $H_W_GOOD5%$COLOR_END do HP total.	icon_status.delayheal_tex	icon_status.delayheal_tex	True
99070001	Immune	Buff	True	seta	8900	0	0	Azure Sky			Você é imune a todos os danos e restaura $H_W_GOOD5%$COLOR_END do HP total.	icon_status.delayheal_tex	icon_status.delayheal_tex	True
99070002	HPChange	DOT	False	perc	8000	3	-28	Relentless Burning			Perca $H_W_BAD2,8%$COLOR_END do seu HP a cada $H_W_BAD3s$COLOR_END.	icon_status.firedamage_tex	icon_status.firedamage_tex	True
99070003	Power	Buff	True	perc	15000	0	13	Frenzy			Aumenta o poder de ataque em $H_W_GOOD1200%$COLOR_END por 30 segundos.	icon_status.diseaseup_tex	icon_status.diseaseup_tex	True
99070004	HPChange	Stun	False	perc	6000	3	-1	Electric Shock			Seu corpo fica rígido e você perde $H_W_BAD2,5%$COLOR_END do seu HP a cada $H_W_BAD3s$COLOR_END.	icon_status.plusfocus_tex	icon_status.plusfocus_tex	True
99070005	MovSpd	DOT	False	setp	6000	0	74	Bitter Cold			Seu corpo congela. Você perde 2,7% do seu HP total e a velocidade de ataque diminui em $H_W_BAD7300%$COLOR_END a cada $H_W_BAD3s$COLOR_END.	icon_status.icedamage_tex	icon_status.icedamage_tex	True
99070005	HPDrain	DOT	False	perc	6000	0	9	Bitter Cold			Seu corpo congela. Você perde 2,7% do seu HP total e a velocidade de ataque diminui em $H_W_BAD7300%$COLOR_END a cada $H_W_BAD3s$COLOR_END.	icon_status.icedamage_tex	icon_status.icedamage_tex	True
99070005	HPChange	DOT	False	perc	6000	3	-1	Bitter Cold			Seu corpo congela. Você perde 2,7% do seu HP total e a velocidade de ataque diminui em $H_W_BAD7300%$COLOR_END a cada $H_W_BAD3s$COLOR_END.	icon_status.icedamage_tex	icon_status.icedamage_tex	True
99070006	Endurance	Debuff	False	perc	5000	0	95	Incapacitation			O choque diminui sua resistência em $H_W_BAD9400%$COLOR_END.	icon_status.minusdefence_tex	icon_status.minusdefence_tex	True
99070007	Power	Buff	True	perc	600000	0	15	Red Energy			Uma misteriosa energia vermelha aumenta o poder do monstro em $H_W_GOOD1400%$COLOR_END.	icon_status.plusattack_tex	icon_status.plusattack_tex	True
99070008	Endurance	Buff	True	perc	600000	0	15	Blue Energy			Uma misteriosa energia azul aumenta a resistência do monstro em $H_W_GOOD1400%$COLOR_END.	icon_status.plusedefence_tex	icon_status.plusedefence_tex	True
99070011	MovSpd	Debuff	False	setp	30000	0	6	Cold Spot			Você sente um arrepio frio após a morte de Gourdo.	icon_skills.icicle_tex	icon_skills.icicle_tex	True
99070012	MovSpd	Buff	True	abs	5000	0	10	Playful Spirits			Aumenta a velocidade de movimento dos monstros.	icon_items.scroll_move_speed_level_59_tex	icon_items.scroll_move_speed_level_59_tex	True
99070013	Endurance	Debuff	False	perc	5000	0	6	Tragic Spirits			Diminui a resistência dos monstros.	icon_status.minusdefence_tex	icon_status.minusdefence_tex	True
99070014	HPChange	DOT	False	perc	5000	1	-5	Angry Spirits			Diminui o poder dos monstros.	icon_status.firedamage_tex	icon_status.firedamage_tex	True
99070019	MovSpd	Buff	True	setp	6000	0	7	Poisonous Gas			A velocidade de movimento é reduzida em $H_W_BAD30%$COLOR_END por 6 segundos.	icon_status.poisondown_tex	icon_status.poisondown_tex	True
99070020	MovSpd	DOT	False	setp	6000	0	9	Excessive Bleeding			A velocidade de movimento diminui em $H_W_BAD800%$COLOR_END e o HP diminui constantemente.	icon_status.damagedown_tex	icon_status.damagedown_tex	True
99070020	HPDrain	DOT	False	perc	6000	0	9	Excessive Bleeding			A velocidade de movimento diminui em $H_W_BAD800%$COLOR_END e o HP diminui constantemente.	icon_status.damagedown_tex	icon_status.damagedown_tex	True
99070020	HPChange	DOT	False	perc	6000	3	-4	Excessive Bleeding			A velocidade de movimento diminui em $H_W_BAD800%$COLOR_END e o HP diminui constantemente.	icon_status.damagedown_tex	icon_status.damagedown_tex	True
99070021	Power	Buff	True	abs	10000	0	1	Fiery Rage			Enfurecido! A fúria furiosa supera todo o controle!	icon_status.plusecritical_tex	icon_status.plusecritical_tex	False
99070022	Power	Buff	True	abs	20000	0	12	Agitation			Estou ficando com raiva!	icon_status.darkriftwill_tex	icon_status.darkriftwill_tex	False
99070022	ASpd	Buff	True	abs	20000	0	105	Agitation			Estou ficando com raiva!	icon_status.darkriftwill_tex	icon_status.darkriftwill_tex	False
99070023	Power	Buff	True	abs	20000	0	8	Worn Out			A capacidade física diminui.	icon_status.poisondown_tex	icon_status.poisondown_tex	True
99070023	Endurance	Buff	True	abs	20000	0	8	Worn Out			A capacidade física diminui.	icon_status.poisondown_tex	icon_status.poisondown_tex	True
99070023	ASpd	Buff	True	abs	20000	0	9	Worn Out			A capacidade física diminui.	icon_status.poisondown_tex	icon_status.poisondown_tex	True
99070025	Power	Buff	True	abs	12000	0	1	Fiery Rage			Enfurecido! A fúria furiosa supera todo o controle!	icon_status.plusecritical_tex	icon_status.plusecritical_tex	False
99070027	Power	Buff	True	abs	10000	0	1	Fiery Rage			Enfurecido! A fúria furiosa supera todo o controle!	icon_status.plusecritical_tex	icon_status.plusecritical_tex	False
99070028	Power	Buff	True	abs	10000	0	1	Fiery Rage			Enfurecido! A fúria furiosa supera todo o controle!	icon_status.plusecritical_tex	icon_status.plusecritical_tex	False
99070029	Power	Buff	True	abs	12000	0	1	Fiery Rage			Enfurecido! A fúria furiosa supera todo o controle!	icon_status.plusecritical_tex	icon_status.plusecritical_tex	False
99070030	Power	Buff	True	abs	12000	0	1	Fiery Rage			Enfurecido! A fúria furiosa supera todo o controle!	icon_status.plusecritical_tex	icon_status.plusecritical_tex	False
99070031	Power	Buff	True	abs	12000	0	1	Fiery Rage			Enfurecido! A fúria furiosa supera todo o controle!	icon_status.plusecritical_tex	icon_status.plusecritical_tex	False
99070032	Power	Buff	True	abs	10000	0	1	Fiery Rage			Enfurecido! A fúria furiosa supera todo o controle!	icon_status.plusecritical_tex	icon_status.plusecritical_tex	False
99070033	Power	Buff	True	abs	300000	0	1	Sugar Rush			Um kumas com doce de pedra é invencível!	icon_status.pluswill_tex	icon_status.pluswill_tex	False
990070311	HPChange	Buff	True	perc	180000	3	15	Warm Sanctuary Blessing			O HP é recuperado por 3 minutos. A Sanctuaty Blessing não acumula.	icon_status.delayheal_tex	icon_status.delayheal_tex	True
990070312	MPChange	Buff	True	perc	180000	3	15	Bountiful Sanctuary Blessing			O MP é recuperado por 3 minutos. A Sanctuaty Blessing não acumula.	icon_items.potion19_tex	icon_items.potion19_tex	True
990070313	StaminaDecay	Buff	True	seta	180000	0	0	Relentless Sanctuary Blessing			Sua resistência não diminui por 3 minutos. A Sanctuaty Blessing não acumula.	icon_items.condition_safe_potion_level_51_tex	icon_items.condition_safe_potion_level_51_tex	True
990070314	ASpd	Buff	True	perc	180000	0	15	Swift Sanctuary Blessing			A velocidade de ataque aumenta imensamente por 3 minutos. A Bênção do Santuário não acumula.	icon_status.minusspeedresist_tex	icon_status.minusspeedresist_tex	True
990070315	MovSpdInCombat	Buff	True	perc	180000	0	25	Agile Sanctuary Blessing			A velocidade de movimento em combate aumenta por 3 minutos. A Sanctuaty Blessing não acumula.	icon_status.aura_of_wind_tex	icon_status.aura_of_wind_tex	True
990070316	Crit	Buff	True	perc	180000	0	5	Sharp Sanctuary Blessing			A taxa de críticos aumenta imensamente por 3 minutos. A Bênção do Santuário não acumula.	icon_status.plusattack_tex	icon_status.plusattack_tex	True
990070317	Power	Buff	True	perc	180000	0	3	Powerful Sanctuary Blessing			O poder de ataque aumenta imensamente por 3 minutos. A Bênção do Santuário não acumula.	icon_status.plusattack_tex	icon_status.plusattack_tex	True
999001001	Drunk1	Buff	True	seta	0	0	0	Good Luck			Você está com sorte! Se vencer nesse campo de batalha, você ganhará pontos adicionais.	icon_items.reputationpoint_tex	icon_items.reputationpoint_tex	True
999001002	Drunk1	Buff	True	seta	0	0	0	Good Luck			Você está com sorte! Se vencer nesse campo de batalha, você receberá recompensas adicionais.	icon_items.tresurebox3_tex	icon_items.tresurebox3_tex	True
999001003	Drunk1	Buff	True	seta	0	0	0	Drop Rate Event			Um evento de aumento da taxa de drop está em andamento.	icon_items.tresurebox3_tex	icon_items.tresurebox3_tex	True
999001004	Drunk1	Buff	True	seta	0	0	0	XP Event			Um evento de bônus de XP está em andamento.	icon_status.vitality_tex	icon_status.vitality_tex	True
999001005	Drunk1	Buff	True	seta	0	0	0	Gold Event			Um evento de aumento de ouro está em andamento.	icon_items.goldcoin_tex	icon_items.goldcoin_tex	True
999001006	Drunk1	Buff	True	seta	0	0	0	Hunting Event			Um evento de caça a itens está em andamento.	icon_items.icon_reward_bonus_tex	icon_items.icon_reward_bonus_tex	True
999001007	Drunk1	Buff	True	seta	0	0	0	TERA Time!			O evento de tempo do TERA está em andamento.	icon_items.premiumbox_dress4_tex	icon_items.premiumbox_dress4_tex	True
999001011	Drunk	Debuff	False	60030	65000	0	0	Blindfolded			Seus olhos ficam cobertos enquanto você joga o minijogo "blind melon bash".	icon_status.darkeffect_tex	icon_status.darkeffect_tex	True
999001018	DropUp	Buff	True	perc	7200000	0	1	Joy of Partying			Quanto mais membros do grupo você tiver, mais itens receberá. O aumento atual da recompensa é de 0%.	icon_items.tresurebox3_tex	icon_items.tresurebox3_tex	True
999001019	DropUp	Buff	True	perc	7200000	0	12	Joy of Partying			Quanto mais membros do grupo você tiver, mais itens receberá. O aumento atual da recompensa é de 20%.	icon_items.tresurebox3_tex	icon_items.tresurebox3_tex	True
999001020	DropUp	Buff	True	perc	7200000	0	15	Joy of Partying			Quanto mais membros do grupo você tiver, mais itens receberá. O aumento atual da recompensa é de 50%.	icon_items.tresurebox3_tex	icon_items.tresurebox3_tex	True
999001021	DropUp	Buff	True	perc	7200000	0	2	Joy of Partying			Quanto mais membros do grupo você tiver, mais itens receberá. O aumento atual da recompensa é de 100%.	icon_items.tresurebox3_tex	icon_items.tresurebox3_tex	True
999001024	Power	Buff	True	abs	12000	0	50	Testing Equipment_Heart of XX	80271	Winter Update Intermediate Accessory	Fortalece seu coração. Aumenta a força em $H_W_GOOD50$COLOR_END e a velocidade de ataque em $H_W_GOOD1100%$COLOR_END.	icon_items.refine_heart16_tex	icon_items.refine_heart16_tex	True
999001024	ASpd	Buff	True	perc	12000	0	12	Testing Equipment_Heart of XX	80271	Winter Update Intermediate Accessory	Fortalece seu coração. Aumenta a força em $H_W_GOOD50$COLOR_END e a velocidade de ataque em $H_W_GOOD1100%$COLOR_END.	icon_items.refine_heart16_tex	icon_items.refine_heart16_tex	True
999001025	Power	Buff	True	abs	1000	0	0	Self Purify	19734	Simple Cleansing Brooch	(Não deveria estar visível) É um bug se estiver visível.			False
999001026	Power	Buff	True	abs	15000	0	40	Tapped Power	6469	Iridescent Powerful Brooch	Força aumentada em $H_W_GOOD40$COLOR_END.	icon_items.beautiful_wings_brooch_cachebar_tex	icon_items.beautiful_wings_brooch_cachebar_tex	True
999001027	Crit	Buff	True	abs	15000	0	50	Furious Grudge	6472	Iridescent Carving Brooch	Aumento da taxa de críticos em $H_W_GOOD50$COLOR_END e da velocidade de ataque em $H_W_GOOD11100%$COLOR_END.	icon_items.beautiful_wings_brooch_cachebar_tex	icon_items.beautiful_wings_brooch_cachebar_tex	True
999001027	ASpd	Buff	True	perc	15000	0	112	Furious Grudge	6472	Iridescent Carving Brooch	Aumento da taxa de críticos em $H_W_GOOD50$COLOR_END e da velocidade de ataque em $H_W_GOOD11100%$COLOR_END.	icon_items.beautiful_wings_brooch_cachebar_tex	icon_items.beautiful_wings_brooch_cachebar_tex	True
999001028	Endurance	Buff	True	abs	15000	0	30	Maximum Capacity	6466	Iridescent Threatening Brooch	Aumenta a resistência em $H_W_GOOD30$COLOR_END.	icon_items.beautiful_wings_brooch_cachebar_tex	icon_items.beautiful_wings_brooch_cachebar_tex	True
999001029	Power	Buff	True	abs	15000	0	40	Empowered Vigor	19703	Empowered Brooch	Aumenta a potência em $H_W_GOOD40$COLOR_END.	icon_items.goddess_brooch_tex	icon_items.goddess_brooch_tex	True
999001030	Crit	Buff	True	abs	15000	0	50	Empowered Prowess	19706	Quickcarve Brooch	Aumenta a taxa de críticos em $H_W_GOOD50$COLOR_END e a velocidade de ataque em $H_W_GOOD11100%$COLOR_END.	icon_items.goddess_brooch_tex	icon_items.goddess_brooch_tex	True
999001030	ASpd	Buff	True	perc	15000	0	112	Empowered Prowess	19706	Quickcarve Brooch	Aumenta a taxa de críticos em $H_W_GOOD50$COLOR_END e a velocidade de ataque em $H_W_GOOD11100%$COLOR_END.	icon_items.goddess_brooch_tex	icon_items.goddess_brooch_tex	True
999001031	Endurance	Buff	True	abs	15000	0	30	Empowered Tenacity	19700	Grounding Brooch	Aumenta a resistência em $H_W_GOOD30$COLOR_END.	icon_items.goddess_brooch_tex	icon_items.goddess_brooch_tex	True
999001032	Power	Buff	True	abs	15000	0	25	Vigor	19702	Simple Empowered Brooch	Aumenta a potência em $H_W_GOOD25$COLOR_END.	icon_items.goddess_brooch_tex	icon_items.goddess_brooch_tex	True
999001033	Crit	Buff	True	abs	15000	0	30	Prowess	19705	Simple Quickcarve Brooch	Aumenta a taxa de críticos em $H_W_GOOD30$COLOR_END e a velocidade de ataque em $H_W_GOOD10600%$COLOR_END.	icon_items.goddess_brooch_tex	icon_items.goddess_brooch_tex	True
999001033	ASpd	Buff	True	perc	15000	0	107	Prowess	19705	Simple Quickcarve Brooch	Aumenta a taxa de críticos em $H_W_GOOD30$COLOR_END e a velocidade de ataque em $H_W_GOOD10600%$COLOR_END.	icon_items.goddess_brooch_tex	icon_items.goddess_brooch_tex	True
999001034	Endurance	Buff	True	abs	15000	0	20	Tenacity	19699	Simple Grounding Brooch	A resistência aumenta em $H_W_GOOD20$COLOR_END.	icon_items.goddess_brooch_tex	icon_items.goddess_brooch_tex	True
999008300	Power	Buff	True	perc	3930000	0	115	Increased Attack			O poder de ataque aumenta em $H_W_GOOD11400%$COLOR_END.	icon_status.plusattack_tex	icon_status.plusattack_tex	True
999008400	Endurance	Debuff	False	perc	3930000	0	85	Decreased Defense			A defesa diminui em $H_W_BAD8400%$COLOR_END.	icon_status.minusdefence_tex	icon_status.minusdefence_tex	True
999008500	MaxMP	Buff	True	perc	3930000	0	105	Increased HP			A resistência diminui em $H_W_GOOD10400%$COLOR_END.	icon_status.plusattack_tex	icon_status.plusattack_tex	True
999008600	HPChange	Buff	True	perc	3930000	10	8	Constant HP Recovery			O HP aumenta em $H_W_GOOD800%$COLOR_END por cada pilha.	icon_skills.healinglightlockon_tex	icon_skills.healinglightlockon_tex	True
999008700	ASpd	Buff	True	perc	3930000	0	115	Increased Attack Speed			A velocidade de ataque aumenta em $H_W_GOOD11400%$COLOR_END.	icon_status.darkriftareadance_tex	icon_status.darkriftareadance_tex	True
999008701	ASpd	Buff	True	perc	3930000	0	15	Increased Attack Speed			A velocidade de ataque aumenta em $H_W_GOOD1400%$COLOR_END. Esse efeito não pode ser removido.	icon_status.darkriftareadance_tex	icon_status.darkriftareadance_tex	True
999008800	Crit	Buff	True	perc	3930000	0	15	Increased Crit power			A taxa de crítico aumentou em $H_W_GOOD1400%$COLOR_END.	icon_skills.handyslash_tex	icon_skills.handyslash_tex	True
999008900	MovSpd	Debuff	False	perc	3930000	0	8	Decreased movement speed			Diminui a velocidade de movimento em $H_W_BAD700%$COLOR_END.	icon_status.plusmove_tex	icon_status.plusmove_tex	True
999008900	MovSpdInCombat	Debuff	False	perc	3930000	0	7	Decreased movement speed			Diminui a velocidade de movimento em $H_W_BAD700%$COLOR_END.	icon_status.plusmove_tex	icon_status.plusmove_tex	True
999009000	Ballance	Debuff	False	perc	3930000	0	8	Decreased immunity towards knockdown			A chance de resistir à reação diminui em $H_W_BAD700%$COLOR_END.	icon_status.minuscriticalresist_tex	icon_status.minuscriticalresist_tex	True
999009100	Power	Debuff	False	perc	3930000	0	85	Decreased attack power			A potência diminui em $H_W_BAD8400%$COLOR_END.	icon_status.minuscritical_tex	icon_status.minuscritical_tex	True
999009200	Power	Buff	True	perc	3930000	0	13	Enemy NPC attack power increased			O poder de ataque do NPC do lado oposto aumenta em $H_W_GOOD1200%$COLOR_END.	icon_status.darkriftrecovery_tex	icon_status.darkriftrecovery_tex	True
999009300	MaxHP	Buff	True	perc	3930000	0	125	Enemy NPC HP increased			O HP máximo do NPC do lado oponente aumenta em $H_W_GOOD12400%$COLOR_END	icon_status.diseaseup_tex	icon_status.diseaseup_tex	True
999009400	Power	Debuff	False	abs	3600000	0	0	Fugitive Soldier			Você fugiu do campo de batalha. Um soldado fugitivo não pode participar do campo de batalha durante a próxima 1 hora.			True
999009500	HPChange	Debuff	False	perc	3930000	5	-1	Dot damage attack			Diminui 10% do HP máximo dos oponentes a cada 5 segundos.	icon_status.poisondown_tex	icon_status.poisondown_tex	True
999009501	Power	DOT	False	perc	60000	0	11	Fiery rage			O chefe fica furioso. Cada instância do efeito aumenta o poder de ataque do chefe em $H_W_GOOD1000%$COLOR_END e a velocidade de ataque em $H_W_GOOD10400%$COLOR_END.	icon_status.diseaseup_tex	icon_status.diseaseup_tex	True
999009501	ASpd	DOT	False	perc	60000	0	105	Fiery rage			O chefe fica furioso. Cada instância do efeito aumenta o poder de ataque do chefe em $H_W_GOOD1000%$COLOR_END e a velocidade de ataque em $H_W_GOOD10400%$COLOR_END.	icon_status.diseaseup_tex	icon_status.diseaseup_tex	True
999009502	HPChange	DOT	False	perc	20000	2	-1	The Heat of the Forge			Faz com que você perca $H_W_BAD100%$COLOR_END do nível máximo de HP a cada $H_W_GOOD2s$COLOR_END, o efeito não pode ser removido.	icon_status.firedamage_tex	icon_status.firedamage_tex	True
999009503	Chaos	DOT	False	swch	35000	0	0	Clouding of the mind			As teclas de movimento estão bagunçadas.	icon_status.confusestatuspc_tex	icon_status.confusestatuspc_tex	True
999009504	XPBoost	Buff	True	perc	2147483647	0	4	The benefit of the discoverer			A EXP obtida durante a caçada aumenta em $H_W_GOOD300%$COLOR_END.	icon_items.f2p_xpbless_tex	icon_items.f2p_xpbless_tex	True
999009600	Stun1	Debuff	False	seta	3930000	15	4	Stun Attack			Atordoa o oponente a cada 15 segundos.	icon_status.minddomination_tex	icon_status.minddomination_tex	True
